batch_code,product_code,product_name,quantity,cost_per_unit,purchase_date,expiry_date,status
BCH-00001,SMB01,Beras Premium 5kg,11,62000,2025-06-24,2025-12-21,ACTIVE
BCH-00002,SMB01,Beras Premium 5kg,9,62000,2025-07-01,2025-12-28,ACTIVE
BCH-00003,SMB01,Beras Premium 5kg,11,62000,2025-07-08,2026-01-04,ACTIVE
BCH-00004,SMB01,Beras Premium 5kg,11,62000,2025-07-15,2026-01-11,ACTIVE
BCH-00005,SMB01,Beras Premium 5kg,11,62000,2025-07-22,2026-01-18,ACTIVE
BCH-00006,SMB01,Beras Premium 5kg,15,62000,2025-07-29,2026-01-25,ACTIVE
BCH-00007,SMB01,Beras Premium 5kg,15,62000,2025-08-05,2026-02-01,ACTIVE
BCH-00008,SMB01,Beras Premium 5kg,12,62000,2025-08-12,2026-02-08,ACTIVE
BCH-00009,SMB01,Beras Premium 5kg,10,62000,2025-08-19,2026-02-15,ACTIVE
BCH-00010,SMB01,Beras Premium 5kg,12,62000,2025-08-26,2026-02-22,ACTIVE
BCH-00011,SMB01,Beras Premium 5kg,10,62000,2025-09-02,2026-03-01,ACTIVE
BCH-00012,SMB01,Beras Premium 5kg,13,62000,2025-09-09,2026-03-08,ACTIVE
BCH-00013,SMB01,Beras Premium 5kg,9,62000,2025-09-16,2026-03-15,ACTIVE
BCH-00014,SMB01,Beras Premium 5kg,15,62000,2025-09-23,2026-03-22,ACTIVE
BCH-00015,SMB01,Beras Premium 5kg,15,62000,2025-09-30,2026-03-29,ACTIVE
BCH-00016,SMB01,Beras Premium 5kg,13,62000,2025-10-07,2026-04-05,ACTIVE
BCH-00017,SMB01,Beras Premium 5kg,14,62000,2025-10-14,2026-04-12,ACTIVE
BCH-00018,SMB01,Beras Premium 5kg,13,62000,2025-10-21,2026-04-19,ACTIVE
BCH-00019,SMB01,Beras Premium 5kg,14,62000,2025-10-28,2026-04-26,ACTIVE
BCH-00020,SMB01,Beras Premium 5kg,13,62000,2025-11-04,2026-05-03,ACTIVE
BCH-00021,SMB01,Beras Premium 5kg,12,62000,2025-11-11,2026-05-10,ACTIVE
BCH-00022,SMB01,Beras Premium 5kg,14,62000,2025-11-18,2026-05-17,ACTIVE
BCH-00023,SMB01,Beras Premium 5kg,9,62000,2025-11-25,2026-05-24,ACTIVE
BCH-00024,SMB01,Beras Premium 5kg,9,62000,2025-12-02,2026-05-31,ACTIVE
BCH-00025,SMB01,Beras Premium 5kg,14,62000,2025-12-09,2026-06-07,ACTIVE
BCH-00026,SMB01,Beras Premium 5kg,13,62000,2025-12-16,2026-06-14,ACTIVE
BCH-00027,SMB01,Beras Premium 5kg,12,62000,2025-12-23,2026-06-21,ACTIVE
BCH-00028,SMB01,Beras Premium 5kg,14,62000,2025-12-30,2026-06-28,ACTIVE
BCH-00029,SMB01,Beras Premium 5kg,11,62000,2026-01-06,2026-07-05,ACTIVE
BCH-00030,SMB01,Beras Premium 5kg,14,62000,2026-01-13,2026-07-12,ACTIVE
BCH-00031,SMB01,Beras Premium 5kg,8,62000,2026-01-20,2026-07-19,ACTIVE
BCH-00032,SMB01,Beras Premium 5kg,13,62000,2026-01-27,2026-07-26,ACTIVE
BCH-00033,SMB01,Beras Premium 5kg,10,62000,2026-02-03,2026-08-02,ACTIVE
BCH-00034,SMB01,Beras Premium 5kg,12,62000,2026-02-10,2026-08-09,ACTIVE
BCH-00035,SMB01,Beras Premium 5kg,13,62000,2026-02-17,2026-08-16,ACTIVE
BCH-00036,SMB01,Beras Premium 5kg,15,62000,2026-02-24,2026-08-23,ACTIVE
BCH-00037,SMB01,Beras Premium 5kg,13,62000,2026-03-03,2026-08-30,ACTIVE
BCH-00038,SMB01,Beras Premium 5kg,9,62000,2026-03-10,2026-09-06,ACTIVE
BCH-00039,SMB01,Beras Premium 5kg,15,62000,2026-03-17,2026-09-13,ACTIVE
BCH-00040,SMB01,Beras Premium 5kg,8,62000,2026-03-24,2026-09-20,ACTIVE
BCH-00041,SMB01,Beras Premium 5kg,14,62000,2026-03-31,2026-09-27,ACTIVE
BCH-00042,SMB01,Beras Premium 5kg,12,62000,2026-04-07,2026-10-04,ACTIVE
BCH-00043,SMB01,Beras Premium 5kg,13,62000,2026-04-14,2026-10-11,ACTIVE
BCH-00044,SMB01,Beras Premium 5kg,10,62000,2026-04-21,2026-10-18,ACTIVE
BCH-00045,SMB01,Beras Premium 5kg,15,62000,2026-04-28,2026-10-25,ACTIVE
BCH-00046,SMB01,Beras Premium 5kg,14,62000,2026-05-05,2026-11-01,ACTIVE
BCH-00047,SMB01,Beras Premium 5kg,9,62000,2026-05-12,2026-11-08,ACTIVE
BCH-00048,SMB01,Beras Premium 5kg,14,62000,2026-05-19,2026-11-15,ACTIVE
BCH-00049,SMB01,Beras Premium 5kg,13,62000,2026-05-26,2026-11-22,ACTIVE
BCH-00050,SMB01,Beras Premium 5kg,13,62000,2026-06-02,2026-11-29,ACTIVE
BCH-00051,SMB01,Beras Premium 5kg,11,62000,2026-06-09,2026-12-06,ACTIVE
BCH-00052,SMB01,Beras Premium 5kg,10,62000,2026-06-16,2026-12-13,ACTIVE
BCH-00053,SMB01,Beras Premium 5kg,10,62000,2026-06-23,2026-12-20,ACTIVE
BCH-00054,SMB01,Beras Premium 5kg,14,62000,2026-06-30,2026-12-27,ACTIVE
BCH-00055,SMB02,Gula Pasir 1kg,29,13500,2025-06-24,,ACTIVE
BCH-00056,SMB02,Gula Pasir 1kg,27,13500,2025-07-01,,ACTIVE
BCH-00057,SMB02,Gula Pasir 1kg,25,13500,2025-07-08,,ACTIVE
BCH-00058,SMB02,Gula Pasir 1kg,29,13500,2025-07-15,,ACTIVE
BCH-00059,SMB02,Gula Pasir 1kg,28,13500,2025-07-22,,ACTIVE
BCH-00060,SMB02,Gula Pasir 1kg,24,13500,2025-07-29,,ACTIVE
BCH-00061,SMB02,Gula Pasir 1kg,30,13500,2025-08-05,,ACTIVE
BCH-00062,SMB02,Gula Pasir 1kg,29,13500,2025-08-12,,ACTIVE
BCH-00063,SMB02,Gula Pasir 1kg,25,13500,2025-08-19,,ACTIVE
BCH-00064,SMB02,Gula Pasir 1kg,24,13500,2025-08-26,,ACTIVE
BCH-00065,SMB02,Gula Pasir 1kg,25,13500,2025-09-02,,ACTIVE
BCH-00066,SMB02,Gula Pasir 1kg,29,13500,2025-09-09,,ACTIVE
BCH-00067,SMB02,Gula Pasir 1kg,29,13500,2025-09-16,,ACTIVE
BCH-00068,SMB02,Gula Pasir 1kg,26,13500,2025-09-23,,ACTIVE
BCH-00069,SMB02,Gula Pasir 1kg,28,13500,2025-09-30,,ACTIVE
BCH-00070,SMB02,Gula Pasir 1kg,23,13500,2025-10-07,,ACTIVE
BCH-00071,SMB02,Gula Pasir 1kg,28,13500,2025-10-14,,ACTIVE
BCH-00072,SMB02,Gula Pasir 1kg,30,13500,2025-10-21,,ACTIVE
BCH-00073,SMB02,Gula Pasir 1kg,23,13500,2025-10-28,,ACTIVE
BCH-00074,SMB02,Gula Pasir 1kg,28,13500,2025-11-04,,ACTIVE
BCH-00075,SMB02,Gula Pasir 1kg,24,13500,2025-11-11,,ACTIVE
BCH-00076,SMB02,Gula Pasir 1kg,30,13500,2025-11-18,,ACTIVE
BCH-00077,SMB02,Gula Pasir 1kg,30,13500,2025-11-25,,ACTIVE
BCH-00078,SMB02,Gula Pasir 1kg,29,13500,2025-12-02,,ACTIVE
BCH-00079,SMB02,Gula Pasir 1kg,29,13500,2025-12-09,,ACTIVE
BCH-00080,SMB02,Gula Pasir 1kg,26,13500,2025-12-16,,ACTIVE
BCH-00081,SMB02,Gula Pasir 1kg,27,13500,2025-12-23,,ACTIVE
BCH-00082,SMB02,Gula Pasir 1kg,25,13500,2025-12-30,,ACTIVE
BCH-00083,SMB02,Gula Pasir 1kg,26,13500,2026-01-06,,ACTIVE
BCH-00084,SMB02,Gula Pasir 1kg,26,13500,2026-01-13,,ACTIVE
BCH-00085,SMB02,Gula Pasir 1kg,25,13500,2026-01-20,,ACTIVE
BCH-00086,SMB02,Gula Pasir 1kg,26,13500,2026-01-27,,ACTIVE
BCH-00087,SMB02,Gula Pasir 1kg,26,13500,2026-02-03,,ACTIVE
BCH-00088,SMB02,Gula Pasir 1kg,28,13500,2026-02-10,,ACTIVE
BCH-00089,SMB02,Gula Pasir 1kg,29,13500,2026-02-17,,ACTIVE
BCH-00090,SMB02,Gula Pasir 1kg,25,13500,2026-02-24,,ACTIVE
BCH-00091,SMB02,Gula Pasir 1kg,30,13500,2026-03-03,,ACTIVE
BCH-00092,SMB02,Gula Pasir 1kg,26,13500,2026-03-10,,ACTIVE
BCH-00093,SMB02,Gula Pasir 1kg,30,13500,2026-03-17,,ACTIVE
BCH-00094,SMB02,Gula Pasir 1kg,24,13500,2026-03-24,,ACTIVE
BCH-00095,SMB02,Gula Pasir 1kg,24,13500,2026-03-31,,ACTIVE
BCH-00096,SMB02,Gula Pasir 1kg,24,13500,2026-04-07,,ACTIVE
BCH-00097,SMB02,Gula Pasir 1kg,25,13500,2026-04-14,,ACTIVE
BCH-00098,SMB02,Gula Pasir 1kg,23,13500,2026-04-21,,ACTIVE
BCH-00099,SMB02,Gula Pasir 1kg,29,13500,2026-04-28,,ACTIVE
BCH-00100,SMB02,Gula Pasir 1kg,23,13500,2026-05-05,,ACTIVE
BCH-00101,SMB02,Gula Pasir 1kg,27,13500,2026-05-12,,ACTIVE
BCH-00102,SMB02,Gula Pasir 1kg,28,13500,2026-05-19,,ACTIVE
BCH-00103,SMB02,Gula Pasir 1kg,27,13500,2026-05-26,,ACTIVE
BCH-00104,SMB02,Gula Pasir 1kg,23,13500,2026-06-02,,ACTIVE
BCH-00105,SMB02,Gula Pasir 1kg,29,13500,2026-06-09,,ACTIVE
BCH-00106,SMB02,Gula Pasir 1kg,25,13500,2026-06-16,,ACTIVE
BCH-00107,SMB02,Gula Pasir 1kg,26,13500,2026-06-23,,ACTIVE
BCH-00108,SMB02,Gula Pasir 1kg,23,13500,2026-06-30,,ACTIVE
BCH-00109,SMB03,Minyak Goreng Bimoli 1L,11,16000,2025-06-24,2026-06-24,ACTIVE
BCH-00110,SMB03,Minyak Goreng Bimoli 1L,11,16000,2025-07-01,2026-07-01,ACTIVE
BCH-00111,SMB03,Minyak Goreng Bimoli 1L,13,16000,2025-07-08,2026-07-08,ACTIVE
BCH-00112,SMB03,Minyak Goreng Bimoli 1L,14,16000,2025-07-15,2026-07-15,ACTIVE
BCH-00113,SMB03,Minyak Goreng Bimoli 1L,12,16000,2025-07-22,2026-07-22,ACTIVE
BCH-00114,SMB03,Minyak Goreng Bimoli 1L,16,16000,2025-07-29,2026-07-29,ACTIVE
BCH-00115,SMB03,Minyak Goreng Bimoli 1L,15,16000,2025-08-05,2026-08-05,ACTIVE
BCH-00116,SMB03,Minyak Goreng Bimoli 1L,15,16000,2025-08-12,2026-08-12,ACTIVE
BCH-00117,SMB03,Minyak Goreng Bimoli 1L,11,16000,2025-08-19,2026-08-19,ACTIVE
BCH-00118,SMB03,Minyak Goreng Bimoli 1L,12,16000,2025-08-26,2026-08-26,ACTIVE
BCH-00119,SMB03,Minyak Goreng Bimoli 1L,17,16000,2025-09-02,2026-09-02,ACTIVE
BCH-00120,SMB03,Minyak Goreng Bimoli 1L,13,16000,2025-09-09,2026-09-09,ACTIVE
BCH-00121,SMB03,Minyak Goreng Bimoli 1L,14,16000,2025-09-16,2026-09-16,ACTIVE
BCH-00122,SMB03,Minyak Goreng Bimoli 1L,11,16000,2025-09-23,2026-09-23,ACTIVE
BCH-00123,SMB03,Minyak Goreng Bimoli 1L,15,16000,2025-09-30,2026-09-30,ACTIVE
BCH-00124,SMB03,Minyak Goreng Bimoli 1L,17,16000,2025-10-07,2026-10-07,ACTIVE
BCH-00125,SMB03,Minyak Goreng Bimoli 1L,11,16000,2025-10-14,2026-10-14,ACTIVE
BCH-00126,SMB03,Minyak Goreng Bimoli 1L,14,16000,2025-10-21,2026-10-21,ACTIVE
BCH-00127,SMB03,Minyak Goreng Bimoli 1L,16,16000,2025-10-28,2026-10-28,ACTIVE
BCH-00128,SMB03,Minyak Goreng Bimoli 1L,13,16000,2025-11-04,2026-11-04,ACTIVE
BCH-00129,SMB03,Minyak Goreng Bimoli 1L,17,16000,2025-11-11,2026-11-11,ACTIVE
BCH-00130,SMB03,Minyak Goreng Bimoli 1L,10,16000,2025-11-18,2026-11-18,ACTIVE
BCH-00131,SMB03,Minyak Goreng Bimoli 1L,10,16000,2025-11-25,2026-11-25,ACTIVE
BCH-00132,SMB03,Minyak Goreng Bimoli 1L,13,16000,2025-12-02,2026-12-02,ACTIVE
BCH-00133,SMB03,Minyak Goreng Bimoli 1L,15,16000,2025-12-09,2026-12-09,ACTIVE
BCH-00134,SMB03,Minyak Goreng Bimoli 1L,15,16000,2025-12-16,2026-12-16,ACTIVE
BCH-00135,SMB03,Minyak Goreng Bimoli 1L,12,16000,2025-12-23,2026-12-23,ACTIVE
BCH-00136,SMB03,Minyak Goreng Bimoli 1L,17,16000,2025-12-30,2026-12-30,ACTIVE
BCH-00137,SMB03,Minyak Goreng Bimoli 1L,10,16000,2026-01-06,2027-01-06,ACTIVE
BCH-00138,SMB03,Minyak Goreng Bimoli 1L,16,16000,2026-01-13,2027-01-13,ACTIVE
BCH-00139,SMB03,Minyak Goreng Bimoli 1L,15,16000,2026-01-20,2027-01-20,ACTIVE
BCH-00140,SMB03,Minyak Goreng Bimoli 1L,10,16000,2026-01-27,2027-01-27,ACTIVE
BCH-00141,SMB03,Minyak Goreng Bimoli 1L,11,16000,2026-02-03,2027-02-03,ACTIVE
BCH-00142,SMB03,Minyak Goreng Bimoli 1L,17,16000,2026-02-10,2027-02-10,ACTIVE
BCH-00143,SMB03,Minyak Goreng Bimoli 1L,17,16000,2026-02-17,2027-02-17,ACTIVE
BCH-00144,SMB03,Minyak Goreng Bimoli 1L,12,16000,2026-02-24,2027-02-24,ACTIVE
BCH-00145,SMB03,Minyak Goreng Bimoli 1L,17,16000,2026-03-03,2027-03-03,ACTIVE
BCH-00146,SMB03,Minyak Goreng Bimoli 1L,13,16000,2026-03-10,2027-03-10,ACTIVE
BCH-00147,SMB03,Minyak Goreng Bimoli 1L,13,16000,2026-03-17,2027-03-17,ACTIVE
BCH-00148,SMB03,Minyak Goreng Bimoli 1L,13,16000,2026-03-24,2027-03-24,ACTIVE
BCH-00149,SMB03,Minyak Goreng Bimoli 1L,12,16000,2026-03-31,2027-03-31,ACTIVE
BCH-00150,SMB03,Minyak Goreng Bimoli 1L,17,16000,2026-04-07,2027-04-07,ACTIVE
BCH-00151,SMB03,Minyak Goreng Bimoli 1L,16,16000,2026-04-14,2027-04-14,ACTIVE
BCH-00152,SMB03,Minyak Goreng Bimoli 1L,11,16000,2026-04-21,2027-04-21,ACTIVE
BCH-00153,SMB03,Minyak Goreng Bimoli 1L,11,16000,2026-04-28,2027-04-28,ACTIVE
BCH-00154,SMB03,Minyak Goreng Bimoli 1L,13,16000,2026-05-05,2027-05-05,ACTIVE
BCH-00155,SMB03,Minyak Goreng Bimoli 1L,11,16000,2026-05-12,2027-05-12,ACTIVE
BCH-00156,SMB03,Minyak Goreng Bimoli 1L,13,16000,2026-05-19,2027-05-19,ACTIVE
BCH-00157,SMB03,Minyak Goreng Bimoli 1L,13,16000,2026-05-26,2027-05-26,ACTIVE
BCH-00158,SMB03,Minyak Goreng Bimoli 1L,16,16000,2026-06-02,2027-06-02,ACTIVE
BCH-00159,SMB03,Minyak Goreng Bimoli 1L,15,16000,2026-06-09,2027-06-09,ACTIVE
BCH-00160,SMB03,Minyak Goreng Bimoli 1L,14,16000,2026-06-16,2027-06-16,ACTIVE
BCH-00161,SMB03,Minyak Goreng Bimoli 1L,12,16000,2026-06-23,2027-06-23,ACTIVE
BCH-00162,SMB03,Minyak Goreng Bimoli 1L,17,16000,2026-06-30,2027-06-30,ACTIVE
BCH-00163,SMB04,Telur Ayam 1kg,6,26000,2025-06-24,2025-07-08,ACTIVE
BCH-00164,SMB04,Telur Ayam 1kg,4,26000,2025-07-01,2025-07-15,ACTIVE
BCH-00165,SMB04,Telur Ayam 1kg,9,26000,2025-07-08,2025-07-22,ACTIVE
BCH-00166,SMB04,Telur Ayam 1kg,7,26000,2025-07-15,2025-07-29,ACTIVE
BCH-00167,SMB04,Telur Ayam 1kg,8,26000,2025-07-22,2025-08-05,ACTIVE
BCH-00168,SMB04,Telur Ayam 1kg,6,26000,2025-07-29,2025-08-12,ACTIVE
BCH-00169,SMB04,Telur Ayam 1kg,10,26000,2025-08-05,2025-08-19,ACTIVE
BCH-00170,SMB04,Telur Ayam 1kg,9,26000,2025-08-12,2025-08-26,ACTIVE
BCH-00171,SMB04,Telur Ayam 1kg,9,26000,2025-08-19,2025-09-02,ACTIVE
BCH-00172,SMB04,Telur Ayam 1kg,4,26000,2025-08-26,2025-09-09,ACTIVE
BCH-00173,SMB04,Telur Ayam 1kg,7,26000,2025-09-02,2025-09-16,ACTIVE
BCH-00174,SMB04,Telur Ayam 1kg,4,26000,2025-09-09,2025-09-23,ACTIVE
BCH-00175,SMB04,Telur Ayam 1kg,3,26000,2025-09-16,2025-09-30,ACTIVE
BCH-00176,SMB04,Telur Ayam 1kg,4,26000,2025-09-23,2025-10-07,ACTIVE
BCH-00177,SMB04,Telur Ayam 1kg,6,26000,2025-09-30,2025-10-14,ACTIVE
BCH-00178,SMB04,Telur Ayam 1kg,10,26000,2025-10-07,2025-10-21,ACTIVE
BCH-00179,SMB04,Telur Ayam 1kg,7,26000,2025-10-14,2025-10-28,ACTIVE
BCH-00180,SMB04,Telur Ayam 1kg,5,26000,2025-10-21,2025-11-04,ACTIVE
BCH-00181,SMB04,Telur Ayam 1kg,8,26000,2025-10-28,2025-11-11,ACTIVE
BCH-00182,SMB04,Telur Ayam 1kg,10,26000,2025-11-04,2025-11-18,ACTIVE
BCH-00183,SMB04,Telur Ayam 1kg,4,26000,2025-11-11,2025-11-25,ACTIVE
BCH-00184,SMB04,Telur Ayam 1kg,4,26000,2025-11-18,2025-12-02,ACTIVE
BCH-00185,SMB04,Telur Ayam 1kg,9,26000,2025-11-25,2025-12-09,ACTIVE
BCH-00186,SMB04,Telur Ayam 1kg,10,26000,2025-12-02,2025-12-16,ACTIVE
BCH-00187,SMB04,Telur Ayam 1kg,4,26000,2025-12-09,2025-12-23,ACTIVE
BCH-00188,SMB04,Telur Ayam 1kg,7,26000,2025-12-16,2025-12-30,ACTIVE
BCH-00189,SMB04,Telur Ayam 1kg,5,26000,2025-12-23,2026-01-06,ACTIVE
BCH-00190,SMB04,Telur Ayam 1kg,5,26000,2025-12-30,2026-01-13,ACTIVE
BCH-00191,SMB04,Telur Ayam 1kg,10,26000,2026-01-06,2026-01-20,ACTIVE
BCH-00192,SMB04,Telur Ayam 1kg,8,26000,2026-01-13,2026-01-27,ACTIVE
BCH-00193,SMB04,Telur Ayam 1kg,7,26000,2026-01-20,2026-02-03,ACTIVE
BCH-00194,SMB04,Telur Ayam 1kg,4,26000,2026-01-27,2026-02-10,ACTIVE
BCH-00195,SMB04,Telur Ayam 1kg,3,26000,2026-02-03,2026-02-17,ACTIVE
BCH-00196,SMB04,Telur Ayam 1kg,8,26000,2026-02-10,2026-02-24,ACTIVE
BCH-00197,SMB04,Telur Ayam 1kg,10,26000,2026-02-17,2026-03-03,ACTIVE
BCH-00198,SMB04,Telur Ayam 1kg,8,26000,2026-02-24,2026-03-10,ACTIVE
BCH-00199,SMB04,Telur Ayam 1kg,9,26000,2026-03-03,2026-03-17,ACTIVE
BCH-00200,SMB04,Telur Ayam 1kg,8,26000,2026-03-10,2026-03-24,ACTIVE
BCH-00201,SMB04,Telur Ayam 1kg,7,26000,2026-03-17,2026-03-31,ACTIVE
BCH-00202,SMB04,Telur Ayam 1kg,5,26000,2026-03-24,2026-04-07,ACTIVE
BCH-00203,SMB04,Telur Ayam 1kg,3,26000,2026-03-31,2026-04-14,ACTIVE
BCH-00204,SMB04,Telur Ayam 1kg,9,26000,2026-04-07,2026-04-21,ACTIVE
BCH-00205,SMB04,Telur Ayam 1kg,9,26000,2026-04-14,2026-04-28,ACTIVE
BCH-00206,SMB04,Telur Ayam 1kg,10,26000,2026-04-21,2026-05-05,ACTIVE
BCH-00207,SMB04,Telur Ayam 1kg,4,26000,2026-04-28,2026-05-12,ACTIVE
BCH-00208,SMB04,Telur Ayam 1kg,5,26000,2026-05-05,2026-05-19,ACTIVE
BCH-00209,SMB04,Telur Ayam 1kg,7,26000,2026-05-12,2026-05-26,ACTIVE
BCH-00210,SMB04,Telur Ayam 1kg,7,26000,2026-05-19,2026-06-02,ACTIVE
BCH-00211,SMB04,Telur Ayam 1kg,7,26000,2026-05-26,2026-06-09,ACTIVE
BCH-00212,SMB04,Telur Ayam 1kg,6,26000,2026-06-02,2026-06-16,ACTIVE
BCH-00213,SMB04,Telur Ayam 1kg,7,26000,2026-06-09,2026-06-23,ACTIVE
BCH-00214,SMB04,Telur Ayam 1kg,8,26000,2026-06-16,2026-06-30,ACTIVE
BCH-00215,SMB04,Telur Ayam 1kg,7,26000,2026-06-23,2026-07-07,ACTIVE
BCH-00216,SMB04,Telur Ayam 1kg,5,26000,2026-06-30,2026-07-14,ACTIVE
BCH-00217,SMB05,Tepung Terigu 1kg,8,10000,2025-06-24,2026-06-24,ACTIVE
BCH-00218,SMB05,Tepung Terigu 1kg,14,10000,2025-07-08,2026-07-08,ACTIVE
BCH-00219,SMB05,Tepung Terigu 1kg,8,10000,2025-07-22,2026-07-22,ACTIVE
BCH-00220,SMB05,Tepung Terigu 1kg,15,10000,2025-08-05,2026-08-05,ACTIVE
BCH-00221,SMB05,Tepung Terigu 1kg,12,10000,2025-08-19,2026-08-19,ACTIVE
BCH-00222,SMB05,Tepung Terigu 1kg,11,10000,2025-09-02,2026-09-02,ACTIVE
BCH-00223,SMB05,Tepung Terigu 1kg,11,10000,2025-09-16,2026-09-16,ACTIVE
BCH-00224,SMB05,Tepung Terigu 1kg,10,10000,2025-09-30,2026-09-30,ACTIVE
BCH-00225,SMB05,Tepung Terigu 1kg,12,10000,2025-10-14,2026-10-14,ACTIVE
BCH-00226,SMB05,Tepung Terigu 1kg,10,10000,2025-10-28,2026-10-28,ACTIVE
BCH-00227,SMB05,Tepung Terigu 1kg,9,10000,2025-11-11,2026-11-11,ACTIVE
BCH-00228,SMB05,Tepung Terigu 1kg,9,10000,2025-11-25,2026-11-25,ACTIVE
BCH-00229,SMB05,Tepung Terigu 1kg,10,10000,2025-12-09,2026-12-09,ACTIVE
BCH-00230,SMB05,Tepung Terigu 1kg,11,10000,2025-12-23,2026-12-23,ACTIVE
BCH-00231,SMB05,Tepung Terigu 1kg,14,10000,2026-01-06,2027-01-06,ACTIVE
BCH-00232,SMB05,Tepung Terigu 1kg,10,10000,2026-01-20,2027-01-20,ACTIVE
BCH-00233,SMB05,Tepung Terigu 1kg,11,10000,2026-02-03,2027-02-03,ACTIVE
BCH-00234,SMB05,Tepung Terigu 1kg,10,10000,2026-02-17,2027-02-17,ACTIVE
BCH-00235,SMB05,Tepung Terigu 1kg,15,10000,2026-03-03,2027-03-03,ACTIVE
BCH-00236,SMB05,Tepung Terigu 1kg,15,10000,2026-03-17,2027-03-17,ACTIVE
BCH-00237,SMB05,Tepung Terigu 1kg,15,10000,2026-03-31,2027-03-31,ACTIVE
BCH-00238,SMB05,Tepung Terigu 1kg,15,10000,2026-04-14,2027-04-14,ACTIVE
BCH-00239,SMB05,Tepung Terigu 1kg,11,10000,2026-04-28,2027-04-28,ACTIVE
BCH-00240,SMB05,Tepung Terigu 1kg,9,10000,2026-05-12,2027-05-12,ACTIVE
BCH-00241,SMB05,Tepung Terigu 1kg,11,10000,2026-05-26,2027-05-26,ACTIVE
BCH-00242,SMB05,Tepung Terigu 1kg,13,10000,2026-06-09,2027-06-09,ACTIVE
BCH-00243,SMB05,Tepung Terigu 1kg,8,10000,2026-06-23,2027-06-23,ACTIVE
BCH-00244,MIE01,Indomie Goreng,41,2500,2025-06-24,2026-02-19,ACTIVE
BCH-00245,MIE01,Indomie Goreng,43,2500,2025-07-01,2026-02-26,ACTIVE
BCH-00246,MIE01,Indomie Goreng,45,2500,2025-07-08,2026-03-05,ACTIVE
BCH-00247,MIE01,Indomie Goreng,42,2500,2025-07-15,2026-03-12,ACTIVE
BCH-00248,MIE01,Indomie Goreng,41,2500,2025-07-22,2026-03-19,ACTIVE
BCH-00249,MIE01,Indomie Goreng,41,2500,2025-07-29,2026-03-26,ACTIVE
BCH-00250,MIE01,Indomie Goreng,43,2500,2025-08-05,2026-04-02,ACTIVE
BCH-00251,MIE01,Indomie Goreng,38,2500,2025-08-12,2026-04-09,ACTIVE
BCH-00252,MIE01,Indomie Goreng,41,2500,2025-08-19,2026-04-16,ACTIVE
BCH-00253,MIE01,Indomie Goreng,45,2500,2025-08-26,2026-04-23,ACTIVE
BCH-00254,MIE01,Indomie Goreng,44,2500,2025-09-02,2026-04-30,ACTIVE
BCH-00255,MIE01,Indomie Goreng,41,2500,2025-09-09,2026-05-07,ACTIVE
BCH-00256,MIE01,Indomie Goreng,38,2500,2025-09-16,2026-05-14,ACTIVE
BCH-00257,MIE01,Indomie Goreng,42,2500,2025-09-23,2026-05-21,ACTIVE
BCH-00258,MIE01,Indomie Goreng,38,2500,2025-09-30,2026-05-28,ACTIVE
BCH-00259,MIE01,Indomie Goreng,45,2500,2025-10-07,2026-06-04,ACTIVE
BCH-00260,MIE01,Indomie Goreng,42,2500,2025-10-14,2026-06-11,ACTIVE
BCH-00261,MIE01,Indomie Goreng,39,2500,2025-10-21,2026-06-18,ACTIVE
BCH-00262,MIE01,Indomie Goreng,44,2500,2025-10-28,2026-06-25,ACTIVE
BCH-00263,MIE01,Indomie Goreng,44,2500,2025-11-04,2026-07-02,ACTIVE
BCH-00264,MIE01,Indomie Goreng,41,2500,2025-11-11,2026-07-09,ACTIVE
BCH-00265,MIE01,Indomie Goreng,39,2500,2025-11-18,2026-07-16,ACTIVE
BCH-00266,MIE01,Indomie Goreng,41,2500,2025-11-25,2026-07-23,ACTIVE
BCH-00267,MIE01,Indomie Goreng,44,2500,2025-12-02,2026-07-30,ACTIVE
BCH-00268,MIE01,Indomie Goreng,45,2500,2025-12-09,2026-08-06,ACTIVE
BCH-00269,MIE01,Indomie Goreng,42,2500,2025-12-16,2026-08-13,ACTIVE
BCH-00270,MIE01,Indomie Goreng,44,2500,2025-12-23,2026-08-20,ACTIVE
BCH-00271,MIE01,Indomie Goreng,41,2500,2025-12-30,2026-08-27,ACTIVE
BCH-00272,MIE01,Indomie Goreng,41,2500,2026-01-06,2026-09-03,ACTIVE
BCH-00273,MIE01,Indomie Goreng,38,2500,2026-01-13,2026-09-10,ACTIVE
BCH-00274,MIE01,Indomie Goreng,41,2500,2026-01-20,2026-09-17,ACTIVE
BCH-00275,MIE01,Indomie Goreng,42,2500,2026-01-27,2026-09-24,ACTIVE
BCH-00276,MIE01,Indomie Goreng,42,2500,2026-02-03,2026-10-01,ACTIVE
BCH-00277,MIE01,Indomie Goreng,44,2500,2026-02-10,2026-10-08,ACTIVE
BCH-00278,MIE01,Indomie Goreng,45,2500,2026-02-17,2026-10-15,ACTIVE
BCH-00279,MIE01,Indomie Goreng,38,2500,2026-02-24,2026-10-22,ACTIVE
BCH-00280,MIE01,Indomie Goreng,40,2500,2026-03-03,2026-10-29,ACTIVE
BCH-00281,MIE01,Indomie Goreng,45,2500,2026-03-10,2026-11-05,ACTIVE
BCH-00282,MIE01,Indomie Goreng,44,2500,2026-03-17,2026-11-12,ACTIVE
BCH-00283,MIE01,Indomie Goreng,38,2500,2026-03-24,2026-11-19,ACTIVE
BCH-00284,MIE01,Indomie Goreng,44,2500,2026-03-31,2026-11-26,ACTIVE
BCH-00285,MIE01,Indomie Goreng,45,2500,2026-04-07,2026-12-03,ACTIVE
BCH-00286,MIE01,Indomie Goreng,38,2500,2026-04-14,2026-12-10,ACTIVE
BCH-00287,MIE01,Indomie Goreng,42,2500,2026-04-21,2026-12-17,ACTIVE
BCH-00288,MIE01,Indomie Goreng,38,2500,2026-04-28,2026-12-24,ACTIVE
BCH-00289,MIE01,Indomie Goreng,41,2500,2026-05-05,2026-12-31,ACTIVE
BCH-00290,MIE01,Indomie Goreng,41,2500,2026-05-12,2027-01-07,ACTIVE
BCH-00291,MIE01,Indomie Goreng,42,2500,2026-05-19,2027-01-14,ACTIVE
BCH-00292,MIE01,Indomie Goreng,41,2500,2026-05-26,2027-01-21,ACTIVE
BCH-00293,MIE01,Indomie Goreng,38,2500,2026-06-02,2027-01-28,ACTIVE
BCH-00294,MIE01,Indomie Goreng,44,2500,2026-06-09,2027-02-04,ACTIVE
BCH-00295,MIE01,Indomie Goreng,38,2500,2026-06-16,2027-02-11,ACTIVE
BCH-00296,MIE01,Indomie Goreng,41,2500,2026-06-23,2027-02-18,ACTIVE
BCH-00297,MIE01,Indomie Goreng,43,2500,2026-06-30,2027-02-25,ACTIVE
BCH-00298,MIE02,Mie Sedap Goreng,43,2500,2025-06-24,2026-02-19,ACTIVE
BCH-00299,MIE02,Mie Sedap Goreng,44,2500,2025-07-01,2026-02-26,ACTIVE
BCH-00300,MIE02,Mie Sedap Goreng,42,2500,2025-07-08,2026-03-05,ACTIVE
BCH-00301,MIE02,Mie Sedap Goreng,39,2500,2025-07-15,2026-03-12,ACTIVE
BCH-00302,MIE02,Mie Sedap Goreng,44,2500,2025-07-22,2026-03-19,ACTIVE
BCH-00303,MIE02,Mie Sedap Goreng,45,2500,2025-07-29,2026-03-26,ACTIVE
BCH-00304,MIE02,Mie Sedap Goreng,40,2500,2025-08-05,2026-04-02,ACTIVE
BCH-00305,MIE02,Mie Sedap Goreng,38,2500,2025-08-12,2026-04-09,ACTIVE
BCH-00306,MIE02,Mie Sedap Goreng,38,2500,2025-08-19,2026-04-16,ACTIVE
BCH-00307,MIE02,Mie Sedap Goreng,44,2500,2025-08-26,2026-04-23,ACTIVE
BCH-00308,MIE02,Mie Sedap Goreng,39,2500,2025-09-02,2026-04-30,ACTIVE
BCH-00309,MIE02,Mie Sedap Goreng,40,2500,2025-09-09,2026-05-07,ACTIVE
BCH-00310,MIE02,Mie Sedap Goreng,40,2500,2025-09-16,2026-05-14,ACTIVE
BCH-00311,MIE02,Mie Sedap Goreng,39,2500,2025-09-23,2026-05-21,ACTIVE
BCH-00312,MIE02,Mie Sedap Goreng,38,2500,2025-09-30,2026-05-28,ACTIVE
BCH-00313,MIE02,Mie Sedap Goreng,41,2500,2025-10-07,2026-06-04,ACTIVE
BCH-00314,MIE02,Mie Sedap Goreng,40,2500,2025-10-14,2026-06-11,ACTIVE
BCH-00315,MIE02,Mie Sedap Goreng,44,2500,2025-10-21,2026-06-18,ACTIVE
BCH-00316,MIE02,Mie Sedap Goreng,41,2500,2025-10-28,2026-06-25,ACTIVE
BCH-00317,MIE02,Mie Sedap Goreng,39,2500,2025-11-04,2026-07-02,ACTIVE
BCH-00318,MIE02,Mie Sedap Goreng,38,2500,2025-11-11,2026-07-09,ACTIVE
BCH-00319,MIE02,Mie Sedap Goreng,39,2500,2025-11-18,2026-07-16,ACTIVE
BCH-00320,MIE02,Mie Sedap Goreng,41,2500,2025-11-25,2026-07-23,ACTIVE
BCH-00321,MIE02,Mie Sedap Goreng,38,2500,2025-12-02,2026-07-30,ACTIVE
BCH-00322,MIE02,Mie Sedap Goreng,44,2500,2025-12-09,2026-08-06,ACTIVE
BCH-00323,MIE02,Mie Sedap Goreng,40,2500,2025-12-16,2026-08-13,ACTIVE
BCH-00324,MIE02,Mie Sedap Goreng,44,2500,2025-12-23,2026-08-20,ACTIVE
BCH-00325,MIE02,Mie Sedap Goreng,44,2500,2025-12-30,2026-08-27,ACTIVE
BCH-00326,MIE02,Mie Sedap Goreng,40,2500,2026-01-06,2026-09-03,ACTIVE
BCH-00327,MIE02,Mie Sedap Goreng,40,2500,2026-01-13,2026-09-10,ACTIVE
BCH-00328,MIE02,Mie Sedap Goreng,41,2500,2026-01-20,2026-09-17,ACTIVE
BCH-00329,MIE02,Mie Sedap Goreng,39,2500,2026-01-27,2026-09-24,ACTIVE
BCH-00330,MIE02,Mie Sedap Goreng,39,2500,2026-02-03,2026-10-01,ACTIVE
BCH-00331,MIE02,Mie Sedap Goreng,40,2500,2026-02-10,2026-10-08,ACTIVE
BCH-00332,MIE02,Mie Sedap Goreng,40,2500,2026-02-17,2026-10-15,ACTIVE
BCH-00333,MIE02,Mie Sedap Goreng,44,2500,2026-02-24,2026-10-22,ACTIVE
BCH-00334,MIE02,Mie Sedap Goreng,44,2500,2026-03-03,2026-10-29,ACTIVE
BCH-00335,MIE02,Mie Sedap Goreng,45,2500,2026-03-10,2026-11-05,ACTIVE
BCH-00336,MIE02,Mie Sedap Goreng,43,2500,2026-03-17,2026-11-12,ACTIVE
BCH-00337,MIE02,Mie Sedap Goreng,43,2500,2026-03-24,2026-11-19,ACTIVE
BCH-00338,MIE02,Mie Sedap Goreng,43,2500,2026-03-31,2026-11-26,ACTIVE
BCH-00339,MIE02,Mie Sedap Goreng,41,2500,2026-04-07,2026-12-03,ACTIVE
BCH-00340,MIE02,Mie Sedap Goreng,41,2500,2026-04-14,2026-12-10,ACTIVE
BCH-00341,MIE02,Mie Sedap Goreng,45,2500,2026-04-21,2026-12-17,ACTIVE
BCH-00342,MIE02,Mie Sedap Goreng,41,2500,2026-04-28,2026-12-24,ACTIVE
BCH-00343,MIE02,Mie Sedap Goreng,43,2500,2026-05-05,2026-12-31,ACTIVE
BCH-00344,MIE02,Mie Sedap Goreng,45,2500,2026-05-12,2027-01-07,ACTIVE
BCH-00345,MIE02,Mie Sedap Goreng,45,2500,2026-05-19,2027-01-14,ACTIVE
BCH-00346,MIE02,Mie Sedap Goreng,41,2500,2026-05-26,2027-01-21,ACTIVE
BCH-00347,MIE02,Mie Sedap Goreng,42,2500,2026-06-02,2027-01-28,ACTIVE
BCH-00348,MIE02,Mie Sedap Goreng,44,2500,2026-06-09,2027-02-04,ACTIVE
BCH-00349,MIE02,Mie Sedap Goreng,41,2500,2026-06-16,2027-02-11,ACTIVE
BCH-00350,MIE02,Mie Sedap Goreng,39,2500,2026-06-23,2027-02-18,ACTIVE
BCH-00351,MIE02,Mie Sedap Goreng,43,2500,2026-06-30,2027-02-25,ACTIVE
BCH-00352,MIE03,Indomie Soto,40,2500,2025-06-24,2026-02-19,ACTIVE
BCH-00353,MIE03,Indomie Soto,39,2500,2025-07-01,2026-02-26,ACTIVE
BCH-00354,MIE03,Indomie Soto,42,2500,2025-07-08,2026-03-05,ACTIVE
BCH-00355,MIE03,Indomie Soto,45,2500,2025-07-15,2026-03-12,ACTIVE
BCH-00356,MIE03,Indomie Soto,43,2500,2025-07-22,2026-03-19,ACTIVE
BCH-00357,MIE03,Indomie Soto,41,2500,2025-07-29,2026-03-26,ACTIVE
BCH-00358,MIE03,Indomie Soto,44,2500,2025-08-05,2026-04-02,ACTIVE
BCH-00359,MIE03,Indomie Soto,41,2500,2025-08-12,2026-04-09,ACTIVE
BCH-00360,MIE03,Indomie Soto,41,2500,2025-08-19,2026-04-16,ACTIVE
BCH-00361,MIE03,Indomie Soto,38,2500,2025-08-26,2026-04-23,ACTIVE
BCH-00362,MIE03,Indomie Soto,41,2500,2025-09-02,2026-04-30,ACTIVE
BCH-00363,MIE03,Indomie Soto,43,2500,2025-09-09,2026-05-07,ACTIVE
BCH-00364,MIE03,Indomie Soto,42,2500,2025-09-16,2026-05-14,ACTIVE
BCH-00365,MIE03,Indomie Soto,45,2500,2025-09-23,2026-05-21,ACTIVE
BCH-00366,MIE03,Indomie Soto,40,2500,2025-09-30,2026-05-28,ACTIVE
BCH-00367,MIE03,Indomie Soto,43,2500,2025-10-07,2026-06-04,ACTIVE
BCH-00368,MIE03,Indomie Soto,42,2500,2025-10-14,2026-06-11,ACTIVE
BCH-00369,MIE03,Indomie Soto,40,2500,2025-10-21,2026-06-18,ACTIVE
BCH-00370,MIE03,Indomie Soto,39,2500,2025-10-28,2026-06-25,ACTIVE
BCH-00371,MIE03,Indomie Soto,39,2500,2025-11-04,2026-07-02,ACTIVE
BCH-00372,MIE03,Indomie Soto,42,2500,2025-11-11,2026-07-09,ACTIVE
BCH-00373,MIE03,Indomie Soto,43,2500,2025-11-18,2026-07-16,ACTIVE
BCH-00374,MIE03,Indomie Soto,43,2500,2025-11-25,2026-07-23,ACTIVE
BCH-00375,MIE03,Indomie Soto,44,2500,2025-12-02,2026-07-30,ACTIVE
BCH-00376,MIE03,Indomie Soto,39,2500,2025-12-09,2026-08-06,ACTIVE
BCH-00377,MIE03,Indomie Soto,45,2500,2025-12-16,2026-08-13,ACTIVE
BCH-00378,MIE03,Indomie Soto,38,2500,2025-12-23,2026-08-20,ACTIVE
BCH-00379,MIE03,Indomie Soto,42,2500,2025-12-30,2026-08-27,ACTIVE
BCH-00380,MIE03,Indomie Soto,39,2500,2026-01-06,2026-09-03,ACTIVE
BCH-00381,MIE03,Indomie Soto,38,2500,2026-01-13,2026-09-10,ACTIVE
BCH-00382,MIE03,Indomie Soto,40,2500,2026-01-20,2026-09-17,ACTIVE
BCH-00383,MIE03,Indomie Soto,38,2500,2026-01-27,2026-09-24,ACTIVE
BCH-00384,MIE03,Indomie Soto,39,2500,2026-02-03,2026-10-01,ACTIVE
BCH-00385,MIE03,Indomie Soto,39,2500,2026-02-10,2026-10-08,ACTIVE
BCH-00386,MIE03,Indomie Soto,39,2500,2026-02-17,2026-10-15,ACTIVE
BCH-00387,MIE03,Indomie Soto,42,2500,2026-02-24,2026-10-22,ACTIVE
BCH-00388,MIE03,Indomie Soto,38,2500,2026-03-03,2026-10-29,ACTIVE
BCH-00389,MIE03,Indomie Soto,45,2500,2026-03-10,2026-11-05,ACTIVE
BCH-00390,MIE03,Indomie Soto,40,2500,2026-03-17,2026-11-12,ACTIVE
BCH-00391,MIE03,Indomie Soto,42,2500,2026-03-24,2026-11-19,ACTIVE
BCH-00392,MIE03,Indomie Soto,41,2500,2026-03-31,2026-11-26,ACTIVE
BCH-00393,MIE03,Indomie Soto,39,2500,2026-04-07,2026-12-03,ACTIVE
BCH-00394,MIE03,Indomie Soto,39,2500,2026-04-14,2026-12-10,ACTIVE
BCH-00395,MIE03,Indomie Soto,38,2500,2026-04-21,2026-12-17,ACTIVE
BCH-00396,MIE03,Indomie Soto,38,2500,2026-04-28,2026-12-24,ACTIVE
BCH-00397,MIE03,Indomie Soto,45,2500,2026-05-05,2026-12-31,ACTIVE
BCH-00398,MIE03,Indomie Soto,38,2500,2026-05-12,2027-01-07,ACTIVE
BCH-00399,MIE03,Indomie Soto,43,2500,2026-05-19,2027-01-14,ACTIVE
BCH-00400,MIE03,Indomie Soto,45,2500,2026-05-26,2027-01-21,ACTIVE
BCH-00401,MIE03,Indomie Soto,41,2500,2026-06-02,2027-01-28,ACTIVE
BCH-00402,MIE03,Indomie Soto,45,2500,2026-06-09,2027-02-04,ACTIVE
BCH-00403,MIE03,Indomie Soto,45,2500,2026-06-16,2027-02-11,ACTIVE
BCH-00404,MIE03,Indomie Soto,41,2500,2026-06-23,2027-02-18,ACTIVE
BCH-00405,MIE03,Indomie Soto,41,2500,2026-06-30,2027-02-25,ACTIVE
BCH-00406,MNM01,Aqua Botol 600ml,29,3000,2025-06-24,2026-06-24,ACTIVE
BCH-00407,MNM01,Aqua Botol 600ml,23,3000,2025-07-01,2026-07-01,ACTIVE
BCH-00408,MNM01,Aqua Botol 600ml,26,3000,2025-07-08,2026-07-08,ACTIVE
BCH-00409,MNM01,Aqua Botol 600ml,22,3000,2025-07-15,2026-07-15,ACTIVE
BCH-00410,MNM01,Aqua Botol 600ml,28,3000,2025-07-22,2026-07-22,ACTIVE
BCH-00411,MNM01,Aqua Botol 600ml,23,3000,2025-07-29,2026-07-29,ACTIVE
BCH-00412,MNM01,Aqua Botol 600ml,26,3000,2025-08-05,2026-08-05,ACTIVE
BCH-00413,MNM01,Aqua Botol 600ml,25,3000,2025-08-12,2026-08-12,ACTIVE
BCH-00414,MNM01,Aqua Botol 600ml,24,3000,2025-08-19,2026-08-19,ACTIVE
BCH-00415,MNM01,Aqua Botol 600ml,24,3000,2025-08-26,2026-08-26,ACTIVE
BCH-00416,MNM01,Aqua Botol 600ml,22,3000,2025-09-02,2026-09-02,ACTIVE
BCH-00417,MNM01,Aqua Botol 600ml,25,3000,2025-09-09,2026-09-09,ACTIVE
BCH-00418,MNM01,Aqua Botol 600ml,24,3000,2025-09-16,2026-09-16,ACTIVE
BCH-00419,MNM01,Aqua Botol 600ml,27,3000,2025-09-23,2026-09-23,ACTIVE
BCH-00420,MNM01,Aqua Botol 600ml,26,3000,2025-09-30,2026-09-30,ACTIVE
BCH-00421,MNM01,Aqua Botol 600ml,26,3000,2025-10-07,2026-10-07,ACTIVE
BCH-00422,MNM01,Aqua Botol 600ml,22,3000,2025-10-14,2026-10-14,ACTIVE
BCH-00423,MNM01,Aqua Botol 600ml,23,3000,2025-10-21,2026-10-21,ACTIVE
BCH-00424,MNM01,Aqua Botol 600ml,25,3000,2025-10-28,2026-10-28,ACTIVE
BCH-00425,MNM01,Aqua Botol 600ml,29,3000,2025-11-04,2026-11-04,ACTIVE
BCH-00426,MNM01,Aqua Botol 600ml,24,3000,2025-11-11,2026-11-11,ACTIVE
BCH-00427,MNM01,Aqua Botol 600ml,29,3000,2025-11-18,2026-11-18,ACTIVE
BCH-00428,MNM01,Aqua Botol 600ml,29,3000,2025-11-25,2026-11-25,ACTIVE
BCH-00429,MNM01,Aqua Botol 600ml,28,3000,2025-12-02,2026-12-02,ACTIVE
BCH-00430,MNM01,Aqua Botol 600ml,25,3000,2025-12-09,2026-12-09,ACTIVE
BCH-00431,MNM01,Aqua Botol 600ml,23,3000,2025-12-16,2026-12-16,ACTIVE
BCH-00432,MNM01,Aqua Botol 600ml,23,3000,2025-12-23,2026-12-23,ACTIVE
BCH-00433,MNM01,Aqua Botol 600ml,27,3000,2025-12-30,2026-12-30,ACTIVE
BCH-00434,MNM01,Aqua Botol 600ml,23,3000,2026-01-06,2027-01-06,ACTIVE
BCH-00435,MNM01,Aqua Botol 600ml,25,3000,2026-01-13,2027-01-13,ACTIVE
BCH-00436,MNM01,Aqua Botol 600ml,28,3000,2026-01-20,2027-01-20,ACTIVE
BCH-00437,MNM01,Aqua Botol 600ml,28,3000,2026-01-27,2027-01-27,ACTIVE
BCH-00438,MNM01,Aqua Botol 600ml,27,3000,2026-02-03,2027-02-03,ACTIVE
BCH-00439,MNM01,Aqua Botol 600ml,23,3000,2026-02-10,2027-02-10,ACTIVE
BCH-00440,MNM01,Aqua Botol 600ml,25,3000,2026-02-17,2027-02-17,ACTIVE
BCH-00441,MNM01,Aqua Botol 600ml,22,3000,2026-02-24,2027-02-24,ACTIVE
BCH-00442,MNM01,Aqua Botol 600ml,28,3000,2026-03-03,2027-03-03,ACTIVE
BCH-00443,MNM01,Aqua Botol 600ml,29,3000,2026-03-10,2027-03-10,ACTIVE
BCH-00444,MNM01,Aqua Botol 600ml,23,3000,2026-03-17,2027-03-17,ACTIVE
BCH-00445,MNM01,Aqua Botol 600ml,25,3000,2026-03-24,2027-03-24,ACTIVE
BCH-00446,MNM01,Aqua Botol 600ml,25,3000,2026-03-31,2027-03-31,ACTIVE
BCH-00447,MNM01,Aqua Botol 600ml,26,3000,2026-04-07,2027-04-07,ACTIVE
BCH-00448,MNM01,Aqua Botol 600ml,25,3000,2026-04-14,2027-04-14,ACTIVE
BCH-00449,MNM01,Aqua Botol 600ml,26,3000,2026-04-21,2027-04-21,ACTIVE
BCH-00450,MNM01,Aqua Botol 600ml,28,3000,2026-04-28,2027-04-28,ACTIVE
BCH-00451,MNM01,Aqua Botol 600ml,25,3000,2026-05-05,2027-05-05,ACTIVE
BCH-00452,MNM01,Aqua Botol 600ml,23,3000,2026-05-12,2027-05-12,ACTIVE
BCH-00453,MNM01,Aqua Botol 600ml,26,3000,2026-05-19,2027-05-19,ACTIVE
BCH-00454,MNM01,Aqua Botol 600ml,29,3000,2026-05-26,2027-05-26,ACTIVE
BCH-00455,MNM01,Aqua Botol 600ml,28,3000,2026-06-02,2027-06-02,ACTIVE
BCH-00456,MNM01,Aqua Botol 600ml,23,3000,2026-06-09,2027-06-09,ACTIVE
BCH-00457,MNM01,Aqua Botol 600ml,24,3000,2026-06-16,2027-06-16,ACTIVE
BCH-00458,MNM01,Aqua Botol 600ml,26,3000,2026-06-23,2027-06-23,ACTIVE
BCH-00459,MNM01,Aqua Botol 600ml,22,3000,2026-06-30,2027-06-30,ACTIVE
BCH-00460,MNM02,Teh Pucuk Harum 350ml,28,3000,2025-06-24,2025-12-21,ACTIVE
BCH-00461,MNM02,Teh Pucuk Harum 350ml,24,3000,2025-07-01,2025-12-28,ACTIVE
BCH-00462,MNM02,Teh Pucuk Harum 350ml,25,3000,2025-07-08,2026-01-04,ACTIVE
BCH-00463,MNM02,Teh Pucuk Harum 350ml,29,3000,2025-07-15,2026-01-11,ACTIVE
BCH-00464,MNM02,Teh Pucuk Harum 350ml,27,3000,2025-07-22,2026-01-18,ACTIVE
BCH-00465,MNM02,Teh Pucuk Harum 350ml,26,3000,2025-07-29,2026-01-25,ACTIVE
BCH-00466,MNM02,Teh Pucuk Harum 350ml,22,3000,2025-08-05,2026-02-01,ACTIVE
BCH-00467,MNM02,Teh Pucuk Harum 350ml,26,3000,2025-08-12,2026-02-08,ACTIVE
BCH-00468,MNM02,Teh Pucuk Harum 350ml,29,3000,2025-08-19,2026-02-15,ACTIVE
BCH-00469,MNM02,Teh Pucuk Harum 350ml,29,3000,2025-08-26,2026-02-22,ACTIVE
BCH-00470,MNM02,Teh Pucuk Harum 350ml,29,3000,2025-09-02,2026-03-01,ACTIVE
BCH-00471,MNM02,Teh Pucuk Harum 350ml,25,3000,2025-09-09,2026-03-08,ACTIVE
BCH-00472,MNM02,Teh Pucuk Harum 350ml,24,3000,2025-09-16,2026-03-15,ACTIVE
BCH-00473,MNM02,Teh Pucuk Harum 350ml,22,3000,2025-09-23,2026-03-22,ACTIVE
BCH-00474,MNM02,Teh Pucuk Harum 350ml,24,3000,2025-09-30,2026-03-29,ACTIVE
BCH-00475,MNM02,Teh Pucuk Harum 350ml,26,3000,2025-10-07,2026-04-05,ACTIVE
BCH-00476,MNM02,Teh Pucuk Harum 350ml,23,3000,2025-10-14,2026-04-12,ACTIVE
BCH-00477,MNM02,Teh Pucuk Harum 350ml,26,3000,2025-10-21,2026-04-19,ACTIVE
BCH-00478,MNM02,Teh Pucuk Harum 350ml,28,3000,2025-10-28,2026-04-26,ACTIVE
BCH-00479,MNM02,Teh Pucuk Harum 350ml,27,3000,2025-11-04,2026-05-03,ACTIVE
BCH-00480,MNM02,Teh Pucuk Harum 350ml,26,3000,2025-11-11,2026-05-10,ACTIVE
BCH-00481,MNM02,Teh Pucuk Harum 350ml,29,3000,2025-11-18,2026-05-17,ACTIVE
BCH-00482,MNM02,Teh Pucuk Harum 350ml,23,3000,2025-11-25,2026-05-24,ACTIVE
BCH-00483,MNM02,Teh Pucuk Harum 350ml,25,3000,2025-12-02,2026-05-31,ACTIVE
BCH-00484,MNM02,Teh Pucuk Harum 350ml,28,3000,2025-12-09,2026-06-07,ACTIVE
BCH-00485,MNM02,Teh Pucuk Harum 350ml,28,3000,2025-12-16,2026-06-14,ACTIVE
BCH-00486,MNM02,Teh Pucuk Harum 350ml,26,3000,2025-12-23,2026-06-21,ACTIVE
BCH-00487,MNM02,Teh Pucuk Harum 350ml,25,3000,2025-12-30,2026-06-28,ACTIVE
BCH-00488,MNM02,Teh Pucuk Harum 350ml,28,3000,2026-01-06,2026-07-05,ACTIVE
BCH-00489,MNM02,Teh Pucuk Harum 350ml,23,3000,2026-01-13,2026-07-12,ACTIVE
BCH-00490,MNM02,Teh Pucuk Harum 350ml,24,3000,2026-01-20,2026-07-19,ACTIVE
BCH-00491,MNM02,Teh Pucuk Harum 350ml,23,3000,2026-01-27,2026-07-26,ACTIVE
BCH-00492,MNM02,Teh Pucuk Harum 350ml,23,3000,2026-02-03,2026-08-02,ACTIVE
BCH-00493,MNM02,Teh Pucuk Harum 350ml,29,3000,2026-02-10,2026-08-09,ACTIVE
BCH-00494,MNM02,Teh Pucuk Harum 350ml,25,3000,2026-02-17,2026-08-16,ACTIVE
BCH-00495,MNM02,Teh Pucuk Harum 350ml,23,3000,2026-02-24,2026-08-23,ACTIVE
BCH-00496,MNM02,Teh Pucuk Harum 350ml,22,3000,2026-03-03,2026-08-30,ACTIVE
BCH-00497,MNM02,Teh Pucuk Harum 350ml,27,3000,2026-03-10,2026-09-06,ACTIVE
BCH-00498,MNM02,Teh Pucuk Harum 350ml,24,3000,2026-03-17,2026-09-13,ACTIVE
BCH-00499,MNM02,Teh Pucuk Harum 350ml,23,3000,2026-03-24,2026-09-20,ACTIVE
BCH-00500,MNM02,Teh Pucuk Harum 350ml,27,3000,2026-03-31,2026-09-27,ACTIVE
BCH-00501,MNM02,Teh Pucuk Harum 350ml,28,3000,2026-04-07,2026-10-04,ACTIVE
BCH-00502,MNM02,Teh Pucuk Harum 350ml,24,3000,2026-04-14,2026-10-11,ACTIVE
BCH-00503,MNM02,Teh Pucuk Harum 350ml,29,3000,2026-04-21,2026-10-18,ACTIVE
BCH-00504,MNM02,Teh Pucuk Harum 350ml,25,3000,2026-04-28,2026-10-25,ACTIVE
BCH-00505,MNM02,Teh Pucuk Harum 350ml,23,3000,2026-05-05,2026-11-01,ACTIVE
BCH-00506,MNM02,Teh Pucuk Harum 350ml,24,3000,2026-05-12,2026-11-08,ACTIVE
BCH-00507,MNM02,Teh Pucuk Harum 350ml,25,3000,2026-05-19,2026-11-15,ACTIVE
BCH-00508,MNM02,Teh Pucuk Harum 350ml,26,3000,2026-05-26,2026-11-22,ACTIVE
BCH-00509,MNM02,Teh Pucuk Harum 350ml,24,3000,2026-06-02,2026-11-29,ACTIVE
BCH-00510,MNM02,Teh Pucuk Harum 350ml,24,3000,2026-06-09,2026-12-06,ACTIVE
BCH-00511,MNM02,Teh Pucuk Harum 350ml,28,3000,2026-06-16,2026-12-13,ACTIVE
BCH-00512,MNM02,Teh Pucuk Harum 350ml,26,3000,2026-06-23,2026-12-20,ACTIVE
BCH-00513,MNM02,Teh Pucuk Harum 350ml,29,3000,2026-06-30,2026-12-27,ACTIVE
BCH-00514,MNM03,Sprite 390ml,16,4000,2025-06-24,2026-06-24,ACTIVE
BCH-00515,MNM03,Sprite 390ml,16,4000,2025-07-01,2026-07-01,ACTIVE
BCH-00516,MNM03,Sprite 390ml,15,4000,2025-07-08,2026-07-08,ACTIVE
BCH-00517,MNM03,Sprite 390ml,10,4000,2025-07-15,2026-07-15,ACTIVE
BCH-00518,MNM03,Sprite 390ml,13,4000,2025-07-22,2026-07-22,ACTIVE
BCH-00519,MNM03,Sprite 390ml,10,4000,2025-07-29,2026-07-29,ACTIVE
BCH-00520,MNM03,Sprite 390ml,11,4000,2025-08-05,2026-08-05,ACTIVE
BCH-00521,MNM03,Sprite 390ml,15,4000,2025-08-12,2026-08-12,ACTIVE
BCH-00522,MNM03,Sprite 390ml,10,4000,2025-08-19,2026-08-19,ACTIVE
BCH-00523,MNM03,Sprite 390ml,17,4000,2025-08-26,2026-08-26,ACTIVE
BCH-00524,MNM03,Sprite 390ml,17,4000,2025-09-02,2026-09-02,ACTIVE
BCH-00525,MNM03,Sprite 390ml,13,4000,2025-09-09,2026-09-09,ACTIVE
BCH-00526,MNM03,Sprite 390ml,10,4000,2025-09-16,2026-09-16,ACTIVE
BCH-00527,MNM03,Sprite 390ml,15,4000,2025-09-23,2026-09-23,ACTIVE
BCH-00528,MNM03,Sprite 390ml,15,4000,2025-09-30,2026-09-30,ACTIVE
BCH-00529,MNM03,Sprite 390ml,17,4000,2025-10-07,2026-10-07,ACTIVE
BCH-00530,MNM03,Sprite 390ml,17,4000,2025-10-14,2026-10-14,ACTIVE
BCH-00531,MNM03,Sprite 390ml,11,4000,2025-10-21,2026-10-21,ACTIVE
BCH-00532,MNM03,Sprite 390ml,14,4000,2025-10-28,2026-10-28,ACTIVE
BCH-00533,MNM03,Sprite 390ml,13,4000,2025-11-04,2026-11-04,ACTIVE
BCH-00534,MNM03,Sprite 390ml,16,4000,2025-11-11,2026-11-11,ACTIVE
BCH-00535,MNM03,Sprite 390ml,11,4000,2025-11-18,2026-11-18,ACTIVE
BCH-00536,MNM03,Sprite 390ml,17,4000,2025-11-25,2026-11-25,ACTIVE
BCH-00537,MNM03,Sprite 390ml,11,4000,2025-12-02,2026-12-02,ACTIVE
BCH-00538,MNM03,Sprite 390ml,15,4000,2025-12-09,2026-12-09,ACTIVE
BCH-00539,MNM03,Sprite 390ml,11,4000,2025-12-16,2026-12-16,ACTIVE
BCH-00540,MNM03,Sprite 390ml,12,4000,2025-12-23,2026-12-23,ACTIVE
BCH-00541,MNM03,Sprite 390ml,10,4000,2025-12-30,2026-12-30,ACTIVE
BCH-00542,MNM03,Sprite 390ml,14,4000,2026-01-06,2027-01-06,ACTIVE
BCH-00543,MNM03,Sprite 390ml,16,4000,2026-01-13,2027-01-13,ACTIVE
BCH-00544,MNM03,Sprite 390ml,14,4000,2026-01-20,2027-01-20,ACTIVE
BCH-00545,MNM03,Sprite 390ml,14,4000,2026-01-27,2027-01-27,ACTIVE
BCH-00546,MNM03,Sprite 390ml,14,4000,2026-02-03,2027-02-03,ACTIVE
BCH-00547,MNM03,Sprite 390ml,16,4000,2026-02-10,2027-02-10,ACTIVE
BCH-00548,MNM03,Sprite 390ml,12,4000,2026-02-17,2027-02-17,ACTIVE
BCH-00549,MNM03,Sprite 390ml,17,4000,2026-02-24,2027-02-24,ACTIVE
BCH-00550,MNM03,Sprite 390ml,14,4000,2026-03-03,2027-03-03,ACTIVE
BCH-00551,MNM03,Sprite 390ml,11,4000,2026-03-10,2027-03-10,ACTIVE
BCH-00552,MNM03,Sprite 390ml,13,4000,2026-03-17,2027-03-17,ACTIVE
BCH-00553,MNM03,Sprite 390ml,17,4000,2026-03-24,2027-03-24,ACTIVE
BCH-00554,MNM03,Sprite 390ml,14,4000,2026-03-31,2027-03-31,ACTIVE
BCH-00555,MNM03,Sprite 390ml,16,4000,2026-04-07,2027-04-07,ACTIVE
BCH-00556,MNM03,Sprite 390ml,16,4000,2026-04-14,2027-04-14,ACTIVE
BCH-00557,MNM03,Sprite 390ml,13,4000,2026-04-21,2027-04-21,ACTIVE
BCH-00558,MNM03,Sprite 390ml,14,4000,2026-04-28,2027-04-28,ACTIVE
BCH-00559,MNM03,Sprite 390ml,16,4000,2026-05-05,2027-05-05,ACTIVE
BCH-00560,MNM03,Sprite 390ml,14,4000,2026-05-12,2027-05-12,ACTIVE
BCH-00561,MNM03,Sprite 390ml,10,4000,2026-05-19,2027-05-19,ACTIVE
BCH-00562,MNM03,Sprite 390ml,15,4000,2026-05-26,2027-05-26,ACTIVE
BCH-00563,MNM03,Sprite 390ml,17,4000,2026-06-02,2027-06-02,ACTIVE
BCH-00564,MNM03,Sprite 390ml,15,4000,2026-06-09,2027-06-09,ACTIVE
BCH-00565,MNM03,Sprite 390ml,12,4000,2026-06-16,2027-06-16,ACTIVE
BCH-00566,MNM03,Sprite 390ml,10,4000,2026-06-23,2027-06-23,ACTIVE
BCH-00567,MNM03,Sprite 390ml,17,4000,2026-06-30,2027-06-30,ACTIVE
BCH-00568,MNM04,Es Teh Manis,40,1000,2025-06-24,,ACTIVE
BCH-00569,MNM04,Es Teh Manis,42,1000,2025-06-25,,ACTIVE
BCH-00570,MNM04,Es Teh Manis,44,1000,2025-06-26,,ACTIVE
BCH-00571,MNM04,Es Teh Manis,41,1000,2025-06-27,,ACTIVE
BCH-00572,MNM04,Es Teh Manis,39,1000,2025-06-28,,ACTIVE
BCH-00573,MNM04,Es Teh Manis,39,1000,2025-06-29,,ACTIVE
BCH-00574,MNM04,Es Teh Manis,41,1000,2025-06-30,,ACTIVE
BCH-00575,MNM04,Es Teh Manis,42,1000,2025-07-01,,ACTIVE
BCH-00576,MNM04,Es Teh Manis,41,1000,2025-07-02,,ACTIVE
BCH-00577,MNM04,Es Teh Manis,41,1000,2025-07-03,,ACTIVE
BCH-00578,MNM04,Es Teh Manis,39,1000,2025-07-04,,ACTIVE
BCH-00579,MNM04,Es Teh Manis,41,1000,2025-07-05,,ACTIVE
BCH-00580,MNM04,Es Teh Manis,40,1000,2025-07-06,,ACTIVE
BCH-00581,MNM04,Es Teh Manis,38,1000,2025-07-07,,ACTIVE
BCH-00582,MNM04,Es Teh Manis,39,1000,2025-07-08,,ACTIVE
BCH-00583,MNM04,Es Teh Manis,44,1000,2025-07-09,,ACTIVE
BCH-00584,MNM04,Es Teh Manis,38,1000,2025-07-10,,ACTIVE
BCH-00585,MNM04,Es Teh Manis,45,1000,2025-07-11,,ACTIVE
BCH-00586,MNM04,Es Teh Manis,44,1000,2025-07-12,,ACTIVE
BCH-00587,MNM04,Es Teh Manis,40,1000,2025-07-13,,ACTIVE
BCH-00588,MNM04,Es Teh Manis,44,1000,2025-07-14,,ACTIVE
BCH-00589,MNM04,Es Teh Manis,43,1000,2025-07-15,,ACTIVE
BCH-00590,MNM04,Es Teh Manis,38,1000,2025-07-16,,ACTIVE
BCH-00591,MNM04,Es Teh Manis,44,1000,2025-07-17,,ACTIVE
BCH-00592,MNM04,Es Teh Manis,42,1000,2025-07-18,,ACTIVE
BCH-00593,MNM04,Es Teh Manis,38,1000,2025-07-19,,ACTIVE
BCH-00594,MNM04,Es Teh Manis,41,1000,2025-07-20,,ACTIVE
BCH-00595,MNM04,Es Teh Manis,44,1000,2025-07-21,,ACTIVE
BCH-00596,MNM04,Es Teh Manis,42,1000,2025-07-22,,ACTIVE
BCH-00597,MNM04,Es Teh Manis,38,1000,2025-07-23,,ACTIVE
BCH-00598,MNM04,Es Teh Manis,44,1000,2025-07-24,,ACTIVE
BCH-00599,MNM04,Es Teh Manis,45,1000,2025-07-25,,ACTIVE
BCH-00600,MNM04,Es Teh Manis,40,1000,2025-07-26,,ACTIVE
BCH-00601,MNM04,Es Teh Manis,40,1000,2025-07-27,,ACTIVE
BCH-00602,MNM04,Es Teh Manis,43,1000,2025-07-28,,ACTIVE
BCH-00603,MNM04,Es Teh Manis,45,1000,2025-07-29,,ACTIVE
BCH-00604,MNM04,Es Teh Manis,40,1000,2025-07-30,,ACTIVE
BCH-00605,MNM04,Es Teh Manis,41,1000,2025-07-31,,ACTIVE
BCH-00606,MNM04,Es Teh Manis,39,1000,2025-08-01,,ACTIVE
BCH-00607,MNM04,Es Teh Manis,40,1000,2025-08-02,,ACTIVE
BCH-00608,MNM04,Es Teh Manis,39,1000,2025-08-03,,ACTIVE
BCH-00609,MNM04,Es Teh Manis,38,1000,2025-08-04,,ACTIVE
BCH-00610,MNM04,Es Teh Manis,45,1000,2025-08-05,,ACTIVE
BCH-00611,MNM04,Es Teh Manis,40,1000,2025-08-06,,ACTIVE
BCH-00612,MNM04,Es Teh Manis,44,1000,2025-08-07,,ACTIVE
BCH-00613,MNM04,Es Teh Manis,42,1000,2025-08-08,,ACTIVE
BCH-00614,MNM04,Es Teh Manis,40,1000,2025-08-09,,ACTIVE
BCH-00615,MNM04,Es Teh Manis,45,1000,2025-08-10,,ACTIVE
BCH-00616,MNM04,Es Teh Manis,40,1000,2025-08-11,,ACTIVE
BCH-00617,MNM04,Es Teh Manis,43,1000,2025-08-12,,ACTIVE
BCH-00618,MNM04,Es Teh Manis,39,1000,2025-08-13,,ACTIVE
BCH-00619,MNM04,Es Teh Manis,44,1000,2025-08-14,,ACTIVE
BCH-00620,MNM04,Es Teh Manis,38,1000,2025-08-15,,ACTIVE
BCH-00621,MNM04,Es Teh Manis,44,1000,2025-08-16,,ACTIVE
BCH-00622,MNM04,Es Teh Manis,42,1000,2025-08-17,,ACTIVE
BCH-00623,MNM04,Es Teh Manis,45,1000,2025-08-18,,ACTIVE
BCH-00624,MNM04,Es Teh Manis,45,1000,2025-08-19,,ACTIVE
BCH-00625,MNM04,Es Teh Manis,39,1000,2025-08-20,,ACTIVE
BCH-00626,MNM04,Es Teh Manis,44,1000,2025-08-21,,ACTIVE
BCH-00627,MNM04,Es Teh Manis,43,1000,2025-08-22,,ACTIVE
BCH-00628,MNM04,Es Teh Manis,41,1000,2025-08-23,,ACTIVE
BCH-00629,MNM04,Es Teh Manis,43,1000,2025-08-24,,ACTIVE
BCH-00630,MNM04,Es Teh Manis,42,1000,2025-08-25,,ACTIVE
BCH-00631,MNM04,Es Teh Manis,41,1000,2025-08-26,,ACTIVE
BCH-00632,MNM04,Es Teh Manis,42,1000,2025-08-27,,ACTIVE
BCH-00633,MNM04,Es Teh Manis,44,1000,2025-08-28,,ACTIVE
BCH-00634,MNM04,Es Teh Manis,42,1000,2025-08-29,,ACTIVE
BCH-00635,MNM04,Es Teh Manis,38,1000,2025-08-30,,ACTIVE
BCH-00636,MNM04,Es Teh Manis,43,1000,2025-08-31,,ACTIVE
BCH-00637,MNM04,Es Teh Manis,45,1000,2025-09-01,,ACTIVE
BCH-00638,MNM04,Es Teh Manis,39,1000,2025-09-02,,ACTIVE
BCH-00639,MNM04,Es Teh Manis,39,1000,2025-09-03,,ACTIVE
BCH-00640,MNM04,Es Teh Manis,45,1000,2025-09-04,,ACTIVE
BCH-00641,MNM04,Es Teh Manis,39,1000,2025-09-05,,ACTIVE
BCH-00642,MNM04,Es Teh Manis,45,1000,2025-09-06,,ACTIVE
BCH-00643,MNM04,Es Teh Manis,45,1000,2025-09-07,,ACTIVE
BCH-00644,MNM04,Es Teh Manis,38,1000,2025-09-08,,ACTIVE
BCH-00645,MNM04,Es Teh Manis,45,1000,2025-09-09,,ACTIVE
BCH-00646,MNM04,Es Teh Manis,44,1000,2025-09-10,,ACTIVE
BCH-00647,MNM04,Es Teh Manis,41,1000,2025-09-11,,ACTIVE
BCH-00648,MNM04,Es Teh Manis,40,1000,2025-09-12,,ACTIVE
BCH-00649,MNM04,Es Teh Manis,40,1000,2025-09-13,,ACTIVE
BCH-00650,MNM04,Es Teh Manis,41,1000,2025-09-14,,ACTIVE
BCH-00651,MNM04,Es Teh Manis,45,1000,2025-09-15,,ACTIVE
BCH-00652,MNM04,Es Teh Manis,41,1000,2025-09-16,,ACTIVE
BCH-00653,MNM04,Es Teh Manis,40,1000,2025-09-17,,ACTIVE
BCH-00654,MNM04,Es Teh Manis,41,1000,2025-09-18,,ACTIVE
BCH-00655,MNM04,Es Teh Manis,43,1000,2025-09-19,,ACTIVE
BCH-00656,MNM04,Es Teh Manis,39,1000,2025-09-20,,ACTIVE
BCH-00657,MNM04,Es Teh Manis,42,1000,2025-09-21,,ACTIVE
BCH-00658,MNM04,Es Teh Manis,40,1000,2025-09-22,,ACTIVE
BCH-00659,MNM04,Es Teh Manis,41,1000,2025-09-23,,ACTIVE
BCH-00660,MNM04,Es Teh Manis,43,1000,2025-09-24,,ACTIVE
BCH-00661,MNM04,Es Teh Manis,42,1000,2025-09-25,,ACTIVE
BCH-00662,MNM04,Es Teh Manis,42,1000,2025-09-26,,ACTIVE
BCH-00663,MNM04,Es Teh Manis,41,1000,2025-09-27,,ACTIVE
BCH-00664,MNM04,Es Teh Manis,40,1000,2025-09-28,,ACTIVE
BCH-00665,MNM04,Es Teh Manis,42,1000,2025-09-29,,ACTIVE
BCH-00666,MNM04,Es Teh Manis,38,1000,2025-09-30,,ACTIVE
BCH-00667,MNM04,Es Teh Manis,44,1000,2025-10-01,,ACTIVE
BCH-00668,MNM04,Es Teh Manis,41,1000,2025-10-02,,ACTIVE
BCH-00669,MNM04,Es Teh Manis,40,1000,2025-10-03,,ACTIVE
BCH-00670,MNM04,Es Teh Manis,41,1000,2025-10-04,,ACTIVE
BCH-00671,MNM04,Es Teh Manis,39,1000,2025-10-05,,ACTIVE
BCH-00672,MNM04,Es Teh Manis,44,1000,2025-10-06,,ACTIVE
BCH-00673,MNM04,Es Teh Manis,40,1000,2025-10-07,,ACTIVE
BCH-00674,MNM04,Es Teh Manis,44,1000,2025-10-08,,ACTIVE
BCH-00675,MNM04,Es Teh Manis,40,1000,2025-10-09,,ACTIVE
BCH-00676,MNM04,Es Teh Manis,45,1000,2025-10-10,,ACTIVE
BCH-00677,MNM04,Es Teh Manis,38,1000,2025-10-11,,ACTIVE
BCH-00678,MNM04,Es Teh Manis,44,1000,2025-10-12,,ACTIVE
BCH-00679,MNM04,Es Teh Manis,43,1000,2025-10-13,,ACTIVE
BCH-00680,MNM04,Es Teh Manis,38,1000,2025-10-14,,ACTIVE
BCH-00681,MNM04,Es Teh Manis,40,1000,2025-10-15,,ACTIVE
BCH-00682,MNM04,Es Teh Manis,39,1000,2025-10-16,,ACTIVE
BCH-00683,MNM04,Es Teh Manis,41,1000,2025-10-17,,ACTIVE
BCH-00684,MNM04,Es Teh Manis,44,1000,2025-10-18,,ACTIVE
BCH-00685,MNM04,Es Teh Manis,38,1000,2025-10-19,,ACTIVE
BCH-00686,MNM04,Es Teh Manis,38,1000,2025-10-20,,ACTIVE
BCH-00687,MNM04,Es Teh Manis,44,1000,2025-10-21,,ACTIVE
BCH-00688,MNM04,Es Teh Manis,38,1000,2025-10-22,,ACTIVE
BCH-00689,MNM04,Es Teh Manis,41,1000,2025-10-23,,ACTIVE
BCH-00690,MNM04,Es Teh Manis,39,1000,2025-10-24,,ACTIVE
BCH-00691,MNM04,Es Teh Manis,45,1000,2025-10-25,,ACTIVE
BCH-00692,MNM04,Es Teh Manis,42,1000,2025-10-26,,ACTIVE
BCH-00693,MNM04,Es Teh Manis,40,1000,2025-10-27,,ACTIVE
BCH-00694,MNM04,Es Teh Manis,45,1000,2025-10-28,,ACTIVE
BCH-00695,MNM04,Es Teh Manis,42,1000,2025-10-29,,ACTIVE
BCH-00696,MNM04,Es Teh Manis,42,1000,2025-10-30,,ACTIVE
BCH-00697,MNM04,Es Teh Manis,39,1000,2025-10-31,,ACTIVE
BCH-00698,MNM04,Es Teh Manis,44,1000,2025-11-01,,ACTIVE
BCH-00699,MNM04,Es Teh Manis,41,1000,2025-11-02,,ACTIVE
BCH-00700,MNM04,Es Teh Manis,42,1000,2025-11-03,,ACTIVE
BCH-00701,MNM04,Es Teh Manis,42,1000,2025-11-04,,ACTIVE
BCH-00702,MNM04,Es Teh Manis,40,1000,2025-11-05,,ACTIVE
BCH-00703,MNM04,Es Teh Manis,44,1000,2025-11-06,,ACTIVE
BCH-00704,MNM04,Es Teh Manis,40,1000,2025-11-07,,ACTIVE
BCH-00705,MNM04,Es Teh Manis,43,1000,2025-11-08,,ACTIVE
BCH-00706,MNM04,Es Teh Manis,38,1000,2025-11-09,,ACTIVE
BCH-00707,MNM04,Es Teh Manis,42,1000,2025-11-10,,ACTIVE
BCH-00708,MNM04,Es Teh Manis,39,1000,2025-11-11,,ACTIVE
BCH-00709,MNM04,Es Teh Manis,39,1000,2025-11-12,,ACTIVE
BCH-00710,MNM04,Es Teh Manis,43,1000,2025-11-13,,ACTIVE
BCH-00711,MNM04,Es Teh Manis,43,1000,2025-11-14,,ACTIVE
BCH-00712,MNM04,Es Teh Manis,44,1000,2025-11-15,,ACTIVE
BCH-00713,MNM04,Es Teh Manis,43,1000,2025-11-16,,ACTIVE
BCH-00714,MNM04,Es Teh Manis,45,1000,2025-11-17,,ACTIVE
BCH-00715,MNM04,Es Teh Manis,44,1000,2025-11-18,,ACTIVE
BCH-00716,MNM04,Es Teh Manis,39,1000,2025-11-19,,ACTIVE
BCH-00717,MNM04,Es Teh Manis,38,1000,2025-11-20,,ACTIVE
BCH-00718,MNM04,Es Teh Manis,40,1000,2025-11-21,,ACTIVE
BCH-00719,MNM04,Es Teh Manis,41,1000,2025-11-22,,ACTIVE
BCH-00720,MNM04,Es Teh Manis,42,1000,2025-11-23,,ACTIVE
BCH-00721,MNM04,Es Teh Manis,44,1000,2025-11-24,,ACTIVE
BCH-00722,MNM04,Es Teh Manis,38,1000,2025-11-25,,ACTIVE
BCH-00723,MNM04,Es Teh Manis,38,1000,2025-11-26,,ACTIVE
BCH-00724,MNM04,Es Teh Manis,44,1000,2025-11-27,,ACTIVE
BCH-00725,MNM04,Es Teh Manis,43,1000,2025-11-28,,ACTIVE
BCH-00726,MNM04,Es Teh Manis,43,1000,2025-11-29,,ACTIVE
BCH-00727,MNM04,Es Teh Manis,42,1000,2025-11-30,,ACTIVE
BCH-00728,MNM04,Es Teh Manis,43,1000,2025-12-01,,ACTIVE
BCH-00729,MNM04,Es Teh Manis,44,1000,2025-12-02,,ACTIVE
BCH-00730,MNM04,Es Teh Manis,41,1000,2025-12-03,,ACTIVE
BCH-00731,MNM04,Es Teh Manis,41,1000,2025-12-04,,ACTIVE
BCH-00732,MNM04,Es Teh Manis,43,1000,2025-12-05,,ACTIVE
BCH-00733,MNM04,Es Teh Manis,40,1000,2025-12-06,,ACTIVE
BCH-00734,MNM04,Es Teh Manis,43,1000,2025-12-07,,ACTIVE
BCH-00735,MNM04,Es Teh Manis,40,1000,2025-12-08,,ACTIVE
BCH-00736,MNM04,Es Teh Manis,44,1000,2025-12-09,,ACTIVE
BCH-00737,MNM04,Es Teh Manis,39,1000,2025-12-10,,ACTIVE
BCH-00738,MNM04,Es Teh Manis,43,1000,2025-12-11,,ACTIVE
BCH-00739,MNM04,Es Teh Manis,40,1000,2025-12-12,,ACTIVE
BCH-00740,MNM04,Es Teh Manis,44,1000,2025-12-13,,ACTIVE
BCH-00741,MNM04,Es Teh Manis,39,1000,2025-12-14,,ACTIVE
BCH-00742,MNM04,Es Teh Manis,38,1000,2025-12-15,,ACTIVE
BCH-00743,MNM04,Es Teh Manis,43,1000,2025-12-16,,ACTIVE
BCH-00744,MNM04,Es Teh Manis,44,1000,2025-12-17,,ACTIVE
BCH-00745,MNM04,Es Teh Manis,40,1000,2025-12-18,,ACTIVE
BCH-00746,MNM04,Es Teh Manis,43,1000,2025-12-19,,ACTIVE
BCH-00747,MNM04,Es Teh Manis,38,1000,2025-12-20,,ACTIVE
BCH-00748,MNM04,Es Teh Manis,44,1000,2025-12-21,,ACTIVE
BCH-00749,MNM04,Es Teh Manis,44,1000,2025-12-22,,ACTIVE
BCH-00750,MNM04,Es Teh Manis,38,1000,2025-12-23,,ACTIVE
BCH-00751,MNM04,Es Teh Manis,41,1000,2025-12-24,,ACTIVE
BCH-00752,MNM04,Es Teh Manis,44,1000,2025-12-25,,ACTIVE
BCH-00753,MNM04,Es Teh Manis,38,1000,2025-12-26,,ACTIVE
BCH-00754,MNM04,Es Teh Manis,40,1000,2025-12-27,,ACTIVE
BCH-00755,MNM04,Es Teh Manis,44,1000,2025-12-28,,ACTIVE
BCH-00756,MNM04,Es Teh Manis,43,1000,2025-12-29,,ACTIVE
BCH-00757,MNM04,Es Teh Manis,39,1000,2025-12-30,,ACTIVE
BCH-00758,MNM04,Es Teh Manis,44,1000,2025-12-31,,ACTIVE
BCH-00759,MNM04,Es Teh Manis,41,1000,2026-01-01,,ACTIVE
BCH-00760,MNM04,Es Teh Manis,43,1000,2026-01-02,,ACTIVE
BCH-00761,MNM04,Es Teh Manis,41,1000,2026-01-03,,ACTIVE
BCH-00762,MNM04,Es Teh Manis,45,1000,2026-01-04,,ACTIVE
BCH-00763,MNM04,Es Teh Manis,41,1000,2026-01-05,,ACTIVE
BCH-00764,MNM04,Es Teh Manis,40,1000,2026-01-06,,ACTIVE
BCH-00765,MNM04,Es Teh Manis,41,1000,2026-01-07,,ACTIVE
BCH-00766,MNM04,Es Teh Manis,42,1000,2026-01-08,,ACTIVE
BCH-00767,MNM04,Es Teh Manis,40,1000,2026-01-09,,ACTIVE
BCH-00768,MNM04,Es Teh Manis,38,1000,2026-01-10,,ACTIVE
BCH-00769,MNM04,Es Teh Manis,38,1000,2026-01-11,,ACTIVE
BCH-00770,MNM04,Es Teh Manis,38,1000,2026-01-12,,ACTIVE
BCH-00771,MNM04,Es Teh Manis,42,1000,2026-01-13,,ACTIVE
BCH-00772,MNM04,Es Teh Manis,45,1000,2026-01-14,,ACTIVE
BCH-00773,MNM04,Es Teh Manis,44,1000,2026-01-15,,ACTIVE
BCH-00774,MNM04,Es Teh Manis,44,1000,2026-01-16,,ACTIVE
BCH-00775,MNM04,Es Teh Manis,42,1000,2026-01-17,,ACTIVE
BCH-00776,MNM04,Es Teh Manis,43,1000,2026-01-18,,ACTIVE
BCH-00777,MNM04,Es Teh Manis,40,1000,2026-01-19,,ACTIVE
BCH-00778,MNM04,Es Teh Manis,44,1000,2026-01-20,,ACTIVE
BCH-00779,MNM04,Es Teh Manis,38,1000,2026-01-21,,ACTIVE
BCH-00780,MNM04,Es Teh Manis,45,1000,2026-01-22,,ACTIVE
BCH-00781,MNM04,Es Teh Manis,41,1000,2026-01-23,,ACTIVE
BCH-00782,MNM04,Es Teh Manis,38,1000,2026-01-24,,ACTIVE
BCH-00783,MNM04,Es Teh Manis,38,1000,2026-01-25,,ACTIVE
BCH-00784,MNM04,Es Teh Manis,43,1000,2026-01-26,,ACTIVE
BCH-00785,MNM04,Es Teh Manis,40,1000,2026-01-27,,ACTIVE
BCH-00786,MNM04,Es Teh Manis,41,1000,2026-01-28,,ACTIVE
BCH-00787,MNM04,Es Teh Manis,41,1000,2026-01-29,,ACTIVE
BCH-00788,MNM04,Es Teh Manis,44,1000,2026-01-30,,ACTIVE
BCH-00789,MNM04,Es Teh Manis,41,1000,2026-01-31,,ACTIVE
BCH-00790,MNM04,Es Teh Manis,39,1000,2026-02-01,,ACTIVE
BCH-00791,MNM04,Es Teh Manis,42,1000,2026-02-02,,ACTIVE
BCH-00792,MNM04,Es Teh Manis,43,1000,2026-02-03,,ACTIVE
BCH-00793,MNM04,Es Teh Manis,42,1000,2026-02-04,,ACTIVE
BCH-00794,MNM04,Es Teh Manis,44,1000,2026-02-05,,ACTIVE
BCH-00795,MNM04,Es Teh Manis,39,1000,2026-02-06,,ACTIVE
BCH-00796,MNM04,Es Teh Manis,43,1000,2026-02-07,,ACTIVE
BCH-00797,MNM04,Es Teh Manis,40,1000,2026-02-08,,ACTIVE
BCH-00798,MNM04,Es Teh Manis,40,1000,2026-02-09,,ACTIVE
BCH-00799,MNM04,Es Teh Manis,43,1000,2026-02-10,,ACTIVE
BCH-00800,MNM04,Es Teh Manis,43,1000,2026-02-11,,ACTIVE
BCH-00801,MNM04,Es Teh Manis,43,1000,2026-02-12,,ACTIVE
BCH-00802,MNM04,Es Teh Manis,39,1000,2026-02-13,,ACTIVE
BCH-00803,MNM04,Es Teh Manis,44,1000,2026-02-14,,ACTIVE
BCH-00804,MNM04,Es Teh Manis,45,1000,2026-02-15,,ACTIVE
BCH-00805,MNM04,Es Teh Manis,43,1000,2026-02-16,,ACTIVE
BCH-00806,MNM04,Es Teh Manis,45,1000,2026-02-17,,ACTIVE
BCH-00807,MNM04,Es Teh Manis,45,1000,2026-02-18,,ACTIVE
BCH-00808,MNM04,Es Teh Manis,44,1000,2026-02-19,,ACTIVE
BCH-00809,MNM04,Es Teh Manis,39,1000,2026-02-20,,ACTIVE
BCH-00810,MNM04,Es Teh Manis,44,1000,2026-02-21,,ACTIVE
BCH-00811,MNM04,Es Teh Manis,42,1000,2026-02-22,,ACTIVE
BCH-00812,MNM04,Es Teh Manis,38,1000,2026-02-23,,ACTIVE
BCH-00813,MNM04,Es Teh Manis,42,1000,2026-02-24,,ACTIVE
BCH-00814,MNM04,Es Teh Manis,40,1000,2026-02-25,,ACTIVE
BCH-00815,MNM04,Es Teh Manis,39,1000,2026-02-26,,ACTIVE
BCH-00816,MNM04,Es Teh Manis,38,1000,2026-02-27,,ACTIVE
BCH-00817,MNM04,Es Teh Manis,38,1000,2026-02-28,,ACTIVE
BCH-00818,MNM04,Es Teh Manis,38,1000,2026-03-01,,ACTIVE
BCH-00819,MNM04,Es Teh Manis,44,1000,2026-03-02,,ACTIVE
BCH-00820,MNM04,Es Teh Manis,40,1000,2026-03-03,,ACTIVE
BCH-00821,MNM04,Es Teh Manis,39,1000,2026-03-04,,ACTIVE
BCH-00822,MNM04,Es Teh Manis,40,1000,2026-03-05,,ACTIVE
BCH-00823,MNM04,Es Teh Manis,41,1000,2026-03-06,,ACTIVE
BCH-00824,MNM04,Es Teh Manis,43,1000,2026-03-07,,ACTIVE
BCH-00825,MNM04,Es Teh Manis,44,1000,2026-03-08,,ACTIVE
BCH-00826,MNM04,Es Teh Manis,41,1000,2026-03-09,,ACTIVE
BCH-00827,MNM04,Es Teh Manis,44,1000,2026-03-10,,ACTIVE
BCH-00828,MNM04,Es Teh Manis,41,1000,2026-03-11,,ACTIVE
BCH-00829,MNM04,Es Teh Manis,45,1000,2026-03-12,,ACTIVE
BCH-00830,MNM04,Es Teh Manis,41,1000,2026-03-13,,ACTIVE
BCH-00831,MNM04,Es Teh Manis,39,1000,2026-03-14,,ACTIVE
BCH-00832,MNM04,Es Teh Manis,42,1000,2026-03-15,,ACTIVE
BCH-00833,MNM04,Es Teh Manis,38,1000,2026-03-16,,ACTIVE
BCH-00834,MNM04,Es Teh Manis,42,1000,2026-03-17,,ACTIVE
BCH-00835,MNM04,Es Teh Manis,42,1000,2026-03-18,,ACTIVE
BCH-00836,MNM04,Es Teh Manis,43,1000,2026-03-19,,ACTIVE
BCH-00837,MNM04,Es Teh Manis,40,1000,2026-03-20,,ACTIVE
BCH-00838,MNM04,Es Teh Manis,44,1000,2026-03-21,,ACTIVE
BCH-00839,MNM04,Es Teh Manis,44,1000,2026-03-22,,ACTIVE
BCH-00840,MNM04,Es Teh Manis,44,1000,2026-03-23,,ACTIVE
BCH-00841,MNM04,Es Teh Manis,42,1000,2026-03-24,,ACTIVE
BCH-00842,MNM04,Es Teh Manis,43,1000,2026-03-25,,ACTIVE
BCH-00843,MNM04,Es Teh Manis,45,1000,2026-03-26,,ACTIVE
BCH-00844,MNM04,Es Teh Manis,38,1000,2026-03-27,,ACTIVE
BCH-00845,MNM04,Es Teh Manis,40,1000,2026-03-28,,ACTIVE
BCH-00846,MNM04,Es Teh Manis,44,1000,2026-03-29,,ACTIVE
BCH-00847,MNM04,Es Teh Manis,39,1000,2026-03-30,,ACTIVE
BCH-00848,MNM04,Es Teh Manis,42,1000,2026-03-31,,ACTIVE
BCH-00849,MNM04,Es Teh Manis,38,1000,2026-04-01,,ACTIVE
BCH-00850,MNM04,Es Teh Manis,42,1000,2026-04-02,,ACTIVE
BCH-00851,MNM04,Es Teh Manis,38,1000,2026-04-03,,ACTIVE
BCH-00852,MNM04,Es Teh Manis,43,1000,2026-04-04,,ACTIVE
BCH-00853,MNM04,Es Teh Manis,42,1000,2026-04-05,,ACTIVE
BCH-00854,MNM04,Es Teh Manis,39,1000,2026-04-06,,ACTIVE
BCH-00855,MNM04,Es Teh Manis,40,1000,2026-04-07,,ACTIVE
BCH-00856,MNM04,Es Teh Manis,45,1000,2026-04-08,,ACTIVE
BCH-00857,MNM04,Es Teh Manis,41,1000,2026-04-09,,ACTIVE
BCH-00858,MNM04,Es Teh Manis,41,1000,2026-04-10,,ACTIVE
BCH-00859,MNM04,Es Teh Manis,42,1000,2026-04-11,,ACTIVE
BCH-00860,MNM04,Es Teh Manis,43,1000,2026-04-12,,ACTIVE
BCH-00861,MNM04,Es Teh Manis,38,1000,2026-04-13,,ACTIVE
BCH-00862,MNM04,Es Teh Manis,43,1000,2026-04-14,,ACTIVE
BCH-00863,MNM04,Es Teh Manis,44,1000,2026-04-15,,ACTIVE
BCH-00864,MNM04,Es Teh Manis,41,1000,2026-04-16,,ACTIVE
BCH-00865,MNM04,Es Teh Manis,43,1000,2026-04-17,,ACTIVE
BCH-00866,MNM04,Es Teh Manis,41,1000,2026-04-18,,ACTIVE
BCH-00867,MNM04,Es Teh Manis,42,1000,2026-04-19,,ACTIVE
BCH-00868,MNM04,Es Teh Manis,45,1000,2026-04-20,,ACTIVE
BCH-00869,MNM04,Es Teh Manis,44,1000,2026-04-21,,ACTIVE
BCH-00870,MNM04,Es Teh Manis,40,1000,2026-04-22,,ACTIVE
BCH-00871,MNM04,Es Teh Manis,41,1000,2026-04-23,,ACTIVE
BCH-00872,MNM04,Es Teh Manis,44,1000,2026-04-24,,ACTIVE
BCH-00873,MNM04,Es Teh Manis,40,1000,2026-04-25,,ACTIVE
BCH-00874,MNM04,Es Teh Manis,40,1000,2026-04-26,,ACTIVE
BCH-00875,MNM04,Es Teh Manis,40,1000,2026-04-27,,ACTIVE
BCH-00876,MNM04,Es Teh Manis,44,1000,2026-04-28,,ACTIVE
BCH-00877,MNM04,Es Teh Manis,38,1000,2026-04-29,,ACTIVE
BCH-00878,MNM04,Es Teh Manis,45,1000,2026-04-30,,ACTIVE
BCH-00879,MNM04,Es Teh Manis,39,1000,2026-05-01,,ACTIVE
BCH-00880,MNM04,Es Teh Manis,41,1000,2026-05-02,,ACTIVE
BCH-00881,MNM04,Es Teh Manis,43,1000,2026-05-03,,ACTIVE
BCH-00882,MNM04,Es Teh Manis,45,1000,2026-05-04,,ACTIVE
BCH-00883,MNM04,Es Teh Manis,44,1000,2026-05-05,,ACTIVE
BCH-00884,MNM04,Es Teh Manis,44,1000,2026-05-06,,ACTIVE
BCH-00885,MNM04,Es Teh Manis,42,1000,2026-05-07,,ACTIVE
BCH-00886,MNM04,Es Teh Manis,41,1000,2026-05-08,,ACTIVE
BCH-00887,MNM04,Es Teh Manis,43,1000,2026-05-09,,ACTIVE
BCH-00888,MNM04,Es Teh Manis,44,1000,2026-05-10,,ACTIVE
BCH-00889,MNM04,Es Teh Manis,43,1000,2026-05-11,,ACTIVE
BCH-00890,MNM04,Es Teh Manis,39,1000,2026-05-12,,ACTIVE
BCH-00891,MNM04,Es Teh Manis,41,1000,2026-05-13,,ACTIVE
BCH-00892,MNM04,Es Teh Manis,42,1000,2026-05-14,,ACTIVE
BCH-00893,MNM04,Es Teh Manis,45,1000,2026-05-15,,ACTIVE
BCH-00894,MNM04,Es Teh Manis,43,1000,2026-05-16,,ACTIVE
BCH-00895,MNM04,Es Teh Manis,42,1000,2026-05-17,,ACTIVE
BCH-00896,MNM04,Es Teh Manis,41,1000,2026-05-18,,ACTIVE
BCH-00897,MNM04,Es Teh Manis,42,1000,2026-05-19,,ACTIVE
BCH-00898,MNM04,Es Teh Manis,44,1000,2026-05-20,,ACTIVE
BCH-00899,MNM04,Es Teh Manis,45,1000,2026-05-21,,ACTIVE
BCH-00900,MNM04,Es Teh Manis,45,1000,2026-05-22,,ACTIVE
BCH-00901,MNM04,Es Teh Manis,45,1000,2026-05-23,,ACTIVE
BCH-00902,MNM04,Es Teh Manis,41,1000,2026-05-24,,ACTIVE
BCH-00903,MNM04,Es Teh Manis,45,1000,2026-05-25,,ACTIVE
BCH-00904,MNM04,Es Teh Manis,39,1000,2026-05-26,,ACTIVE
BCH-00905,MNM04,Es Teh Manis,43,1000,2026-05-27,,ACTIVE
BCH-00906,MNM04,Es Teh Manis,40,1000,2026-05-28,,ACTIVE
BCH-00907,MNM04,Es Teh Manis,45,1000,2026-05-29,,ACTIVE
BCH-00908,MNM04,Es Teh Manis,41,1000,2026-05-30,,ACTIVE
BCH-00909,MNM04,Es Teh Manis,41,1000,2026-05-31,,ACTIVE
BCH-00910,MNM04,Es Teh Manis,38,1000,2026-06-01,,ACTIVE
BCH-00911,MNM04,Es Teh Manis,38,1000,2026-06-02,,ACTIVE
BCH-00912,MNM04,Es Teh Manis,44,1000,2026-06-03,,ACTIVE
BCH-00913,MNM04,Es Teh Manis,40,1000,2026-06-04,,ACTIVE
BCH-00914,MNM04,Es Teh Manis,45,1000,2026-06-05,,ACTIVE
BCH-00915,MNM04,Es Teh Manis,45,1000,2026-06-06,,ACTIVE
BCH-00916,MNM04,Es Teh Manis,40,1000,2026-06-07,,ACTIVE
BCH-00917,MNM04,Es Teh Manis,45,1000,2026-06-08,,ACTIVE
BCH-00918,MNM04,Es Teh Manis,39,1000,2026-06-09,,ACTIVE
BCH-00919,MNM04,Es Teh Manis,39,1000,2026-06-10,,ACTIVE
BCH-00920,MNM04,Es Teh Manis,41,1000,2026-06-11,,ACTIVE
BCH-00921,MNM04,Es Teh Manis,43,1000,2026-06-12,,ACTIVE
BCH-00922,MNM04,Es Teh Manis,44,1000,2026-06-13,,ACTIVE
BCH-00923,MNM04,Es Teh Manis,42,1000,2026-06-14,,ACTIVE
BCH-00924,MNM04,Es Teh Manis,45,1000,2026-06-15,,ACTIVE
BCH-00925,MNM04,Es Teh Manis,39,1000,2026-06-16,,ACTIVE
BCH-00926,MNM04,Es Teh Manis,40,1000,2026-06-17,,ACTIVE
BCH-00927,MNM04,Es Teh Manis,44,1000,2026-06-18,,ACTIVE
BCH-00928,MNM04,Es Teh Manis,45,1000,2026-06-19,,ACTIVE
BCH-00929,MNM04,Es Teh Manis,41,1000,2026-06-20,,ACTIVE
BCH-00930,MNM04,Es Teh Manis,44,1000,2026-06-21,,ACTIVE
BCH-00931,MNM04,Es Teh Manis,43,1000,2026-06-22,,ACTIVE
BCH-00932,MNM04,Es Teh Manis,38,1000,2026-06-23,,ACTIVE
BCH-00933,MNM04,Es Teh Manis,45,1000,2026-06-24,,ACTIVE
BCH-00934,MNM04,Es Teh Manis,41,1000,2026-06-25,,ACTIVE
BCH-00935,MNM04,Es Teh Manis,41,1000,2026-06-26,,ACTIVE
BCH-00936,MNM04,Es Teh Manis,39,1000,2026-06-27,,ACTIVE
BCH-00937,MNM04,Es Teh Manis,42,1000,2026-06-28,,ACTIVE
BCH-00938,MNM04,Es Teh Manis,38,1000,2026-06-29,,ACTIVE
BCH-00939,MNM04,Es Teh Manis,45,1000,2026-06-30,,ACTIVE
BCH-00940,MSC01,Kopi Kapal Api Sachet,32,1200,2025-06-24,2026-06-24,ACTIVE
BCH-00941,MSC01,Kopi Kapal Api Sachet,28,1200,2025-07-01,2026-07-01,ACTIVE
BCH-00942,MSC01,Kopi Kapal Api Sachet,28,1200,2025-07-08,2026-07-08,ACTIVE
BCH-00943,MSC01,Kopi Kapal Api Sachet,34,1200,2025-07-15,2026-07-15,ACTIVE
BCH-00944,MSC01,Kopi Kapal Api Sachet,31,1200,2025-07-22,2026-07-22,ACTIVE
BCH-00945,MSC01,Kopi Kapal Api Sachet,30,1200,2025-07-29,2026-07-29,ACTIVE
BCH-00946,MSC01,Kopi Kapal Api Sachet,34,1200,2025-08-05,2026-08-05,ACTIVE
BCH-00947,MSC01,Kopi Kapal Api Sachet,30,1200,2025-08-12,2026-08-12,ACTIVE
BCH-00948,MSC01,Kopi Kapal Api Sachet,28,1200,2025-08-19,2026-08-19,ACTIVE
BCH-00949,MSC01,Kopi Kapal Api Sachet,30,1200,2025-08-26,2026-08-26,ACTIVE
BCH-00950,MSC01,Kopi Kapal Api Sachet,29,1200,2025-09-02,2026-09-02,ACTIVE
BCH-00951,MSC01,Kopi Kapal Api Sachet,30,1200,2025-09-09,2026-09-09,ACTIVE
BCH-00952,MSC01,Kopi Kapal Api Sachet,31,1200,2025-09-16,2026-09-16,ACTIVE
BCH-00953,MSC01,Kopi Kapal Api Sachet,28,1200,2025-09-23,2026-09-23,ACTIVE
BCH-00954,MSC01,Kopi Kapal Api Sachet,28,1200,2025-09-30,2026-09-30,ACTIVE
BCH-00955,MSC01,Kopi Kapal Api Sachet,34,1200,2025-10-07,2026-10-07,ACTIVE
BCH-00956,MSC01,Kopi Kapal Api Sachet,29,1200,2025-10-14,2026-10-14,ACTIVE
BCH-00957,MSC01,Kopi Kapal Api Sachet,30,1200,2025-10-21,2026-10-21,ACTIVE
BCH-00958,MSC01,Kopi Kapal Api Sachet,28,1200,2025-10-28,2026-10-28,ACTIVE
BCH-00959,MSC01,Kopi Kapal Api Sachet,33,1200,2025-11-04,2026-11-04,ACTIVE
BCH-00960,MSC01,Kopi Kapal Api Sachet,31,1200,2025-11-11,2026-11-11,ACTIVE
BCH-00961,MSC01,Kopi Kapal Api Sachet,28,1200,2025-11-18,2026-11-18,ACTIVE
BCH-00962,MSC01,Kopi Kapal Api Sachet,34,1200,2025-11-25,2026-11-25,ACTIVE
BCH-00963,MSC01,Kopi Kapal Api Sachet,33,1200,2025-12-02,2026-12-02,ACTIVE
BCH-00964,MSC01,Kopi Kapal Api Sachet,34,1200,2025-12-09,2026-12-09,ACTIVE
BCH-00965,MSC01,Kopi Kapal Api Sachet,31,1200,2025-12-16,2026-12-16,ACTIVE
BCH-00966,MSC01,Kopi Kapal Api Sachet,31,1200,2025-12-23,2026-12-23,ACTIVE
BCH-00967,MSC01,Kopi Kapal Api Sachet,33,1200,2025-12-30,2026-12-30,ACTIVE
BCH-00968,MSC01,Kopi Kapal Api Sachet,31,1200,2026-01-06,2027-01-06,ACTIVE
BCH-00969,MSC01,Kopi Kapal Api Sachet,34,1200,2026-01-13,2027-01-13,ACTIVE
BCH-00970,MSC01,Kopi Kapal Api Sachet,33,1200,2026-01-20,2027-01-20,ACTIVE
BCH-00971,MSC01,Kopi Kapal Api Sachet,31,1200,2026-01-27,2027-01-27,ACTIVE
BCH-00972,MSC01,Kopi Kapal Api Sachet,28,1200,2026-02-03,2027-02-03,ACTIVE
BCH-00973,MSC01,Kopi Kapal Api Sachet,30,1200,2026-02-10,2027-02-10,ACTIVE
BCH-00974,MSC01,Kopi Kapal Api Sachet,32,1200,2026-02-17,2027-02-17,ACTIVE
BCH-00975,MSC01,Kopi Kapal Api Sachet,29,1200,2026-02-24,2027-02-24,ACTIVE
BCH-00976,MSC01,Kopi Kapal Api Sachet,34,1200,2026-03-03,2027-03-03,ACTIVE
BCH-00977,MSC01,Kopi Kapal Api Sachet,33,1200,2026-03-10,2027-03-10,ACTIVE
BCH-00978,MSC01,Kopi Kapal Api Sachet,35,1200,2026-03-17,2027-03-17,ACTIVE
BCH-00979,MSC01,Kopi Kapal Api Sachet,30,1200,2026-03-24,2027-03-24,ACTIVE
BCH-00980,MSC01,Kopi Kapal Api Sachet,31,1200,2026-03-31,2027-03-31,ACTIVE
BCH-00981,MSC01,Kopi Kapal Api Sachet,34,1200,2026-04-07,2027-04-07,ACTIVE
BCH-00982,MSC01,Kopi Kapal Api Sachet,32,1200,2026-04-14,2027-04-14,ACTIVE
BCH-00983,MSC01,Kopi Kapal Api Sachet,28,1200,2026-04-21,2027-04-21,ACTIVE
BCH-00984,MSC01,Kopi Kapal Api Sachet,31,1200,2026-04-28,2027-04-28,ACTIVE
BCH-00985,MSC01,Kopi Kapal Api Sachet,28,1200,2026-05-05,2027-05-05,ACTIVE
BCH-00986,MSC01,Kopi Kapal Api Sachet,34,1200,2026-05-12,2027-05-12,ACTIVE
BCH-00987,MSC01,Kopi Kapal Api Sachet,35,1200,2026-05-19,2027-05-19,ACTIVE
BCH-00988,MSC01,Kopi Kapal Api Sachet,33,1200,2026-05-26,2027-05-26,ACTIVE
BCH-00989,MSC01,Kopi Kapal Api Sachet,28,1200,2026-06-02,2027-06-02,ACTIVE
BCH-00990,MSC01,Kopi Kapal Api Sachet,29,1200,2026-06-09,2027-06-09,ACTIVE
BCH-00991,MSC01,Kopi Kapal Api Sachet,35,1200,2026-06-16,2027-06-16,ACTIVE
BCH-00992,MSC01,Kopi Kapal Api Sachet,33,1200,2026-06-23,2027-06-23,ACTIVE
BCH-00993,MSC01,Kopi Kapal Api Sachet,33,1200,2026-06-30,2027-06-30,ACTIVE
BCH-00994,MSC02,Milo Sachet,33,700,2025-06-24,2026-06-24,ACTIVE
BCH-00995,MSC02,Milo Sachet,32,700,2025-07-01,2026-07-01,ACTIVE
BCH-00996,MSC02,Milo Sachet,28,700,2025-07-08,2026-07-08,ACTIVE
BCH-00997,MSC02,Milo Sachet,32,700,2025-07-15,2026-07-15,ACTIVE
BCH-00998,MSC02,Milo Sachet,35,700,2025-07-22,2026-07-22,ACTIVE
BCH-00999,MSC02,Milo Sachet,34,700,2025-07-29,2026-07-29,ACTIVE
BCH-01000,MSC02,Milo Sachet,34,700,2025-08-05,2026-08-05,ACTIVE
BCH-01001,MSC02,Milo Sachet,31,700,2025-08-12,2026-08-12,ACTIVE
BCH-01002,MSC02,Milo Sachet,28,700,2025-08-19,2026-08-19,ACTIVE
BCH-01003,MSC02,Milo Sachet,33,700,2025-08-26,2026-08-26,ACTIVE
BCH-01004,MSC02,Milo Sachet,34,700,2025-09-02,2026-09-02,ACTIVE
BCH-01005,MSC02,Milo Sachet,33,700,2025-09-09,2026-09-09,ACTIVE
BCH-01006,MSC02,Milo Sachet,30,700,2025-09-16,2026-09-16,ACTIVE
BCH-01007,MSC02,Milo Sachet,33,700,2025-09-23,2026-09-23,ACTIVE
BCH-01008,MSC02,Milo Sachet,30,700,2025-09-30,2026-09-30,ACTIVE
BCH-01009,MSC02,Milo Sachet,34,700,2025-10-07,2026-10-07,ACTIVE
BCH-01010,MSC02,Milo Sachet,31,700,2025-10-14,2026-10-14,ACTIVE
BCH-01011,MSC02,Milo Sachet,33,700,2025-10-21,2026-10-21,ACTIVE
BCH-01012,MSC02,Milo Sachet,28,700,2025-10-28,2026-10-28,ACTIVE
BCH-01013,MSC02,Milo Sachet,32,700,2025-11-04,2026-11-04,ACTIVE
BCH-01014,MSC02,Milo Sachet,31,700,2025-11-11,2026-11-11,ACTIVE
BCH-01015,MSC02,Milo Sachet,32,700,2025-11-18,2026-11-18,ACTIVE
BCH-01016,MSC02,Milo Sachet,30,700,2025-11-25,2026-11-25,ACTIVE
BCH-01017,MSC02,Milo Sachet,28,700,2025-12-02,2026-12-02,ACTIVE
BCH-01018,MSC02,Milo Sachet,35,700,2025-12-09,2026-12-09,ACTIVE
BCH-01019,MSC02,Milo Sachet,33,700,2025-12-16,2026-12-16,ACTIVE
BCH-01020,MSC02,Milo Sachet,35,700,2025-12-23,2026-12-23,ACTIVE
BCH-01021,MSC02,Milo Sachet,35,700,2025-12-30,2026-12-30,ACTIVE
BCH-01022,MSC02,Milo Sachet,34,700,2026-01-06,2027-01-06,ACTIVE
BCH-01023,MSC02,Milo Sachet,34,700,2026-01-13,2027-01-13,ACTIVE
BCH-01024,MSC02,Milo Sachet,29,700,2026-01-20,2027-01-20,ACTIVE
BCH-01025,MSC02,Milo Sachet,31,700,2026-01-27,2027-01-27,ACTIVE
BCH-01026,MSC02,Milo Sachet,28,700,2026-02-03,2027-02-03,ACTIVE
BCH-01027,MSC02,Milo Sachet,31,700,2026-02-10,2027-02-10,ACTIVE
BCH-01028,MSC02,Milo Sachet,28,700,2026-02-17,2027-02-17,ACTIVE
BCH-01029,MSC02,Milo Sachet,34,700,2026-02-24,2027-02-24,ACTIVE
BCH-01030,MSC02,Milo Sachet,28,700,2026-03-03,2027-03-03,ACTIVE
BCH-01031,MSC02,Milo Sachet,29,700,2026-03-10,2027-03-10,ACTIVE
BCH-01032,MSC02,Milo Sachet,33,700,2026-03-17,2027-03-17,ACTIVE
BCH-01033,MSC02,Milo Sachet,34,700,2026-03-24,2027-03-24,ACTIVE
BCH-01034,MSC02,Milo Sachet,35,700,2026-03-31,2027-03-31,ACTIVE
BCH-01035,MSC02,Milo Sachet,35,700,2026-04-07,2027-04-07,ACTIVE
BCH-01036,MSC02,Milo Sachet,31,700,2026-04-14,2027-04-14,ACTIVE
BCH-01037,MSC02,Milo Sachet,29,700,2026-04-21,2027-04-21,ACTIVE
BCH-01038,MSC02,Milo Sachet,32,700,2026-04-28,2027-04-28,ACTIVE
BCH-01039,MSC02,Milo Sachet,30,700,2026-05-05,2027-05-05,ACTIVE
BCH-01040,MSC02,Milo Sachet,30,700,2026-05-12,2027-05-12,ACTIVE
BCH-01041,MSC02,Milo Sachet,32,700,2026-05-19,2027-05-19,ACTIVE
BCH-01042,MSC02,Milo Sachet,35,700,2026-05-26,2027-05-26,ACTIVE
BCH-01043,MSC02,Milo Sachet,31,700,2026-06-02,2027-06-02,ACTIVE
BCH-01044,MSC02,Milo Sachet,28,700,2026-06-09,2027-06-09,ACTIVE
BCH-01045,MSC02,Milo Sachet,34,700,2026-06-16,2027-06-16,ACTIVE
BCH-01046,MSC02,Milo Sachet,30,700,2026-06-23,2027-06-23,ACTIVE
BCH-01047,MSC02,Milo Sachet,28,700,2026-06-30,2027-06-30,ACTIVE
BCH-01048,RKK01,Rokok Sampoerna,13,24000,2025-06-24,,ACTIVE
BCH-01049,RKK01,Rokok Sampoerna,13,24000,2025-07-01,,ACTIVE
BCH-01050,RKK01,Rokok Sampoerna,12,24000,2025-07-08,,ACTIVE
BCH-01051,RKK01,Rokok Sampoerna,11,24000,2025-07-15,,ACTIVE
BCH-01052,RKK01,Rokok Sampoerna,9,24000,2025-07-22,,ACTIVE
BCH-01053,RKK01,Rokok Sampoerna,10,24000,2025-07-29,,ACTIVE
BCH-01054,RKK01,Rokok Sampoerna,13,24000,2025-08-05,,ACTIVE
BCH-01055,RKK01,Rokok Sampoerna,10,24000,2025-08-12,,ACTIVE
BCH-01056,RKK01,Rokok Sampoerna,12,24000,2025-08-19,,ACTIVE
BCH-01057,RKK01,Rokok Sampoerna,11,24000,2025-08-26,,ACTIVE
BCH-01058,RKK01,Rokok Sampoerna,8,24000,2025-09-02,,ACTIVE
BCH-01059,RKK01,Rokok Sampoerna,8,24000,2025-09-09,,ACTIVE
BCH-01060,RKK01,Rokok Sampoerna,10,24000,2025-09-16,,ACTIVE
BCH-01061,RKK01,Rokok Sampoerna,12,24000,2025-09-23,,ACTIVE
BCH-01062,RKK01,Rokok Sampoerna,9,24000,2025-09-30,,ACTIVE
BCH-01063,RKK01,Rokok Sampoerna,10,24000,2025-10-07,,ACTIVE
BCH-01064,RKK01,Rokok Sampoerna,14,24000,2025-10-14,,ACTIVE
BCH-01065,RKK01,Rokok Sampoerna,8,24000,2025-10-21,,ACTIVE
BCH-01066,RKK01,Rokok Sampoerna,11,24000,2025-10-28,,ACTIVE
BCH-01067,RKK01,Rokok Sampoerna,13,24000,2025-11-04,,ACTIVE
BCH-01068,RKK01,Rokok Sampoerna,12,24000,2025-11-11,,ACTIVE
BCH-01069,RKK01,Rokok Sampoerna,10,24000,2025-11-18,,ACTIVE
BCH-01070,RKK01,Rokok Sampoerna,13,24000,2025-11-25,,ACTIVE
BCH-01071,RKK01,Rokok Sampoerna,13,24000,2025-12-02,,ACTIVE
BCH-01072,RKK01,Rokok Sampoerna,13,24000,2025-12-09,,ACTIVE
BCH-01073,RKK01,Rokok Sampoerna,8,24000,2025-12-16,,ACTIVE
BCH-01074,RKK01,Rokok Sampoerna,9,24000,2025-12-23,,ACTIVE
BCH-01075,RKK01,Rokok Sampoerna,11,24000,2025-12-30,,ACTIVE
BCH-01076,RKK01,Rokok Sampoerna,10,24000,2026-01-06,,ACTIVE
BCH-01077,RKK01,Rokok Sampoerna,14,24000,2026-01-13,,ACTIVE
BCH-01078,RKK01,Rokok Sampoerna,12,24000,2026-01-20,,ACTIVE
BCH-01079,RKK01,Rokok Sampoerna,12,24000,2026-01-27,,ACTIVE
BCH-01080,RKK01,Rokok Sampoerna,15,24000,2026-02-03,,ACTIVE
BCH-01081,RKK01,Rokok Sampoerna,11,24000,2026-02-10,,ACTIVE
BCH-01082,RKK01,Rokok Sampoerna,12,24000,2026-02-17,,ACTIVE
BCH-01083,RKK01,Rokok Sampoerna,15,24000,2026-02-24,,ACTIVE
BCH-01084,RKK01,Rokok Sampoerna,8,24000,2026-03-03,,ACTIVE
BCH-01085,RKK01,Rokok Sampoerna,15,24000,2026-03-10,,ACTIVE
BCH-01086,RKK01,Rokok Sampoerna,12,24000,2026-03-17,,ACTIVE
BCH-01087,RKK01,Rokok Sampoerna,14,24000,2026-03-24,,ACTIVE
BCH-01088,RKK01,Rokok Sampoerna,13,24000,2026-03-31,,ACTIVE
BCH-01089,RKK01,Rokok Sampoerna,11,24000,2026-04-07,,ACTIVE
BCH-01090,RKK01,Rokok Sampoerna,9,24000,2026-04-14,,ACTIVE
BCH-01091,RKK01,Rokok Sampoerna,10,24000,2026-04-21,,ACTIVE
BCH-01092,RKK01,Rokok Sampoerna,13,24000,2026-04-28,,ACTIVE
BCH-01093,RKK01,Rokok Sampoerna,13,24000,2026-05-05,,ACTIVE
BCH-01094,RKK01,Rokok Sampoerna,10,24000,2026-05-12,,ACTIVE
BCH-01095,RKK01,Rokok Sampoerna,15,24000,2026-05-19,,ACTIVE
BCH-01096,RKK01,Rokok Sampoerna,11,24000,2026-05-26,,ACTIVE
BCH-01097,RKK01,Rokok Sampoerna,14,24000,2026-06-02,,ACTIVE
BCH-01098,RKK01,Rokok Sampoerna,14,24000,2026-06-09,,ACTIVE
BCH-01099,RKK01,Rokok Sampoerna,10,24000,2026-06-16,,ACTIVE
BCH-01100,RKK01,Rokok Sampoerna,13,24000,2026-06-23,,ACTIVE
BCH-01101,RKK01,Rokok Sampoerna,12,24000,2026-06-30,,ACTIVE
BCH-01102,SNK01,Chitato 68g,10,6500,2025-06-24,2025-09-22,ACTIVE
BCH-01103,SNK01,Chitato 68g,11,6500,2025-07-01,2025-09-29,ACTIVE
BCH-01104,SNK01,Chitato 68g,10,6500,2025-07-08,2025-10-06,ACTIVE
BCH-01105,SNK01,Chitato 68g,13,6500,2025-07-15,2025-10-13,ACTIVE
BCH-01106,SNK01,Chitato 68g,11,6500,2025-07-22,2025-10-20,ACTIVE
BCH-01107,SNK01,Chitato 68g,17,6500,2025-07-29,2025-10-27,ACTIVE
BCH-01108,SNK01,Chitato 68g,14,6500,2025-08-05,2025-11-03,ACTIVE
BCH-01109,SNK01,Chitato 68g,17,6500,2025-08-12,2025-11-10,ACTIVE
BCH-01110,SNK01,Chitato 68g,10,6500,2025-08-19,2025-11-17,ACTIVE
BCH-01111,SNK01,Chitato 68g,14,6500,2025-08-26,2025-11-24,ACTIVE
BCH-01112,SNK01,Chitato 68g,11,6500,2025-09-02,2025-12-01,ACTIVE
BCH-01113,SNK01,Chitato 68g,17,6500,2025-09-09,2025-12-08,ACTIVE
BCH-01114,SNK01,Chitato 68g,17,6500,2025-09-16,2025-12-15,ACTIVE
BCH-01115,SNK01,Chitato 68g,16,6500,2025-09-23,2025-12-22,ACTIVE
BCH-01116,SNK01,Chitato 68g,13,6500,2025-09-30,2025-12-29,ACTIVE
BCH-01117,SNK01,Chitato 68g,10,6500,2025-10-07,2026-01-05,ACTIVE
BCH-01118,SNK01,Chitato 68g,17,6500,2025-10-14,2026-01-12,ACTIVE
BCH-01119,SNK01,Chitato 68g,11,6500,2025-10-21,2026-01-19,ACTIVE
BCH-01120,SNK01,Chitato 68g,10,6500,2025-10-28,2026-01-26,ACTIVE
BCH-01121,SNK01,Chitato 68g,16,6500,2025-11-04,2026-02-02,ACTIVE
BCH-01122,SNK01,Chitato 68g,15,6500,2025-11-11,2026-02-09,ACTIVE
BCH-01123,SNK01,Chitato 68g,17,6500,2025-11-18,2026-02-16,ACTIVE
BCH-01124,SNK01,Chitato 68g,13,6500,2025-11-25,2026-02-23,ACTIVE
BCH-01125,SNK01,Chitato 68g,13,6500,2025-12-02,2026-03-02,ACTIVE
BCH-01126,SNK01,Chitato 68g,11,6500,2025-12-09,2026-03-09,ACTIVE
BCH-01127,SNK01,Chitato 68g,14,6500,2025-12-16,2026-03-16,ACTIVE
BCH-01128,SNK01,Chitato 68g,13,6500,2025-12-23,2026-03-23,ACTIVE
BCH-01129,SNK01,Chitato 68g,15,6500,2025-12-30,2026-03-30,ACTIVE
BCH-01130,SNK01,Chitato 68g,17,6500,2026-01-06,2026-04-06,ACTIVE
BCH-01131,SNK01,Chitato 68g,13,6500,2026-01-13,2026-04-13,ACTIVE
BCH-01132,SNK01,Chitato 68g,13,6500,2026-01-20,2026-04-20,ACTIVE
BCH-01133,SNK01,Chitato 68g,15,6500,2026-01-27,2026-04-27,ACTIVE
BCH-01134,SNK01,Chitato 68g,11,6500,2026-02-03,2026-05-04,ACTIVE
BCH-01135,SNK01,Chitato 68g,11,6500,2026-02-10,2026-05-11,ACTIVE
BCH-01136,SNK01,Chitato 68g,15,6500,2026-02-17,2026-05-18,ACTIVE
BCH-01137,SNK01,Chitato 68g,15,6500,2026-02-24,2026-05-25,ACTIVE
BCH-01138,SNK01,Chitato 68g,12,6500,2026-03-03,2026-06-01,ACTIVE
BCH-01139,SNK01,Chitato 68g,14,6500,2026-03-10,2026-06-08,ACTIVE
BCH-01140,SNK01,Chitato 68g,11,6500,2026-03-17,2026-06-15,ACTIVE
BCH-01141,SNK01,Chitato 68g,15,6500,2026-03-24,2026-06-22,ACTIVE
BCH-01142,SNK01,Chitato 68g,17,6500,2026-03-31,2026-06-29,ACTIVE
BCH-01143,SNK01,Chitato 68g,17,6500,2026-04-07,2026-07-06,ACTIVE
BCH-01144,SNK01,Chitato 68g,12,6500,2026-04-14,2026-07-13,ACTIVE
BCH-01145,SNK01,Chitato 68g,15,6500,2026-04-21,2026-07-20,ACTIVE
BCH-01146,SNK01,Chitato 68g,15,6500,2026-04-28,2026-07-27,ACTIVE
BCH-01147,SNK01,Chitato 68g,13,6500,2026-05-05,2026-08-03,ACTIVE
BCH-01148,SNK01,Chitato 68g,10,6500,2026-05-12,2026-08-10,ACTIVE
BCH-01149,SNK01,Chitato 68g,12,6500,2026-05-19,2026-08-17,ACTIVE
BCH-01150,SNK01,Chitato 68g,12,6500,2026-05-26,2026-08-24,ACTIVE
BCH-01151,SNK01,Chitato 68g,16,6500,2026-06-02,2026-08-31,ACTIVE
BCH-01152,SNK01,Chitato 68g,16,6500,2026-06-09,2026-09-07,ACTIVE
BCH-01153,SNK01,Chitato 68g,15,6500,2026-06-16,2026-09-14,ACTIVE
BCH-01154,SNK01,Chitato 68g,12,6500,2026-06-23,2026-09-21,ACTIVE
BCH-01155,SNK01,Chitato 68g,13,6500,2026-06-30,2026-09-28,ACTIVE
BCH-01156,SNK02,Better Chocolate,19,1500,2025-06-24,2025-12-21,ACTIVE
BCH-01157,SNK02,Better Chocolate,22,1500,2025-07-01,2025-12-28,ACTIVE
BCH-01158,SNK02,Better Chocolate,22,1500,2025-07-08,2026-01-04,ACTIVE
BCH-01159,SNK02,Better Chocolate,21,1500,2025-07-15,2026-01-11,ACTIVE
BCH-01160,SNK02,Better Chocolate,20,1500,2025-07-22,2026-01-18,ACTIVE
BCH-01161,SNK02,Better Chocolate,23,1500,2025-07-29,2026-01-25,ACTIVE
BCH-01162,SNK02,Better Chocolate,23,1500,2025-08-05,2026-02-01,ACTIVE
BCH-01163,SNK02,Better Chocolate,25,1500,2025-08-12,2026-02-08,ACTIVE
BCH-01164,SNK02,Better Chocolate,19,1500,2025-08-19,2026-02-15,ACTIVE
BCH-01165,SNK02,Better Chocolate,18,1500,2025-08-26,2026-02-22,ACTIVE
BCH-01166,SNK02,Better Chocolate,23,1500,2025-09-02,2026-03-01,ACTIVE
BCH-01167,SNK02,Better Chocolate,21,1500,2025-09-09,2026-03-08,ACTIVE
BCH-01168,SNK02,Better Chocolate,21,1500,2025-09-16,2026-03-15,ACTIVE
BCH-01169,SNK02,Better Chocolate,25,1500,2025-09-23,2026-03-22,ACTIVE
BCH-01170,SNK02,Better Chocolate,23,1500,2025-09-30,2026-03-29,ACTIVE
BCH-01171,SNK02,Better Chocolate,19,1500,2025-10-07,2026-04-05,ACTIVE
BCH-01172,SNK02,Better Chocolate,20,1500,2025-10-14,2026-04-12,ACTIVE
BCH-01173,SNK02,Better Chocolate,20,1500,2025-10-21,2026-04-19,ACTIVE
BCH-01174,SNK02,Better Chocolate,20,1500,2025-10-28,2026-04-26,ACTIVE
BCH-01175,SNK02,Better Chocolate,23,1500,2025-11-04,2026-05-03,ACTIVE
BCH-01176,SNK02,Better Chocolate,21,1500,2025-11-11,2026-05-10,ACTIVE
BCH-01177,SNK02,Better Chocolate,23,1500,2025-11-18,2026-05-17,ACTIVE
BCH-01178,SNK02,Better Chocolate,24,1500,2025-11-25,2026-05-24,ACTIVE
BCH-01179,SNK02,Better Chocolate,22,1500,2025-12-02,2026-05-31,ACTIVE
BCH-01180,SNK02,Better Chocolate,24,1500,2025-12-09,2026-06-07,ACTIVE
BCH-01181,SNK02,Better Chocolate,18,1500,2025-12-16,2026-06-14,ACTIVE
BCH-01182,SNK02,Better Chocolate,18,1500,2025-12-23,2026-06-21,ACTIVE
BCH-01183,SNK02,Better Chocolate,23,1500,2025-12-30,2026-06-28,ACTIVE
BCH-01184,SNK02,Better Chocolate,24,1500,2026-01-06,2026-07-05,ACTIVE
BCH-01185,SNK02,Better Chocolate,19,1500,2026-01-13,2026-07-12,ACTIVE
BCH-01186,SNK02,Better Chocolate,22,1500,2026-01-20,2026-07-19,ACTIVE
BCH-01187,SNK02,Better Chocolate,19,1500,2026-01-27,2026-07-26,ACTIVE
BCH-01188,SNK02,Better Chocolate,18,1500,2026-02-03,2026-08-02,ACTIVE
BCH-01189,SNK02,Better Chocolate,22,1500,2026-02-10,2026-08-09,ACTIVE
BCH-01190,SNK02,Better Chocolate,24,1500,2026-02-17,2026-08-16,ACTIVE
BCH-01191,SNK02,Better Chocolate,24,1500,2026-02-24,2026-08-23,ACTIVE
BCH-01192,SNK02,Better Chocolate,23,1500,2026-03-03,2026-08-30,ACTIVE
BCH-01193,SNK02,Better Chocolate,25,1500,2026-03-10,2026-09-06,ACTIVE
BCH-01194,SNK02,Better Chocolate,19,1500,2026-03-17,2026-09-13,ACTIVE
BCH-01195,SNK02,Better Chocolate,22,1500,2026-03-24,2026-09-20,ACTIVE
BCH-01196,SNK02,Better Chocolate,24,1500,2026-03-31,2026-09-27,ACTIVE
BCH-01197,SNK02,Better Chocolate,22,1500,2026-04-07,2026-10-04,ACTIVE
BCH-01198,SNK02,Better Chocolate,25,1500,2026-04-14,2026-10-11,ACTIVE
BCH-01199,SNK02,Better Chocolate,20,1500,2026-04-21,2026-10-18,ACTIVE
BCH-01200,SNK02,Better Chocolate,24,1500,2026-04-28,2026-10-25,ACTIVE
BCH-01201,SNK02,Better Chocolate,21,1500,2026-05-05,2026-11-01,ACTIVE
BCH-01202,SNK02,Better Chocolate,18,1500,2026-05-12,2026-11-08,ACTIVE
BCH-01203,SNK02,Better Chocolate,19,1500,2026-05-19,2026-11-15,ACTIVE
BCH-01204,SNK02,Better Chocolate,20,1500,2026-05-26,2026-11-22,ACTIVE
BCH-01205,SNK02,Better Chocolate,19,1500,2026-06-02,2026-11-29,ACTIVE
BCH-01206,SNK02,Better Chocolate,24,1500,2026-06-09,2026-12-06,ACTIVE
BCH-01207,SNK02,Better Chocolate,25,1500,2026-06-16,2026-12-13,ACTIVE
BCH-01208,SNK02,Better Chocolate,21,1500,2026-06-23,2026-12-20,ACTIVE
BCH-01209,SNK02,Better Chocolate,25,1500,2026-06-30,2026-12-27,ACTIVE
BCH-01210,SNK03,Oreo 133g,7,7500,2025-06-24,2025-12-21,ACTIVE
BCH-01211,SNK03,Oreo 133g,8,7500,2025-07-08,2026-01-04,ACTIVE
BCH-01212,SNK03,Oreo 133g,12,7500,2025-07-22,2026-01-18,ACTIVE
BCH-01213,SNK03,Oreo 133g,9,7500,2025-08-05,2026-02-01,ACTIVE
BCH-01214,SNK03,Oreo 133g,13,7500,2025-08-19,2026-02-15,ACTIVE
BCH-01215,SNK03,Oreo 133g,13,7500,2025-09-02,2026-03-01,ACTIVE
BCH-01216,SNK03,Oreo 133g,8,7500,2025-09-16,2026-03-15,ACTIVE
BCH-01217,SNK03,Oreo 133g,13,7500,2025-09-30,2026-03-29,ACTIVE
BCH-01218,SNK03,Oreo 133g,9,7500,2025-10-14,2026-04-12,ACTIVE
BCH-01219,SNK03,Oreo 133g,6,7500,2025-10-28,2026-04-26,ACTIVE
BCH-01220,SNK03,Oreo 133g,7,7500,2025-11-11,2026-05-10,ACTIVE
BCH-01221,SNK03,Oreo 133g,10,7500,2025-11-25,2026-05-24,ACTIVE
BCH-01222,SNK03,Oreo 133g,6,7500,2025-12-09,2026-06-07,ACTIVE
BCH-01223,SNK03,Oreo 133g,11,7500,2025-12-23,2026-06-21,ACTIVE
BCH-01224,SNK03,Oreo 133g,6,7500,2026-01-06,2026-07-05,ACTIVE
BCH-01225,SNK03,Oreo 133g,13,7500,2026-01-20,2026-07-19,ACTIVE
BCH-01226,SNK03,Oreo 133g,6,7500,2026-02-03,2026-08-02,ACTIVE
BCH-01227,SNK03,Oreo 133g,11,7500,2026-02-17,2026-08-16,ACTIVE
BCH-01228,SNK03,Oreo 133g,7,7500,2026-03-03,2026-08-30,ACTIVE
BCH-01229,SNK03,Oreo 133g,13,7500,2026-03-17,2026-09-13,ACTIVE
BCH-01230,SNK03,Oreo 133g,12,7500,2026-03-31,2026-09-27,ACTIVE
BCH-01231,SNK03,Oreo 133g,13,7500,2026-04-14,2026-10-11,ACTIVE
BCH-01232,SNK03,Oreo 133g,11,7500,2026-04-28,2026-10-25,ACTIVE
BCH-01233,SNK03,Oreo 133g,7,7500,2026-05-12,2026-11-08,ACTIVE
BCH-01234,SNK03,Oreo 133g,12,7500,2026-05-26,2026-11-22,ACTIVE
BCH-01235,SNK03,Oreo 133g,7,7500,2026-06-09,2026-12-06,ACTIVE
BCH-01236,SNK03,Oreo 133g,6,7500,2026-06-23,2026-12-20,ACTIVE
BCH-01237,MKN01,Nasi Goreng,25,7000,2025-06-24,,ACTIVE
BCH-01238,MKN01,Nasi Goreng,30,7000,2025-06-25,,ACTIVE
BCH-01239,MKN01,Nasi Goreng,30,7000,2025-06-26,,ACTIVE
BCH-01240,MKN01,Nasi Goreng,28,7000,2025-06-27,,ACTIVE
BCH-01241,MKN01,Nasi Goreng,26,7000,2025-06-28,,ACTIVE
BCH-01242,MKN01,Nasi Goreng,26,7000,2025-06-29,,ACTIVE
BCH-01243,MKN01,Nasi Goreng,29,7000,2025-06-30,,ACTIVE
BCH-01244,MKN01,Nasi Goreng,24,7000,2025-07-01,,ACTIVE
BCH-01245,MKN01,Nasi Goreng,26,7000,2025-07-02,,ACTIVE
BCH-01246,MKN01,Nasi Goreng,24,7000,2025-07-03,,ACTIVE
BCH-01247,MKN01,Nasi Goreng,23,7000,2025-07-04,,ACTIVE
BCH-01248,MKN01,Nasi Goreng,30,7000,2025-07-05,,ACTIVE
BCH-01249,MKN01,Nasi Goreng,25,7000,2025-07-06,,ACTIVE
BCH-01250,MKN01,Nasi Goreng,26,7000,2025-07-07,,ACTIVE
BCH-01251,MKN01,Nasi Goreng,29,7000,2025-07-08,,ACTIVE
BCH-01252,MKN01,Nasi Goreng,30,7000,2025-07-09,,ACTIVE
BCH-01253,MKN01,Nasi Goreng,29,7000,2025-07-10,,ACTIVE
BCH-01254,MKN01,Nasi Goreng,24,7000,2025-07-11,,ACTIVE
BCH-01255,MKN01,Nasi Goreng,25,7000,2025-07-12,,ACTIVE
BCH-01256,MKN01,Nasi Goreng,23,7000,2025-07-13,,ACTIVE
BCH-01257,MKN01,Nasi Goreng,30,7000,2025-07-14,,ACTIVE
BCH-01258,MKN01,Nasi Goreng,28,7000,2025-07-15,,ACTIVE
BCH-01259,MKN01,Nasi Goreng,30,7000,2025-07-16,,ACTIVE
BCH-01260,MKN01,Nasi Goreng,23,7000,2025-07-17,,ACTIVE
BCH-01261,MKN01,Nasi Goreng,26,7000,2025-07-18,,ACTIVE
BCH-01262,MKN01,Nasi Goreng,25,7000,2025-07-19,,ACTIVE
BCH-01263,MKN01,Nasi Goreng,24,7000,2025-07-20,,ACTIVE
BCH-01264,MKN01,Nasi Goreng,27,7000,2025-07-21,,ACTIVE
BCH-01265,MKN01,Nasi Goreng,24,7000,2025-07-22,,ACTIVE
BCH-01266,MKN01,Nasi Goreng,24,7000,2025-07-23,,ACTIVE
BCH-01267,MKN01,Nasi Goreng,27,7000,2025-07-24,,ACTIVE
BCH-01268,MKN01,Nasi Goreng,26,7000,2025-07-25,,ACTIVE
BCH-01269,MKN01,Nasi Goreng,30,7000,2025-07-26,,ACTIVE
BCH-01270,MKN01,Nasi Goreng,23,7000,2025-07-27,,ACTIVE
BCH-01271,MKN01,Nasi Goreng,24,7000,2025-07-28,,ACTIVE
BCH-01272,MKN01,Nasi Goreng,30,7000,2025-07-29,,ACTIVE
BCH-01273,MKN01,Nasi Goreng,27,7000,2025-07-30,,ACTIVE
BCH-01274,MKN01,Nasi Goreng,23,7000,2025-07-31,,ACTIVE
BCH-01275,MKN01,Nasi Goreng,26,7000,2025-08-01,,ACTIVE
BCH-01276,MKN01,Nasi Goreng,30,7000,2025-08-02,,ACTIVE
BCH-01277,MKN01,Nasi Goreng,25,7000,2025-08-03,,ACTIVE
BCH-01278,MKN01,Nasi Goreng,25,7000,2025-08-04,,ACTIVE
BCH-01279,MKN01,Nasi Goreng,26,7000,2025-08-05,,ACTIVE
BCH-01280,MKN01,Nasi Goreng,27,7000,2025-08-06,,ACTIVE
BCH-01281,MKN01,Nasi Goreng,25,7000,2025-08-07,,ACTIVE
BCH-01282,MKN01,Nasi Goreng,24,7000,2025-08-08,,ACTIVE
BCH-01283,MKN01,Nasi Goreng,28,7000,2025-08-09,,ACTIVE
BCH-01284,MKN01,Nasi Goreng,27,7000,2025-08-10,,ACTIVE
BCH-01285,MKN01,Nasi Goreng,26,7000,2025-08-11,,ACTIVE
BCH-01286,MKN01,Nasi Goreng,23,7000,2025-08-12,,ACTIVE
BCH-01287,MKN01,Nasi Goreng,23,7000,2025-08-13,,ACTIVE
BCH-01288,MKN01,Nasi Goreng,30,7000,2025-08-14,,ACTIVE
BCH-01289,MKN01,Nasi Goreng,25,7000,2025-08-15,,ACTIVE
BCH-01290,MKN01,Nasi Goreng,25,7000,2025-08-16,,ACTIVE
BCH-01291,MKN01,Nasi Goreng,26,7000,2025-08-17,,ACTIVE
BCH-01292,MKN01,Nasi Goreng,29,7000,2025-08-18,,ACTIVE
BCH-01293,MKN01,Nasi Goreng,28,7000,2025-08-19,,ACTIVE
BCH-01294,MKN01,Nasi Goreng,30,7000,2025-08-20,,ACTIVE
BCH-01295,MKN01,Nasi Goreng,24,7000,2025-08-21,,ACTIVE
BCH-01296,MKN01,Nasi Goreng,27,7000,2025-08-22,,ACTIVE
BCH-01297,MKN01,Nasi Goreng,29,7000,2025-08-23,,ACTIVE
BCH-01298,MKN01,Nasi Goreng,28,7000,2025-08-24,,ACTIVE
BCH-01299,MKN01,Nasi Goreng,29,7000,2025-08-25,,ACTIVE
BCH-01300,MKN01,Nasi Goreng,27,7000,2025-08-26,,ACTIVE
BCH-01301,MKN01,Nasi Goreng,25,7000,2025-08-27,,ACTIVE
BCH-01302,MKN01,Nasi Goreng,25,7000,2025-08-28,,ACTIVE
BCH-01303,MKN01,Nasi Goreng,29,7000,2025-08-29,,ACTIVE
BCH-01304,MKN01,Nasi Goreng,23,7000,2025-08-30,,ACTIVE
BCH-01305,MKN01,Nasi Goreng,27,7000,2025-08-31,,ACTIVE
BCH-01306,MKN01,Nasi Goreng,25,7000,2025-09-01,,ACTIVE
BCH-01307,MKN01,Nasi Goreng,24,7000,2025-09-02,,ACTIVE
BCH-01308,MKN01,Nasi Goreng,30,7000,2025-09-03,,ACTIVE
BCH-01309,MKN01,Nasi Goreng,25,7000,2025-09-04,,ACTIVE
BCH-01310,MKN01,Nasi Goreng,28,7000,2025-09-05,,ACTIVE
BCH-01311,MKN01,Nasi Goreng,27,7000,2025-09-06,,ACTIVE
BCH-01312,MKN01,Nasi Goreng,23,7000,2025-09-07,,ACTIVE
BCH-01313,MKN01,Nasi Goreng,24,7000,2025-09-08,,ACTIVE
BCH-01314,MKN01,Nasi Goreng,27,7000,2025-09-09,,ACTIVE
BCH-01315,MKN01,Nasi Goreng,29,7000,2025-09-10,,ACTIVE
BCH-01316,MKN01,Nasi Goreng,24,7000,2025-09-11,,ACTIVE
BCH-01317,MKN01,Nasi Goreng,25,7000,2025-09-12,,ACTIVE
BCH-01318,MKN01,Nasi Goreng,30,7000,2025-09-13,,ACTIVE
BCH-01319,MKN01,Nasi Goreng,24,7000,2025-09-14,,ACTIVE
BCH-01320,MKN01,Nasi Goreng,26,7000,2025-09-15,,ACTIVE
BCH-01321,MKN01,Nasi Goreng,23,7000,2025-09-16,,ACTIVE
BCH-01322,MKN01,Nasi Goreng,28,7000,2025-09-17,,ACTIVE
BCH-01323,MKN01,Nasi Goreng,26,7000,2025-09-18,,ACTIVE
BCH-01324,MKN01,Nasi Goreng,29,7000,2025-09-19,,ACTIVE
BCH-01325,MKN01,Nasi Goreng,25,7000,2025-09-20,,ACTIVE
BCH-01326,MKN01,Nasi Goreng,29,7000,2025-09-21,,ACTIVE
BCH-01327,MKN01,Nasi Goreng,24,7000,2025-09-22,,ACTIVE
BCH-01328,MKN01,Nasi Goreng,30,7000,2025-09-23,,ACTIVE
BCH-01329,MKN01,Nasi Goreng,30,7000,2025-09-24,,ACTIVE
BCH-01330,MKN01,Nasi Goreng,24,7000,2025-09-25,,ACTIVE
BCH-01331,MKN01,Nasi Goreng,26,7000,2025-09-26,,ACTIVE
BCH-01332,MKN01,Nasi Goreng,28,7000,2025-09-27,,ACTIVE
BCH-01333,MKN01,Nasi Goreng,26,7000,2025-09-28,,ACTIVE
BCH-01334,MKN01,Nasi Goreng,23,7000,2025-09-29,,ACTIVE
BCH-01335,MKN01,Nasi Goreng,29,7000,2025-09-30,,ACTIVE
BCH-01336,MKN01,Nasi Goreng,28,7000,2025-10-01,,ACTIVE
BCH-01337,MKN01,Nasi Goreng,27,7000,2025-10-02,,ACTIVE
BCH-01338,MKN01,Nasi Goreng,29,7000,2025-10-03,,ACTIVE
BCH-01339,MKN01,Nasi Goreng,29,7000,2025-10-04,,ACTIVE
BCH-01340,MKN01,Nasi Goreng,25,7000,2025-10-05,,ACTIVE
BCH-01341,MKN01,Nasi Goreng,25,7000,2025-10-06,,ACTIVE
BCH-01342,MKN01,Nasi Goreng,27,7000,2025-10-07,,ACTIVE
BCH-01343,MKN01,Nasi Goreng,23,7000,2025-10-08,,ACTIVE
BCH-01344,MKN01,Nasi Goreng,28,7000,2025-10-09,,ACTIVE
BCH-01345,MKN01,Nasi Goreng,23,7000,2025-10-10,,ACTIVE
BCH-01346,MKN01,Nasi Goreng,30,7000,2025-10-11,,ACTIVE
BCH-01347,MKN01,Nasi Goreng,26,7000,2025-10-12,,ACTIVE
BCH-01348,MKN01,Nasi Goreng,29,7000,2025-10-13,,ACTIVE
BCH-01349,MKN01,Nasi Goreng,28,7000,2025-10-14,,ACTIVE
BCH-01350,MKN01,Nasi Goreng,29,7000,2025-10-15,,ACTIVE
BCH-01351,MKN01,Nasi Goreng,24,7000,2025-10-16,,ACTIVE
BCH-01352,MKN01,Nasi Goreng,24,7000,2025-10-17,,ACTIVE
BCH-01353,MKN01,Nasi Goreng,30,7000,2025-10-18,,ACTIVE
BCH-01354,MKN01,Nasi Goreng,27,7000,2025-10-19,,ACTIVE
BCH-01355,MKN01,Nasi Goreng,23,7000,2025-10-20,,ACTIVE
BCH-01356,MKN01,Nasi Goreng,30,7000,2025-10-21,,ACTIVE
BCH-01357,MKN01,Nasi Goreng,27,7000,2025-10-22,,ACTIVE
BCH-01358,MKN01,Nasi Goreng,24,7000,2025-10-23,,ACTIVE
BCH-01359,MKN01,Nasi Goreng,24,7000,2025-10-24,,ACTIVE
BCH-01360,MKN01,Nasi Goreng,28,7000,2025-10-25,,ACTIVE
BCH-01361,MKN01,Nasi Goreng,28,7000,2025-10-26,,ACTIVE
BCH-01362,MKN01,Nasi Goreng,26,7000,2025-10-27,,ACTIVE
BCH-01363,MKN01,Nasi Goreng,23,7000,2025-10-28,,ACTIVE
BCH-01364,MKN01,Nasi Goreng,24,7000,2025-10-29,,ACTIVE
BCH-01365,MKN01,Nasi Goreng,28,7000,2025-10-30,,ACTIVE
BCH-01366,MKN01,Nasi Goreng,30,7000,2025-10-31,,ACTIVE
BCH-01367,MKN01,Nasi Goreng,26,7000,2025-11-01,,ACTIVE
BCH-01368,MKN01,Nasi Goreng,29,7000,2025-11-02,,ACTIVE
BCH-01369,MKN01,Nasi Goreng,27,7000,2025-11-03,,ACTIVE
BCH-01370,MKN01,Nasi Goreng,26,7000,2025-11-04,,ACTIVE
BCH-01371,MKN01,Nasi Goreng,28,7000,2025-11-05,,ACTIVE
BCH-01372,MKN01,Nasi Goreng,23,7000,2025-11-06,,ACTIVE
BCH-01373,MKN01,Nasi Goreng,30,7000,2025-11-07,,ACTIVE
BCH-01374,MKN01,Nasi Goreng,23,7000,2025-11-08,,ACTIVE
BCH-01375,MKN01,Nasi Goreng,24,7000,2025-11-09,,ACTIVE
BCH-01376,MKN01,Nasi Goreng,25,7000,2025-11-10,,ACTIVE
BCH-01377,MKN01,Nasi Goreng,28,7000,2025-11-11,,ACTIVE
BCH-01378,MKN01,Nasi Goreng,23,7000,2025-11-12,,ACTIVE
BCH-01379,MKN01,Nasi Goreng,28,7000,2025-11-13,,ACTIVE
BCH-01380,MKN01,Nasi Goreng,23,7000,2025-11-14,,ACTIVE
BCH-01381,MKN01,Nasi Goreng,29,7000,2025-11-15,,ACTIVE
BCH-01382,MKN01,Nasi Goreng,29,7000,2025-11-16,,ACTIVE
BCH-01383,MKN01,Nasi Goreng,24,7000,2025-11-17,,ACTIVE
BCH-01384,MKN01,Nasi Goreng,23,7000,2025-11-18,,ACTIVE
BCH-01385,MKN01,Nasi Goreng,24,7000,2025-11-19,,ACTIVE
BCH-01386,MKN01,Nasi Goreng,29,7000,2025-11-20,,ACTIVE
BCH-01387,MKN01,Nasi Goreng,28,7000,2025-11-21,,ACTIVE
BCH-01388,MKN01,Nasi Goreng,23,7000,2025-11-22,,ACTIVE
BCH-01389,MKN01,Nasi Goreng,27,7000,2025-11-23,,ACTIVE
BCH-01390,MKN01,Nasi Goreng,26,7000,2025-11-24,,ACTIVE
BCH-01391,MKN01,Nasi Goreng,23,7000,2025-11-25,,ACTIVE
BCH-01392,MKN01,Nasi Goreng,28,7000,2025-11-26,,ACTIVE
BCH-01393,MKN01,Nasi Goreng,23,7000,2025-11-27,,ACTIVE
BCH-01394,MKN01,Nasi Goreng,27,7000,2025-11-28,,ACTIVE
BCH-01395,MKN01,Nasi Goreng,27,7000,2025-11-29,,ACTIVE
BCH-01396,MKN01,Nasi Goreng,25,7000,2025-11-30,,ACTIVE
BCH-01397,MKN01,Nasi Goreng,24,7000,2025-12-01,,ACTIVE
BCH-01398,MKN01,Nasi Goreng,28,7000,2025-12-02,,ACTIVE
BCH-01399,MKN01,Nasi Goreng,24,7000,2025-12-03,,ACTIVE
BCH-01400,MKN01,Nasi Goreng,25,7000,2025-12-04,,ACTIVE
BCH-01401,MKN01,Nasi Goreng,23,7000,2025-12-05,,ACTIVE
BCH-01402,MKN01,Nasi Goreng,26,7000,2025-12-06,,ACTIVE
BCH-01403,MKN01,Nasi Goreng,29,7000,2025-12-07,,ACTIVE
BCH-01404,MKN01,Nasi Goreng,25,7000,2025-12-08,,ACTIVE
BCH-01405,MKN01,Nasi Goreng,29,7000,2025-12-09,,ACTIVE
BCH-01406,MKN01,Nasi Goreng,28,7000,2025-12-10,,ACTIVE
BCH-01407,MKN01,Nasi Goreng,26,7000,2025-12-11,,ACTIVE
BCH-01408,MKN01,Nasi Goreng,26,7000,2025-12-12,,ACTIVE
BCH-01409,MKN01,Nasi Goreng,29,7000,2025-12-13,,ACTIVE
BCH-01410,MKN01,Nasi Goreng,28,7000,2025-12-14,,ACTIVE
BCH-01411,MKN01,Nasi Goreng,29,7000,2025-12-15,,ACTIVE
BCH-01412,MKN01,Nasi Goreng,27,7000,2025-12-16,,ACTIVE
BCH-01413,MKN01,Nasi Goreng,26,7000,2025-12-17,,ACTIVE
BCH-01414,MKN01,Nasi Goreng,29,7000,2025-12-18,,ACTIVE
BCH-01415,MKN01,Nasi Goreng,27,7000,2025-12-19,,ACTIVE
BCH-01416,MKN01,Nasi Goreng,25,7000,2025-12-20,,ACTIVE
BCH-01417,MKN01,Nasi Goreng,23,7000,2025-12-21,,ACTIVE
BCH-01418,MKN01,Nasi Goreng,30,7000,2025-12-22,,ACTIVE
BCH-01419,MKN01,Nasi Goreng,28,7000,2025-12-23,,ACTIVE
BCH-01420,MKN01,Nasi Goreng,27,7000,2025-12-24,,ACTIVE
BCH-01421,MKN01,Nasi Goreng,25,7000,2025-12-25,,ACTIVE
BCH-01422,MKN01,Nasi Goreng,28,7000,2025-12-26,,ACTIVE
BCH-01423,MKN01,Nasi Goreng,28,7000,2025-12-27,,ACTIVE
BCH-01424,MKN01,Nasi Goreng,25,7000,2025-12-28,,ACTIVE
BCH-01425,MKN01,Nasi Goreng,26,7000,2025-12-29,,ACTIVE
BCH-01426,MKN01,Nasi Goreng,27,7000,2025-12-30,,ACTIVE
BCH-01427,MKN01,Nasi Goreng,26,7000,2025-12-31,,ACTIVE
BCH-01428,MKN01,Nasi Goreng,25,7000,2026-01-01,,ACTIVE
BCH-01429,MKN01,Nasi Goreng,27,7000,2026-01-02,,ACTIVE
BCH-01430,MKN01,Nasi Goreng,24,7000,2026-01-03,,ACTIVE
BCH-01431,MKN01,Nasi Goreng,28,7000,2026-01-04,,ACTIVE
BCH-01432,MKN01,Nasi Goreng,29,7000,2026-01-05,,ACTIVE
BCH-01433,MKN01,Nasi Goreng,23,7000,2026-01-06,,ACTIVE
BCH-01434,MKN01,Nasi Goreng,30,7000,2026-01-07,,ACTIVE
BCH-01435,MKN01,Nasi Goreng,25,7000,2026-01-08,,ACTIVE
BCH-01436,MKN01,Nasi Goreng,28,7000,2026-01-09,,ACTIVE
BCH-01437,MKN01,Nasi Goreng,29,7000,2026-01-10,,ACTIVE
BCH-01438,MKN01,Nasi Goreng,23,7000,2026-01-11,,ACTIVE
BCH-01439,MKN01,Nasi Goreng,23,7000,2026-01-12,,ACTIVE
BCH-01440,MKN01,Nasi Goreng,30,7000,2026-01-13,,ACTIVE
BCH-01441,MKN01,Nasi Goreng,26,7000,2026-01-14,,ACTIVE
BCH-01442,MKN01,Nasi Goreng,28,7000,2026-01-15,,ACTIVE
BCH-01443,MKN01,Nasi Goreng,23,7000,2026-01-16,,ACTIVE
BCH-01444,MKN01,Nasi Goreng,24,7000,2026-01-17,,ACTIVE
BCH-01445,MKN01,Nasi Goreng,23,7000,2026-01-18,,ACTIVE
BCH-01446,MKN01,Nasi Goreng,28,7000,2026-01-19,,ACTIVE
BCH-01447,MKN01,Nasi Goreng,24,7000,2026-01-20,,ACTIVE
BCH-01448,MKN01,Nasi Goreng,23,7000,2026-01-21,,ACTIVE
BCH-01449,MKN01,Nasi Goreng,28,7000,2026-01-22,,ACTIVE
BCH-01450,MKN01,Nasi Goreng,24,7000,2026-01-23,,ACTIVE
BCH-01451,MKN01,Nasi Goreng,24,7000,2026-01-24,,ACTIVE
BCH-01452,MKN01,Nasi Goreng,26,7000,2026-01-25,,ACTIVE
BCH-01453,MKN01,Nasi Goreng,24,7000,2026-01-26,,ACTIVE
BCH-01454,MKN01,Nasi Goreng,27,7000,2026-01-27,,ACTIVE
BCH-01455,MKN01,Nasi Goreng,28,7000,2026-01-28,,ACTIVE
BCH-01456,MKN01,Nasi Goreng,23,7000,2026-01-29,,ACTIVE
BCH-01457,MKN01,Nasi Goreng,27,7000,2026-01-30,,ACTIVE
BCH-01458,MKN01,Nasi Goreng,24,7000,2026-01-31,,ACTIVE
BCH-01459,MKN01,Nasi Goreng,24,7000,2026-02-01,,ACTIVE
BCH-01460,MKN01,Nasi Goreng,28,7000,2026-02-02,,ACTIVE
BCH-01461,MKN01,Nasi Goreng,25,7000,2026-02-03,,ACTIVE
BCH-01462,MKN01,Nasi Goreng,25,7000,2026-02-04,,ACTIVE
BCH-01463,MKN01,Nasi Goreng,25,7000,2026-02-05,,ACTIVE
BCH-01464,MKN01,Nasi Goreng,28,7000,2026-02-06,,ACTIVE
BCH-01465,MKN01,Nasi Goreng,28,7000,2026-02-07,,ACTIVE
BCH-01466,MKN01,Nasi Goreng,30,7000,2026-02-08,,ACTIVE
BCH-01467,MKN01,Nasi Goreng,30,7000,2026-02-09,,ACTIVE
BCH-01468,MKN01,Nasi Goreng,23,7000,2026-02-10,,ACTIVE
BCH-01469,MKN01,Nasi Goreng,25,7000,2026-02-11,,ACTIVE
BCH-01470,MKN01,Nasi Goreng,23,7000,2026-02-12,,ACTIVE
BCH-01471,MKN01,Nasi Goreng,30,7000,2026-02-13,,ACTIVE
BCH-01472,MKN01,Nasi Goreng,24,7000,2026-02-14,,ACTIVE
BCH-01473,MKN01,Nasi Goreng,28,7000,2026-02-15,,ACTIVE
BCH-01474,MKN01,Nasi Goreng,29,7000,2026-02-16,,ACTIVE
BCH-01475,MKN01,Nasi Goreng,23,7000,2026-02-17,,ACTIVE
BCH-01476,MKN01,Nasi Goreng,28,7000,2026-02-18,,ACTIVE
BCH-01477,MKN01,Nasi Goreng,25,7000,2026-02-19,,ACTIVE
BCH-01478,MKN01,Nasi Goreng,28,7000,2026-02-20,,ACTIVE
BCH-01479,MKN01,Nasi Goreng,29,7000,2026-02-21,,ACTIVE
BCH-01480,MKN01,Nasi Goreng,25,7000,2026-02-22,,ACTIVE
BCH-01481,MKN01,Nasi Goreng,28,7000,2026-02-23,,ACTIVE
BCH-01482,MKN01,Nasi Goreng,28,7000,2026-02-24,,ACTIVE
BCH-01483,MKN01,Nasi Goreng,24,7000,2026-02-25,,ACTIVE
BCH-01484,MKN01,Nasi Goreng,26,7000,2026-02-26,,ACTIVE
BCH-01485,MKN01,Nasi Goreng,29,7000,2026-02-27,,ACTIVE
BCH-01486,MKN01,Nasi Goreng,29,7000,2026-02-28,,ACTIVE
BCH-01487,MKN01,Nasi Goreng,29,7000,2026-03-01,,ACTIVE
BCH-01488,MKN01,Nasi Goreng,24,7000,2026-03-02,,ACTIVE
BCH-01489,MKN01,Nasi Goreng,23,7000,2026-03-03,,ACTIVE
BCH-01490,MKN01,Nasi Goreng,23,7000,2026-03-04,,ACTIVE
BCH-01491,MKN01,Nasi Goreng,30,7000,2026-03-05,,ACTIVE
BCH-01492,MKN01,Nasi Goreng,25,7000,2026-03-06,,ACTIVE
BCH-01493,MKN01,Nasi Goreng,27,7000,2026-03-07,,ACTIVE
BCH-01494,MKN01,Nasi Goreng,28,7000,2026-03-08,,ACTIVE
BCH-01495,MKN01,Nasi Goreng,28,7000,2026-03-09,,ACTIVE
BCH-01496,MKN01,Nasi Goreng,28,7000,2026-03-10,,ACTIVE
BCH-01497,MKN01,Nasi Goreng,25,7000,2026-03-11,,ACTIVE
BCH-01498,MKN01,Nasi Goreng,24,7000,2026-03-12,,ACTIVE
BCH-01499,MKN01,Nasi Goreng,25,7000,2026-03-13,,ACTIVE
BCH-01500,MKN01,Nasi Goreng,25,7000,2026-03-14,,ACTIVE
BCH-01501,MKN01,Nasi Goreng,24,7000,2026-03-15,,ACTIVE
BCH-01502,MKN01,Nasi Goreng,28,7000,2026-03-16,,ACTIVE
BCH-01503,MKN01,Nasi Goreng,28,7000,2026-03-17,,ACTIVE
BCH-01504,MKN01,Nasi Goreng,29,7000,2026-03-18,,ACTIVE
BCH-01505,MKN01,Nasi Goreng,26,7000,2026-03-19,,ACTIVE
BCH-01506,MKN01,Nasi Goreng,24,7000,2026-03-20,,ACTIVE
BCH-01507,MKN01,Nasi Goreng,27,7000,2026-03-21,,ACTIVE
BCH-01508,MKN01,Nasi Goreng,27,7000,2026-03-22,,ACTIVE
BCH-01509,MKN01,Nasi Goreng,23,7000,2026-03-23,,ACTIVE
BCH-01510,MKN01,Nasi Goreng,27,7000,2026-03-24,,ACTIVE
BCH-01511,MKN01,Nasi Goreng,28,7000,2026-03-25,,ACTIVE
BCH-01512,MKN01,Nasi Goreng,29,7000,2026-03-26,,ACTIVE
BCH-01513,MKN01,Nasi Goreng,27,7000,2026-03-27,,ACTIVE
BCH-01514,MKN01,Nasi Goreng,30,7000,2026-03-28,,ACTIVE
BCH-01515,MKN01,Nasi Goreng,30,7000,2026-03-29,,ACTIVE
BCH-01516,MKN01,Nasi Goreng,28,7000,2026-03-30,,ACTIVE
BCH-01517,MKN01,Nasi Goreng,29,7000,2026-03-31,,ACTIVE
BCH-01518,MKN01,Nasi Goreng,25,7000,2026-04-01,,ACTIVE
BCH-01519,MKN01,Nasi Goreng,29,7000,2026-04-02,,ACTIVE
BCH-01520,MKN01,Nasi Goreng,24,7000,2026-04-03,,ACTIVE
BCH-01521,MKN01,Nasi Goreng,27,7000,2026-04-04,,ACTIVE
BCH-01522,MKN01,Nasi Goreng,25,7000,2026-04-05,,ACTIVE
BCH-01523,MKN01,Nasi Goreng,25,7000,2026-04-06,,ACTIVE
BCH-01524,MKN01,Nasi Goreng,25,7000,2026-04-07,,ACTIVE
BCH-01525,MKN01,Nasi Goreng,30,7000,2026-04-08,,ACTIVE
BCH-01526,MKN01,Nasi Goreng,24,7000,2026-04-09,,ACTIVE
BCH-01527,MKN01,Nasi Goreng,23,7000,2026-04-10,,ACTIVE
BCH-01528,MKN01,Nasi Goreng,29,7000,2026-04-11,,ACTIVE
BCH-01529,MKN01,Nasi Goreng,30,7000,2026-04-12,,ACTIVE
BCH-01530,MKN01,Nasi Goreng,29,7000,2026-04-13,,ACTIVE
BCH-01531,MKN01,Nasi Goreng,30,7000,2026-04-14,,ACTIVE
BCH-01532,MKN01,Nasi Goreng,28,7000,2026-04-15,,ACTIVE
BCH-01533,MKN01,Nasi Goreng,28,7000,2026-04-16,,ACTIVE
BCH-01534,MKN01,Nasi Goreng,26,7000,2026-04-17,,ACTIVE
BCH-01535,MKN01,Nasi Goreng,24,7000,2026-04-18,,ACTIVE
BCH-01536,MKN01,Nasi Goreng,24,7000,2026-04-19,,ACTIVE
BCH-01537,MKN01,Nasi Goreng,23,7000,2026-04-20,,ACTIVE
BCH-01538,MKN01,Nasi Goreng,24,7000,2026-04-21,,ACTIVE
BCH-01539,MKN01,Nasi Goreng,25,7000,2026-04-22,,ACTIVE
BCH-01540,MKN01,Nasi Goreng,26,7000,2026-04-23,,ACTIVE
BCH-01541,MKN01,Nasi Goreng,27,7000,2026-04-24,,ACTIVE
BCH-01542,MKN01,Nasi Goreng,26,7000,2026-04-25,,ACTIVE
BCH-01543,MKN01,Nasi Goreng,25,7000,2026-04-26,,ACTIVE
BCH-01544,MKN01,Nasi Goreng,26,7000,2026-04-27,,ACTIVE
BCH-01545,MKN01,Nasi Goreng,29,7000,2026-04-28,,ACTIVE
BCH-01546,MKN01,Nasi Goreng,27,7000,2026-04-29,,ACTIVE
BCH-01547,MKN01,Nasi Goreng,28,7000,2026-04-30,,ACTIVE
BCH-01548,MKN01,Nasi Goreng,24,7000,2026-05-01,,ACTIVE
BCH-01549,MKN01,Nasi Goreng,24,7000,2026-05-02,,ACTIVE
BCH-01550,MKN01,Nasi Goreng,29,7000,2026-05-03,,ACTIVE
BCH-01551,MKN01,Nasi Goreng,28,7000,2026-05-04,,ACTIVE
BCH-01552,MKN01,Nasi Goreng,24,7000,2026-05-05,,ACTIVE
BCH-01553,MKN01,Nasi Goreng,30,7000,2026-05-06,,ACTIVE
BCH-01554,MKN01,Nasi Goreng,29,7000,2026-05-07,,ACTIVE
BCH-01555,MKN01,Nasi Goreng,23,7000,2026-05-08,,ACTIVE
BCH-01556,MKN01,Nasi Goreng,23,7000,2026-05-09,,ACTIVE
BCH-01557,MKN01,Nasi Goreng,30,7000,2026-05-10,,ACTIVE
BCH-01558,MKN01,Nasi Goreng,27,7000,2026-05-11,,ACTIVE
BCH-01559,MKN01,Nasi Goreng,29,7000,2026-05-12,,ACTIVE
BCH-01560,MKN01,Nasi Goreng,29,7000,2026-05-13,,ACTIVE
BCH-01561,MKN01,Nasi Goreng,24,7000,2026-05-14,,ACTIVE
BCH-01562,MKN01,Nasi Goreng,26,7000,2026-05-15,,ACTIVE
BCH-01563,MKN01,Nasi Goreng,23,7000,2026-05-16,,ACTIVE
BCH-01564,MKN01,Nasi Goreng,26,7000,2026-05-17,,ACTIVE
BCH-01565,MKN01,Nasi Goreng,23,7000,2026-05-18,,ACTIVE
BCH-01566,MKN01,Nasi Goreng,26,7000,2026-05-19,,ACTIVE
BCH-01567,MKN01,Nasi Goreng,28,7000,2026-05-20,,ACTIVE
BCH-01568,MKN01,Nasi Goreng,29,7000,2026-05-21,,ACTIVE
BCH-01569,MKN01,Nasi Goreng,25,7000,2026-05-22,,ACTIVE
BCH-01570,MKN01,Nasi Goreng,25,7000,2026-05-23,,ACTIVE
BCH-01571,MKN01,Nasi Goreng,24,7000,2026-05-24,,ACTIVE
BCH-01572,MKN01,Nasi Goreng,26,7000,2026-05-25,,ACTIVE
BCH-01573,MKN01,Nasi Goreng,28,7000,2026-05-26,,ACTIVE
BCH-01574,MKN01,Nasi Goreng,23,7000,2026-05-27,,ACTIVE
BCH-01575,MKN01,Nasi Goreng,29,7000,2026-05-28,,ACTIVE
BCH-01576,MKN01,Nasi Goreng,27,7000,2026-05-29,,ACTIVE
BCH-01577,MKN01,Nasi Goreng,30,7000,2026-05-30,,ACTIVE
BCH-01578,MKN01,Nasi Goreng,25,7000,2026-05-31,,ACTIVE
BCH-01579,MKN01,Nasi Goreng,23,7000,2026-06-01,,ACTIVE
BCH-01580,MKN01,Nasi Goreng,28,7000,2026-06-02,,ACTIVE
BCH-01581,MKN01,Nasi Goreng,30,7000,2026-06-03,,ACTIVE
BCH-01582,MKN01,Nasi Goreng,29,7000,2026-06-04,,ACTIVE
BCH-01583,MKN01,Nasi Goreng,23,7000,2026-06-05,,ACTIVE
BCH-01584,MKN01,Nasi Goreng,24,7000,2026-06-06,,ACTIVE
BCH-01585,MKN01,Nasi Goreng,25,7000,2026-06-07,,ACTIVE
BCH-01586,MKN01,Nasi Goreng,24,7000,2026-06-08,,ACTIVE
BCH-01587,MKN01,Nasi Goreng,26,7000,2026-06-09,,ACTIVE
BCH-01588,MKN01,Nasi Goreng,26,7000,2026-06-10,,ACTIVE
BCH-01589,MKN01,Nasi Goreng,23,7000,2026-06-11,,ACTIVE
BCH-01590,MKN01,Nasi Goreng,28,7000,2026-06-12,,ACTIVE
BCH-01591,MKN01,Nasi Goreng,30,7000,2026-06-13,,ACTIVE
BCH-01592,MKN01,Nasi Goreng,24,7000,2026-06-14,,ACTIVE
BCH-01593,MKN01,Nasi Goreng,28,7000,2026-06-15,,ACTIVE
BCH-01594,MKN01,Nasi Goreng,24,7000,2026-06-16,,ACTIVE
BCH-01595,MKN01,Nasi Goreng,28,7000,2026-06-17,,ACTIVE
BCH-01596,MKN01,Nasi Goreng,26,7000,2026-06-18,,ACTIVE
BCH-01597,MKN01,Nasi Goreng,26,7000,2026-06-19,,ACTIVE
BCH-01598,MKN01,Nasi Goreng,30,7000,2026-06-20,,ACTIVE
BCH-01599,MKN01,Nasi Goreng,25,7000,2026-06-21,,ACTIVE
BCH-01600,MKN01,Nasi Goreng,28,7000,2026-06-22,,ACTIVE
BCH-01601,MKN01,Nasi Goreng,24,7000,2026-06-23,,ACTIVE
BCH-01602,MKN01,Nasi Goreng,26,7000,2026-06-24,,ACTIVE
BCH-01603,MKN01,Nasi Goreng,26,7000,2026-06-25,,ACTIVE
BCH-01604,MKN01,Nasi Goreng,29,7000,2026-06-26,,ACTIVE
BCH-01605,MKN01,Nasi Goreng,26,7000,2026-06-27,,ACTIVE
BCH-01606,MKN01,Nasi Goreng,30,7000,2026-06-28,,ACTIVE
BCH-01607,MKN01,Nasi Goreng,28,7000,2026-06-29,,ACTIVE
BCH-01608,MKN01,Nasi Goreng,27,7000,2026-06-30,,ACTIVE
BCH-01609,MKN02,Nasi Ayam Goreng,24,8000,2025-06-24,,ACTIVE
BCH-01610,MKN02,Nasi Ayam Goreng,20,8000,2025-06-25,,ACTIVE
BCH-01611,MKN02,Nasi Ayam Goreng,21,8000,2025-06-26,,ACTIVE
BCH-01612,MKN02,Nasi Ayam Goreng,23,8000,2025-06-27,,ACTIVE
BCH-01613,MKN02,Nasi Ayam Goreng,25,8000,2025-06-28,,ACTIVE
BCH-01614,MKN02,Nasi Ayam Goreng,21,8000,2025-06-29,,ACTIVE
BCH-01615,MKN02,Nasi Ayam Goreng,19,8000,2025-06-30,,ACTIVE
BCH-01616,MKN02,Nasi Ayam Goreng,20,8000,2025-07-01,,ACTIVE
BCH-01617,MKN02,Nasi Ayam Goreng,23,8000,2025-07-02,,ACTIVE
BCH-01618,MKN02,Nasi Ayam Goreng,25,8000,2025-07-03,,ACTIVE
BCH-01619,MKN02,Nasi Ayam Goreng,21,8000,2025-07-04,,ACTIVE
BCH-01620,MKN02,Nasi Ayam Goreng,21,8000,2025-07-05,,ACTIVE
BCH-01621,MKN02,Nasi Ayam Goreng,22,8000,2025-07-06,,ACTIVE
BCH-01622,MKN02,Nasi Ayam Goreng,18,8000,2025-07-07,,ACTIVE
BCH-01623,MKN02,Nasi Ayam Goreng,23,8000,2025-07-08,,ACTIVE
BCH-01624,MKN02,Nasi Ayam Goreng,21,8000,2025-07-09,,ACTIVE
BCH-01625,MKN02,Nasi Ayam Goreng,21,8000,2025-07-10,,ACTIVE
BCH-01626,MKN02,Nasi Ayam Goreng,18,8000,2025-07-11,,ACTIVE
BCH-01627,MKN02,Nasi Ayam Goreng,20,8000,2025-07-12,,ACTIVE
BCH-01628,MKN02,Nasi Ayam Goreng,24,8000,2025-07-13,,ACTIVE
BCH-01629,MKN02,Nasi Ayam Goreng,23,8000,2025-07-14,,ACTIVE
BCH-01630,MKN02,Nasi Ayam Goreng,20,8000,2025-07-15,,ACTIVE
BCH-01631,MKN02,Nasi Ayam Goreng,24,8000,2025-07-16,,ACTIVE
BCH-01632,MKN02,Nasi Ayam Goreng,24,8000,2025-07-17,,ACTIVE
BCH-01633,MKN02,Nasi Ayam Goreng,23,8000,2025-07-18,,ACTIVE
BCH-01634,MKN02,Nasi Ayam Goreng,18,8000,2025-07-19,,ACTIVE
BCH-01635,MKN02,Nasi Ayam Goreng,21,8000,2025-07-20,,ACTIVE
BCH-01636,MKN02,Nasi Ayam Goreng,25,8000,2025-07-21,,ACTIVE
BCH-01637,MKN02,Nasi Ayam Goreng,21,8000,2025-07-22,,ACTIVE
BCH-01638,MKN02,Nasi Ayam Goreng,18,8000,2025-07-23,,ACTIVE
BCH-01639,MKN02,Nasi Ayam Goreng,18,8000,2025-07-24,,ACTIVE
BCH-01640,MKN02,Nasi Ayam Goreng,19,8000,2025-07-25,,ACTIVE
BCH-01641,MKN02,Nasi Ayam Goreng,24,8000,2025-07-26,,ACTIVE
BCH-01642,MKN02,Nasi Ayam Goreng,21,8000,2025-07-27,,ACTIVE
BCH-01643,MKN02,Nasi Ayam Goreng,19,8000,2025-07-28,,ACTIVE
BCH-01644,MKN02,Nasi Ayam Goreng,25,8000,2025-07-29,,ACTIVE
BCH-01645,MKN02,Nasi Ayam Goreng,25,8000,2025-07-30,,ACTIVE
BCH-01646,MKN02,Nasi Ayam Goreng,20,8000,2025-07-31,,ACTIVE
BCH-01647,MKN02,Nasi Ayam Goreng,20,8000,2025-08-01,,ACTIVE
BCH-01648,MKN02,Nasi Ayam Goreng,18,8000,2025-08-02,,ACTIVE
BCH-01649,MKN02,Nasi Ayam Goreng,19,8000,2025-08-03,,ACTIVE
BCH-01650,MKN02,Nasi Ayam Goreng,18,8000,2025-08-04,,ACTIVE
BCH-01651,MKN02,Nasi Ayam Goreng,21,8000,2025-08-05,,ACTIVE
BCH-01652,MKN02,Nasi Ayam Goreng,20,8000,2025-08-06,,ACTIVE
BCH-01653,MKN02,Nasi Ayam Goreng,21,8000,2025-08-07,,ACTIVE
BCH-01654,MKN02,Nasi Ayam Goreng,19,8000,2025-08-08,,ACTIVE
BCH-01655,MKN02,Nasi Ayam Goreng,19,8000,2025-08-09,,ACTIVE
BCH-01656,MKN02,Nasi Ayam Goreng,19,8000,2025-08-10,,ACTIVE
BCH-01657,MKN02,Nasi Ayam Goreng,18,8000,2025-08-11,,ACTIVE
BCH-01658,MKN02,Nasi Ayam Goreng,21,8000,2025-08-12,,ACTIVE
BCH-01659,MKN02,Nasi Ayam Goreng,25,8000,2025-08-13,,ACTIVE
BCH-01660,MKN02,Nasi Ayam Goreng,22,8000,2025-08-14,,ACTIVE
BCH-01661,MKN02,Nasi Ayam Goreng,25,8000,2025-08-15,,ACTIVE
BCH-01662,MKN02,Nasi Ayam Goreng,20,8000,2025-08-16,,ACTIVE
BCH-01663,MKN02,Nasi Ayam Goreng,23,8000,2025-08-17,,ACTIVE
BCH-01664,MKN02,Nasi Ayam Goreng,24,8000,2025-08-18,,ACTIVE
BCH-01665,MKN02,Nasi Ayam Goreng,22,8000,2025-08-19,,ACTIVE
BCH-01666,MKN02,Nasi Ayam Goreng,24,8000,2025-08-20,,ACTIVE
BCH-01667,MKN02,Nasi Ayam Goreng,22,8000,2025-08-21,,ACTIVE
BCH-01668,MKN02,Nasi Ayam Goreng,25,8000,2025-08-22,,ACTIVE
BCH-01669,MKN02,Nasi Ayam Goreng,19,8000,2025-08-23,,ACTIVE
BCH-01670,MKN02,Nasi Ayam Goreng,21,8000,2025-08-24,,ACTIVE
BCH-01671,MKN02,Nasi Ayam Goreng,18,8000,2025-08-25,,ACTIVE
BCH-01672,MKN02,Nasi Ayam Goreng,25,8000,2025-08-26,,ACTIVE
BCH-01673,MKN02,Nasi Ayam Goreng,20,8000,2025-08-27,,ACTIVE
BCH-01674,MKN02,Nasi Ayam Goreng,18,8000,2025-08-28,,ACTIVE
BCH-01675,MKN02,Nasi Ayam Goreng,24,8000,2025-08-29,,ACTIVE
BCH-01676,MKN02,Nasi Ayam Goreng,19,8000,2025-08-30,,ACTIVE
BCH-01677,MKN02,Nasi Ayam Goreng,18,8000,2025-08-31,,ACTIVE
BCH-01678,MKN02,Nasi Ayam Goreng,20,8000,2025-09-01,,ACTIVE
BCH-01679,MKN02,Nasi Ayam Goreng,21,8000,2025-09-02,,ACTIVE
BCH-01680,MKN02,Nasi Ayam Goreng,22,8000,2025-09-03,,ACTIVE
BCH-01681,MKN02,Nasi Ayam Goreng,24,8000,2025-09-04,,ACTIVE
BCH-01682,MKN02,Nasi Ayam Goreng,18,8000,2025-09-05,,ACTIVE
BCH-01683,MKN02,Nasi Ayam Goreng,24,8000,2025-09-06,,ACTIVE
BCH-01684,MKN02,Nasi Ayam Goreng,19,8000,2025-09-07,,ACTIVE
BCH-01685,MKN02,Nasi Ayam Goreng,24,8000,2025-09-08,,ACTIVE
BCH-01686,MKN02,Nasi Ayam Goreng,22,8000,2025-09-09,,ACTIVE
BCH-01687,MKN02,Nasi Ayam Goreng,21,8000,2025-09-10,,ACTIVE
BCH-01688,MKN02,Nasi Ayam Goreng,19,8000,2025-09-11,,ACTIVE
BCH-01689,MKN02,Nasi Ayam Goreng,20,8000,2025-09-12,,ACTIVE
BCH-01690,MKN02,Nasi Ayam Goreng,21,8000,2025-09-13,,ACTIVE
BCH-01691,MKN02,Nasi Ayam Goreng,18,8000,2025-09-14,,ACTIVE
BCH-01692,MKN02,Nasi Ayam Goreng,24,8000,2025-09-15,,ACTIVE
BCH-01693,MKN02,Nasi Ayam Goreng,19,8000,2025-09-16,,ACTIVE
BCH-01694,MKN02,Nasi Ayam Goreng,20,8000,2025-09-17,,ACTIVE
BCH-01695,MKN02,Nasi Ayam Goreng,23,8000,2025-09-18,,ACTIVE
BCH-01696,MKN02,Nasi Ayam Goreng,25,8000,2025-09-19,,ACTIVE
BCH-01697,MKN02,Nasi Ayam Goreng,19,8000,2025-09-20,,ACTIVE
BCH-01698,MKN02,Nasi Ayam Goreng,19,8000,2025-09-21,,ACTIVE
BCH-01699,MKN02,Nasi Ayam Goreng,18,8000,2025-09-22,,ACTIVE
BCH-01700,MKN02,Nasi Ayam Goreng,20,8000,2025-09-23,,ACTIVE
BCH-01701,MKN02,Nasi Ayam Goreng,23,8000,2025-09-24,,ACTIVE
BCH-01702,MKN02,Nasi Ayam Goreng,20,8000,2025-09-25,,ACTIVE
BCH-01703,MKN02,Nasi Ayam Goreng,25,8000,2025-09-26,,ACTIVE
BCH-01704,MKN02,Nasi Ayam Goreng,18,8000,2025-09-27,,ACTIVE
BCH-01705,MKN02,Nasi Ayam Goreng,24,8000,2025-09-28,,ACTIVE
BCH-01706,MKN02,Nasi Ayam Goreng,19,8000,2025-09-29,,ACTIVE
BCH-01707,MKN02,Nasi Ayam Goreng,20,8000,2025-09-30,,ACTIVE
BCH-01708,MKN02,Nasi Ayam Goreng,20,8000,2025-10-01,,ACTIVE
BCH-01709,MKN02,Nasi Ayam Goreng,24,8000,2025-10-02,,ACTIVE
BCH-01710,MKN02,Nasi Ayam Goreng,18,8000,2025-10-03,,ACTIVE
BCH-01711,MKN02,Nasi Ayam Goreng,24,8000,2025-10-04,,ACTIVE
BCH-01712,MKN02,Nasi Ayam Goreng,19,8000,2025-10-05,,ACTIVE
BCH-01713,MKN02,Nasi Ayam Goreng,22,8000,2025-10-06,,ACTIVE
BCH-01714,MKN02,Nasi Ayam Goreng,20,8000,2025-10-07,,ACTIVE
BCH-01715,MKN02,Nasi Ayam Goreng,22,8000,2025-10-08,,ACTIVE
BCH-01716,MKN02,Nasi Ayam Goreng,23,8000,2025-10-09,,ACTIVE
BCH-01717,MKN02,Nasi Ayam Goreng,24,8000,2025-10-10,,ACTIVE
BCH-01718,MKN02,Nasi Ayam Goreng,22,8000,2025-10-11,,ACTIVE
BCH-01719,MKN02,Nasi Ayam Goreng,19,8000,2025-10-12,,ACTIVE
BCH-01720,MKN02,Nasi Ayam Goreng,22,8000,2025-10-13,,ACTIVE
BCH-01721,MKN02,Nasi Ayam Goreng,23,8000,2025-10-14,,ACTIVE
BCH-01722,MKN02,Nasi Ayam Goreng,20,8000,2025-10-15,,ACTIVE
BCH-01723,MKN02,Nasi Ayam Goreng,21,8000,2025-10-16,,ACTIVE
BCH-01724,MKN02,Nasi Ayam Goreng,19,8000,2025-10-17,,ACTIVE
BCH-01725,MKN02,Nasi Ayam Goreng,21,8000,2025-10-18,,ACTIVE
BCH-01726,MKN02,Nasi Ayam Goreng,22,8000,2025-10-19,,ACTIVE
BCH-01727,MKN02,Nasi Ayam Goreng,20,8000,2025-10-20,,ACTIVE
BCH-01728,MKN02,Nasi Ayam Goreng,25,8000,2025-10-21,,ACTIVE
BCH-01729,MKN02,Nasi Ayam Goreng,21,8000,2025-10-22,,ACTIVE
BCH-01730,MKN02,Nasi Ayam Goreng,21,8000,2025-10-23,,ACTIVE
BCH-01731,MKN02,Nasi Ayam Goreng,21,8000,2025-10-24,,ACTIVE
BCH-01732,MKN02,Nasi Ayam Goreng,18,8000,2025-10-25,,ACTIVE
BCH-01733,MKN02,Nasi Ayam Goreng,25,8000,2025-10-26,,ACTIVE
BCH-01734,MKN02,Nasi Ayam Goreng,25,8000,2025-10-27,,ACTIVE
BCH-01735,MKN02,Nasi Ayam Goreng,21,8000,2025-10-28,,ACTIVE
BCH-01736,MKN02,Nasi Ayam Goreng,25,8000,2025-10-29,,ACTIVE
BCH-01737,MKN02,Nasi Ayam Goreng,23,8000,2025-10-30,,ACTIVE
BCH-01738,MKN02,Nasi Ayam Goreng,21,8000,2025-10-31,,ACTIVE
BCH-01739,MKN02,Nasi Ayam Goreng,22,8000,2025-11-01,,ACTIVE
BCH-01740,MKN02,Nasi Ayam Goreng,25,8000,2025-11-02,,ACTIVE
BCH-01741,MKN02,Nasi Ayam Goreng,22,8000,2025-11-03,,ACTIVE
BCH-01742,MKN02,Nasi Ayam Goreng,25,8000,2025-11-04,,ACTIVE
BCH-01743,MKN02,Nasi Ayam Goreng,22,8000,2025-11-05,,ACTIVE
BCH-01744,MKN02,Nasi Ayam Goreng,24,8000,2025-11-06,,ACTIVE
BCH-01745,MKN02,Nasi Ayam Goreng,22,8000,2025-11-07,,ACTIVE
BCH-01746,MKN02,Nasi Ayam Goreng,18,8000,2025-11-08,,ACTIVE
BCH-01747,MKN02,Nasi Ayam Goreng,20,8000,2025-11-09,,ACTIVE
BCH-01748,MKN02,Nasi Ayam Goreng,21,8000,2025-11-10,,ACTIVE
BCH-01749,MKN02,Nasi Ayam Goreng,18,8000,2025-11-11,,ACTIVE
BCH-01750,MKN02,Nasi Ayam Goreng,23,8000,2025-11-12,,ACTIVE
BCH-01751,MKN02,Nasi Ayam Goreng,23,8000,2025-11-13,,ACTIVE
BCH-01752,MKN02,Nasi Ayam Goreng,22,8000,2025-11-14,,ACTIVE
BCH-01753,MKN02,Nasi Ayam Goreng,19,8000,2025-11-15,,ACTIVE
BCH-01754,MKN02,Nasi Ayam Goreng,20,8000,2025-11-16,,ACTIVE
BCH-01755,MKN02,Nasi Ayam Goreng,19,8000,2025-11-17,,ACTIVE
BCH-01756,MKN02,Nasi Ayam Goreng,20,8000,2025-11-18,,ACTIVE
BCH-01757,MKN02,Nasi Ayam Goreng,22,8000,2025-11-19,,ACTIVE
BCH-01758,MKN02,Nasi Ayam Goreng,20,8000,2025-11-20,,ACTIVE
BCH-01759,MKN02,Nasi Ayam Goreng,21,8000,2025-11-21,,ACTIVE
BCH-01760,MKN02,Nasi Ayam Goreng,23,8000,2025-11-22,,ACTIVE
BCH-01761,MKN02,Nasi Ayam Goreng,22,8000,2025-11-23,,ACTIVE
BCH-01762,MKN02,Nasi Ayam Goreng,24,8000,2025-11-24,,ACTIVE
BCH-01763,MKN02,Nasi Ayam Goreng,19,8000,2025-11-25,,ACTIVE
BCH-01764,MKN02,Nasi Ayam Goreng,18,8000,2025-11-26,,ACTIVE
BCH-01765,MKN02,Nasi Ayam Goreng,24,8000,2025-11-27,,ACTIVE
BCH-01766,MKN02,Nasi Ayam Goreng,18,8000,2025-11-28,,ACTIVE
BCH-01767,MKN02,Nasi Ayam Goreng,19,8000,2025-11-29,,ACTIVE
BCH-01768,MKN02,Nasi Ayam Goreng,22,8000,2025-11-30,,ACTIVE
BCH-01769,MKN02,Nasi Ayam Goreng,18,8000,2025-12-01,,ACTIVE
BCH-01770,MKN02,Nasi Ayam Goreng,21,8000,2025-12-02,,ACTIVE
BCH-01771,MKN02,Nasi Ayam Goreng,21,8000,2025-12-03,,ACTIVE
BCH-01772,MKN02,Nasi Ayam Goreng,24,8000,2025-12-04,,ACTIVE
BCH-01773,MKN02,Nasi Ayam Goreng,25,8000,2025-12-05,,ACTIVE
BCH-01774,MKN02,Nasi Ayam Goreng,24,8000,2025-12-06,,ACTIVE
BCH-01775,MKN02,Nasi Ayam Goreng,19,8000,2025-12-07,,ACTIVE
BCH-01776,MKN02,Nasi Ayam Goreng,20,8000,2025-12-08,,ACTIVE
BCH-01777,MKN02,Nasi Ayam Goreng,21,8000,2025-12-09,,ACTIVE
BCH-01778,MKN02,Nasi Ayam Goreng,23,8000,2025-12-10,,ACTIVE
BCH-01779,MKN02,Nasi Ayam Goreng,25,8000,2025-12-11,,ACTIVE
BCH-01780,MKN02,Nasi Ayam Goreng,19,8000,2025-12-12,,ACTIVE
BCH-01781,MKN02,Nasi Ayam Goreng,18,8000,2025-12-13,,ACTIVE
BCH-01782,MKN02,Nasi Ayam Goreng,18,8000,2025-12-14,,ACTIVE
BCH-01783,MKN02,Nasi Ayam Goreng,21,8000,2025-12-15,,ACTIVE
BCH-01784,MKN02,Nasi Ayam Goreng,21,8000,2025-12-16,,ACTIVE
BCH-01785,MKN02,Nasi Ayam Goreng,19,8000,2025-12-17,,ACTIVE
BCH-01786,MKN02,Nasi Ayam Goreng,24,8000,2025-12-18,,ACTIVE
BCH-01787,MKN02,Nasi Ayam Goreng,25,8000,2025-12-19,,ACTIVE
BCH-01788,MKN02,Nasi Ayam Goreng,23,8000,2025-12-20,,ACTIVE
BCH-01789,MKN02,Nasi Ayam Goreng,18,8000,2025-12-21,,ACTIVE
BCH-01790,MKN02,Nasi Ayam Goreng,24,8000,2025-12-22,,ACTIVE
BCH-01791,MKN02,Nasi Ayam Goreng,20,8000,2025-12-23,,ACTIVE
BCH-01792,MKN02,Nasi Ayam Goreng,18,8000,2025-12-24,,ACTIVE
BCH-01793,MKN02,Nasi Ayam Goreng,25,8000,2025-12-25,,ACTIVE
BCH-01794,MKN02,Nasi Ayam Goreng,18,8000,2025-12-26,,ACTIVE
BCH-01795,MKN02,Nasi Ayam Goreng,24,8000,2025-12-27,,ACTIVE
BCH-01796,MKN02,Nasi Ayam Goreng,25,8000,2025-12-28,,ACTIVE
BCH-01797,MKN02,Nasi Ayam Goreng,23,8000,2025-12-29,,ACTIVE
BCH-01798,MKN02,Nasi Ayam Goreng,19,8000,2025-12-30,,ACTIVE
BCH-01799,MKN02,Nasi Ayam Goreng,22,8000,2025-12-31,,ACTIVE
BCH-01800,MKN02,Nasi Ayam Goreng,21,8000,2026-01-01,,ACTIVE
BCH-01801,MKN02,Nasi Ayam Goreng,19,8000,2026-01-02,,ACTIVE
BCH-01802,MKN02,Nasi Ayam Goreng,24,8000,2026-01-03,,ACTIVE
BCH-01803,MKN02,Nasi Ayam Goreng,23,8000,2026-01-04,,ACTIVE
BCH-01804,MKN02,Nasi Ayam Goreng,23,8000,2026-01-05,,ACTIVE
BCH-01805,MKN02,Nasi Ayam Goreng,23,8000,2026-01-06,,ACTIVE
BCH-01806,MKN02,Nasi Ayam Goreng,25,8000,2026-01-07,,ACTIVE
BCH-01807,MKN02,Nasi Ayam Goreng,25,8000,2026-01-08,,ACTIVE
BCH-01808,MKN02,Nasi Ayam Goreng,23,8000,2026-01-09,,ACTIVE
BCH-01809,MKN02,Nasi Ayam Goreng,22,8000,2026-01-10,,ACTIVE
BCH-01810,MKN02,Nasi Ayam Goreng,22,8000,2026-01-11,,ACTIVE
BCH-01811,MKN02,Nasi Ayam Goreng,19,8000,2026-01-12,,ACTIVE
BCH-01812,MKN02,Nasi Ayam Goreng,24,8000,2026-01-13,,ACTIVE
BCH-01813,MKN02,Nasi Ayam Goreng,18,8000,2026-01-14,,ACTIVE
BCH-01814,MKN02,Nasi Ayam Goreng,25,8000,2026-01-15,,ACTIVE
BCH-01815,MKN02,Nasi Ayam Goreng,19,8000,2026-01-16,,ACTIVE
BCH-01816,MKN02,Nasi Ayam Goreng,25,8000,2026-01-17,,ACTIVE
BCH-01817,MKN02,Nasi Ayam Goreng,20,8000,2026-01-18,,ACTIVE
BCH-01818,MKN02,Nasi Ayam Goreng,19,8000,2026-01-19,,ACTIVE
BCH-01819,MKN02,Nasi Ayam Goreng,23,8000,2026-01-20,,ACTIVE
BCH-01820,MKN02,Nasi Ayam Goreng,24,8000,2026-01-21,,ACTIVE
BCH-01821,MKN02,Nasi Ayam Goreng,24,8000,2026-01-22,,ACTIVE
BCH-01822,MKN02,Nasi Ayam Goreng,21,8000,2026-01-23,,ACTIVE
BCH-01823,MKN02,Nasi Ayam Goreng,24,8000,2026-01-24,,ACTIVE
BCH-01824,MKN02,Nasi Ayam Goreng,20,8000,2026-01-25,,ACTIVE
BCH-01825,MKN02,Nasi Ayam Goreng,25,8000,2026-01-26,,ACTIVE
BCH-01826,MKN02,Nasi Ayam Goreng,23,8000,2026-01-27,,ACTIVE
BCH-01827,MKN02,Nasi Ayam Goreng,22,8000,2026-01-28,,ACTIVE
BCH-01828,MKN02,Nasi Ayam Goreng,21,8000,2026-01-29,,ACTIVE
BCH-01829,MKN02,Nasi Ayam Goreng,18,8000,2026-01-30,,ACTIVE
BCH-01830,MKN02,Nasi Ayam Goreng,22,8000,2026-01-31,,ACTIVE
BCH-01831,MKN02,Nasi Ayam Goreng,18,8000,2026-02-01,,ACTIVE
BCH-01832,MKN02,Nasi Ayam Goreng,24,8000,2026-02-02,,ACTIVE
BCH-01833,MKN02,Nasi Ayam Goreng,22,8000,2026-02-03,,ACTIVE
BCH-01834,MKN02,Nasi Ayam Goreng,25,8000,2026-02-04,,ACTIVE
BCH-01835,MKN02,Nasi Ayam Goreng,19,8000,2026-02-05,,ACTIVE
BCH-01836,MKN02,Nasi Ayam Goreng,18,8000,2026-02-06,,ACTIVE
BCH-01837,MKN02,Nasi Ayam Goreng,20,8000,2026-02-07,,ACTIVE
BCH-01838,MKN02,Nasi Ayam Goreng,25,8000,2026-02-08,,ACTIVE
BCH-01839,MKN02,Nasi Ayam Goreng,18,8000,2026-02-09,,ACTIVE
BCH-01840,MKN02,Nasi Ayam Goreng,22,8000,2026-02-10,,ACTIVE
BCH-01841,MKN02,Nasi Ayam Goreng,21,8000,2026-02-11,,ACTIVE
BCH-01842,MKN02,Nasi Ayam Goreng,24,8000,2026-02-12,,ACTIVE
BCH-01843,MKN02,Nasi Ayam Goreng,22,8000,2026-02-13,,ACTIVE
BCH-01844,MKN02,Nasi Ayam Goreng,19,8000,2026-02-14,,ACTIVE
BCH-01845,MKN02,Nasi Ayam Goreng,19,8000,2026-02-15,,ACTIVE
BCH-01846,MKN02,Nasi Ayam Goreng,25,8000,2026-02-16,,ACTIVE
BCH-01847,MKN02,Nasi Ayam Goreng,25,8000,2026-02-17,,ACTIVE
BCH-01848,MKN02,Nasi Ayam Goreng,22,8000,2026-02-18,,ACTIVE
BCH-01849,MKN02,Nasi Ayam Goreng,22,8000,2026-02-19,,ACTIVE
BCH-01850,MKN02,Nasi Ayam Goreng,22,8000,2026-02-20,,ACTIVE
BCH-01851,MKN02,Nasi Ayam Goreng,18,8000,2026-02-21,,ACTIVE
BCH-01852,MKN02,Nasi Ayam Goreng,19,8000,2026-02-22,,ACTIVE
BCH-01853,MKN02,Nasi Ayam Goreng,21,8000,2026-02-23,,ACTIVE
BCH-01854,MKN02,Nasi Ayam Goreng,24,8000,2026-02-24,,ACTIVE
BCH-01855,MKN02,Nasi Ayam Goreng,19,8000,2026-02-25,,ACTIVE
BCH-01856,MKN02,Nasi Ayam Goreng,24,8000,2026-02-26,,ACTIVE
BCH-01857,MKN02,Nasi Ayam Goreng,18,8000,2026-02-27,,ACTIVE
BCH-01858,MKN02,Nasi Ayam Goreng,25,8000,2026-02-28,,ACTIVE
BCH-01859,MKN02,Nasi Ayam Goreng,23,8000,2026-03-01,,ACTIVE
BCH-01860,MKN02,Nasi Ayam Goreng,19,8000,2026-03-02,,ACTIVE
BCH-01861,MKN02,Nasi Ayam Goreng,19,8000,2026-03-03,,ACTIVE
BCH-01862,MKN02,Nasi Ayam Goreng,18,8000,2026-03-04,,ACTIVE
BCH-01863,MKN02,Nasi Ayam Goreng,18,8000,2026-03-05,,ACTIVE
BCH-01864,MKN02,Nasi Ayam Goreng,18,8000,2026-03-06,,ACTIVE
BCH-01865,MKN02,Nasi Ayam Goreng,19,8000,2026-03-07,,ACTIVE
BCH-01866,MKN02,Nasi Ayam Goreng,20,8000,2026-03-08,,ACTIVE
BCH-01867,MKN02,Nasi Ayam Goreng,21,8000,2026-03-09,,ACTIVE
BCH-01868,MKN02,Nasi Ayam Goreng,25,8000,2026-03-10,,ACTIVE
BCH-01869,MKN02,Nasi Ayam Goreng,18,8000,2026-03-11,,ACTIVE
BCH-01870,MKN02,Nasi Ayam Goreng,20,8000,2026-03-12,,ACTIVE
BCH-01871,MKN02,Nasi Ayam Goreng,23,8000,2026-03-13,,ACTIVE
BCH-01872,MKN02,Nasi Ayam Goreng,24,8000,2026-03-14,,ACTIVE
BCH-01873,MKN02,Nasi Ayam Goreng,20,8000,2026-03-15,,ACTIVE
BCH-01874,MKN02,Nasi Ayam Goreng,18,8000,2026-03-16,,ACTIVE
BCH-01875,MKN02,Nasi Ayam Goreng,20,8000,2026-03-17,,ACTIVE
BCH-01876,MKN02,Nasi Ayam Goreng,21,8000,2026-03-18,,ACTIVE
BCH-01877,MKN02,Nasi Ayam Goreng,23,8000,2026-03-19,,ACTIVE
BCH-01878,MKN02,Nasi Ayam Goreng,24,8000,2026-03-20,,ACTIVE
BCH-01879,MKN02,Nasi Ayam Goreng,20,8000,2026-03-21,,ACTIVE
BCH-01880,MKN02,Nasi Ayam Goreng,18,8000,2026-03-22,,ACTIVE
BCH-01881,MKN02,Nasi Ayam Goreng,22,8000,2026-03-23,,ACTIVE
BCH-01882,MKN02,Nasi Ayam Goreng,21,8000,2026-03-24,,ACTIVE
BCH-01883,MKN02,Nasi Ayam Goreng,23,8000,2026-03-25,,ACTIVE
BCH-01884,MKN02,Nasi Ayam Goreng,18,8000,2026-03-26,,ACTIVE
BCH-01885,MKN02,Nasi Ayam Goreng,18,8000,2026-03-27,,ACTIVE
BCH-01886,MKN02,Nasi Ayam Goreng,23,8000,2026-03-28,,ACTIVE
BCH-01887,MKN02,Nasi Ayam Goreng,22,8000,2026-03-29,,ACTIVE
BCH-01888,MKN02,Nasi Ayam Goreng,19,8000,2026-03-30,,ACTIVE
BCH-01889,MKN02,Nasi Ayam Goreng,21,8000,2026-03-31,,ACTIVE
BCH-01890,MKN02,Nasi Ayam Goreng,19,8000,2026-04-01,,ACTIVE
BCH-01891,MKN02,Nasi Ayam Goreng,24,8000,2026-04-02,,ACTIVE
BCH-01892,MKN02,Nasi Ayam Goreng,23,8000,2026-04-03,,ACTIVE
BCH-01893,MKN02,Nasi Ayam Goreng,25,8000,2026-04-04,,ACTIVE
BCH-01894,MKN02,Nasi Ayam Goreng,19,8000,2026-04-05,,ACTIVE
BCH-01895,MKN02,Nasi Ayam Goreng,20,8000,2026-04-06,,ACTIVE
BCH-01896,MKN02,Nasi Ayam Goreng,18,8000,2026-04-07,,ACTIVE
BCH-01897,MKN02,Nasi Ayam Goreng,23,8000,2026-04-08,,ACTIVE
BCH-01898,MKN02,Nasi Ayam Goreng,18,8000,2026-04-09,,ACTIVE
BCH-01899,MKN02,Nasi Ayam Goreng,19,8000,2026-04-10,,ACTIVE
BCH-01900,MKN02,Nasi Ayam Goreng,20,8000,2026-04-11,,ACTIVE
BCH-01901,MKN02,Nasi Ayam Goreng,20,8000,2026-04-12,,ACTIVE
BCH-01902,MKN02,Nasi Ayam Goreng,21,8000,2026-04-13,,ACTIVE
BCH-01903,MKN02,Nasi Ayam Goreng,20,8000,2026-04-14,,ACTIVE
BCH-01904,MKN02,Nasi Ayam Goreng,25,8000,2026-04-15,,ACTIVE
BCH-01905,MKN02,Nasi Ayam Goreng,19,8000,2026-04-16,,ACTIVE
BCH-01906,MKN02,Nasi Ayam Goreng,21,8000,2026-04-17,,ACTIVE
BCH-01907,MKN02,Nasi Ayam Goreng,20,8000,2026-04-18,,ACTIVE
BCH-01908,MKN02,Nasi Ayam Goreng,18,8000,2026-04-19,,ACTIVE
BCH-01909,MKN02,Nasi Ayam Goreng,18,8000,2026-04-20,,ACTIVE
BCH-01910,MKN02,Nasi Ayam Goreng,22,8000,2026-04-21,,ACTIVE
BCH-01911,MKN02,Nasi Ayam Goreng,24,8000,2026-04-22,,ACTIVE
BCH-01912,MKN02,Nasi Ayam Goreng,24,8000,2026-04-23,,ACTIVE
BCH-01913,MKN02,Nasi Ayam Goreng,19,8000,2026-04-24,,ACTIVE
BCH-01914,MKN02,Nasi Ayam Goreng,20,8000,2026-04-25,,ACTIVE
BCH-01915,MKN02,Nasi Ayam Goreng,24,8000,2026-04-26,,ACTIVE
BCH-01916,MKN02,Nasi Ayam Goreng,21,8000,2026-04-27,,ACTIVE
BCH-01917,MKN02,Nasi Ayam Goreng,19,8000,2026-04-28,,ACTIVE
BCH-01918,MKN02,Nasi Ayam Goreng,19,8000,2026-04-29,,ACTIVE
BCH-01919,MKN02,Nasi Ayam Goreng,23,8000,2026-04-30,,ACTIVE
BCH-01920,MKN02,Nasi Ayam Goreng,24,8000,2026-05-01,,ACTIVE
BCH-01921,MKN02,Nasi Ayam Goreng,25,8000,2026-05-02,,ACTIVE
BCH-01922,MKN02,Nasi Ayam Goreng,19,8000,2026-05-03,,ACTIVE
BCH-01923,MKN02,Nasi Ayam Goreng,25,8000,2026-05-04,,ACTIVE
BCH-01924,MKN02,Nasi Ayam Goreng,19,8000,2026-05-05,,ACTIVE
BCH-01925,MKN02,Nasi Ayam Goreng,24,8000,2026-05-06,,ACTIVE
BCH-01926,MKN02,Nasi Ayam Goreng,20,8000,2026-05-07,,ACTIVE
BCH-01927,MKN02,Nasi Ayam Goreng,24,8000,2026-05-08,,ACTIVE
BCH-01928,MKN02,Nasi Ayam Goreng,25,8000,2026-05-09,,ACTIVE
BCH-01929,MKN02,Nasi Ayam Goreng,20,8000,2026-05-10,,ACTIVE
BCH-01930,MKN02,Nasi Ayam Goreng,19,8000,2026-05-11,,ACTIVE
BCH-01931,MKN02,Nasi Ayam Goreng,22,8000,2026-05-12,,ACTIVE
BCH-01932,MKN02,Nasi Ayam Goreng,23,8000,2026-05-13,,ACTIVE
BCH-01933,MKN02,Nasi Ayam Goreng,24,8000,2026-05-14,,ACTIVE
BCH-01934,MKN02,Nasi Ayam Goreng,25,8000,2026-05-15,,ACTIVE
BCH-01935,MKN02,Nasi Ayam Goreng,22,8000,2026-05-16,,ACTIVE
BCH-01936,MKN02,Nasi Ayam Goreng,25,8000,2026-05-17,,ACTIVE
BCH-01937,MKN02,Nasi Ayam Goreng,23,8000,2026-05-18,,ACTIVE
BCH-01938,MKN02,Nasi Ayam Goreng,18,8000,2026-05-19,,ACTIVE
BCH-01939,MKN02,Nasi Ayam Goreng,20,8000,2026-05-20,,ACTIVE
BCH-01940,MKN02,Nasi Ayam Goreng,24,8000,2026-05-21,,ACTIVE
BCH-01941,MKN02,Nasi Ayam Goreng,19,8000,2026-05-22,,ACTIVE
BCH-01942,MKN02,Nasi Ayam Goreng,23,8000,2026-05-23,,ACTIVE
BCH-01943,MKN02,Nasi Ayam Goreng,24,8000,2026-05-24,,ACTIVE
BCH-01944,MKN02,Nasi Ayam Goreng,19,8000,2026-05-25,,ACTIVE
BCH-01945,MKN02,Nasi Ayam Goreng,24,8000,2026-05-26,,ACTIVE
BCH-01946,MKN02,Nasi Ayam Goreng,19,8000,2026-05-27,,ACTIVE
BCH-01947,MKN02,Nasi Ayam Goreng,21,8000,2026-05-28,,ACTIVE
BCH-01948,MKN02,Nasi Ayam Goreng,22,8000,2026-05-29,,ACTIVE
BCH-01949,MKN02,Nasi Ayam Goreng,25,8000,2026-05-30,,ACTIVE
BCH-01950,MKN02,Nasi Ayam Goreng,19,8000,2026-05-31,,ACTIVE
BCH-01951,MKN02,Nasi Ayam Goreng,25,8000,2026-06-01,,ACTIVE
BCH-01952,MKN02,Nasi Ayam Goreng,24,8000,2026-06-02,,ACTIVE
BCH-01953,MKN02,Nasi Ayam Goreng,19,8000,2026-06-03,,ACTIVE
BCH-01954,MKN02,Nasi Ayam Goreng,21,8000,2026-06-04,,ACTIVE
BCH-01955,MKN02,Nasi Ayam Goreng,25,8000,2026-06-05,,ACTIVE
BCH-01956,MKN02,Nasi Ayam Goreng,24,8000,2026-06-06,,ACTIVE
BCH-01957,MKN02,Nasi Ayam Goreng,25,8000,2026-06-07,,ACTIVE
BCH-01958,MKN02,Nasi Ayam Goreng,22,8000,2026-06-08,,ACTIVE
BCH-01959,MKN02,Nasi Ayam Goreng,22,8000,2026-06-09,,ACTIVE
BCH-01960,MKN02,Nasi Ayam Goreng,23,8000,2026-06-10,,ACTIVE
BCH-01961,MKN02,Nasi Ayam Goreng,25,8000,2026-06-11,,ACTIVE
BCH-01962,MKN02,Nasi Ayam Goreng,21,8000,2026-06-12,,ACTIVE
BCH-01963,MKN02,Nasi Ayam Goreng,25,8000,2026-06-13,,ACTIVE
BCH-01964,MKN02,Nasi Ayam Goreng,24,8000,2026-06-14,,ACTIVE
BCH-01965,MKN02,Nasi Ayam Goreng,20,8000,2026-06-15,,ACTIVE
BCH-01966,MKN02,Nasi Ayam Goreng,24,8000,2026-06-16,,ACTIVE
BCH-01967,MKN02,Nasi Ayam Goreng,23,8000,2026-06-17,,ACTIVE
BCH-01968,MKN02,Nasi Ayam Goreng,19,8000,2026-06-18,,ACTIVE
BCH-01969,MKN02,Nasi Ayam Goreng,19,8000,2026-06-19,,ACTIVE
BCH-01970,MKN02,Nasi Ayam Goreng,25,8000,2026-06-20,,ACTIVE
BCH-01971,MKN02,Nasi Ayam Goreng,24,8000,2026-06-21,,ACTIVE
BCH-01972,MKN02,Nasi Ayam Goreng,21,8000,2026-06-22,,ACTIVE
BCH-01973,MKN02,Nasi Ayam Goreng,19,8000,2026-06-23,,ACTIVE
BCH-01974,MKN02,Nasi Ayam Goreng,19,8000,2026-06-24,,ACTIVE
BCH-01975,MKN02,Nasi Ayam Goreng,25,8000,2026-06-25,,ACTIVE
BCH-01976,MKN02,Nasi Ayam Goreng,20,8000,2026-06-26,,ACTIVE
BCH-01977,MKN02,Nasi Ayam Goreng,21,8000,2026-06-27,,ACTIVE
BCH-01978,MKN02,Nasi Ayam Goreng,21,8000,2026-06-28,,ACTIVE
BCH-01979,MKN02,Nasi Ayam Goreng,22,8000,2026-06-29,,ACTIVE
BCH-01980,MKN02,Nasi Ayam Goreng,18,8000,2026-06-30,,ACTIVE
BCH-01981,MKN03,Gorengan Campur,50,500,2025-06-24,,ACTIVE
BCH-01982,MKN03,Gorengan Campur,53,500,2025-06-25,,ACTIVE
BCH-01983,MKN03,Gorengan Campur,54,500,2025-06-26,,ACTIVE
BCH-01984,MKN03,Gorengan Campur,50,500,2025-06-27,,ACTIVE
BCH-01985,MKN03,Gorengan Campur,54,500,2025-06-28,,ACTIVE
BCH-01986,MKN03,Gorengan Campur,51,500,2025-06-29,,ACTIVE
BCH-01987,MKN03,Gorengan Campur,48,500,2025-06-30,,ACTIVE
BCH-01988,MKN03,Gorengan Campur,54,500,2025-07-01,,ACTIVE
BCH-01989,MKN03,Gorengan Campur,50,500,2025-07-02,,ACTIVE
BCH-01990,MKN03,Gorengan Campur,55,500,2025-07-03,,ACTIVE
BCH-01991,MKN03,Gorengan Campur,51,500,2025-07-04,,ACTIVE
BCH-01992,MKN03,Gorengan Campur,50,500,2025-07-05,,ACTIVE
BCH-01993,MKN03,Gorengan Campur,49,500,2025-07-06,,ACTIVE
BCH-01994,MKN03,Gorengan Campur,48,500,2025-07-07,,ACTIVE
BCH-01995,MKN03,Gorengan Campur,55,500,2025-07-08,,ACTIVE
BCH-01996,MKN03,Gorengan Campur,51,500,2025-07-09,,ACTIVE
BCH-01997,MKN03,Gorengan Campur,55,500,2025-07-10,,ACTIVE
BCH-01998,MKN03,Gorengan Campur,55,500,2025-07-11,,ACTIVE
BCH-01999,MKN03,Gorengan Campur,52,500,2025-07-12,,ACTIVE
BCH-02000,MKN03,Gorengan Campur,50,500,2025-07-13,,ACTIVE
BCH-02001,MKN03,Gorengan Campur,52,500,2025-07-14,,ACTIVE
BCH-02002,MKN03,Gorengan Campur,52,500,2025-07-15,,ACTIVE
BCH-02003,MKN03,Gorengan Campur,51,500,2025-07-16,,ACTIVE
BCH-02004,MKN03,Gorengan Campur,53,500,2025-07-17,,ACTIVE
BCH-02005,MKN03,Gorengan Campur,54,500,2025-07-18,,ACTIVE
BCH-02006,MKN03,Gorengan Campur,52,500,2025-07-19,,ACTIVE
BCH-02007,MKN03,Gorengan Campur,48,500,2025-07-20,,ACTIVE
BCH-02008,MKN03,Gorengan Campur,55,500,2025-07-21,,ACTIVE
BCH-02009,MKN03,Gorengan Campur,52,500,2025-07-22,,ACTIVE
BCH-02010,MKN03,Gorengan Campur,48,500,2025-07-23,,ACTIVE
BCH-02011,MKN03,Gorengan Campur,54,500,2025-07-24,,ACTIVE
BCH-02012,MKN03,Gorengan Campur,50,500,2025-07-25,,ACTIVE
BCH-02013,MKN03,Gorengan Campur,55,500,2025-07-26,,ACTIVE
BCH-02014,MKN03,Gorengan Campur,51,500,2025-07-27,,ACTIVE
BCH-02015,MKN03,Gorengan Campur,48,500,2025-07-28,,ACTIVE
BCH-02016,MKN03,Gorengan Campur,53,500,2025-07-29,,ACTIVE
BCH-02017,MKN03,Gorengan Campur,55,500,2025-07-30,,ACTIVE
BCH-02018,MKN03,Gorengan Campur,54,500,2025-07-31,,ACTIVE
BCH-02019,MKN03,Gorengan Campur,52,500,2025-08-01,,ACTIVE
BCH-02020,MKN03,Gorengan Campur,51,500,2025-08-02,,ACTIVE
BCH-02021,MKN03,Gorengan Campur,55,500,2025-08-03,,ACTIVE
BCH-02022,MKN03,Gorengan Campur,51,500,2025-08-04,,ACTIVE
BCH-02023,MKN03,Gorengan Campur,51,500,2025-08-05,,ACTIVE
BCH-02024,MKN03,Gorengan Campur,52,500,2025-08-06,,ACTIVE
BCH-02025,MKN03,Gorengan Campur,54,500,2025-08-07,,ACTIVE
BCH-02026,MKN03,Gorengan Campur,50,500,2025-08-08,,ACTIVE
BCH-02027,MKN03,Gorengan Campur,50,500,2025-08-09,,ACTIVE
BCH-02028,MKN03,Gorengan Campur,52,500,2025-08-10,,ACTIVE
BCH-02029,MKN03,Gorengan Campur,54,500,2025-08-11,,ACTIVE
BCH-02030,MKN03,Gorengan Campur,52,500,2025-08-12,,ACTIVE
BCH-02031,MKN03,Gorengan Campur,52,500,2025-08-13,,ACTIVE
BCH-02032,MKN03,Gorengan Campur,50,500,2025-08-14,,ACTIVE
BCH-02033,MKN03,Gorengan Campur,55,500,2025-08-15,,ACTIVE
BCH-02034,MKN03,Gorengan Campur,50,500,2025-08-16,,ACTIVE
BCH-02035,MKN03,Gorengan Campur,50,500,2025-08-17,,ACTIVE
BCH-02036,MKN03,Gorengan Campur,51,500,2025-08-18,,ACTIVE
BCH-02037,MKN03,Gorengan Campur,49,500,2025-08-19,,ACTIVE
BCH-02038,MKN03,Gorengan Campur,51,500,2025-08-20,,ACTIVE
BCH-02039,MKN03,Gorengan Campur,48,500,2025-08-21,,ACTIVE
BCH-02040,MKN03,Gorengan Campur,52,500,2025-08-22,,ACTIVE
BCH-02041,MKN03,Gorengan Campur,48,500,2025-08-23,,ACTIVE
BCH-02042,MKN03,Gorengan Campur,48,500,2025-08-24,,ACTIVE
BCH-02043,MKN03,Gorengan Campur,53,500,2025-08-25,,ACTIVE
BCH-02044,MKN03,Gorengan Campur,49,500,2025-08-26,,ACTIVE
BCH-02045,MKN03,Gorengan Campur,50,500,2025-08-27,,ACTIVE
BCH-02046,MKN03,Gorengan Campur,52,500,2025-08-28,,ACTIVE
BCH-02047,MKN03,Gorengan Campur,54,500,2025-08-29,,ACTIVE
BCH-02048,MKN03,Gorengan Campur,51,500,2025-08-30,,ACTIVE
BCH-02049,MKN03,Gorengan Campur,53,500,2025-08-31,,ACTIVE
BCH-02050,MKN03,Gorengan Campur,48,500,2025-09-01,,ACTIVE
BCH-02051,MKN03,Gorengan Campur,52,500,2025-09-02,,ACTIVE
BCH-02052,MKN03,Gorengan Campur,53,500,2025-09-03,,ACTIVE
BCH-02053,MKN03,Gorengan Campur,51,500,2025-09-04,,ACTIVE
BCH-02054,MKN03,Gorengan Campur,54,500,2025-09-05,,ACTIVE
BCH-02055,MKN03,Gorengan Campur,52,500,2025-09-06,,ACTIVE
BCH-02056,MKN03,Gorengan Campur,48,500,2025-09-07,,ACTIVE
BCH-02057,MKN03,Gorengan Campur,51,500,2025-09-08,,ACTIVE
BCH-02058,MKN03,Gorengan Campur,53,500,2025-09-09,,ACTIVE
BCH-02059,MKN03,Gorengan Campur,50,500,2025-09-10,,ACTIVE
BCH-02060,MKN03,Gorengan Campur,55,500,2025-09-11,,ACTIVE
BCH-02061,MKN03,Gorengan Campur,48,500,2025-09-12,,ACTIVE
BCH-02062,MKN03,Gorengan Campur,51,500,2025-09-13,,ACTIVE
BCH-02063,MKN03,Gorengan Campur,50,500,2025-09-14,,ACTIVE
BCH-02064,MKN03,Gorengan Campur,48,500,2025-09-15,,ACTIVE
BCH-02065,MKN03,Gorengan Campur,51,500,2025-09-16,,ACTIVE
BCH-02066,MKN03,Gorengan Campur,54,500,2025-09-17,,ACTIVE
BCH-02067,MKN03,Gorengan Campur,49,500,2025-09-18,,ACTIVE
BCH-02068,MKN03,Gorengan Campur,51,500,2025-09-19,,ACTIVE
BCH-02069,MKN03,Gorengan Campur,54,500,2025-09-20,,ACTIVE
BCH-02070,MKN03,Gorengan Campur,50,500,2025-09-21,,ACTIVE
BCH-02071,MKN03,Gorengan Campur,54,500,2025-09-22,,ACTIVE
BCH-02072,MKN03,Gorengan Campur,51,500,2025-09-23,,ACTIVE
BCH-02073,MKN03,Gorengan Campur,51,500,2025-09-24,,ACTIVE
BCH-02074,MKN03,Gorengan Campur,52,500,2025-09-25,,ACTIVE
BCH-02075,MKN03,Gorengan Campur,50,500,2025-09-26,,ACTIVE
BCH-02076,MKN03,Gorengan Campur,52,500,2025-09-27,,ACTIVE
BCH-02077,MKN03,Gorengan Campur,49,500,2025-09-28,,ACTIVE
BCH-02078,MKN03,Gorengan Campur,50,500,2025-09-29,,ACTIVE
BCH-02079,MKN03,Gorengan Campur,48,500,2025-09-30,,ACTIVE
BCH-02080,MKN03,Gorengan Campur,48,500,2025-10-01,,ACTIVE
BCH-02081,MKN03,Gorengan Campur,53,500,2025-10-02,,ACTIVE
BCH-02082,MKN03,Gorengan Campur,52,500,2025-10-03,,ACTIVE
BCH-02083,MKN03,Gorengan Campur,49,500,2025-10-04,,ACTIVE
BCH-02084,MKN03,Gorengan Campur,51,500,2025-10-05,,ACTIVE
BCH-02085,MKN03,Gorengan Campur,53,500,2025-10-06,,ACTIVE
BCH-02086,MKN03,Gorengan Campur,50,500,2025-10-07,,ACTIVE
BCH-02087,MKN03,Gorengan Campur,54,500,2025-10-08,,ACTIVE
BCH-02088,MKN03,Gorengan Campur,50,500,2025-10-09,,ACTIVE
BCH-02089,MKN03,Gorengan Campur,50,500,2025-10-10,,ACTIVE
BCH-02090,MKN03,Gorengan Campur,49,500,2025-10-11,,ACTIVE
BCH-02091,MKN03,Gorengan Campur,48,500,2025-10-12,,ACTIVE
BCH-02092,MKN03,Gorengan Campur,53,500,2025-10-13,,ACTIVE
BCH-02093,MKN03,Gorengan Campur,48,500,2025-10-14,,ACTIVE
BCH-02094,MKN03,Gorengan Campur,48,500,2025-10-15,,ACTIVE
BCH-02095,MKN03,Gorengan Campur,48,500,2025-10-16,,ACTIVE
BCH-02096,MKN03,Gorengan Campur,49,500,2025-10-17,,ACTIVE
BCH-02097,MKN03,Gorengan Campur,55,500,2025-10-18,,ACTIVE
BCH-02098,MKN03,Gorengan Campur,54,500,2025-10-19,,ACTIVE
BCH-02099,MKN03,Gorengan Campur,53,500,2025-10-20,,ACTIVE
BCH-02100,MKN03,Gorengan Campur,55,500,2025-10-21,,ACTIVE
BCH-02101,MKN03,Gorengan Campur,52,500,2025-10-22,,ACTIVE
BCH-02102,MKN03,Gorengan Campur,49,500,2025-10-23,,ACTIVE
BCH-02103,MKN03,Gorengan Campur,48,500,2025-10-24,,ACTIVE
BCH-02104,MKN03,Gorengan Campur,53,500,2025-10-25,,ACTIVE
BCH-02105,MKN03,Gorengan Campur,48,500,2025-10-26,,ACTIVE
BCH-02106,MKN03,Gorengan Campur,51,500,2025-10-27,,ACTIVE
BCH-02107,MKN03,Gorengan Campur,49,500,2025-10-28,,ACTIVE
BCH-02108,MKN03,Gorengan Campur,55,500,2025-10-29,,ACTIVE
BCH-02109,MKN03,Gorengan Campur,49,500,2025-10-30,,ACTIVE
BCH-02110,MKN03,Gorengan Campur,49,500,2025-10-31,,ACTIVE
BCH-02111,MKN03,Gorengan Campur,49,500,2025-11-01,,ACTIVE
BCH-02112,MKN03,Gorengan Campur,55,500,2025-11-02,,ACTIVE
BCH-02113,MKN03,Gorengan Campur,48,500,2025-11-03,,ACTIVE
BCH-02114,MKN03,Gorengan Campur,55,500,2025-11-04,,ACTIVE
BCH-02115,MKN03,Gorengan Campur,50,500,2025-11-05,,ACTIVE
BCH-02116,MKN03,Gorengan Campur,50,500,2025-11-06,,ACTIVE
BCH-02117,MKN03,Gorengan Campur,51,500,2025-11-07,,ACTIVE
BCH-02118,MKN03,Gorengan Campur,53,500,2025-11-08,,ACTIVE
BCH-02119,MKN03,Gorengan Campur,53,500,2025-11-09,,ACTIVE
BCH-02120,MKN03,Gorengan Campur,52,500,2025-11-10,,ACTIVE
BCH-02121,MKN03,Gorengan Campur,55,500,2025-11-11,,ACTIVE
BCH-02122,MKN03,Gorengan Campur,54,500,2025-11-12,,ACTIVE
BCH-02123,MKN03,Gorengan Campur,52,500,2025-11-13,,ACTIVE
BCH-02124,MKN03,Gorengan Campur,55,500,2025-11-14,,ACTIVE
BCH-02125,MKN03,Gorengan Campur,54,500,2025-11-15,,ACTIVE
BCH-02126,MKN03,Gorengan Campur,55,500,2025-11-16,,ACTIVE
BCH-02127,MKN03,Gorengan Campur,53,500,2025-11-17,,ACTIVE
BCH-02128,MKN03,Gorengan Campur,48,500,2025-11-18,,ACTIVE
BCH-02129,MKN03,Gorengan Campur,54,500,2025-11-19,,ACTIVE
BCH-02130,MKN03,Gorengan Campur,51,500,2025-11-20,,ACTIVE
BCH-02131,MKN03,Gorengan Campur,52,500,2025-11-21,,ACTIVE
BCH-02132,MKN03,Gorengan Campur,52,500,2025-11-22,,ACTIVE
BCH-02133,MKN03,Gorengan Campur,55,500,2025-11-23,,ACTIVE
BCH-02134,MKN03,Gorengan Campur,48,500,2025-11-24,,ACTIVE
BCH-02135,MKN03,Gorengan Campur,52,500,2025-11-25,,ACTIVE
BCH-02136,MKN03,Gorengan Campur,52,500,2025-11-26,,ACTIVE
BCH-02137,MKN03,Gorengan Campur,52,500,2025-11-27,,ACTIVE
BCH-02138,MKN03,Gorengan Campur,50,500,2025-11-28,,ACTIVE
BCH-02139,MKN03,Gorengan Campur,55,500,2025-11-29,,ACTIVE
BCH-02140,MKN03,Gorengan Campur,52,500,2025-11-30,,ACTIVE
BCH-02141,MKN03,Gorengan Campur,48,500,2025-12-01,,ACTIVE
BCH-02142,MKN03,Gorengan Campur,55,500,2025-12-02,,ACTIVE
BCH-02143,MKN03,Gorengan Campur,54,500,2025-12-03,,ACTIVE
BCH-02144,MKN03,Gorengan Campur,54,500,2025-12-04,,ACTIVE
BCH-02145,MKN03,Gorengan Campur,52,500,2025-12-05,,ACTIVE
BCH-02146,MKN03,Gorengan Campur,52,500,2025-12-06,,ACTIVE
BCH-02147,MKN03,Gorengan Campur,52,500,2025-12-07,,ACTIVE
BCH-02148,MKN03,Gorengan Campur,49,500,2025-12-08,,ACTIVE
BCH-02149,MKN03,Gorengan Campur,48,500,2025-12-09,,ACTIVE
BCH-02150,MKN03,Gorengan Campur,54,500,2025-12-10,,ACTIVE
BCH-02151,MKN03,Gorengan Campur,49,500,2025-12-11,,ACTIVE
BCH-02152,MKN03,Gorengan Campur,50,500,2025-12-12,,ACTIVE
BCH-02153,MKN03,Gorengan Campur,48,500,2025-12-13,,ACTIVE
BCH-02154,MKN03,Gorengan Campur,52,500,2025-12-14,,ACTIVE
BCH-02155,MKN03,Gorengan Campur,49,500,2025-12-15,,ACTIVE
BCH-02156,MKN03,Gorengan Campur,50,500,2025-12-16,,ACTIVE
BCH-02157,MKN03,Gorengan Campur,50,500,2025-12-17,,ACTIVE
BCH-02158,MKN03,Gorengan Campur,50,500,2025-12-18,,ACTIVE
BCH-02159,MKN03,Gorengan Campur,48,500,2025-12-19,,ACTIVE
BCH-02160,MKN03,Gorengan Campur,51,500,2025-12-20,,ACTIVE
BCH-02161,MKN03,Gorengan Campur,55,500,2025-12-21,,ACTIVE
BCH-02162,MKN03,Gorengan Campur,54,500,2025-12-22,,ACTIVE
BCH-02163,MKN03,Gorengan Campur,55,500,2025-12-23,,ACTIVE
BCH-02164,MKN03,Gorengan Campur,51,500,2025-12-24,,ACTIVE
BCH-02165,MKN03,Gorengan Campur,52,500,2025-12-25,,ACTIVE
BCH-02166,MKN03,Gorengan Campur,50,500,2025-12-26,,ACTIVE
BCH-02167,MKN03,Gorengan Campur,49,500,2025-12-27,,ACTIVE
BCH-02168,MKN03,Gorengan Campur,52,500,2025-12-28,,ACTIVE
BCH-02169,MKN03,Gorengan Campur,54,500,2025-12-29,,ACTIVE
BCH-02170,MKN03,Gorengan Campur,49,500,2025-12-30,,ACTIVE
BCH-02171,MKN03,Gorengan Campur,50,500,2025-12-31,,ACTIVE
BCH-02172,MKN03,Gorengan Campur,50,500,2026-01-01,,ACTIVE
BCH-02173,MKN03,Gorengan Campur,51,500,2026-01-02,,ACTIVE
BCH-02174,MKN03,Gorengan Campur,49,500,2026-01-03,,ACTIVE
BCH-02175,MKN03,Gorengan Campur,50,500,2026-01-04,,ACTIVE
BCH-02176,MKN03,Gorengan Campur,52,500,2026-01-05,,ACTIVE
BCH-02177,MKN03,Gorengan Campur,53,500,2026-01-06,,ACTIVE
BCH-02178,MKN03,Gorengan Campur,49,500,2026-01-07,,ACTIVE
BCH-02179,MKN03,Gorengan Campur,52,500,2026-01-08,,ACTIVE
BCH-02180,MKN03,Gorengan Campur,48,500,2026-01-09,,ACTIVE
BCH-02181,MKN03,Gorengan Campur,54,500,2026-01-10,,ACTIVE
BCH-02182,MKN03,Gorengan Campur,53,500,2026-01-11,,ACTIVE
BCH-02183,MKN03,Gorengan Campur,51,500,2026-01-12,,ACTIVE
BCH-02184,MKN03,Gorengan Campur,52,500,2026-01-13,,ACTIVE
BCH-02185,MKN03,Gorengan Campur,48,500,2026-01-14,,ACTIVE
BCH-02186,MKN03,Gorengan Campur,50,500,2026-01-15,,ACTIVE
BCH-02187,MKN03,Gorengan Campur,50,500,2026-01-16,,ACTIVE
BCH-02188,MKN03,Gorengan Campur,54,500,2026-01-17,,ACTIVE
BCH-02189,MKN03,Gorengan Campur,54,500,2026-01-18,,ACTIVE
BCH-02190,MKN03,Gorengan Campur,55,500,2026-01-19,,ACTIVE
BCH-02191,MKN03,Gorengan Campur,51,500,2026-01-20,,ACTIVE
BCH-02192,MKN03,Gorengan Campur,49,500,2026-01-21,,ACTIVE
BCH-02193,MKN03,Gorengan Campur,54,500,2026-01-22,,ACTIVE
BCH-02194,MKN03,Gorengan Campur,55,500,2026-01-23,,ACTIVE
BCH-02195,MKN03,Gorengan Campur,53,500,2026-01-24,,ACTIVE
BCH-02196,MKN03,Gorengan Campur,48,500,2026-01-25,,ACTIVE
BCH-02197,MKN03,Gorengan Campur,52,500,2026-01-26,,ACTIVE
BCH-02198,MKN03,Gorengan Campur,51,500,2026-01-27,,ACTIVE
BCH-02199,MKN03,Gorengan Campur,55,500,2026-01-28,,ACTIVE
BCH-02200,MKN03,Gorengan Campur,52,500,2026-01-29,,ACTIVE
BCH-02201,MKN03,Gorengan Campur,52,500,2026-01-30,,ACTIVE
BCH-02202,MKN03,Gorengan Campur,51,500,2026-01-31,,ACTIVE
BCH-02203,MKN03,Gorengan Campur,49,500,2026-02-01,,ACTIVE
BCH-02204,MKN03,Gorengan Campur,55,500,2026-02-02,,ACTIVE
BCH-02205,MKN03,Gorengan Campur,53,500,2026-02-03,,ACTIVE
BCH-02206,MKN03,Gorengan Campur,52,500,2026-02-04,,ACTIVE
BCH-02207,MKN03,Gorengan Campur,50,500,2026-02-05,,ACTIVE
BCH-02208,MKN03,Gorengan Campur,51,500,2026-02-06,,ACTIVE
BCH-02209,MKN03,Gorengan Campur,55,500,2026-02-07,,ACTIVE
BCH-02210,MKN03,Gorengan Campur,50,500,2026-02-08,,ACTIVE
BCH-02211,MKN03,Gorengan Campur,48,500,2026-02-09,,ACTIVE
BCH-02212,MKN03,Gorengan Campur,49,500,2026-02-10,,ACTIVE
BCH-02213,MKN03,Gorengan Campur,55,500,2026-02-11,,ACTIVE
BCH-02214,MKN03,Gorengan Campur,48,500,2026-02-12,,ACTIVE
BCH-02215,MKN03,Gorengan Campur,53,500,2026-02-13,,ACTIVE
BCH-02216,MKN03,Gorengan Campur,50,500,2026-02-14,,ACTIVE
BCH-02217,MKN03,Gorengan Campur,52,500,2026-02-15,,ACTIVE
BCH-02218,MKN03,Gorengan Campur,53,500,2026-02-16,,ACTIVE
BCH-02219,MKN03,Gorengan Campur,51,500,2026-02-17,,ACTIVE
BCH-02220,MKN03,Gorengan Campur,49,500,2026-02-18,,ACTIVE
BCH-02221,MKN03,Gorengan Campur,49,500,2026-02-19,,ACTIVE
BCH-02222,MKN03,Gorengan Campur,53,500,2026-02-20,,ACTIVE
BCH-02223,MKN03,Gorengan Campur,55,500,2026-02-21,,ACTIVE
BCH-02224,MKN03,Gorengan Campur,48,500,2026-02-22,,ACTIVE
BCH-02225,MKN03,Gorengan Campur,55,500,2026-02-23,,ACTIVE
BCH-02226,MKN03,Gorengan Campur,49,500,2026-02-24,,ACTIVE
BCH-02227,MKN03,Gorengan Campur,52,500,2026-02-25,,ACTIVE
BCH-02228,MKN03,Gorengan Campur,49,500,2026-02-26,,ACTIVE
BCH-02229,MKN03,Gorengan Campur,51,500,2026-02-27,,ACTIVE
BCH-02230,MKN03,Gorengan Campur,50,500,2026-02-28,,ACTIVE
BCH-02231,MKN03,Gorengan Campur,49,500,2026-03-01,,ACTIVE
BCH-02232,MKN03,Gorengan Campur,48,500,2026-03-02,,ACTIVE
BCH-02233,MKN03,Gorengan Campur,54,500,2026-03-03,,ACTIVE
BCH-02234,MKN03,Gorengan Campur,48,500,2026-03-04,,ACTIVE
BCH-02235,MKN03,Gorengan Campur,52,500,2026-03-05,,ACTIVE
BCH-02236,MKN03,Gorengan Campur,52,500,2026-03-06,,ACTIVE
BCH-02237,MKN03,Gorengan Campur,49,500,2026-03-07,,ACTIVE
BCH-02238,MKN03,Gorengan Campur,53,500,2026-03-08,,ACTIVE
BCH-02239,MKN03,Gorengan Campur,51,500,2026-03-09,,ACTIVE
BCH-02240,MKN03,Gorengan Campur,53,500,2026-03-10,,ACTIVE
BCH-02241,MKN03,Gorengan Campur,48,500,2026-03-11,,ACTIVE
BCH-02242,MKN03,Gorengan Campur,49,500,2026-03-12,,ACTIVE
BCH-02243,MKN03,Gorengan Campur,49,500,2026-03-13,,ACTIVE
BCH-02244,MKN03,Gorengan Campur,52,500,2026-03-14,,ACTIVE
BCH-02245,MKN03,Gorengan Campur,54,500,2026-03-15,,ACTIVE
BCH-02246,MKN03,Gorengan Campur,54,500,2026-03-16,,ACTIVE
BCH-02247,MKN03,Gorengan Campur,52,500,2026-03-17,,ACTIVE
BCH-02248,MKN03,Gorengan Campur,53,500,2026-03-18,,ACTIVE
BCH-02249,MKN03,Gorengan Campur,51,500,2026-03-19,,ACTIVE
BCH-02250,MKN03,Gorengan Campur,51,500,2026-03-20,,ACTIVE
BCH-02251,MKN03,Gorengan Campur,55,500,2026-03-21,,ACTIVE
BCH-02252,MKN03,Gorengan Campur,49,500,2026-03-22,,ACTIVE
BCH-02253,MKN03,Gorengan Campur,53,500,2026-03-23,,ACTIVE
BCH-02254,MKN03,Gorengan Campur,55,500,2026-03-24,,ACTIVE
BCH-02255,MKN03,Gorengan Campur,52,500,2026-03-25,,ACTIVE
BCH-02256,MKN03,Gorengan Campur,51,500,2026-03-26,,ACTIVE
BCH-02257,MKN03,Gorengan Campur,51,500,2026-03-27,,ACTIVE
BCH-02258,MKN03,Gorengan Campur,51,500,2026-03-28,,ACTIVE
BCH-02259,MKN03,Gorengan Campur,52,500,2026-03-29,,ACTIVE
BCH-02260,MKN03,Gorengan Campur,51,500,2026-03-30,,ACTIVE
BCH-02261,MKN03,Gorengan Campur,52,500,2026-03-31,,ACTIVE
BCH-02262,MKN03,Gorengan Campur,49,500,2026-04-01,,ACTIVE
BCH-02263,MKN03,Gorengan Campur,49,500,2026-04-02,,ACTIVE
BCH-02264,MKN03,Gorengan Campur,50,500,2026-04-03,,ACTIVE
BCH-02265,MKN03,Gorengan Campur,53,500,2026-04-04,,ACTIVE
BCH-02266,MKN03,Gorengan Campur,49,500,2026-04-05,,ACTIVE
BCH-02267,MKN03,Gorengan Campur,52,500,2026-04-06,,ACTIVE
BCH-02268,MKN03,Gorengan Campur,54,500,2026-04-07,,ACTIVE
BCH-02269,MKN03,Gorengan Campur,52,500,2026-04-08,,ACTIVE
BCH-02270,MKN03,Gorengan Campur,48,500,2026-04-09,,ACTIVE
BCH-02271,MKN03,Gorengan Campur,50,500,2026-04-10,,ACTIVE
BCH-02272,MKN03,Gorengan Campur,50,500,2026-04-11,,ACTIVE
BCH-02273,MKN03,Gorengan Campur,52,500,2026-04-12,,ACTIVE
BCH-02274,MKN03,Gorengan Campur,51,500,2026-04-13,,ACTIVE
BCH-02275,MKN03,Gorengan Campur,48,500,2026-04-14,,ACTIVE
BCH-02276,MKN03,Gorengan Campur,50,500,2026-04-15,,ACTIVE
BCH-02277,MKN03,Gorengan Campur,50,500,2026-04-16,,ACTIVE
BCH-02278,MKN03,Gorengan Campur,48,500,2026-04-17,,ACTIVE
BCH-02279,MKN03,Gorengan Campur,52,500,2026-04-18,,ACTIVE
BCH-02280,MKN03,Gorengan Campur,55,500,2026-04-19,,ACTIVE
BCH-02281,MKN03,Gorengan Campur,50,500,2026-04-20,,ACTIVE
BCH-02282,MKN03,Gorengan Campur,55,500,2026-04-21,,ACTIVE
BCH-02283,MKN03,Gorengan Campur,52,500,2026-04-22,,ACTIVE
BCH-02284,MKN03,Gorengan Campur,51,500,2026-04-23,,ACTIVE
BCH-02285,MKN03,Gorengan Campur,52,500,2026-04-24,,ACTIVE
BCH-02286,MKN03,Gorengan Campur,51,500,2026-04-25,,ACTIVE
BCH-02287,MKN03,Gorengan Campur,53,500,2026-04-26,,ACTIVE
BCH-02288,MKN03,Gorengan Campur,54,500,2026-04-27,,ACTIVE
BCH-02289,MKN03,Gorengan Campur,50,500,2026-04-28,,ACTIVE
BCH-02290,MKN03,Gorengan Campur,49,500,2026-04-29,,ACTIVE
BCH-02291,MKN03,Gorengan Campur,51,500,2026-04-30,,ACTIVE
BCH-02292,MKN03,Gorengan Campur,49,500,2026-05-01,,ACTIVE
BCH-02293,MKN03,Gorengan Campur,52,500,2026-05-02,,ACTIVE
BCH-02294,MKN03,Gorengan Campur,49,500,2026-05-03,,ACTIVE
BCH-02295,MKN03,Gorengan Campur,48,500,2026-05-04,,ACTIVE
BCH-02296,MKN03,Gorengan Campur,55,500,2026-05-05,,ACTIVE
BCH-02297,MKN03,Gorengan Campur,49,500,2026-05-06,,ACTIVE
BCH-02298,MKN03,Gorengan Campur,55,500,2026-05-07,,ACTIVE
BCH-02299,MKN03,Gorengan Campur,48,500,2026-05-08,,ACTIVE
BCH-02300,MKN03,Gorengan Campur,54,500,2026-05-09,,ACTIVE
BCH-02301,MKN03,Gorengan Campur,53,500,2026-05-10,,ACTIVE
BCH-02302,MKN03,Gorengan Campur,53,500,2026-05-11,,ACTIVE
BCH-02303,MKN03,Gorengan Campur,52,500,2026-05-12,,ACTIVE
BCH-02304,MKN03,Gorengan Campur,49,500,2026-05-13,,ACTIVE
BCH-02305,MKN03,Gorengan Campur,55,500,2026-05-14,,ACTIVE
BCH-02306,MKN03,Gorengan Campur,51,500,2026-05-15,,ACTIVE
BCH-02307,MKN03,Gorengan Campur,50,500,2026-05-16,,ACTIVE
BCH-02308,MKN03,Gorengan Campur,51,500,2026-05-17,,ACTIVE
BCH-02309,MKN03,Gorengan Campur,52,500,2026-05-18,,ACTIVE
BCH-02310,MKN03,Gorengan Campur,50,500,2026-05-19,,ACTIVE
BCH-02311,MKN03,Gorengan Campur,53,500,2026-05-20,,ACTIVE
BCH-02312,MKN03,Gorengan Campur,49,500,2026-05-21,,ACTIVE
BCH-02313,MKN03,Gorengan Campur,51,500,2026-05-22,,ACTIVE
BCH-02314,MKN03,Gorengan Campur,54,500,2026-05-23,,ACTIVE
BCH-02315,MKN03,Gorengan Campur,49,500,2026-05-24,,ACTIVE
BCH-02316,MKN03,Gorengan Campur,55,500,2026-05-25,,ACTIVE
BCH-02317,MKN03,Gorengan Campur,53,500,2026-05-26,,ACTIVE
BCH-02318,MKN03,Gorengan Campur,53,500,2026-05-27,,ACTIVE
BCH-02319,MKN03,Gorengan Campur,54,500,2026-05-28,,ACTIVE
BCH-02320,MKN03,Gorengan Campur,53,500,2026-05-29,,ACTIVE
BCH-02321,MKN03,Gorengan Campur,49,500,2026-05-30,,ACTIVE
BCH-02322,MKN03,Gorengan Campur,55,500,2026-05-31,,ACTIVE
BCH-02323,MKN03,Gorengan Campur,51,500,2026-06-01,,ACTIVE
BCH-02324,MKN03,Gorengan Campur,52,500,2026-06-02,,ACTIVE
BCH-02325,MKN03,Gorengan Campur,50,500,2026-06-03,,ACTIVE
BCH-02326,MKN03,Gorengan Campur,54,500,2026-06-04,,ACTIVE
BCH-02327,MKN03,Gorengan Campur,50,500,2026-06-05,,ACTIVE
BCH-02328,MKN03,Gorengan Campur,48,500,2026-06-06,,ACTIVE
BCH-02329,MKN03,Gorengan Campur,54,500,2026-06-07,,ACTIVE
BCH-02330,MKN03,Gorengan Campur,49,500,2026-06-08,,ACTIVE
BCH-02331,MKN03,Gorengan Campur,52,500,2026-06-09,,ACTIVE
BCH-02332,MKN03,Gorengan Campur,51,500,2026-06-10,,ACTIVE
BCH-02333,MKN03,Gorengan Campur,52,500,2026-06-11,,ACTIVE
BCH-02334,MKN03,Gorengan Campur,53,500,2026-06-12,,ACTIVE
BCH-02335,MKN03,Gorengan Campur,50,500,2026-06-13,,ACTIVE
BCH-02336,MKN03,Gorengan Campur,48,500,2026-06-14,,ACTIVE
BCH-02337,MKN03,Gorengan Campur,53,500,2026-06-15,,ACTIVE
BCH-02338,MKN03,Gorengan Campur,52,500,2026-06-16,,ACTIVE
BCH-02339,MKN03,Gorengan Campur,55,500,2026-06-17,,ACTIVE
BCH-02340,MKN03,Gorengan Campur,48,500,2026-06-18,,ACTIVE
BCH-02341,MKN03,Gorengan Campur,53,500,2026-06-19,,ACTIVE
BCH-02342,MKN03,Gorengan Campur,52,500,2026-06-20,,ACTIVE
BCH-02343,MKN03,Gorengan Campur,49,500,2026-06-21,,ACTIVE
BCH-02344,MKN03,Gorengan Campur,50,500,2026-06-22,,ACTIVE
BCH-02345,MKN03,Gorengan Campur,52,500,2026-06-23,,ACTIVE
BCH-02346,MKN03,Gorengan Campur,52,500,2026-06-24,,ACTIVE
BCH-02347,MKN03,Gorengan Campur,55,500,2026-06-25,,ACTIVE
BCH-02348,MKN03,Gorengan Campur,52,500,2026-06-26,,ACTIVE
BCH-02349,MKN03,Gorengan Campur,51,500,2026-06-27,,ACTIVE
BCH-02350,MKN03,Gorengan Campur,48,500,2026-06-28,,ACTIVE
BCH-02351,MKN03,Gorengan Campur,48,500,2026-06-29,,ACTIVE
BCH-02352,MKN03,Gorengan Campur,53,500,2026-06-30,,ACTIVE
BCH-02353,BMB01,Masako Ayam,28,4500,2025-06-24,2026-06-24,ACTIVE
BCH-02354,BMB01,Masako Ayam,35,4500,2025-07-01,2026-07-01,ACTIVE
BCH-02355,BMB01,Masako Ayam,31,4500,2025-07-08,2026-07-08,ACTIVE
BCH-02356,BMB01,Masako Ayam,33,4500,2025-07-15,2026-07-15,ACTIVE
BCH-02357,BMB01,Masako Ayam,31,4500,2025-07-22,2026-07-22,ACTIVE
BCH-02358,BMB01,Masako Ayam,33,4500,2025-07-29,2026-07-29,ACTIVE
BCH-02359,BMB01,Masako Ayam,31,4500,2025-08-05,2026-08-05,ACTIVE
BCH-02360,BMB01,Masako Ayam,30,4500,2025-08-12,2026-08-12,ACTIVE
BCH-02361,BMB01,Masako Ayam,32,4500,2025-08-19,2026-08-19,ACTIVE
BCH-02362,BMB01,Masako Ayam,32,4500,2025-08-26,2026-08-26,ACTIVE
BCH-02363,BMB01,Masako Ayam,32,4500,2025-09-02,2026-09-02,ACTIVE
BCH-02364,BMB01,Masako Ayam,30,4500,2025-09-09,2026-09-09,ACTIVE
BCH-02365,BMB01,Masako Ayam,33,4500,2025-09-16,2026-09-16,ACTIVE
BCH-02366,BMB01,Masako Ayam,35,4500,2025-09-23,2026-09-23,ACTIVE
BCH-02367,BMB01,Masako Ayam,35,4500,2025-09-30,2026-09-30,ACTIVE
BCH-02368,BMB01,Masako Ayam,34,4500,2025-10-07,2026-10-07,ACTIVE
BCH-02369,BMB01,Masako Ayam,29,4500,2025-10-14,2026-10-14,ACTIVE
BCH-02370,BMB01,Masako Ayam,30,4500,2025-10-21,2026-10-21,ACTIVE
BCH-02371,BMB01,Masako Ayam,34,4500,2025-10-28,2026-10-28,ACTIVE
BCH-02372,BMB01,Masako Ayam,28,4500,2025-11-04,2026-11-04,ACTIVE
BCH-02373,BMB01,Masako Ayam,28,4500,2025-11-11,2026-11-11,ACTIVE
BCH-02374,BMB01,Masako Ayam,31,4500,2025-11-18,2026-11-18,ACTIVE
BCH-02375,BMB01,Masako Ayam,32,4500,2025-11-25,2026-11-25,ACTIVE
BCH-02376,BMB01,Masako Ayam,30,4500,2025-12-02,2026-12-02,ACTIVE
BCH-02377,BMB01,Masako Ayam,30,4500,2025-12-09,2026-12-09,ACTIVE
BCH-02378,BMB01,Masako Ayam,30,4500,2025-12-16,2026-12-16,ACTIVE
BCH-02379,BMB01,Masako Ayam,33,4500,2025-12-23,2026-12-23,ACTIVE
BCH-02380,BMB01,Masako Ayam,34,4500,2025-12-30,2026-12-30,ACTIVE
BCH-02381,BMB01,Masako Ayam,30,4500,2026-01-06,2027-01-06,ACTIVE
BCH-02382,BMB01,Masako Ayam,32,4500,2026-01-13,2027-01-13,ACTIVE
BCH-02383,BMB01,Masako Ayam,34,4500,2026-01-20,2027-01-20,ACTIVE
BCH-02384,BMB01,Masako Ayam,35,4500,2026-01-27,2027-01-27,ACTIVE
BCH-02385,BMB01,Masako Ayam,35,4500,2026-02-03,2027-02-03,ACTIVE
BCH-02386,BMB01,Masako Ayam,33,4500,2026-02-10,2027-02-10,ACTIVE
BCH-02387,BMB01,Masako Ayam,29,4500,2026-02-17,2027-02-17,ACTIVE
BCH-02388,BMB01,Masako Ayam,34,4500,2026-02-24,2027-02-24,ACTIVE
BCH-02389,BMB01,Masako Ayam,34,4500,2026-03-03,2027-03-03,ACTIVE
BCH-02390,BMB01,Masako Ayam,34,4500,2026-03-10,2027-03-10,ACTIVE
BCH-02391,BMB01,Masako Ayam,31,4500,2026-03-17,2027-03-17,ACTIVE
BCH-02392,BMB01,Masako Ayam,28,4500,2026-03-24,2027-03-24,ACTIVE
BCH-02393,BMB01,Masako Ayam,31,4500,2026-03-31,2027-03-31,ACTIVE
BCH-02394,BMB01,Masako Ayam,29,4500,2026-04-07,2027-04-07,ACTIVE
BCH-02395,BMB01,Masako Ayam,35,4500,2026-04-14,2027-04-14,ACTIVE
BCH-02396,BMB01,Masako Ayam,30,4500,2026-04-21,2027-04-21,ACTIVE
BCH-02397,BMB01,Masako Ayam,29,4500,2026-04-28,2027-04-28,ACTIVE
BCH-02398,BMB01,Masako Ayam,29,4500,2026-05-05,2027-05-05,ACTIVE
BCH-02399,BMB01,Masako Ayam,34,4500,2026-05-12,2027-05-12,ACTIVE
BCH-02400,BMB01,Masako Ayam,30,4500,2026-05-19,2027-05-19,ACTIVE
BCH-02401,BMB01,Masako Ayam,32,4500,2026-05-26,2027-05-26,ACTIVE
BCH-02402,BMB01,Masako Ayam,32,4500,2026-06-02,2027-06-02,ACTIVE
BCH-02403,BMB01,Masako Ayam,30,4500,2026-06-09,2027-06-09,ACTIVE
BCH-02404,BMB01,Masako Ayam,29,4500,2026-06-16,2027-06-16,ACTIVE
BCH-02405,BMB01,Masako Ayam,34,4500,2026-06-23,2027-06-23,ACTIVE
BCH-02406,BMB01,Masako Ayam,34,4500,2026-06-30,2027-06-30,ACTIVE
BCH-02407,BMB02,Kecap Manis ABC,5,8000,2025-06-24,2026-06-24,ACTIVE
BCH-02408,BMB02,Kecap Manis ABC,11,8000,2025-07-08,2026-07-08,ACTIVE
BCH-02409,BMB02,Kecap Manis ABC,10,8000,2025-07-22,2026-07-22,ACTIVE
BCH-02410,BMB02,Kecap Manis ABC,4,8000,2025-08-05,2026-08-05,ACTIVE
BCH-02411,BMB02,Kecap Manis ABC,4,8000,2025-08-19,2026-08-19,ACTIVE
BCH-02412,BMB02,Kecap Manis ABC,4,8000,2025-09-02,2026-09-02,ACTIVE
BCH-02413,BMB02,Kecap Manis ABC,8,8000,2025-09-16,2026-09-16,ACTIVE
BCH-02414,BMB02,Kecap Manis ABC,4,8000,2025-09-30,2026-09-30,ACTIVE
BCH-02415,BMB02,Kecap Manis ABC,7,8000,2025-10-14,2026-10-14,ACTIVE
BCH-02416,BMB02,Kecap Manis ABC,7,8000,2025-10-28,2026-10-28,ACTIVE
BCH-02417,BMB02,Kecap Manis ABC,10,8000,2025-11-11,2026-11-11,ACTIVE
BCH-02418,BMB02,Kecap Manis ABC,10,8000,2025-11-25,2026-11-25,ACTIVE
BCH-02419,BMB02,Kecap Manis ABC,10,8000,2025-12-09,2026-12-09,ACTIVE
BCH-02420,BMB02,Kecap Manis ABC,10,8000,2025-12-23,2026-12-23,ACTIVE
BCH-02421,BMB02,Kecap Manis ABC,10,8000,2026-01-06,2027-01-06,ACTIVE
BCH-02422,BMB02,Kecap Manis ABC,6,8000,2026-01-20,2027-01-20,ACTIVE
BCH-02423,BMB02,Kecap Manis ABC,10,8000,2026-02-03,2027-02-03,ACTIVE
BCH-02424,BMB02,Kecap Manis ABC,4,8000,2026-02-17,2027-02-17,ACTIVE
BCH-02425,BMB02,Kecap Manis ABC,9,8000,2026-03-03,2027-03-03,ACTIVE
BCH-02426,BMB02,Kecap Manis ABC,9,8000,2026-03-17,2027-03-17,ACTIVE
BCH-02427,BMB02,Kecap Manis ABC,7,8000,2026-03-31,2027-03-31,ACTIVE
BCH-02428,BMB02,Kecap Manis ABC,11,8000,2026-04-14,2027-04-14,ACTIVE
BCH-02429,BMB02,Kecap Manis ABC,5,8000,2026-04-28,2027-04-28,ACTIVE
BCH-02430,BMB02,Kecap Manis ABC,4,8000,2026-05-12,2027-05-12,ACTIVE
BCH-02431,BMB02,Kecap Manis ABC,7,8000,2026-05-26,2027-05-26,ACTIVE
BCH-02432,BMB02,Kecap Manis ABC,9,8000,2026-06-09,2027-06-09,ACTIVE
BCH-02433,BMB02,Kecap Manis ABC,9,8000,2026-06-23,2027-06-23,ACTIVE
BCH-02434,KRT01,Rinso Anti Noda 800g,10,13000,2025-06-24,,ACTIVE
BCH-02435,KRT01,Rinso Anti Noda 800g,11,13000,2025-07-08,,ACTIVE
BCH-02436,KRT01,Rinso Anti Noda 800g,9,13000,2025-07-22,,ACTIVE
BCH-02437,KRT01,Rinso Anti Noda 800g,13,13000,2025-08-05,,ACTIVE
BCH-02438,KRT01,Rinso Anti Noda 800g,13,13000,2025-08-19,,ACTIVE
BCH-02439,KRT01,Rinso Anti Noda 800g,13,13000,2025-09-02,,ACTIVE
BCH-02440,KRT01,Rinso Anti Noda 800g,9,13000,2025-09-16,,ACTIVE
BCH-02441,KRT01,Rinso Anti Noda 800g,10,13000,2025-09-30,,ACTIVE
BCH-02442,KRT01,Rinso Anti Noda 800g,7,13000,2025-10-14,,ACTIVE
BCH-02443,KRT01,Rinso Anti Noda 800g,13,13000,2025-10-28,,ACTIVE
BCH-02444,KRT01,Rinso Anti Noda 800g,10,13000,2025-11-11,,ACTIVE
BCH-02445,KRT01,Rinso Anti Noda 800g,6,13000,2025-11-25,,ACTIVE
BCH-02446,KRT01,Rinso Anti Noda 800g,10,13000,2025-12-09,,ACTIVE
BCH-02447,KRT01,Rinso Anti Noda 800g,13,13000,2025-12-23,,ACTIVE
BCH-02448,KRT01,Rinso Anti Noda 800g,7,13000,2026-01-06,,ACTIVE
BCH-02449,KRT01,Rinso Anti Noda 800g,11,13000,2026-01-20,,ACTIVE
BCH-02450,KRT01,Rinso Anti Noda 800g,8,13000,2026-02-03,,ACTIVE
BCH-02451,KRT01,Rinso Anti Noda 800g,7,13000,2026-02-17,,ACTIVE
BCH-02452,KRT01,Rinso Anti Noda 800g,8,13000,2026-03-03,,ACTIVE
BCH-02453,KRT01,Rinso Anti Noda 800g,7,13000,2026-03-17,,ACTIVE
BCH-02454,KRT01,Rinso Anti Noda 800g,9,13000,2026-03-31,,ACTIVE
BCH-02455,KRT01,Rinso Anti Noda 800g,11,13000,2026-04-14,,ACTIVE
BCH-02456,KRT01,Rinso Anti Noda 800g,13,13000,2026-04-28,,ACTIVE
BCH-02457,KRT01,Rinso Anti Noda 800g,6,13000,2026-05-12,,ACTIVE
BCH-02458,KRT01,Rinso Anti Noda 800g,10,13000,2026-05-26,,ACTIVE
BCH-02459,KRT01,Rinso Anti Noda 800g,9,13000,2026-06-09,,ACTIVE
BCH-02460,KRT01,Rinso Anti Noda 800g,8,13000,2026-06-23,,ACTIVE
BCH-02461,KRT02,Sunlight 400ml,8,7500,2025-06-24,,ACTIVE
BCH-02462,KRT02,Sunlight 400ml,8,7500,2025-07-01,,ACTIVE
BCH-02463,KRT02,Sunlight 400ml,12,7500,2025-07-08,,ACTIVE
BCH-02464,KRT02,Sunlight 400ml,14,7500,2025-07-15,,ACTIVE
BCH-02465,KRT02,Sunlight 400ml,8,7500,2025-07-22,,ACTIVE
BCH-02466,KRT02,Sunlight 400ml,8,7500,2025-07-29,,ACTIVE
BCH-02467,KRT02,Sunlight 400ml,14,7500,2025-08-05,,ACTIVE
BCH-02468,KRT02,Sunlight 400ml,13,7500,2025-08-12,,ACTIVE
BCH-02469,KRT02,Sunlight 400ml,14,7500,2025-08-19,,ACTIVE
BCH-02470,KRT02,Sunlight 400ml,15,7500,2025-08-26,,ACTIVE
BCH-02471,KRT02,Sunlight 400ml,11,7500,2025-09-02,,ACTIVE
BCH-02472,KRT02,Sunlight 400ml,11,7500,2025-09-09,,ACTIVE
BCH-02473,KRT02,Sunlight 400ml,12,7500,2025-09-16,,ACTIVE
BCH-02474,KRT02,Sunlight 400ml,13,7500,2025-09-23,,ACTIVE
BCH-02475,KRT02,Sunlight 400ml,12,7500,2025-09-30,,ACTIVE
BCH-02476,KRT02,Sunlight 400ml,8,7500,2025-10-07,,ACTIVE
BCH-02477,KRT02,Sunlight 400ml,15,7500,2025-10-14,,ACTIVE
BCH-02478,KRT02,Sunlight 400ml,9,7500,2025-10-21,,ACTIVE
BCH-02479,KRT02,Sunlight 400ml,15,7500,2025-10-28,,ACTIVE
BCH-02480,KRT02,Sunlight 400ml,13,7500,2025-11-04,,ACTIVE
BCH-02481,KRT02,Sunlight 400ml,10,7500,2025-11-11,,ACTIVE
BCH-02482,KRT02,Sunlight 400ml,12,7500,2025-11-18,,ACTIVE
BCH-02483,KRT02,Sunlight 400ml,15,7500,2025-11-25,,ACTIVE
BCH-02484,KRT02,Sunlight 400ml,14,7500,2025-12-02,,ACTIVE
BCH-02485,KRT02,Sunlight 400ml,11,7500,2025-12-09,,ACTIVE
BCH-02486,KRT02,Sunlight 400ml,13,7500,2025-12-16,,ACTIVE
BCH-02487,KRT02,Sunlight 400ml,8,7500,2025-12-23,,ACTIVE
BCH-02488,KRT02,Sunlight 400ml,10,7500,2025-12-30,,ACTIVE
BCH-02489,KRT02,Sunlight 400ml,8,7500,2026-01-06,,ACTIVE
BCH-02490,KRT02,Sunlight 400ml,8,7500,2026-01-13,,ACTIVE
BCH-02491,KRT02,Sunlight 400ml,13,7500,2026-01-20,,ACTIVE
BCH-02492,KRT02,Sunlight 400ml,10,7500,2026-01-27,,ACTIVE
BCH-02493,KRT02,Sunlight 400ml,13,7500,2026-02-03,,ACTIVE
BCH-02494,KRT02,Sunlight 400ml,14,7500,2026-02-10,,ACTIVE
BCH-02495,KRT02,Sunlight 400ml,12,7500,2026-02-17,,ACTIVE
BCH-02496,KRT02,Sunlight 400ml,10,7500,2026-02-24,,ACTIVE
BCH-02497,KRT02,Sunlight 400ml,14,7500,2026-03-03,,ACTIVE
BCH-02498,KRT02,Sunlight 400ml,10,7500,2026-03-10,,ACTIVE
BCH-02499,KRT02,Sunlight 400ml,12,7500,2026-03-17,,ACTIVE
BCH-02500,KRT02,Sunlight 400ml,13,7500,2026-03-24,,ACTIVE
BCH-02501,KRT02,Sunlight 400ml,14,7500,2026-03-31,,ACTIVE
BCH-02502,KRT02,Sunlight 400ml,9,7500,2026-04-07,,ACTIVE
BCH-02503,KRT02,Sunlight 400ml,11,7500,2026-04-14,,ACTIVE
BCH-02504,KRT02,Sunlight 400ml,12,7500,2026-04-21,,ACTIVE
BCH-02505,KRT02,Sunlight 400ml,15,7500,2026-04-28,,ACTIVE
BCH-02506,KRT02,Sunlight 400ml,14,7500,2026-05-05,,ACTIVE
BCH-02507,KRT02,Sunlight 400ml,9,7500,2026-05-12,,ACTIVE
BCH-02508,KRT02,Sunlight 400ml,13,7500,2026-05-19,,ACTIVE
BCH-02509,KRT02,Sunlight 400ml,12,7500,2026-05-26,,ACTIVE
BCH-02510,KRT02,Sunlight 400ml,8,7500,2026-06-02,,ACTIVE
BCH-02511,KRT02,Sunlight 400ml,8,7500,2026-06-09,,ACTIVE
BCH-02512,KRT02,Sunlight 400ml,9,7500,2026-06-16,,ACTIVE
BCH-02513,KRT02,Sunlight 400ml,10,7500,2026-06-23,,ACTIVE
BCH-02514,KRT02,Sunlight 400ml,8,7500,2026-06-30,,ACTIVE
BCH-02515,KRT03,Shampoo Pantene Sachet,29,1000,2025-06-24,2027-06-24,ACTIVE
BCH-02516,KRT03,Shampoo Pantene Sachet,32,1000,2025-07-01,2027-07-01,ACTIVE
BCH-02517,KRT03,Shampoo Pantene Sachet,31,1000,2025-07-08,2027-07-08,ACTIVE
BCH-02518,KRT03,Shampoo Pantene Sachet,32,1000,2025-07-15,2027-07-15,ACTIVE
BCH-02519,KRT03,Shampoo Pantene Sachet,29,1000,2025-07-22,2027-07-22,ACTIVE
BCH-02520,KRT03,Shampoo Pantene Sachet,30,1000,2025-07-29,2027-07-29,ACTIVE
BCH-02521,KRT03,Shampoo Pantene Sachet,32,1000,2025-08-05,2027-08-05,ACTIVE
BCH-02522,KRT03,Shampoo Pantene Sachet,33,1000,2025-08-12,2027-08-12,ACTIVE
BCH-02523,KRT03,Shampoo Pantene Sachet,31,1000,2025-08-19,2027-08-19,ACTIVE
BCH-02524,KRT03,Shampoo Pantene Sachet,28,1000,2025-08-26,2027-08-26,ACTIVE
BCH-02525,KRT03,Shampoo Pantene Sachet,34,1000,2025-09-02,2027-09-02,ACTIVE
BCH-02526,KRT03,Shampoo Pantene Sachet,35,1000,2025-09-09,2027-09-09,ACTIVE
BCH-02527,KRT03,Shampoo Pantene Sachet,35,1000,2025-09-16,2027-09-16,ACTIVE
BCH-02528,KRT03,Shampoo Pantene Sachet,30,1000,2025-09-23,2027-09-23,ACTIVE
BCH-02529,KRT03,Shampoo Pantene Sachet,30,1000,2025-09-30,2027-09-30,ACTIVE
BCH-02530,KRT03,Shampoo Pantene Sachet,32,1000,2025-10-07,2027-10-07,ACTIVE
BCH-02531,KRT03,Shampoo Pantene Sachet,31,1000,2025-10-14,2027-10-14,ACTIVE
BCH-02532,KRT03,Shampoo Pantene Sachet,31,1000,2025-10-21,2027-10-21,ACTIVE
BCH-02533,KRT03,Shampoo Pantene Sachet,28,1000,2025-10-28,2027-10-28,ACTIVE
BCH-02534,KRT03,Shampoo Pantene Sachet,34,1000,2025-11-04,2027-11-04,ACTIVE
BCH-02535,KRT03,Shampoo Pantene Sachet,33,1000,2025-11-11,2027-11-11,ACTIVE
BCH-02536,KRT03,Shampoo Pantene Sachet,32,1000,2025-11-18,2027-11-18,ACTIVE
BCH-02537,KRT03,Shampoo Pantene Sachet,30,1000,2025-11-25,2027-11-25,ACTIVE
BCH-02538,KRT03,Shampoo Pantene Sachet,30,1000,2025-12-02,2027-12-02,ACTIVE
BCH-02539,KRT03,Shampoo Pantene Sachet,31,1000,2025-12-09,2027-12-09,ACTIVE
BCH-02540,KRT03,Shampoo Pantene Sachet,29,1000,2025-12-16,2027-12-16,ACTIVE
BCH-02541,KRT03,Shampoo Pantene Sachet,28,1000,2025-12-23,2027-12-23,ACTIVE
BCH-02542,KRT03,Shampoo Pantene Sachet,29,1000,2025-12-30,2027-12-30,ACTIVE
BCH-02543,KRT03,Shampoo Pantene Sachet,30,1000,2026-01-06,2028-01-06,ACTIVE
BCH-02544,KRT03,Shampoo Pantene Sachet,33,1000,2026-01-13,2028-01-13,ACTIVE
BCH-02545,KRT03,Shampoo Pantene Sachet,29,1000,2026-01-20,2028-01-20,ACTIVE
BCH-02546,KRT03,Shampoo Pantene Sachet,30,1000,2026-01-27,2028-01-27,ACTIVE
BCH-02547,KRT03,Shampoo Pantene Sachet,31,1000,2026-02-03,2028-02-03,ACTIVE
BCH-02548,KRT03,Shampoo Pantene Sachet,31,1000,2026-02-10,2028-02-10,ACTIVE
BCH-02549,KRT03,Shampoo Pantene Sachet,35,1000,2026-02-17,2028-02-17,ACTIVE
BCH-02550,KRT03,Shampoo Pantene Sachet,28,1000,2026-02-24,2028-02-24,ACTIVE
BCH-02551,KRT03,Shampoo Pantene Sachet,35,1000,2026-03-03,2028-03-02,ACTIVE
BCH-02552,KRT03,Shampoo Pantene Sachet,28,1000,2026-03-10,2028-03-09,ACTIVE
BCH-02553,KRT03,Shampoo Pantene Sachet,28,1000,2026-03-17,2028-03-16,ACTIVE
BCH-02554,KRT03,Shampoo Pantene Sachet,31,1000,2026-03-24,2028-03-23,ACTIVE
BCH-02555,KRT03,Shampoo Pantene Sachet,28,1000,2026-03-31,2028-03-30,ACTIVE
BCH-02556,KRT03,Shampoo Pantene Sachet,30,1000,2026-04-07,2028-04-06,ACTIVE
BCH-02557,KRT03,Shampoo Pantene Sachet,30,1000,2026-04-14,2028-04-13,ACTIVE
BCH-02558,KRT03,Shampoo Pantene Sachet,32,1000,2026-04-21,2028-04-20,ACTIVE
BCH-02559,KRT03,Shampoo Pantene Sachet,30,1000,2026-04-28,2028-04-27,ACTIVE
BCH-02560,KRT03,Shampoo Pantene Sachet,35,1000,2026-05-05,2028-05-04,ACTIVE
BCH-02561,KRT03,Shampoo Pantene Sachet,31,1000,2026-05-12,2028-05-11,ACTIVE
BCH-02562,KRT03,Shampoo Pantene Sachet,29,1000,2026-05-19,2028-05-18,ACTIVE
BCH-02563,KRT03,Shampoo Pantene Sachet,34,1000,2026-05-26,2028-05-25,ACTIVE
BCH-02564,KRT03,Shampoo Pantene Sachet,34,1000,2026-06-02,2028-06-01,ACTIVE
BCH-02565,KRT03,Shampoo Pantene Sachet,31,1000,2026-06-09,2028-06-08,ACTIVE
BCH-02566,KRT03,Shampoo Pantene Sachet,30,1000,2026-06-16,2028-06-15,ACTIVE
BCH-02567,KRT03,Shampoo Pantene Sachet,32,1000,2026-06-23,2028-06-22,ACTIVE
BCH-02568,KRT03,Shampoo Pantene Sachet,29,1000,2026-06-30,2028-06-29,ACTIVE
BCH-02569,GAS01,Gas LPG 3kg,1,20000,2025-06-24,,ACTIVE
BCH-02570,GAS01,Gas LPG 3kg,2,20000,2025-07-01,,ACTIVE
BCH-02571,GAS01,Gas LPG 3kg,5,20000,2025-07-08,,ACTIVE
BCH-02572,GAS01,Gas LPG 3kg,8,20000,2025-07-15,,ACTIVE
BCH-02573,GAS01,Gas LPG 3kg,5,20000,2025-07-22,,ACTIVE
BCH-02574,GAS01,Gas LPG 3kg,2,20000,2025-07-29,,ACTIVE
BCH-02575,GAS01,Gas LPG 3kg,6,20000,2025-08-05,,ACTIVE
BCH-02576,GAS01,Gas LPG 3kg,3,20000,2025-08-12,,ACTIVE
BCH-02577,GAS01,Gas LPG 3kg,4,20000,2025-08-19,,ACTIVE
BCH-02578,GAS01,Gas LPG 3kg,6,20000,2025-08-26,,ACTIVE
BCH-02579,GAS01,Gas LPG 3kg,3,20000,2025-09-02,,ACTIVE
BCH-02580,GAS01,Gas LPG 3kg,1,20000,2025-09-09,,ACTIVE
BCH-02581,GAS01,Gas LPG 3kg,4,20000,2025-09-16,,ACTIVE
BCH-02582,GAS01,Gas LPG 3kg,2,20000,2025-09-23,,ACTIVE
BCH-02583,GAS01,Gas LPG 3kg,3,20000,2025-09-30,,ACTIVE
BCH-02584,GAS01,Gas LPG 3kg,5,20000,2025-10-07,,ACTIVE
BCH-02585,GAS01,Gas LPG 3kg,4,20000,2025-10-14,,ACTIVE
BCH-02586,GAS01,Gas LPG 3kg,8,20000,2025-10-21,,ACTIVE
BCH-02587,GAS01,Gas LPG 3kg,1,20000,2025-10-28,,ACTIVE
BCH-02588,GAS01,Gas LPG 3kg,2,20000,2025-11-04,,ACTIVE
BCH-02589,GAS01,Gas LPG 3kg,8,20000,2025-11-11,,ACTIVE
BCH-02590,GAS01,Gas LPG 3kg,7,20000,2025-11-18,,ACTIVE
BCH-02591,GAS01,Gas LPG 3kg,4,20000,2025-11-25,,ACTIVE
BCH-02592,GAS01,Gas LPG 3kg,2,20000,2025-12-02,,ACTIVE
BCH-02593,GAS01,Gas LPG 3kg,5,20000,2025-12-09,,ACTIVE
BCH-02594,GAS01,Gas LPG 3kg,1,20000,2025-12-16,,ACTIVE
BCH-02595,GAS01,Gas LPG 3kg,3,20000,2025-12-23,,ACTIVE
BCH-02596,GAS01,Gas LPG 3kg,8,20000,2025-12-30,,ACTIVE
BCH-02597,GAS01,Gas LPG 3kg,5,20000,2026-01-06,,ACTIVE
BCH-02598,GAS01,Gas LPG 3kg,2,20000,2026-01-13,,ACTIVE
BCH-02599,GAS01,Gas LPG 3kg,3,20000,2026-01-20,,ACTIVE
BCH-02600,GAS01,Gas LPG 3kg,4,20000,2026-01-27,,ACTIVE
BCH-02601,GAS01,Gas LPG 3kg,4,20000,2026-02-03,,ACTIVE
BCH-02602,GAS01,Gas LPG 3kg,8,20000,2026-02-10,,ACTIVE
BCH-02603,GAS01,Gas LPG 3kg,3,20000,2026-02-17,,ACTIVE
BCH-02604,GAS01,Gas LPG 3kg,8,20000,2026-02-24,,ACTIVE
BCH-02605,GAS01,Gas LPG 3kg,5,20000,2026-03-03,,ACTIVE
BCH-02606,GAS01,Gas LPG 3kg,6,20000,2026-03-10,,ACTIVE
BCH-02607,GAS01,Gas LPG 3kg,4,20000,2026-03-17,,ACTIVE
BCH-02608,GAS01,Gas LPG 3kg,6,20000,2026-03-24,,ACTIVE
BCH-02609,GAS01,Gas LPG 3kg,6,20000,2026-03-31,,ACTIVE
BCH-02610,GAS01,Gas LPG 3kg,1,20000,2026-04-07,,ACTIVE
BCH-02611,GAS01,Gas LPG 3kg,7,20000,2026-04-14,,ACTIVE
BCH-02612,GAS01,Gas LPG 3kg,3,20000,2026-04-21,,ACTIVE
BCH-02613,GAS01,Gas LPG 3kg,5,20000,2026-04-28,,ACTIVE
BCH-02614,GAS01,Gas LPG 3kg,3,20000,2026-05-05,,ACTIVE
BCH-02615,GAS01,Gas LPG 3kg,1,20000,2026-05-12,,ACTIVE
BCH-02616,GAS01,Gas LPG 3kg,5,20000,2026-05-19,,ACTIVE
BCH-02617,GAS01,Gas LPG 3kg,8,20000,2026-05-26,,ACTIVE
BCH-02618,GAS01,Gas LPG 3kg,7,20000,2026-06-02,,ACTIVE
BCH-02619,GAS01,Gas LPG 3kg,4,20000,2026-06-09,,ACTIVE
BCH-02620,GAS01,Gas LPG 3kg,4,20000,2026-06-16,,ACTIVE
BCH-02621,GAS01,Gas LPG 3kg,1,20000,2026-06-23,,ACTIVE
BCH-02622,GAS01,Gas LPG 3kg,2,20000,2026-06-30,,ACTIVE
BCH-02623,PRW01,Pasta Gigi Pepsodent 75g,7,5000,2025-06-24,2027-06-24,ACTIVE
BCH-02624,PRW01,Pasta Gigi Pepsodent 75g,8,5000,2025-07-08,2027-07-08,ACTIVE
BCH-02625,PRW01,Pasta Gigi Pepsodent 75g,6,5000,2025-07-22,2027-07-22,ACTIVE
BCH-02626,PRW01,Pasta Gigi Pepsodent 75g,11,5000,2025-08-05,2027-08-05,ACTIVE
BCH-02627,PRW01,Pasta Gigi Pepsodent 75g,7,5000,2025-08-19,2027-08-19,ACTIVE
BCH-02628,PRW01,Pasta Gigi Pepsodent 75g,10,5000,2025-09-02,2027-09-02,ACTIVE
BCH-02629,PRW01,Pasta Gigi Pepsodent 75g,10,5000,2025-09-16,2027-09-16,ACTIVE
BCH-02630,PRW01,Pasta Gigi Pepsodent 75g,10,5000,2025-09-30,2027-09-30,ACTIVE
BCH-02631,PRW01,Pasta Gigi Pepsodent 75g,8,5000,2025-10-14,2027-10-14,ACTIVE
BCH-02632,PRW01,Pasta Gigi Pepsodent 75g,13,5000,2025-10-28,2027-10-28,ACTIVE
BCH-02633,PRW01,Pasta Gigi Pepsodent 75g,13,5000,2025-11-11,2027-11-11,ACTIVE
BCH-02634,PRW01,Pasta Gigi Pepsodent 75g,11,5000,2025-11-25,2027-11-25,ACTIVE
BCH-02635,PRW01,Pasta Gigi Pepsodent 75g,13,5000,2025-12-09,2027-12-09,ACTIVE
BCH-02636,PRW01,Pasta Gigi Pepsodent 75g,7,5000,2025-12-23,2027-12-23,ACTIVE
BCH-02637,PRW01,Pasta Gigi Pepsodent 75g,6,5000,2026-01-06,2028-01-06,ACTIVE
BCH-02638,PRW01,Pasta Gigi Pepsodent 75g,7,5000,2026-01-20,2028-01-20,ACTIVE
BCH-02639,PRW01,Pasta Gigi Pepsodent 75g,8,5000,2026-02-03,2028-02-03,ACTIVE
BCH-02640,PRW01,Pasta Gigi Pepsodent 75g,13,5000,2026-02-17,2028-02-17,ACTIVE
BCH-02641,PRW01,Pasta Gigi Pepsodent 75g,9,5000,2026-03-03,2028-03-02,ACTIVE
BCH-02642,PRW01,Pasta Gigi Pepsodent 75g,13,5000,2026-03-17,2028-03-16,ACTIVE
BCH-02643,PRW01,Pasta Gigi Pepsodent 75g,12,5000,2026-03-31,2028-03-30,ACTIVE
BCH-02644,PRW01,Pasta Gigi Pepsodent 75g,10,5000,2026-04-14,2028-04-13,ACTIVE
BCH-02645,PRW01,Pasta Gigi Pepsodent 75g,11,5000,2026-04-28,2028-04-27,ACTIVE
BCH-02646,PRW01,Pasta Gigi Pepsodent 75g,7,5000,2026-05-12,2028-05-11,ACTIVE
BCH-02647,PRW01,Pasta Gigi Pepsodent 75g,12,5000,2026-05-26,2028-05-25,ACTIVE
BCH-02648,PRW01,Pasta Gigi Pepsodent 75g,13,5000,2026-06-09,2028-06-08,ACTIVE
BCH-02649,PRW01,Pasta Gigi Pepsodent 75g,11,5000,2026-06-23,2028-06-22,ACTIVE
BCH-02650,SMB06,Garam Dapur 250g,18,2000,2025-06-24,,ACTIVE
BCH-02651,SMB06,Garam Dapur 250g,23,2000,2025-07-08,,ACTIVE
BCH-02652,SMB06,Garam Dapur 250g,19,2000,2025-07-22,,ACTIVE
BCH-02653,SMB06,Garam Dapur 250g,18,2000,2025-08-05,,ACTIVE
BCH-02654,SMB06,Garam Dapur 250g,25,2000,2025-08-19,,ACTIVE
BCH-02655,SMB06,Garam Dapur 250g,18,2000,2025-09-02,,ACTIVE
BCH-02656,SMB06,Garam Dapur 250g,19,2000,2025-09-16,,ACTIVE
BCH-02657,SMB06,Garam Dapur 250g,21,2000,2025-09-30,,ACTIVE
BCH-02658,SMB06,Garam Dapur 250g,19,2000,2025-10-14,,ACTIVE
BCH-02659,SMB06,Garam Dapur 250g,23,2000,2025-10-28,,ACTIVE
BCH-02660,SMB06,Garam Dapur 250g,18,2000,2025-11-11,,ACTIVE
BCH-02661,SMB06,Garam Dapur 250g,18,2000,2025-11-25,,ACTIVE
BCH-02662,SMB06,Garam Dapur 250g,24,2000,2025-12-09,,ACTIVE
BCH-02663,SMB06,Garam Dapur 250g,20,2000,2025-12-23,,ACTIVE
BCH-02664,SMB06,Garam Dapur 250g,25,2000,2026-01-06,,ACTIVE
BCH-02665,SMB06,Garam Dapur 250g,20,2000,2026-01-20,,ACTIVE
BCH-02666,SMB06,Garam Dapur 250g,25,2000,2026-02-03,,ACTIVE
BCH-02667,SMB06,Garam Dapur 250g,22,2000,2026-02-17,,ACTIVE
BCH-02668,SMB06,Garam Dapur 250g,19,2000,2026-03-03,,ACTIVE
BCH-02669,SMB06,Garam Dapur 250g,20,2000,2026-03-17,,ACTIVE
BCH-02670,SMB06,Garam Dapur 250g,25,2000,2026-03-31,,ACTIVE
BCH-02671,SMB06,Garam Dapur 250g,20,2000,2026-04-14,,ACTIVE
BCH-02672,SMB06,Garam Dapur 250g,20,2000,2026-04-28,,ACTIVE
BCH-02673,SMB06,Garam Dapur 250g,20,2000,2026-05-12,,ACTIVE
BCH-02674,SMB06,Garam Dapur 250g,21,2000,2026-05-26,,ACTIVE
BCH-02675,SMB06,Garam Dapur 250g,22,2000,2026-06-09,,ACTIVE
BCH-02676,SMB06,Garam Dapur 250g,20,2000,2026-06-23,,ACTIVE
