transaction_code,date,time,datetime,day_of_week,day_name,month,is_weekend,is_payday,event,event_multiplier,total,payment_method,amount_paid,change,num_items
TRX-250701-00001,2025-07-01,06:17:00,2025-07-01 06:17:00,1,Tuesday,7,0,1,normal,1.0,9000,CASH,10000,1000,2
TRX-250701-00002,2025-07-01,10:38:00,2025-07-01 10:38:00,1,Tuesday,7,0,1,normal,1.0,3000,CASH,5000,2000,1
TRX-250701-00003,2025-07-01,15:51:00,2025-07-01 15:51:00,1,Tuesday,7,0,1,normal,1.0,19000,CASH,20000,1000,4
TRX-250701-00004,2025-07-01,08:59:00,2025-07-01 08:59:00,1,Tuesday,7,0,1,normal,1.0,110850,CASH,115000,4150,2
TRX-250701-00005,2025-07-01,17:05:00,2025-07-01 17:05:00,1,Tuesday,7,0,1,normal,1.0,17500,CASH,20000,2500,4
TRX-250701-00006,2025-07-01,13:17:00,2025-07-01 13:17:00,1,Tuesday,7,0,1,normal,1.0,70000,CASH,75000,5000,3
TRX-250701-00007,2025-07-01,11:41:00,2025-07-01 11:41:00,1,Tuesday,7,0,1,normal,1.0,29000,CASH,30000,1000,2
TRX-250701-00008,2025-07-01,12:37:00,2025-07-01 12:37:00,1,Tuesday,7,0,1,normal,1.0,5850,CASH,10000,4150,2
TRX-250701-00009,2025-07-01,16:38:00,2025-07-01 16:38:00,1,Tuesday,7,0,1,normal,1.0,6000,EWALLET,6000,0,1
TRX-250701-00010,2025-07-01,18:00:00,2025-07-01 18:00:00,1,Tuesday,7,0,1,normal,1.0,14250,QRIS,14250,0,3
TRX-250701-00011,2025-07-01,13:11:00,2025-07-01 13:11:00,1,Tuesday,7,0,1,normal,1.0,16000,CASH,20000,4000,3
TRX-250701-00012,2025-07-01,15:31:00,2025-07-01 15:31:00,1,Tuesday,7,0,1,normal,1.0,18000,QRIS,18000,0,1
TRX-250701-00013,2025-07-01,07:56:00,2025-07-01 07:56:00,1,Tuesday,7,0,1,normal,1.0,52000,EWALLET,52000,0,3
TRX-250701-00014,2025-07-01,15:13:00,2025-07-01 15:13:00,1,Tuesday,7,0,1,normal,1.0,38650,CASH,40000,1350,4
TRX-250701-00015,2025-07-01,15:14:00,2025-07-01 15:14:00,1,Tuesday,7,0,1,normal,1.0,15500,CASH,20000,4500,1
TRX-250701-00016,2025-07-01,13:34:00,2025-07-01 13:34:00,1,Tuesday,7,0,1,normal,1.0,1500,CASH,5000,3500,1
TRX-250701-00017,2025-07-01,18:12:00,2025-07-01 18:12:00,1,Tuesday,7,0,1,normal,1.0,24000,CASH,25000,1000,1
TRX-250701-00018,2025-07-01,07:41:00,2025-07-01 07:41:00,1,Tuesday,7,0,1,normal,1.0,35000,CASH,40000,5000,5
TRX-250701-00019,2025-07-01,18:05:00,2025-07-01 18:05:00,1,Tuesday,7,0,1,normal,1.0,29000,CASH,30000,1000,5
TRX-250701-00020,2025-07-01,09:18:00,2025-07-01 09:18:00,1,Tuesday,7,0,1,normal,1.0,59000,CASH,60000,1000,2
TRX-250701-00021,2025-07-01,14:03:00,2025-07-01 14:03:00,1,Tuesday,7,0,1,normal,1.0,51000,CASH,55000,4000,5
TRX-250701-00022,2025-07-01,10:25:00,2025-07-01 10:25:00,1,Tuesday,7,0,1,normal,1.0,48000,CASH,50000,2000,1
TRX-250701-00023,2025-07-01,06:39:00,2025-07-01 06:39:00,1,Tuesday,7,0,1,normal,1.0,47000,QRIS,47000,0,5
TRX-250701-00024,2025-07-01,11:42:00,2025-07-01 11:42:00,1,Tuesday,7,0,1,normal,1.0,15000,CASH,20000,5000,1
TRX-250701-00025,2025-07-01,09:18:00,2025-07-01 09:18:00,1,Tuesday,7,0,1,normal,1.0,60000,CASH,65000,5000,3
TRX-250701-00026,2025-07-01,06:49:00,2025-07-01 06:49:00,1,Tuesday,7,0,1,normal,1.0,7000,CASH,10000,3000,1
TRX-250701-00027,2025-07-01,14:07:00,2025-07-01 14:07:00,1,Tuesday,7,0,1,normal,1.0,5000,TRANSFER,5000,0,1
TRX-250702-00028,2025-07-02,09:08:00,2025-07-02 09:08:00,2,Wednesday,7,0,1,normal,1.0,13500,TRANSFER,13500,0,1
TRX-250702-00029,2025-07-02,10:15:00,2025-07-02 10:15:00,2,Wednesday,7,0,1,normal,1.0,46000,EWALLET,46000,0,3
TRX-250702-00030,2025-07-02,12:11:00,2025-07-02 12:11:00,2,Wednesday,7,0,1,normal,1.0,32000,QRIS,32000,0,3
TRX-250702-00031,2025-07-02,10:52:00,2025-07-02 10:52:00,2,Wednesday,7,0,1,normal,1.0,42000,CASH,45000,3000,5
TRX-250702-00032,2025-07-02,10:37:00,2025-07-02 10:37:00,2,Wednesday,7,0,1,normal,1.0,77650,CASH,80000,2350,5
TRX-250702-00033,2025-07-02,12:42:00,2025-07-02 12:42:00,2,Wednesday,7,0,1,normal,1.0,76000,CASH,80000,4000,5
TRX-250702-00034,2025-07-02,18:19:00,2025-07-02 18:19:00,2,Wednesday,7,0,1,normal,1.0,14000,CASH,15000,1000,2
TRX-250702-00035,2025-07-02,19:50:00,2025-07-02 19:50:00,2,Wednesday,7,0,1,normal,1.0,16000,CASH,20000,4000,2
TRX-250702-00036,2025-07-02,18:09:00,2025-07-02 18:09:00,2,Wednesday,7,0,1,normal,1.0,16000,CASH,20000,4000,1
TRX-250702-00037,2025-07-02,12:40:00,2025-07-02 12:40:00,2,Wednesday,7,0,1,normal,1.0,57000,CASH,60000,3000,2
TRX-250702-00038,2025-07-02,17:14:00,2025-07-02 17:14:00,2,Wednesday,7,0,1,normal,1.0,2500,CASH,5000,2500,2
TRX-250702-00039,2025-07-02,16:35:00,2025-07-02 16:35:00,2,Wednesday,7,0,1,normal,1.0,10500,CASH,15000,4500,3
TRX-250702-00040,2025-07-02,10:15:00,2025-07-02 10:15:00,2,Wednesday,7,0,1,normal,1.0,15500,CASH,20000,4500,3
TRX-250702-00041,2025-07-02,12:09:00,2025-07-02 12:09:00,2,Wednesday,7,0,1,normal,1.0,105000,CASH,110000,5000,3
TRX-250702-00042,2025-07-02,17:24:00,2025-07-02 17:24:00,2,Wednesday,7,0,1,normal,1.0,8500,CASH,10000,1500,2
TRX-250702-00043,2025-07-02,18:57:00,2025-07-02 18:57:00,2,Wednesday,7,0,1,normal,1.0,9000,CASH,10000,1000,2
TRX-250702-00044,2025-07-02,13:08:00,2025-07-02 13:08:00,2,Wednesday,7,0,1,normal,1.0,183000,CASH,185000,2000,5
TRX-250702-00045,2025-07-02,18:30:00,2025-07-02 18:30:00,2,Wednesday,7,0,1,normal,1.0,54000,EWALLET,54000,0,1
TRX-250702-00046,2025-07-02,17:41:00,2025-07-02 17:41:00,2,Wednesday,7,0,1,normal,1.0,31000,CASH,35000,4000,1
TRX-250702-00047,2025-07-02,10:30:00,2025-07-02 10:30:00,2,Wednesday,7,0,1,normal,1.0,93000,QRIS,93000,0,3
TRX-250702-00048,2025-07-02,08:01:00,2025-07-02 08:01:00,2,Wednesday,7,0,1,normal,1.0,61000,CASH,65000,4000,5
TRX-250702-00049,2025-07-02,16:04:00,2025-07-02 16:04:00,2,Wednesday,7,0,1,normal,1.0,19000,CASH,20000,1000,2
TRX-250702-00050,2025-07-02,12:46:00,2025-07-02 12:46:00,2,Wednesday,7,0,1,normal,1.0,51000,QRIS,51000,0,3
TRX-250702-00051,2025-07-02,10:28:00,2025-07-02 10:28:00,2,Wednesday,7,0,1,normal,1.0,3500,CASH,5000,1500,2
TRX-250702-00052,2025-07-02,18:21:00,2025-07-02 18:21:00,2,Wednesday,7,0,1,normal,1.0,7000,CASH,10000,3000,2
TRX-250702-00053,2025-07-02,14:15:00,2025-07-02 14:15:00,2,Wednesday,7,0,1,normal,1.0,15000,CASH,20000,5000,3
TRX-250702-00054,2025-07-02,12:47:00,2025-07-02 12:47:00,2,Wednesday,7,0,1,normal,1.0,21500,CASH,25000,3500,3
TRX-250702-00055,2025-07-02,17:17:00,2025-07-02 17:17:00,2,Wednesday,7,0,1,normal,1.0,49750,CASH,50000,250,3
TRX-250702-00056,2025-07-02,14:44:00,2025-07-02 14:44:00,2,Wednesday,7,0,1,normal,1.0,109000,CASH,110000,1000,5
TRX-250702-00057,2025-07-02,18:19:00,2025-07-02 18:19:00,2,Wednesday,7,0,1,normal,1.0,8000,CASH,10000,2000,1
TRX-250703-00058,2025-07-03,17:24:00,2025-07-03 17:24:00,3,Thursday,7,0,1,normal,1.0,9000,EWALLET,9000,0,2
TRX-250703-00059,2025-07-03,20:13:00,2025-07-03 20:13:00,3,Thursday,7,0,1,normal,1.0,13000,CASH,15000,2000,2
TRX-250703-00060,2025-07-03,07:18:00,2025-07-03 07:18:00,3,Thursday,7,0,1,normal,1.0,73500,TRANSFER,73500,0,3
TRX-250703-00061,2025-07-03,16:58:00,2025-07-03 16:58:00,3,Thursday,7,0,1,normal,1.0,96000,QRIS,96000,0,2
TRX-250703-00062,2025-07-03,13:19:00,2025-07-03 13:19:00,3,Thursday,7,0,1,normal,1.0,2500,CASH,5000,2500,2
TRX-250703-00063,2025-07-03,08:43:00,2025-07-03 08:43:00,3,Thursday,7,0,1,normal,1.0,54500,CASH,55000,500,4
TRX-250703-00064,2025-07-03,13:05:00,2025-07-03 13:05:00,3,Thursday,7,0,1,normal,1.0,7000,CASH,10000,3000,2
TRX-250703-00065,2025-07-03,12:48:00,2025-07-03 12:48:00,3,Thursday,7,0,1,normal,1.0,15000,EWALLET,15000,0,2
TRX-250703-00066,2025-07-03,14:26:00,2025-07-03 14:26:00,3,Thursday,7,0,1,normal,1.0,1000,CASH,5000,4000,1
TRX-250703-00067,2025-07-03,07:17:00,2025-07-03 07:17:00,3,Thursday,7,0,1,normal,1.0,75000,CASH,80000,5000,3
TRX-250703-00068,2025-07-03,08:53:00,2025-07-03 08:53:00,3,Thursday,7,0,1,normal,1.0,84000,CASH,85000,1000,5
TRX-250703-00069,2025-07-03,10:50:00,2025-07-03 10:50:00,3,Thursday,7,0,1,normal,1.0,89000,CASH,90000,1000,4
TRX-250703-00070,2025-07-03,11:59:00,2025-07-03 11:59:00,3,Thursday,7,0,1,normal,1.0,18000,CASH,20000,2000,2
TRX-250703-00071,2025-07-03,16:51:00,2025-07-03 16:51:00,3,Thursday,7,0,1,normal,1.0,4000,CASH,5000,1000,2
TRX-250703-00072,2025-07-03,11:06:00,2025-07-03 11:06:00,3,Thursday,7,0,1,normal,1.0,111000,CASH,115000,4000,4
TRX-250703-00073,2025-07-03,18:54:00,2025-07-03 18:54:00,3,Thursday,7,0,1,normal,1.0,15500,CASH,20000,4500,3
TRX-250703-00074,2025-07-03,08:06:00,2025-07-03 08:06:00,3,Thursday,7,0,1,normal,1.0,47000,CASH,50000,3000,4
TRX-250703-00075,2025-07-03,09:39:00,2025-07-03 09:39:00,3,Thursday,7,0,1,normal,1.0,61000,CASH,65000,4000,4
TRX-250703-00076,2025-07-03,11:37:00,2025-07-03 11:37:00,3,Thursday,7,0,1,normal,1.0,49500,CASH,50000,500,2
TRX-250703-00077,2025-07-03,12:22:00,2025-07-03 12:22:00,3,Thursday,7,0,1,normal,1.0,18000,CASH,20000,2000,3
TRX-250703-00078,2025-07-03,13:57:00,2025-07-03 13:57:00,3,Thursday,7,0,1,normal,1.0,18000,CASH,20000,2000,3
TRX-250703-00079,2025-07-03,07:50:00,2025-07-03 07:50:00,3,Thursday,7,0,1,normal,1.0,23000,CASH,25000,2000,2
TRX-250703-00080,2025-07-03,14:23:00,2025-07-03 14:23:00,3,Thursday,7,0,1,normal,1.0,22000,QRIS,22000,0,3
TRX-250703-00081,2025-07-03,09:14:00,2025-07-03 09:14:00,3,Thursday,7,0,1,normal,1.0,50250,CASH,55000,4750,4
TRX-250703-00082,2025-07-03,11:43:00,2025-07-03 11:43:00,3,Thursday,7,0,1,normal,1.0,51500,CASH,55000,3500,2
TRX-250703-00083,2025-07-03,19:19:00,2025-07-03 19:19:00,3,Thursday,7,0,1,normal,1.0,21000,EWALLET,21000,0,2
TRX-250703-00084,2025-07-03,11:47:00,2025-07-03 11:47:00,3,Thursday,7,0,1,normal,1.0,127000,QRIS,127000,0,3
TRX-250704-00085,2025-07-04,12:15:00,2025-07-04 12:15:00,4,Friday,7,0,1,normal,1.0,86000,CASH,90000,4000,4
TRX-250704-00086,2025-07-04,06:50:00,2025-07-04 06:50:00,4,Friday,7,0,1,normal,1.0,9000,CASH,10000,1000,2
TRX-250704-00087,2025-07-04,10:49:00,2025-07-04 10:49:00,4,Friday,7,0,1,normal,1.0,30000,CASH,35000,5000,1
TRX-250704-00088,2025-07-04,09:16:00,2025-07-04 09:16:00,4,Friday,7,0,1,normal,1.0,19100,QRIS,19100,0,3
TRX-250704-00089,2025-07-04,13:49:00,2025-07-04 13:49:00,4,Friday,7,0,1,normal,1.0,10000,CASH,15000,5000,2
TRX-250704-00090,2025-07-04,11:41:00,2025-07-04 11:41:00,4,Friday,7,0,1,normal,1.0,66500,TRANSFER,66500,0,5
TRX-250704-00091,2025-07-04,12:38:00,2025-07-04 12:38:00,4,Friday,7,0,1,normal,1.0,16000,CASH,20000,4000,2
TRX-250704-00092,2025-07-04,19:26:00,2025-07-04 19:26:00,4,Friday,7,0,1,normal,1.0,9000,CASH,10000,1000,2
TRX-250704-00093,2025-07-04,19:04:00,2025-07-04 19:04:00,4,Friday,7,0,1,normal,1.0,9000,CASH,10000,1000,1
TRX-250704-00094,2025-07-04,09:03:00,2025-07-04 09:03:00,4,Friday,7,0,1,normal,1.0,111000,CASH,115000,4000,3
TRX-250704-00095,2025-07-04,11:36:00,2025-07-04 11:36:00,4,Friday,7,0,1,normal,1.0,14000,CASH,15000,1000,3
TRX-250704-00096,2025-07-04,17:39:00,2025-07-04 17:39:00,4,Friday,7,0,1,normal,1.0,63550,QRIS,63550,0,3
TRX-250704-00097,2025-07-04,14:25:00,2025-07-04 14:25:00,4,Friday,7,0,1,normal,1.0,15000,EWALLET,15000,0,1
TRX-250704-00098,2025-07-04,11:29:00,2025-07-04 11:29:00,4,Friday,7,0,1,normal,1.0,24000,QRIS,24000,0,2
TRX-250704-00099,2025-07-04,15:43:00,2025-07-04 15:43:00,4,Friday,7,0,1,normal,1.0,9000,CASH,10000,1000,1
TRX-250704-00100,2025-07-04,10:32:00,2025-07-04 10:32:00,4,Friday,7,0,1,normal,1.0,9000,CASH,10000,1000,1
TRX-250704-00101,2025-07-04,16:02:00,2025-07-04 16:02:00,4,Friday,7,0,1,normal,1.0,79000,CASH,80000,1000,2
TRX-250704-00102,2025-07-04,08:31:00,2025-07-04 08:31:00,4,Friday,7,0,1,normal,1.0,29250,CASH,30000,750,3
TRX-250704-00103,2025-07-04,18:36:00,2025-07-04 18:36:00,4,Friday,7,0,1,normal,1.0,18000,CASH,20000,2000,2
TRX-250704-00104,2025-07-04,13:44:00,2025-07-04 13:44:00,4,Friday,7,0,1,normal,1.0,78000,CASH,80000,2000,5
TRX-250704-00105,2025-07-04,18:52:00,2025-07-04 18:52:00,4,Friday,7,0,1,normal,1.0,3000,CASH,5000,2000,1
TRX-250705-00106,2025-07-05,09:49:00,2025-07-05 09:49:00,5,Saturday,7,1,1,normal,1.0,165000,CASH,170000,5000,3
TRX-250705-00107,2025-07-05,12:30:00,2025-07-05 12:30:00,5,Saturday,7,1,1,normal,1.0,12000,CASH,15000,3000,2
TRX-250705-00108,2025-07-05,18:04:00,2025-07-05 18:04:00,5,Saturday,7,1,1,normal,1.0,57650,CASH,60000,2350,3
TRX-250705-00109,2025-07-05,13:09:00,2025-07-05 13:09:00,5,Saturday,7,1,1,normal,1.0,32500,CASH,35000,2500,4
TRX-250705-00110,2025-07-05,17:43:00,2025-07-05 17:43:00,5,Saturday,7,1,1,normal,1.0,75000,CASH,80000,5000,3
TRX-250705-00111,2025-07-05,11:37:00,2025-07-05 11:37:00,5,Saturday,7,1,1,normal,1.0,55000,CASH,60000,5000,3
TRX-250705-00112,2025-07-05,09:44:00,2025-07-05 09:44:00,5,Saturday,7,1,1,normal,1.0,150000,CASH,155000,5000,3
TRX-250705-00113,2025-07-05,10:08:00,2025-07-05 10:08:00,5,Saturday,7,1,1,normal,1.0,6000,CASH,10000,4000,2
TRX-250705-00114,2025-07-05,19:39:00,2025-07-05 19:39:00,5,Saturday,7,1,1,normal,1.0,12000,CASH,15000,3000,1
TRX-250705-00115,2025-07-05,18:10:00,2025-07-05 18:10:00,5,Saturday,7,1,1,normal,1.0,60000,EWALLET,60000,0,3
TRX-250705-00116,2025-07-05,17:57:00,2025-07-05 17:57:00,5,Saturday,7,1,1,normal,1.0,27500,CASH,30000,2500,4
TRX-250705-00117,2025-07-05,19:35:00,2025-07-05 19:35:00,5,Saturday,7,1,1,normal,1.0,55000,CASH,60000,5000,4
TRX-250705-00118,2025-07-05,12:23:00,2025-07-05 12:23:00,5,Saturday,7,1,1,normal,1.0,18000,CASH,20000,2000,2
TRX-250705-00119,2025-07-05,09:18:00,2025-07-05 09:18:00,5,Saturday,7,1,1,normal,1.0,20500,TRANSFER,20500,0,3
TRX-250705-00120,2025-07-05,17:15:00,2025-07-05 17:15:00,5,Saturday,7,1,1,normal,1.0,30000,QRIS,30000,0,2
TRX-250705-00121,2025-07-05,06:32:00,2025-07-05 06:32:00,5,Saturday,7,1,1,normal,1.0,125000,CASH,130000,5000,3
TRX-250705-00122,2025-07-05,14:50:00,2025-07-05 14:50:00,5,Saturday,7,1,1,normal,1.0,80500,CASH,85000,4500,5
TRX-250705-00123,2025-07-05,18:11:00,2025-07-05 18:11:00,5,Saturday,7,1,1,normal,1.0,53500,CASH,55000,1500,4
TRX-250705-00124,2025-07-05,12:52:00,2025-07-05 12:52:00,5,Saturday,7,1,1,normal,1.0,17000,CASH,20000,3000,3
TRX-250705-00125,2025-07-05,17:57:00,2025-07-05 17:57:00,5,Saturday,7,1,1,normal,1.0,28000,CASH,30000,2000,5
TRX-250705-00126,2025-07-05,17:10:00,2025-07-05 17:10:00,5,Saturday,7,1,1,normal,1.0,74000,CASH,75000,1000,3
TRX-250705-00127,2025-07-05,11:51:00,2025-07-05 11:51:00,5,Saturday,7,1,1,normal,1.0,23500,CASH,25000,1500,3
TRX-250705-00128,2025-07-05,07:09:00,2025-07-05 07:09:00,5,Saturday,7,1,1,normal,1.0,11500,CASH,15000,3500,3
TRX-250705-00129,2025-07-05,13:24:00,2025-07-05 13:24:00,5,Saturday,7,1,1,normal,1.0,46000,CASH,50000,4000,5
TRX-250705-00130,2025-07-05,16:45:00,2025-07-05 16:45:00,5,Saturday,7,1,1,normal,1.0,108000,QRIS,108000,0,1
TRX-250705-00131,2025-07-05,19:40:00,2025-07-05 19:40:00,5,Saturday,7,1,1,normal,1.0,17000,EWALLET,17000,0,2
TRX-250705-00132,2025-07-05,15:29:00,2025-07-05 15:29:00,5,Saturday,7,1,1,normal,1.0,96000,EWALLET,96000,0,4
TRX-250705-00133,2025-07-05,16:22:00,2025-07-05 16:22:00,5,Saturday,7,1,1,normal,1.0,3000,CASH,5000,2000,1
TRX-250705-00134,2025-07-05,09:32:00,2025-07-05 09:32:00,5,Saturday,7,1,1,normal,1.0,55000,CASH,60000,5000,4
TRX-250705-00135,2025-07-05,11:34:00,2025-07-05 11:34:00,5,Saturday,7,1,1,normal,1.0,36000,CASH,40000,4000,1
TRX-250705-00136,2025-07-05,15:57:00,2025-07-05 15:57:00,5,Saturday,7,1,1,normal,1.0,82000,CASH,85000,3000,2
TRX-250705-00137,2025-07-05,17:26:00,2025-07-05 17:26:00,5,Saturday,7,1,1,normal,1.0,79500,CASH,80000,500,3
TRX-250705-00138,2025-07-05,09:26:00,2025-07-05 09:26:00,5,Saturday,7,1,1,normal,1.0,12000,CASH,15000,3000,2
TRX-250705-00139,2025-07-05,09:23:00,2025-07-05 09:23:00,5,Saturday,7,1,1,normal,1.0,19000,CASH,20000,1000,2
TRX-250705-00140,2025-07-05,12:55:00,2025-07-05 12:55:00,5,Saturday,7,1,1,normal,1.0,47000,EWALLET,47000,0,5
TRX-250705-00141,2025-07-05,15:53:00,2025-07-05 15:53:00,5,Saturday,7,1,1,normal,1.0,89000,CASH,90000,1000,3
TRX-250706-00142,2025-07-06,14:04:00,2025-07-06 14:04:00,6,Sunday,7,1,0,normal,1.0,31500,QRIS,31500,0,2
TRX-250706-00143,2025-07-06,11:21:00,2025-07-06 11:21:00,6,Sunday,7,1,0,normal,1.0,10550,CASH,15000,4450,3
TRX-250706-00144,2025-07-06,13:20:00,2025-07-06 13:20:00,6,Sunday,7,1,0,normal,1.0,25000,CASH,30000,5000,5
TRX-250706-00145,2025-07-06,18:40:00,2025-07-06 18:40:00,6,Sunday,7,1,0,normal,1.0,4500,EWALLET,4500,0,1
TRX-250706-00146,2025-07-06,15:46:00,2025-07-06 15:46:00,6,Sunday,7,1,0,normal,1.0,4500,CASH,5000,500,1
TRX-250706-00147,2025-07-06,12:52:00,2025-07-06 12:52:00,6,Sunday,7,1,0,normal,1.0,27500,CASH,30000,2500,3
TRX-250706-00148,2025-07-06,18:47:00,2025-07-06 18:47:00,6,Sunday,7,1,0,normal,1.0,87000,EWALLET,87000,0,3
TRX-250706-00149,2025-07-06,16:55:00,2025-07-06 16:55:00,6,Sunday,7,1,0,normal,1.0,29000,CASH,30000,1000,3
TRX-250706-00150,2025-07-06,10:45:00,2025-07-06 10:45:00,6,Sunday,7,1,0,normal,1.0,85500,TRANSFER,85500,0,2
TRX-250706-00151,2025-07-06,19:25:00,2025-07-06 19:25:00,6,Sunday,7,1,0,normal,1.0,7500,CASH,10000,2500,3
TRX-250706-00152,2025-07-06,19:44:00,2025-07-06 19:44:00,6,Sunday,7,1,0,normal,1.0,18000,CASH,20000,2000,2
TRX-250706-00153,2025-07-06,08:21:00,2025-07-06 08:21:00,6,Sunday,7,1,0,normal,1.0,84000,CASH,85000,1000,3
TRX-250706-00154,2025-07-06,20:20:00,2025-07-06 20:20:00,6,Sunday,7,1,0,normal,1.0,32800,CASH,35000,2200,2
TRX-250706-00155,2025-07-06,12:53:00,2025-07-06 12:53:00,6,Sunday,7,1,0,normal,1.0,18000,CASH,20000,2000,2
TRX-250706-00156,2025-07-06,19:00:00,2025-07-06 19:00:00,6,Sunday,7,1,0,normal,1.0,11000,CASH,15000,4000,2
TRX-250706-00157,2025-07-06,09:32:00,2025-07-06 09:32:00,6,Sunday,7,1,0,normal,1.0,6000,CASH,10000,4000,2
TRX-250706-00158,2025-07-06,17:36:00,2025-07-06 17:36:00,6,Sunday,7,1,0,normal,1.0,65000,CASH,70000,5000,3
TRX-250706-00159,2025-07-06,19:00:00,2025-07-06 19:00:00,6,Sunday,7,1,0,normal,1.0,9000,TRANSFER,9000,0,2
TRX-250707-00160,2025-07-07,16:29:00,2025-07-07 16:29:00,0,Monday,7,0,0,normal,1.0,10000,QRIS,10000,0,2
TRX-250707-00161,2025-07-07,11:39:00,2025-07-07 11:39:00,0,Monday,7,0,0,normal,1.0,9000,CASH,10000,1000,2
TRX-250707-00162,2025-07-07,17:51:00,2025-07-07 17:51:00,0,Monday,7,0,0,normal,1.0,18000,QRIS,18000,0,3
TRX-250707-00163,2025-07-07,14:32:00,2025-07-07 14:32:00,0,Monday,7,0,0,normal,1.0,63000,QRIS,63000,0,2
TRX-250707-00164,2025-07-07,19:28:00,2025-07-07 19:28:00,0,Monday,7,0,0,normal,1.0,65000,CASH,70000,5000,3
TRX-250707-00165,2025-07-07,07:22:00,2025-07-07 07:22:00,0,Monday,7,0,0,normal,1.0,93000,EWALLET,93000,0,3
TRX-250707-00166,2025-07-07,20:23:00,2025-07-07 20:23:00,0,Monday,7,0,0,normal,1.0,57000,CASH,60000,3000,4
TRX-250707-00167,2025-07-07,06:01:00,2025-07-07 06:01:00,0,Monday,7,0,0,normal,1.0,76500,CASH,80000,3500,4
TRX-250707-00168,2025-07-07,19:15:00,2025-07-07 19:15:00,0,Monday,7,0,0,normal,1.0,23150,CASH,25000,1850,2
TRX-250707-00169,2025-07-07,14:48:00,2025-07-07 14:48:00,0,Monday,7,0,0,normal,1.0,42000,CASH,45000,3000,4
TRX-250707-00170,2025-07-07,11:03:00,2025-07-07 11:03:00,0,Monday,7,0,0,normal,1.0,72600,CASH,75000,2400,3
TRX-250707-00171,2025-07-07,12:09:00,2025-07-07 12:09:00,0,Monday,7,0,0,normal,1.0,30000,CASH,35000,5000,2
TRX-250708-00172,2025-07-08,12:26:00,2025-07-08 12:26:00,1,Tuesday,7,0,0,normal,1.0,19000,CASH,20000,1000,3
TRX-250708-00173,2025-07-08,16:38:00,2025-07-08 16:38:00,1,Tuesday,7,0,0,normal,1.0,9000,QRIS,9000,0,1
TRX-250708-00174,2025-07-08,10:13:00,2025-07-08 10:13:00,1,Tuesday,7,0,0,normal,1.0,37500,EWALLET,37500,0,3
TRX-250708-00175,2025-07-08,19:35:00,2025-07-08 19:35:00,1,Tuesday,7,0,0,normal,1.0,14000,CASH,15000,1000,2
TRX-250708-00176,2025-07-08,18:46:00,2025-07-08 18:46:00,1,Tuesday,7,0,0,normal,1.0,17000,CASH,20000,3000,2
TRX-250708-00177,2025-07-08,10:59:00,2025-07-08 10:59:00,1,Tuesday,7,0,0,normal,1.0,56000,CASH,60000,4000,3
TRX-250708-00178,2025-07-08,13:46:00,2025-07-08 13:46:00,1,Tuesday,7,0,0,normal,1.0,17000,CASH,20000,3000,3
TRX-250708-00179,2025-07-08,07:54:00,2025-07-08 07:54:00,1,Tuesday,7,0,0,normal,1.0,1000,CASH,5000,4000,1
TRX-250708-00180,2025-07-08,15:04:00,2025-07-08 15:04:00,1,Tuesday,7,0,0,normal,1.0,140000,CASH,145000,5000,3
TRX-250708-00181,2025-07-08,06:33:00,2025-07-08 06:33:00,1,Tuesday,7,0,0,normal,1.0,59000,CASH,60000,1000,3
TRX-250708-00182,2025-07-08,15:16:00,2025-07-08 15:16:00,1,Tuesday,7,0,0,normal,1.0,29000,CASH,30000,1000,2
TRX-250708-00183,2025-07-08,16:54:00,2025-07-08 16:54:00,1,Tuesday,7,0,0,normal,1.0,34000,CASH,35000,1000,2
TRX-250708-00184,2025-07-08,16:21:00,2025-07-08 16:21:00,1,Tuesday,7,0,0,normal,1.0,40000,CASH,45000,5000,3
TRX-250709-00185,2025-07-09,14:02:00,2025-07-09 14:02:00,2,Wednesday,7,0,0,normal,1.0,32000,CASH,35000,3000,2
TRX-250709-00186,2025-07-09,11:36:00,2025-07-09 11:36:00,2,Wednesday,7,0,0,normal,1.0,5000,QRIS,5000,0,2
TRX-250709-00187,2025-07-09,17:32:00,2025-07-09 17:32:00,2,Wednesday,7,0,0,normal,1.0,27000,CASH,30000,3000,3
TRX-250709-00188,2025-07-09,17:28:00,2025-07-09 17:28:00,2,Wednesday,7,0,0,normal,1.0,10500,CASH,15000,4500,2
TRX-250709-00189,2025-07-09,18:45:00,2025-07-09 18:45:00,2,Wednesday,7,0,0,normal,1.0,12000,CASH,15000,3000,1
TRX-250709-00190,2025-07-09,12:23:00,2025-07-09 12:23:00,2,Wednesday,7,0,0,normal,1.0,68000,CASH,70000,2000,1
TRX-250709-00191,2025-07-09,09:11:00,2025-07-09 09:11:00,2,Wednesday,7,0,0,normal,1.0,29000,CASH,30000,1000,2
TRX-250709-00192,2025-07-09,18:00:00,2025-07-09 18:00:00,2,Wednesday,7,0,0,normal,1.0,21000,TRANSFER,21000,0,2
TRX-250709-00193,2025-07-09,12:08:00,2025-07-09 12:08:00,2,Wednesday,7,0,0,normal,1.0,17000,CASH,20000,3000,2
TRX-250709-00194,2025-07-09,20:46:00,2025-07-09 20:46:00,2,Wednesday,7,0,0,normal,1.0,18000,CASH,20000,2000,3
TRX-250709-00195,2025-07-09,18:55:00,2025-07-09 18:55:00,2,Wednesday,7,0,0,normal,1.0,6000,CASH,10000,4000,2
TRX-250709-00196,2025-07-09,17:40:00,2025-07-09 17:40:00,2,Wednesday,7,0,0,normal,1.0,20000,CASH,25000,5000,2
TRX-250709-00197,2025-07-09,15:34:00,2025-07-09 15:34:00,2,Wednesday,7,0,0,normal,1.0,35000,CASH,40000,5000,2
TRX-250709-00198,2025-07-09,08:54:00,2025-07-09 08:54:00,2,Wednesday,7,0,0,normal,1.0,42000,CASH,45000,3000,4
TRX-250709-00199,2025-07-09,16:34:00,2025-07-09 16:34:00,2,Wednesday,7,0,0,normal,1.0,3000,CASH,5000,2000,1
TRX-250709-00200,2025-07-09,19:06:00,2025-07-09 19:06:00,2,Wednesday,7,0,0,normal,1.0,61200,EWALLET,61200,0,3
TRX-250709-00201,2025-07-09,10:47:00,2025-07-09 10:47:00,2,Wednesday,7,0,0,normal,1.0,22000,CASH,25000,3000,2
TRX-250710-00202,2025-07-10,08:26:00,2025-07-10 08:26:00,3,Thursday,7,0,0,normal,1.0,45000,QRIS,45000,0,5
TRX-250710-00203,2025-07-10,08:51:00,2025-07-10 08:51:00,3,Thursday,7,0,0,normal,1.0,27000,CASH,30000,3000,2
TRX-250710-00204,2025-07-10,12:11:00,2025-07-10 12:11:00,3,Thursday,7,0,0,normal,1.0,53700,CASH,55000,1300,2
TRX-250710-00205,2025-07-10,10:48:00,2025-07-10 10:48:00,3,Thursday,7,0,0,normal,1.0,10000,CASH,15000,5000,2
TRX-250710-00206,2025-07-10,13:40:00,2025-07-10 13:40:00,3,Thursday,7,0,0,normal,1.0,6000,CASH,10000,4000,1
TRX-250710-00207,2025-07-10,09:43:00,2025-07-10 09:43:00,3,Thursday,7,0,0,normal,1.0,12000,CASH,15000,3000,3
TRX-250710-00208,2025-07-10,09:24:00,2025-07-10 09:24:00,3,Thursday,7,0,0,normal,1.0,33000,TRANSFER,33000,0,2
TRX-250710-00209,2025-07-10,09:53:00,2025-07-10 09:53:00,3,Thursday,7,0,0,normal,1.0,44000,CASH,45000,1000,2
TRX-250710-00210,2025-07-10,13:43:00,2025-07-10 13:43:00,3,Thursday,7,0,0,normal,1.0,47850,CASH,50000,2150,2
TRX-250710-00211,2025-07-10,14:10:00,2025-07-10 14:10:00,3,Thursday,7,0,0,normal,1.0,61000,CASH,65000,4000,3
TRX-250710-00212,2025-07-10,12:13:00,2025-07-10 12:13:00,3,Thursday,7,0,0,normal,1.0,22000,CASH,25000,3000,4
TRX-250710-00213,2025-07-10,11:45:00,2025-07-10 11:45:00,3,Thursday,7,0,0,normal,1.0,22000,QRIS,22000,0,3
TRX-250711-00214,2025-07-11,15:54:00,2025-07-11 15:54:00,4,Friday,7,0,0,normal,1.0,21000,QRIS,21000,0,3
TRX-250711-00215,2025-07-11,09:20:00,2025-07-11 09:20:00,4,Friday,7,0,0,normal,1.0,47000,CASH,50000,3000,4
TRX-250711-00216,2025-07-11,11:31:00,2025-07-11 11:31:00,4,Friday,7,0,0,normal,1.0,139000,CASH,140000,1000,2
TRX-250711-00217,2025-07-11,08:34:00,2025-07-11 08:34:00,4,Friday,7,0,0,normal,1.0,3500,CASH,5000,1500,2
TRX-250711-00218,2025-07-11,18:50:00,2025-07-11 18:50:00,4,Friday,7,0,0,normal,1.0,54000,CASH,55000,1000,2
TRX-250711-00219,2025-07-11,12:00:00,2025-07-11 12:00:00,4,Friday,7,0,0,normal,1.0,58000,QRIS,58000,0,5
TRX-250711-00220,2025-07-11,12:05:00,2025-07-11 12:05:00,4,Friday,7,0,0,normal,1.0,130600,CASH,135000,4400,3
TRX-250711-00221,2025-07-11,13:14:00,2025-07-11 13:14:00,4,Friday,7,0,0,normal,1.0,69000,CASH,70000,1000,2
TRX-250711-00222,2025-07-11,09:43:00,2025-07-11 09:43:00,4,Friday,7,0,0,normal,1.0,81000,CASH,85000,4000,1
TRX-250711-00223,2025-07-11,17:40:00,2025-07-11 17:40:00,4,Friday,7,0,0,normal,1.0,42000,CASH,45000,3000,3
TRX-250711-00224,2025-07-11,17:15:00,2025-07-11 17:15:00,4,Friday,7,0,0,normal,1.0,90000,CASH,95000,5000,2
TRX-250711-00225,2025-07-11,16:19:00,2025-07-11 16:19:00,4,Friday,7,0,0,normal,1.0,10000,CASH,15000,5000,2
TRX-250711-00226,2025-07-11,12:15:00,2025-07-11 12:15:00,4,Friday,7,0,0,normal,1.0,33000,EWALLET,33000,0,2
TRX-250711-00227,2025-07-11,14:23:00,2025-07-11 14:23:00,4,Friday,7,0,0,normal,1.0,24050,CASH,25000,950,3
TRX-250711-00228,2025-07-11,15:32:00,2025-07-11 15:32:00,4,Friday,7,0,0,normal,1.0,78000,CASH,80000,2000,3
TRX-250712-00229,2025-07-12,17:41:00,2025-07-12 17:41:00,5,Saturday,7,1,0,normal,1.0,42000,QRIS,42000,0,2
TRX-250712-00230,2025-07-12,15:19:00,2025-07-12 15:19:00,5,Saturday,7,1,0,normal,1.0,49000,CASH,50000,1000,3
TRX-250712-00231,2025-07-12,11:47:00,2025-07-12 11:47:00,5,Saturday,7,1,0,normal,1.0,34500,QRIS,34500,0,4
TRX-250712-00232,2025-07-12,14:23:00,2025-07-12 14:23:00,5,Saturday,7,1,0,normal,1.0,6000,CASH,10000,4000,2
TRX-250712-00233,2025-07-12,06:02:00,2025-07-12 06:02:00,5,Saturday,7,1,0,normal,1.0,24000,TRANSFER,24000,0,2
TRX-250712-00234,2025-07-12,12:20:00,2025-07-12 12:20:00,5,Saturday,7,1,0,normal,1.0,38000,QRIS,38000,0,2
TRX-250712-00235,2025-07-12,10:33:00,2025-07-12 10:33:00,5,Saturday,7,1,0,normal,1.0,32350,CASH,35000,2650,5
TRX-250712-00236,2025-07-12,17:34:00,2025-07-12 17:34:00,5,Saturday,7,1,0,normal,1.0,195400,CASH,200000,4600,3
TRX-250712-00237,2025-07-12,11:13:00,2025-07-12 11:13:00,5,Saturday,7,1,0,normal,1.0,44000,EWALLET,44000,0,3
TRX-250712-00238,2025-07-12,11:47:00,2025-07-12 11:47:00,5,Saturday,7,1,0,normal,1.0,12000,CASH,15000,3000,1
TRX-250712-00239,2025-07-12,14:27:00,2025-07-12 14:27:00,5,Saturday,7,1,0,normal,1.0,15000,TRANSFER,15000,0,3
TRX-250712-00240,2025-07-12,09:49:00,2025-07-12 09:49:00,5,Saturday,7,1,0,normal,1.0,7500,CASH,10000,2500,2
TRX-250712-00241,2025-07-12,10:07:00,2025-07-12 10:07:00,5,Saturday,7,1,0,normal,1.0,3000,CASH,5000,2000,1
TRX-250712-00242,2025-07-12,10:54:00,2025-07-12 10:54:00,5,Saturday,7,1,0,normal,1.0,14000,CASH,15000,1000,2
TRX-250712-00243,2025-07-12,07:25:00,2025-07-12 07:25:00,5,Saturday,7,1,0,normal,1.0,36000,QRIS,36000,0,2
TRX-250712-00244,2025-07-12,09:25:00,2025-07-12 09:25:00,5,Saturday,7,1,0,normal,1.0,24000,CASH,25000,1000,1
TRX-250712-00245,2025-07-12,06:04:00,2025-07-12 06:04:00,5,Saturday,7,1,0,normal,1.0,49000,CASH,50000,1000,2
TRX-250712-00246,2025-07-12,07:59:00,2025-07-12 07:59:00,5,Saturday,7,1,0,normal,1.0,43525,CASH,45000,1475,3
TRX-250712-00247,2025-07-12,15:41:00,2025-07-12 15:41:00,5,Saturday,7,1,0,normal,1.0,33000,CASH,35000,2000,2
TRX-250712-00248,2025-07-12,14:40:00,2025-07-12 14:40:00,5,Saturday,7,1,0,normal,1.0,90500,QRIS,90500,0,5
TRX-250712-00249,2025-07-12,13:22:00,2025-07-12 13:22:00,5,Saturday,7,1,0,normal,1.0,68000,CASH,70000,2000,4
TRX-250712-00250,2025-07-12,18:54:00,2025-07-12 18:54:00,5,Saturday,7,1,0,normal,1.0,16000,CASH,20000,4000,2
TRX-250712-00251,2025-07-12,14:09:00,2025-07-12 14:09:00,5,Saturday,7,1,0,normal,1.0,11000,CASH,15000,4000,3
TRX-250712-00252,2025-07-12,06:58:00,2025-07-12 06:58:00,5,Saturday,7,1,0,normal,1.0,12000,QRIS,12000,0,3
TRX-250712-00253,2025-07-12,14:23:00,2025-07-12 14:23:00,5,Saturday,7,1,0,normal,1.0,27000,CASH,30000,3000,4
TRX-250712-00254,2025-07-12,19:50:00,2025-07-12 19:50:00,5,Saturday,7,1,0,normal,1.0,36850,CASH,40000,3150,2
TRX-250712-00255,2025-07-12,20:25:00,2025-07-12 20:25:00,5,Saturday,7,1,0,normal,1.0,40000,QRIS,40000,0,4
TRX-250712-00256,2025-07-12,16:05:00,2025-07-12 16:05:00,5,Saturday,7,1,0,normal,1.0,154000,CASH,155000,1000,4
TRX-250712-00257,2025-07-12,12:56:00,2025-07-12 12:56:00,5,Saturday,7,1,0,normal,1.0,117000,CASH,120000,3000,2
TRX-250713-00258,2025-07-13,18:18:00,2025-07-13 18:18:00,6,Sunday,7,1,0,normal,1.0,8000,CASH,10000,2000,1
TRX-250713-00259,2025-07-13,09:04:00,2025-07-13 09:04:00,6,Sunday,7,1,0,normal,1.0,9250,CASH,10000,750,3
TRX-250713-00260,2025-07-13,10:12:00,2025-07-13 10:12:00,6,Sunday,7,1,0,normal,1.0,90000,CASH,95000,5000,2
TRX-250713-00261,2025-07-13,14:31:00,2025-07-13 14:31:00,6,Sunday,7,1,0,normal,1.0,9000,CASH,10000,1000,1
TRX-250713-00262,2025-07-13,09:01:00,2025-07-13 09:01:00,6,Sunday,7,1,0,normal,1.0,35000,CASH,40000,5000,2
TRX-250713-00263,2025-07-13,10:41:00,2025-07-13 10:41:00,6,Sunday,7,1,0,normal,1.0,14000,CASH,15000,1000,3
TRX-250713-00264,2025-07-13,16:05:00,2025-07-13 16:05:00,6,Sunday,7,1,0,normal,1.0,7000,CASH,10000,3000,2
TRX-250713-00265,2025-07-13,16:59:00,2025-07-13 16:59:00,6,Sunday,7,1,0,normal,1.0,18000,CASH,20000,2000,2
TRX-250713-00266,2025-07-13,18:43:00,2025-07-13 18:43:00,6,Sunday,7,1,0,normal,1.0,14850,CASH,15000,150,3
TRX-250713-00267,2025-07-13,18:16:00,2025-07-13 18:16:00,6,Sunday,7,1,0,normal,1.0,49000,CASH,50000,1000,2
TRX-250713-00268,2025-07-13,19:00:00,2025-07-13 19:00:00,6,Sunday,7,1,0,normal,1.0,135000,CASH,140000,5000,3
TRX-250713-00269,2025-07-13,10:34:00,2025-07-13 10:34:00,6,Sunday,7,1,0,normal,1.0,65000,CASH,70000,5000,4
TRX-250713-00270,2025-07-13,07:30:00,2025-07-13 07:30:00,6,Sunday,7,1,0,normal,1.0,77500,CASH,80000,2500,5
TRX-250713-00271,2025-07-13,09:13:00,2025-07-13 09:13:00,6,Sunday,7,1,0,normal,1.0,36000,QRIS,36000,0,4
TRX-250713-00272,2025-07-13,09:03:00,2025-07-13 09:03:00,6,Sunday,7,1,0,normal,1.0,18000,CASH,20000,2000,2
TRX-250713-00273,2025-07-13,08:01:00,2025-07-13 08:01:00,6,Sunday,7,1,0,normal,1.0,4000,EWALLET,4000,0,2
TRX-250713-00274,2025-07-13,10:53:00,2025-07-13 10:53:00,6,Sunday,7,1,0,normal,1.0,35000,CASH,40000,5000,3
TRX-250713-00275,2025-07-13,06:49:00,2025-07-13 06:49:00,6,Sunday,7,1,0,normal,1.0,59500,CASH,60000,500,5
TRX-250713-00276,2025-07-13,14:39:00,2025-07-13 14:39:00,6,Sunday,7,1,0,normal,1.0,14000,CASH,15000,1000,2
TRX-250714-00277,2025-07-14,08:04:00,2025-07-14 08:04:00,0,Monday,7,0,0,normal,1.0,20000,CASH,25000,5000,2
TRX-250714-00278,2025-07-14,13:15:00,2025-07-14 13:15:00,0,Monday,7,0,0,normal,1.0,33000,CASH,35000,2000,3
TRX-250714-00279,2025-07-14,07:45:00,2025-07-14 07:45:00,0,Monday,7,0,0,normal,1.0,78000,CASH,80000,2000,4
TRX-250714-00280,2025-07-14,17:46:00,2025-07-14 17:46:00,0,Monday,7,0,0,normal,1.0,37000,CASH,40000,3000,4
TRX-250714-00281,2025-07-14,13:55:00,2025-07-14 13:55:00,0,Monday,7,0,0,normal,1.0,23000,CASH,25000,2000,3
TRX-250714-00282,2025-07-14,21:21:00,2025-07-14 21:21:00,0,Monday,7,0,0,normal,1.0,74000,CASH,75000,1000,2
TRX-250714-00283,2025-07-14,15:11:00,2025-07-14 15:11:00,0,Monday,7,0,0,normal,1.0,59500,CASH,60000,500,2
TRX-250714-00284,2025-07-14,17:08:00,2025-07-14 17:08:00,0,Monday,7,0,0,normal,1.0,20400,CASH,25000,4600,3
TRX-250714-00285,2025-07-14,06:00:00,2025-07-14 06:00:00,0,Monday,7,0,0,normal,1.0,28000,CASH,30000,2000,3
TRX-250714-00286,2025-07-14,17:38:00,2025-07-14 17:38:00,0,Monday,7,0,0,normal,1.0,29400,EWALLET,29400,0,3
TRX-250714-00287,2025-07-14,17:08:00,2025-07-14 17:08:00,0,Monday,7,0,0,normal,1.0,32000,CASH,35000,3000,2
TRX-250714-00288,2025-07-14,17:39:00,2025-07-14 17:39:00,0,Monday,7,0,0,normal,1.0,5100,CASH,10000,4900,1
TRX-250714-00289,2025-07-14,08:28:00,2025-07-14 08:28:00,0,Monday,7,0,0,normal,1.0,84000,CASH,85000,1000,2
TRX-250714-00290,2025-07-14,16:17:00,2025-07-14 16:17:00,0,Monday,7,0,0,normal,1.0,64000,CASH,65000,1000,3
TRX-250714-00291,2025-07-14,18:12:00,2025-07-14 18:12:00,0,Monday,7,0,0,normal,1.0,18000,CASH,20000,2000,2
TRX-250714-00292,2025-07-14,06:05:00,2025-07-14 06:05:00,0,Monday,7,0,0,normal,1.0,23000,CASH,25000,2000,5
TRX-250714-00293,2025-07-14,18:20:00,2025-07-14 18:20:00,0,Monday,7,0,0,normal,1.0,6000,QRIS,6000,0,2
TRX-250714-00294,2025-07-14,19:39:00,2025-07-14 19:39:00,0,Monday,7,0,0,normal,1.0,21000,CASH,25000,4000,2
TRX-250715-00295,2025-07-15,12:56:00,2025-07-15 12:56:00,1,Tuesday,7,0,0,normal,1.0,96275,CASH,100000,3725,4
TRX-250715-00296,2025-07-15,19:46:00,2025-07-15 19:46:00,1,Tuesday,7,0,0,normal,1.0,87000,CASH,90000,3000,4
TRX-250715-00297,2025-07-15,11:33:00,2025-07-15 11:33:00,1,Tuesday,7,0,0,normal,1.0,81000,CASH,85000,4000,3
TRX-250715-00298,2025-07-15,06:59:00,2025-07-15 06:59:00,1,Tuesday,7,0,0,normal,1.0,1000,QRIS,1000,0,1
TRX-250715-00299,2025-07-15,10:17:00,2025-07-15 10:17:00,1,Tuesday,7,0,0,normal,1.0,8000,CASH,10000,2000,1
TRX-250715-00300,2025-07-15,13:51:00,2025-07-15 13:51:00,1,Tuesday,7,0,0,normal,1.0,13100,EWALLET,13100,0,3
TRX-250715-00301,2025-07-15,15:39:00,2025-07-15 15:39:00,1,Tuesday,7,0,0,normal,1.0,137000,CASH,140000,3000,3
TRX-250715-00302,2025-07-15,15:45:00,2025-07-15 15:45:00,1,Tuesday,7,0,0,normal,1.0,47000,CASH,50000,3000,3
TRX-250715-00303,2025-07-15,07:10:00,2025-07-15 07:10:00,1,Tuesday,7,0,0,normal,1.0,2000,CASH,5000,3000,1
TRX-250715-00304,2025-07-15,08:54:00,2025-07-15 08:54:00,1,Tuesday,7,0,0,normal,1.0,5500,CASH,10000,4500,2
TRX-250715-00305,2025-07-15,15:49:00,2025-07-15 15:49:00,1,Tuesday,7,0,0,normal,1.0,20000,CASH,25000,5000,4
TRX-250715-00306,2025-07-15,09:52:00,2025-07-15 09:52:00,1,Tuesday,7,0,0,normal,1.0,12000,CASH,15000,3000,1
TRX-250715-00307,2025-07-15,12:38:00,2025-07-15 12:38:00,1,Tuesday,7,0,0,normal,1.0,21500,CASH,25000,3500,4
TRX-250715-00308,2025-07-15,15:12:00,2025-07-15 15:12:00,1,Tuesday,7,0,0,normal,1.0,75000,TRANSFER,75000,0,2
TRX-250715-00309,2025-07-15,14:40:00,2025-07-15 14:40:00,1,Tuesday,7,0,0,normal,1.0,15000,CASH,20000,5000,2
TRX-250715-00310,2025-07-15,18:18:00,2025-07-15 18:18:00,1,Tuesday,7,0,0,normal,1.0,43000,CASH,45000,2000,3
TRX-250715-00311,2025-07-15,07:50:00,2025-07-15 07:50:00,1,Tuesday,7,0,0,normal,1.0,32000,QRIS,32000,0,2
TRX-250715-00312,2025-07-15,17:35:00,2025-07-15 17:35:00,1,Tuesday,7,0,0,normal,1.0,3800,CASH,5000,1200,2
TRX-250715-00313,2025-07-15,21:20:00,2025-07-15 21:20:00,1,Tuesday,7,0,0,normal,1.0,43000,CASH,45000,2000,4
TRX-250715-00314,2025-07-15,09:28:00,2025-07-15 09:28:00,1,Tuesday,7,0,0,normal,1.0,27000,CASH,30000,3000,2
TRX-250715-00315,2025-07-15,09:37:00,2025-07-15 09:37:00,1,Tuesday,7,0,0,normal,1.0,178000,TRANSFER,178000,0,4
TRX-250715-00316,2025-07-15,16:33:00,2025-07-15 16:33:00,1,Tuesday,7,0,0,normal,1.0,18000,CASH,20000,2000,2
TRX-250716-00317,2025-07-16,11:23:00,2025-07-16 11:23:00,2,Wednesday,7,0,0,normal,1.0,21000,CASH,25000,4000,2
TRX-250716-00318,2025-07-16,11:15:00,2025-07-16 11:15:00,2,Wednesday,7,0,0,normal,1.0,46900,TRANSFER,46900,0,5
TRX-250716-00319,2025-07-16,09:32:00,2025-07-16 09:32:00,2,Wednesday,7,0,0,normal,1.0,9000,EWALLET,9000,0,1
TRX-250716-00320,2025-07-16,15:13:00,2025-07-16 15:13:00,2,Wednesday,7,0,0,normal,1.0,17000,CASH,20000,3000,2
TRX-250716-00321,2025-07-16,16:04:00,2025-07-16 16:04:00,2,Wednesday,7,0,0,normal,1.0,12500,CASH,15000,2500,3
TRX-250716-00322,2025-07-16,12:40:00,2025-07-16 12:40:00,2,Wednesday,7,0,0,normal,1.0,7000,CASH,10000,3000,2
TRX-250716-00323,2025-07-16,07:54:00,2025-07-16 07:54:00,2,Wednesday,7,0,0,normal,1.0,18000,CASH,20000,2000,1
TRX-250716-00324,2025-07-16,08:48:00,2025-07-16 08:48:00,2,Wednesday,7,0,0,normal,1.0,53500,CASH,55000,1500,5
TRX-250716-00325,2025-07-16,06:55:00,2025-07-16 06:55:00,2,Wednesday,7,0,0,normal,1.0,150000,CASH,155000,5000,3
TRX-250716-00326,2025-07-16,16:32:00,2025-07-16 16:32:00,2,Wednesday,7,0,0,normal,1.0,6000,CASH,10000,4000,1
TRX-250716-00327,2025-07-16,16:36:00,2025-07-16 16:36:00,2,Wednesday,7,0,0,normal,1.0,15500,CASH,20000,4500,4
TRX-250716-00328,2025-07-16,08:39:00,2025-07-16 08:39:00,2,Wednesday,7,0,0,normal,1.0,3000,CASH,5000,2000,1
TRX-250716-00329,2025-07-16,16:09:00,2025-07-16 16:09:00,2,Wednesday,7,0,0,normal,1.0,11000,CASH,15000,4000,2
TRX-250716-00330,2025-07-16,18:08:00,2025-07-16 18:08:00,2,Wednesday,7,0,0,normal,1.0,15500,QRIS,15500,0,3
TRX-250716-00331,2025-07-16,19:12:00,2025-07-16 19:12:00,2,Wednesday,7,0,0,normal,1.0,8000,CASH,10000,2000,2
TRX-250716-00332,2025-07-16,12:37:00,2025-07-16 12:37:00,2,Wednesday,7,0,0,normal,1.0,19500,QRIS,19500,0,2
TRX-250716-00333,2025-07-16,19:37:00,2025-07-16 19:37:00,2,Wednesday,7,0,0,normal,1.0,16000,CASH,20000,4000,3
TRX-250717-00334,2025-07-17,12:11:00,2025-07-17 12:11:00,3,Thursday,7,0,0,normal,1.0,105200,CASH,110000,4800,3
TRX-250717-00335,2025-07-17,13:50:00,2025-07-17 13:50:00,3,Thursday,7,0,0,normal,1.0,7500,CASH,10000,2500,1
TRX-250717-00336,2025-07-17,16:33:00,2025-07-17 16:33:00,3,Thursday,7,0,0,normal,1.0,61000,CASH,65000,4000,3
TRX-250717-00337,2025-07-17,20:14:00,2025-07-17 20:14:00,3,Thursday,7,0,0,normal,1.0,15500,CASH,20000,4500,3
TRX-250717-00338,2025-07-17,10:11:00,2025-07-17 10:11:00,3,Thursday,7,0,0,normal,1.0,3000,CASH,5000,2000,2
TRX-250717-00339,2025-07-17,13:37:00,2025-07-17 13:37:00,3,Thursday,7,0,0,normal,1.0,29350,CASH,30000,650,2
TRX-250717-00340,2025-07-17,09:10:00,2025-07-17 09:10:00,3,Thursday,7,0,0,normal,1.0,10650,CASH,15000,4350,2
TRX-250717-00341,2025-07-17,20:13:00,2025-07-17 20:13:00,3,Thursday,7,0,0,normal,1.0,16000,CASH,20000,4000,2
TRX-250717-00342,2025-07-17,09:42:00,2025-07-17 09:42:00,3,Thursday,7,0,0,normal,1.0,40200,CASH,45000,4800,3
TRX-250717-00343,2025-07-17,12:09:00,2025-07-17 12:09:00,3,Thursday,7,0,0,normal,1.0,22000,QRIS,22000,0,3
TRX-250717-00344,2025-07-17,06:49:00,2025-07-17 06:49:00,3,Thursday,7,0,0,normal,1.0,11000,CASH,15000,4000,2
TRX-250717-00345,2025-07-17,11:51:00,2025-07-17 11:51:00,3,Thursday,7,0,0,normal,1.0,74000,CASH,75000,1000,3
TRX-250717-00346,2025-07-17,09:45:00,2025-07-17 09:45:00,3,Thursday,7,0,0,normal,1.0,123000,CASH,125000,2000,3
TRX-250717-00347,2025-07-17,10:34:00,2025-07-17 10:34:00,3,Thursday,7,0,0,normal,1.0,21000,CASH,25000,4000,2
TRX-250717-00348,2025-07-17,11:35:00,2025-07-17 11:35:00,3,Thursday,7,0,0,normal,1.0,27000,QRIS,27000,0,2
TRX-250717-00349,2025-07-17,10:50:00,2025-07-17 10:50:00,3,Thursday,7,0,0,normal,1.0,29250,CASH,30000,750,3
TRX-250717-00350,2025-07-17,18:30:00,2025-07-17 18:30:00,3,Thursday,7,0,0,normal,1.0,69000,CASH,70000,1000,5
TRX-250717-00351,2025-07-17,16:51:00,2025-07-17 16:51:00,3,Thursday,7,0,0,normal,1.0,11000,CASH,15000,4000,3
TRX-250718-00352,2025-07-18,12:42:00,2025-07-18 12:42:00,4,Friday,7,0,0,normal,1.0,9000,CASH,10000,1000,2
TRX-250718-00353,2025-07-18,19:22:00,2025-07-18 19:22:00,4,Friday,7,0,0,normal,1.0,6000,EWALLET,6000,0,2
TRX-250718-00354,2025-07-18,13:35:00,2025-07-18 13:35:00,4,Friday,7,0,0,normal,1.0,8000,TRANSFER,8000,0,1
TRX-250718-00355,2025-07-18,19:52:00,2025-07-18 19:52:00,4,Friday,7,0,0,normal,1.0,23000,CASH,25000,2000,3
TRX-250718-00356,2025-07-18,10:24:00,2025-07-18 10:24:00,4,Friday,7,0,0,normal,1.0,25000,CASH,30000,5000,3
TRX-250718-00357,2025-07-18,16:52:00,2025-07-18 16:52:00,4,Friday,7,0,0,normal,1.0,30000,CASH,35000,5000,2
TRX-250718-00358,2025-07-18,19:12:00,2025-07-18 19:12:00,4,Friday,7,0,0,normal,1.0,18000,QRIS,18000,0,2
TRX-250718-00359,2025-07-18,09:06:00,2025-07-18 09:06:00,4,Friday,7,0,0,normal,1.0,5100,TRANSFER,5100,0,1
TRX-250718-00360,2025-07-18,20:54:00,2025-07-18 20:54:00,4,Friday,7,0,0,normal,1.0,28000,EWALLET,28000,0,2
TRX-250718-00361,2025-07-18,19:17:00,2025-07-18 19:17:00,4,Friday,7,0,0,normal,1.0,5000,CASH,10000,5000,2
TRX-250718-00362,2025-07-18,18:49:00,2025-07-18 18:49:00,4,Friday,7,0,0,normal,1.0,73700,CASH,75000,1300,2
TRX-250718-00363,2025-07-18,11:55:00,2025-07-18 11:55:00,4,Friday,7,0,0,normal,1.0,89000,CASH,90000,1000,2
TRX-250718-00364,2025-07-18,16:23:00,2025-07-18 16:23:00,4,Friday,7,0,0,normal,1.0,21000,CASH,25000,4000,2
TRX-250718-00365,2025-07-18,18:35:00,2025-07-18 18:35:00,4,Friday,7,0,0,normal,1.0,6000,TRANSFER,6000,0,2
TRX-250718-00366,2025-07-18,21:54:00,2025-07-18 21:54:00,4,Friday,7,0,0,normal,1.0,116600,CASH,120000,3400,3
TRX-250718-00367,2025-07-18,15:28:00,2025-07-18 15:28:00,4,Friday,7,0,0,normal,1.0,95000,QRIS,95000,0,3
TRX-250718-00368,2025-07-18,16:34:00,2025-07-18 16:34:00,4,Friday,7,0,0,normal,1.0,14000,CASH,15000,1000,2
TRX-250718-00369,2025-07-18,10:40:00,2025-07-18 10:40:00,4,Friday,7,0,0,normal,1.0,72000,CASH,75000,3000,5
TRX-250718-00370,2025-07-18,20:47:00,2025-07-18 20:47:00,4,Friday,7,0,0,normal,1.0,18000,CASH,20000,2000,3
TRX-250719-00371,2025-07-19,08:56:00,2025-07-19 08:56:00,5,Saturday,7,1,0,normal,1.0,90000,CASH,95000,5000,2
TRX-250719-00372,2025-07-19,19:24:00,2025-07-19 19:24:00,5,Saturday,7,1,0,normal,1.0,4000,CASH,5000,1000,1
TRX-250719-00373,2025-07-19,07:42:00,2025-07-19 07:42:00,5,Saturday,7,1,0,normal,1.0,47000,CASH,50000,3000,2
TRX-250719-00374,2025-07-19,20:34:00,2025-07-19 20:34:00,5,Saturday,7,1,0,normal,1.0,40000,CASH,45000,5000,2
TRX-250719-00375,2025-07-19,11:34:00,2025-07-19 11:34:00,5,Saturday,7,1,0,normal,1.0,10550,CASH,15000,4450,2
TRX-250719-00376,2025-07-19,11:30:00,2025-07-19 11:30:00,5,Saturday,7,1,0,normal,1.0,40000,CASH,45000,5000,3
TRX-250719-00377,2025-07-19,19:27:00,2025-07-19 19:27:00,5,Saturday,7,1,0,normal,1.0,36000,CASH,40000,4000,2
TRX-250719-00378,2025-07-19,17:58:00,2025-07-19 17:58:00,5,Saturday,7,1,0,normal,1.0,46000,CASH,50000,4000,3
TRX-250719-00379,2025-07-19,12:44:00,2025-07-19 12:44:00,5,Saturday,7,1,0,normal,1.0,54500,CASH,55000,500,3
TRX-250719-00380,2025-07-19,09:31:00,2025-07-19 09:31:00,5,Saturday,7,1,0,normal,1.0,7000,CASH,10000,3000,2
TRX-250719-00381,2025-07-19,17:09:00,2025-07-19 17:09:00,5,Saturday,7,1,0,normal,1.0,2000,CASH,5000,3000,1
TRX-250719-00382,2025-07-19,18:52:00,2025-07-19 18:52:00,5,Saturday,7,1,0,normal,1.0,38500,CASH,40000,1500,2
TRX-250719-00383,2025-07-19,09:47:00,2025-07-19 09:47:00,5,Saturday,7,1,0,normal,1.0,100000,CASH,105000,5000,4
TRX-250720-00384,2025-07-20,16:07:00,2025-07-20 16:07:00,6,Sunday,7,1,0,normal,1.0,24500,QRIS,24500,0,2
TRX-250720-00385,2025-07-20,15:44:00,2025-07-20 15:44:00,6,Sunday,7,1,0,normal,1.0,11000,CASH,15000,4000,2
TRX-250720-00386,2025-07-20,21:40:00,2025-07-20 21:40:00,6,Sunday,7,1,0,normal,1.0,6000,CASH,10000,4000,1
TRX-250720-00387,2025-07-20,13:20:00,2025-07-20 13:20:00,6,Sunday,7,1,0,normal,1.0,17000,CASH,20000,3000,3
TRX-250720-00388,2025-07-20,16:12:00,2025-07-20 16:12:00,6,Sunday,7,1,0,normal,1.0,88000,QRIS,88000,0,3
TRX-250720-00389,2025-07-20,14:29:00,2025-07-20 14:29:00,6,Sunday,7,1,0,normal,1.0,10800,CASH,15000,4200,1
TRX-250720-00390,2025-07-20,17:15:00,2025-07-20 17:15:00,6,Sunday,7,1,0,normal,1.0,32000,QRIS,32000,0,2
TRX-250720-00391,2025-07-20,10:26:00,2025-07-20 10:26:00,6,Sunday,7,1,0,normal,1.0,42000,QRIS,42000,0,3
TRX-250720-00392,2025-07-20,18:42:00,2025-07-20 18:42:00,6,Sunday,7,1,0,normal,1.0,11000,CASH,15000,4000,2
TRX-250720-00393,2025-07-20,16:59:00,2025-07-20 16:59:00,6,Sunday,7,1,0,normal,1.0,144550,TRANSFER,144550,0,4
TRX-250720-00394,2025-07-20,10:33:00,2025-07-20 10:33:00,6,Sunday,7,1,0,normal,1.0,15000,CASH,20000,5000,1
TRX-250720-00395,2025-07-20,10:40:00,2025-07-20 10:40:00,6,Sunday,7,1,0,normal,1.0,90000,CASH,95000,5000,3
TRX-250720-00396,2025-07-20,16:34:00,2025-07-20 16:34:00,6,Sunday,7,1,0,normal,1.0,23000,CASH,25000,2000,3
TRX-250720-00397,2025-07-20,17:59:00,2025-07-20 17:59:00,6,Sunday,7,1,0,normal,1.0,8775,CASH,10000,1225,3
TRX-250720-00398,2025-07-20,10:20:00,2025-07-20 10:20:00,6,Sunday,7,1,0,normal,1.0,2000,CASH,5000,3000,1
TRX-250720-00399,2025-07-20,14:59:00,2025-07-20 14:59:00,6,Sunday,7,1,0,normal,1.0,24000,CASH,25000,1000,3
TRX-250720-00400,2025-07-20,10:04:00,2025-07-20 10:04:00,6,Sunday,7,1,0,normal,1.0,12000,CASH,15000,3000,2
TRX-250720-00401,2025-07-20,17:36:00,2025-07-20 17:36:00,6,Sunday,7,1,0,normal,1.0,31000,CASH,35000,4000,2
TRX-250721-00402,2025-07-21,16:38:00,2025-07-21 16:38:00,0,Monday,7,0,0,normal,1.0,196000,CASH,200000,4000,4
TRX-250721-00403,2025-07-21,08:27:00,2025-07-21 08:27:00,0,Monday,7,0,0,normal,1.0,14100,CASH,15000,900,2
TRX-250721-00404,2025-07-21,12:44:00,2025-07-21 12:44:00,0,Monday,7,0,0,normal,1.0,6000,CASH,10000,4000,1
TRX-250721-00405,2025-07-21,09:39:00,2025-07-21 09:39:00,0,Monday,7,0,0,normal,1.0,77000,CASH,80000,3000,4
TRX-250721-00406,2025-07-21,11:52:00,2025-07-21 11:52:00,0,Monday,7,0,0,normal,1.0,73000,CASH,75000,2000,5
TRX-250721-00407,2025-07-21,08:28:00,2025-07-21 08:28:00,0,Monday,7,0,0,normal,1.0,35000,CASH,40000,5000,2
TRX-250721-00408,2025-07-21,21:44:00,2025-07-21 21:44:00,0,Monday,7,0,0,normal,1.0,43500,CASH,45000,1500,3
TRX-250721-00409,2025-07-21,06:24:00,2025-07-21 06:24:00,0,Monday,7,0,0,normal,1.0,45000,CASH,50000,5000,3
TRX-250721-00410,2025-07-21,19:31:00,2025-07-21 19:31:00,0,Monday,7,0,0,normal,1.0,37000,TRANSFER,37000,0,4
TRX-250721-00411,2025-07-21,15:15:00,2025-07-21 15:15:00,0,Monday,7,0,0,normal,1.0,69000,EWALLET,69000,0,4
TRX-250721-00412,2025-07-21,14:43:00,2025-07-21 14:43:00,0,Monday,7,0,0,normal,1.0,35000,CASH,40000,5000,2
TRX-250721-00413,2025-07-21,10:08:00,2025-07-21 10:08:00,0,Monday,7,0,0,normal,1.0,60000,CASH,65000,5000,3
TRX-250721-00414,2025-07-21,14:10:00,2025-07-21 14:10:00,0,Monday,7,0,0,normal,1.0,57000,CASH,60000,3000,2
TRX-250721-00415,2025-07-21,19:26:00,2025-07-21 19:26:00,0,Monday,7,0,0,normal,1.0,86000,CASH,90000,4000,4
TRX-250721-00416,2025-07-21,10:01:00,2025-07-21 10:01:00,0,Monday,7,0,0,normal,1.0,39000,CASH,40000,1000,2
TRX-250721-00417,2025-07-21,13:08:00,2025-07-21 13:08:00,0,Monday,7,0,0,normal,1.0,19000,EWALLET,19000,0,2
TRX-250721-00418,2025-07-21,10:13:00,2025-07-21 10:13:00,0,Monday,7,0,0,normal,1.0,27000,EWALLET,27000,0,1
TRX-250722-00419,2025-07-22,13:15:00,2025-07-22 13:15:00,1,Tuesday,7,0,0,normal,1.0,9000,QRIS,9000,0,2
TRX-250722-00420,2025-07-22,14:41:00,2025-07-22 14:41:00,1,Tuesday,7,0,0,normal,1.0,63500,CASH,65000,1500,3
TRX-250722-00421,2025-07-22,15:03:00,2025-07-22 15:03:00,1,Tuesday,7,0,0,normal,1.0,11000,QRIS,11000,0,2
TRX-250722-00422,2025-07-22,16:57:00,2025-07-22 16:57:00,1,Tuesday,7,0,0,normal,1.0,3000,CASH,5000,2000,1
TRX-250722-00423,2025-07-22,17:57:00,2025-07-22 17:57:00,1,Tuesday,7,0,0,normal,1.0,15000,CASH,20000,5000,3
TRX-250722-00424,2025-07-22,19:50:00,2025-07-22 19:50:00,1,Tuesday,7,0,0,normal,1.0,54000,CASH,55000,1000,2
TRX-250722-00425,2025-07-22,21:39:00,2025-07-22 21:39:00,1,Tuesday,7,0,0,normal,1.0,100000,CASH,105000,5000,4
TRX-250722-00426,2025-07-22,15:07:00,2025-07-22 15:07:00,1,Tuesday,7,0,0,normal,1.0,138500,CASH,140000,1500,3
TRX-250722-00427,2025-07-22,12:28:00,2025-07-22 12:28:00,1,Tuesday,7,0,0,normal,1.0,2000,CASH,5000,3000,1
TRX-250722-00428,2025-07-22,14:52:00,2025-07-22 14:52:00,1,Tuesday,7,0,0,normal,1.0,60550,CASH,65000,4450,2
TRX-250722-00429,2025-07-22,19:03:00,2025-07-22 19:03:00,1,Tuesday,7,0,0,normal,1.0,3000,CASH,5000,2000,1
TRX-250722-00430,2025-07-22,16:36:00,2025-07-22 16:36:00,1,Tuesday,7,0,0,normal,1.0,26000,CASH,30000,4000,4
TRX-250722-00431,2025-07-22,16:17:00,2025-07-22 16:17:00,1,Tuesday,7,0,0,normal,1.0,12000,CASH,15000,3000,2
TRX-250722-00432,2025-07-22,08:46:00,2025-07-22 08:46:00,1,Tuesday,7,0,0,normal,1.0,34000,CASH,35000,1000,3
TRX-250722-00433,2025-07-22,14:40:00,2025-07-22 14:40:00,1,Tuesday,7,0,0,normal,1.0,7000,CASH,10000,3000,2
TRX-250722-00434,2025-07-22,17:47:00,2025-07-22 17:47:00,1,Tuesday,7,0,0,normal,1.0,16850,CASH,20000,3150,4
TRX-250722-00435,2025-07-22,08:21:00,2025-07-22 08:21:00,1,Tuesday,7,0,0,normal,1.0,24000,CASH,25000,1000,2
TRX-250722-00436,2025-07-22,19:51:00,2025-07-22 19:51:00,1,Tuesday,7,0,0,normal,1.0,6000,CASH,10000,4000,1
TRX-250722-00437,2025-07-22,19:29:00,2025-07-22 19:29:00,1,Tuesday,7,0,0,normal,1.0,15000,CASH,20000,5000,3
TRX-250722-00438,2025-07-22,11:09:00,2025-07-22 11:09:00,1,Tuesday,7,0,0,normal,1.0,38000,CASH,40000,2000,2
TRX-250723-00439,2025-07-23,18:45:00,2025-07-23 18:45:00,2,Wednesday,7,0,0,normal,1.0,3000,CASH,5000,2000,1
TRX-250723-00440,2025-07-23,20:13:00,2025-07-23 20:13:00,2,Wednesday,7,0,0,normal,1.0,30000,CASH,35000,5000,3
TRX-250723-00441,2025-07-23,13:55:00,2025-07-23 13:55:00,2,Wednesday,7,0,0,normal,1.0,12000,QRIS,12000,0,3
TRX-250723-00442,2025-07-23,14:00:00,2025-07-23 14:00:00,2,Wednesday,7,0,0,normal,1.0,19000,QRIS,19000,0,2
TRX-250723-00443,2025-07-23,17:01:00,2025-07-23 17:01:00,2,Wednesday,7,0,0,normal,1.0,9000,CASH,10000,1000,2
TRX-250723-00444,2025-07-23,09:17:00,2025-07-23 09:17:00,2,Wednesday,7,0,0,normal,1.0,1500,CASH,5000,3500,1
TRX-250723-00445,2025-07-23,14:17:00,2025-07-23 14:17:00,2,Wednesday,7,0,0,normal,1.0,15000,CASH,20000,5000,1
TRX-250723-00446,2025-07-23,15:21:00,2025-07-23 15:21:00,2,Wednesday,7,0,0,normal,1.0,63500,CASH,65000,1500,3
TRX-250723-00447,2025-07-23,16:28:00,2025-07-23 16:28:00,2,Wednesday,7,0,0,normal,1.0,22000,CASH,25000,3000,3
TRX-250723-00448,2025-07-23,19:29:00,2025-07-23 19:29:00,2,Wednesday,7,0,0,normal,1.0,8000,CASH,10000,2000,1
TRX-250723-00449,2025-07-23,20:09:00,2025-07-23 20:09:00,2,Wednesday,7,0,0,normal,1.0,94500,CASH,95000,500,4
TRX-250723-00450,2025-07-23,11:36:00,2025-07-23 11:36:00,2,Wednesday,7,0,0,normal,1.0,9000,QRIS,9000,0,1
TRX-250723-00451,2025-07-23,16:50:00,2025-07-23 16:50:00,2,Wednesday,7,0,0,normal,1.0,3500,CASH,5000,1500,2
TRX-250723-00452,2025-07-23,10:44:00,2025-07-23 10:44:00,2,Wednesday,7,0,0,normal,1.0,4000,CASH,5000,1000,2
TRX-250723-00453,2025-07-23,15:31:00,2025-07-23 15:31:00,2,Wednesday,7,0,0,normal,1.0,2000,CASH,5000,3000,1
TRX-250723-00454,2025-07-23,11:25:00,2025-07-23 11:25:00,2,Wednesday,7,0,0,normal,1.0,9000,QRIS,9000,0,1
TRX-250723-00455,2025-07-23,13:42:00,2025-07-23 13:42:00,2,Wednesday,7,0,0,normal,1.0,6000,CASH,10000,4000,1
TRX-250723-00456,2025-07-23,18:48:00,2025-07-23 18:48:00,2,Wednesday,7,0,0,normal,1.0,6000,CASH,10000,4000,1
TRX-250724-00457,2025-07-24,16:20:00,2025-07-24 16:20:00,3,Thursday,7,0,0,normal,1.0,52000,TRANSFER,52000,0,2
TRX-250724-00458,2025-07-24,15:39:00,2025-07-24 15:39:00,3,Thursday,7,0,0,normal,1.0,108000,CASH,110000,2000,4
TRX-250724-00459,2025-07-24,11:24:00,2025-07-24 11:24:00,3,Thursday,7,0,0,normal,1.0,9000,CASH,10000,1000,2
TRX-250724-00460,2025-07-24,12:18:00,2025-07-24 12:18:00,3,Thursday,7,0,0,normal,1.0,87500,CASH,90000,2500,4
TRX-250724-00461,2025-07-24,12:11:00,2025-07-24 12:11:00,3,Thursday,7,0,0,normal,1.0,4000,CASH,5000,1000,2
TRX-250724-00462,2025-07-24,17:45:00,2025-07-24 17:45:00,3,Thursday,7,0,0,normal,1.0,36000,EWALLET,36000,0,2
TRX-250724-00463,2025-07-24,16:09:00,2025-07-24 16:09:00,3,Thursday,7,0,0,normal,1.0,57000,CASH,60000,3000,2
TRX-250724-00464,2025-07-24,15:42:00,2025-07-24 15:42:00,3,Thursday,7,0,0,normal,1.0,63300,CASH,65000,1700,5
TRX-250724-00465,2025-07-24,17:46:00,2025-07-24 17:46:00,3,Thursday,7,0,0,normal,1.0,28000,CASH,30000,2000,3
TRX-250724-00466,2025-07-24,17:16:00,2025-07-24 17:16:00,3,Thursday,7,0,0,normal,1.0,4000,QRIS,4000,0,1
TRX-250724-00467,2025-07-24,09:37:00,2025-07-24 09:37:00,3,Thursday,7,0,0,normal,1.0,32700,QRIS,32700,0,3
TRX-250724-00468,2025-07-24,18:53:00,2025-07-24 18:53:00,3,Thursday,7,0,0,normal,1.0,4000,CASH,5000,1000,2
TRX-250724-00469,2025-07-24,11:41:00,2025-07-24 11:41:00,3,Thursday,7,0,0,normal,1.0,56000,CASH,60000,4000,2
TRX-250725-00470,2025-07-25,16:24:00,2025-07-25 16:24:00,4,Friday,7,0,1,normal,1.0,22000,CASH,25000,3000,2
TRX-250725-00471,2025-07-25,16:02:00,2025-07-25 16:02:00,4,Friday,7,0,1,normal,1.0,108000,CASH,110000,2000,1
TRX-250725-00472,2025-07-25,16:17:00,2025-07-25 16:17:00,4,Friday,7,0,1,normal,1.0,17000,CASH,20000,3000,2
TRX-250725-00473,2025-07-25,15:12:00,2025-07-25 15:12:00,4,Friday,7,0,1,normal,1.0,23000,CASH,25000,2000,3
TRX-250725-00474,2025-07-25,17:16:00,2025-07-25 17:16:00,4,Friday,7,0,1,normal,1.0,46000,TRANSFER,46000,0,2
TRX-250725-00475,2025-07-25,16:07:00,2025-07-25 16:07:00,4,Friday,7,0,1,normal,1.0,4000,CASH,5000,1000,1
TRX-250725-00476,2025-07-25,18:11:00,2025-07-25 18:11:00,4,Friday,7,0,1,normal,1.0,74000,CASH,75000,1000,4
TRX-250725-00477,2025-07-25,17:24:00,2025-07-25 17:24:00,4,Friday,7,0,1,normal,1.0,23000,QRIS,23000,0,2
TRX-250725-00478,2025-07-25,12:41:00,2025-07-25 12:41:00,4,Friday,7,0,1,normal,1.0,12000,CASH,15000,3000,2
TRX-250725-00479,2025-07-25,08:36:00,2025-07-25 08:36:00,4,Friday,7,0,1,normal,1.0,19400,CASH,20000,600,3
TRX-250725-00480,2025-07-25,13:49:00,2025-07-25 13:49:00,4,Friday,7,0,1,normal,1.0,10000,QRIS,10000,0,2
TRX-250725-00481,2025-07-25,18:30:00,2025-07-25 18:30:00,4,Friday,7,0,1,normal,1.0,54000,EWALLET,54000,0,1
TRX-250725-00482,2025-07-25,07:41:00,2025-07-25 07:41:00,4,Friday,7,0,1,normal,1.0,27000,EWALLET,27000,0,1
TRX-250725-00483,2025-07-25,17:41:00,2025-07-25 17:41:00,4,Friday,7,0,1,normal,1.0,55500,CASH,60000,4500,2
TRX-250725-00484,2025-07-25,13:56:00,2025-07-25 13:56:00,4,Friday,7,0,1,normal,1.0,51000,CASH,55000,4000,3
TRX-250725-00485,2025-07-25,18:28:00,2025-07-25 18:28:00,4,Friday,7,0,1,normal,1.0,79000,CASH,80000,1000,4
TRX-250725-00486,2025-07-25,17:31:00,2025-07-25 17:31:00,4,Friday,7,0,1,normal,1.0,52500,CASH,55000,2500,3
TRX-250725-00487,2025-07-25,09:37:00,2025-07-25 09:37:00,4,Friday,7,0,1,normal,1.0,3000,CASH,5000,2000,1
TRX-250725-00488,2025-07-25,07:12:00,2025-07-25 07:12:00,4,Friday,7,0,1,normal,1.0,16000,CASH,20000,4000,2
TRX-250725-00489,2025-07-25,18:50:00,2025-07-25 18:50:00,4,Friday,7,0,1,normal,1.0,21000,CASH,25000,4000,2
TRX-250725-00490,2025-07-25,09:15:00,2025-07-25 09:15:00,4,Friday,7,0,1,normal,1.0,36100,CASH,40000,3900,4
TRX-250726-00491,2025-07-26,09:09:00,2025-07-26 09:09:00,5,Saturday,7,1,1,normal,1.0,36000,CASH,40000,4000,3
TRX-250726-00492,2025-07-26,11:00:00,2025-07-26 11:00:00,5,Saturday,7,1,1,normal,1.0,62000,CASH,65000,3000,3
TRX-250726-00493,2025-07-26,07:07:00,2025-07-26 07:07:00,5,Saturday,7,1,1,normal,1.0,24150,CASH,25000,850,4
TRX-250726-00494,2025-07-26,07:34:00,2025-07-26 07:34:00,5,Saturday,7,1,1,normal,1.0,8500,CASH,10000,1500,2
TRX-250726-00495,2025-07-26,09:43:00,2025-07-26 09:43:00,5,Saturday,7,1,1,normal,1.0,7000,CASH,10000,3000,2
TRX-250726-00496,2025-07-26,07:27:00,2025-07-26 07:27:00,5,Saturday,7,1,1,normal,1.0,9000,CASH,10000,1000,1
TRX-250726-00497,2025-07-26,17:40:00,2025-07-26 17:40:00,5,Saturday,7,1,1,normal,1.0,17000,CASH,20000,3000,2
TRX-250726-00498,2025-07-26,12:48:00,2025-07-26 12:48:00,5,Saturday,7,1,1,normal,1.0,12000,QRIS,12000,0,2
TRX-250726-00499,2025-07-26,18:05:00,2025-07-26 18:05:00,5,Saturday,7,1,1,normal,1.0,55000,CASH,60000,5000,2
TRX-250726-00500,2025-07-26,18:15:00,2025-07-26 18:15:00,5,Saturday,7,1,1,normal,1.0,13000,CASH,15000,2000,2
TRX-250726-00501,2025-07-26,07:30:00,2025-07-26 07:30:00,5,Saturday,7,1,1,normal,1.0,8000,QRIS,8000,0,2
TRX-250726-00502,2025-07-26,17:44:00,2025-07-26 17:44:00,5,Saturday,7,1,1,normal,1.0,19500,CASH,20000,500,3
TRX-250726-00503,2025-07-26,06:29:00,2025-07-26 06:29:00,5,Saturday,7,1,1,normal,1.0,50250,CASH,55000,4750,2
TRX-250726-00504,2025-07-26,08:57:00,2025-07-26 08:57:00,5,Saturday,7,1,1,normal,1.0,88000,CASH,90000,2000,3
TRX-250726-00505,2025-07-26,19:32:00,2025-07-26 19:32:00,5,Saturday,7,1,1,normal,1.0,32000,CASH,35000,3000,5
TRX-250726-00506,2025-07-26,15:44:00,2025-07-26 15:44:00,5,Saturday,7,1,1,normal,1.0,10000,CASH,15000,5000,2
TRX-250726-00507,2025-07-26,11:31:00,2025-07-26 11:31:00,5,Saturday,7,1,1,normal,1.0,88000,QRIS,88000,0,3
TRX-250726-00508,2025-07-26,19:12:00,2025-07-26 19:12:00,5,Saturday,7,1,1,normal,1.0,37500,TRANSFER,37500,0,4
TRX-250726-00509,2025-07-26,20:34:00,2025-07-26 20:34:00,5,Saturday,7,1,1,normal,1.0,94000,CASH,95000,1000,5
TRX-250726-00510,2025-07-26,14:29:00,2025-07-26 14:29:00,5,Saturday,7,1,1,normal,1.0,11000,CASH,15000,4000,2
TRX-250726-00511,2025-07-26,07:22:00,2025-07-26 07:22:00,5,Saturday,7,1,1,normal,1.0,10500,CASH,15000,4500,2
TRX-250726-00512,2025-07-26,19:50:00,2025-07-26 19:50:00,5,Saturday,7,1,1,normal,1.0,22000,CASH,25000,3000,2
TRX-250726-00513,2025-07-26,07:20:00,2025-07-26 07:20:00,5,Saturday,7,1,1,normal,1.0,104000,CASH,105000,1000,5
TRX-250726-00514,2025-07-26,19:48:00,2025-07-26 19:48:00,5,Saturday,7,1,1,normal,1.0,96000,CASH,100000,4000,5
TRX-250726-00515,2025-07-26,16:37:00,2025-07-26 16:37:00,5,Saturday,7,1,1,normal,1.0,13000,CASH,15000,2000,2
TRX-250726-00516,2025-07-26,12:31:00,2025-07-26 12:31:00,5,Saturday,7,1,1,normal,1.0,6500,TRANSFER,6500,0,2
TRX-250726-00517,2025-07-26,11:18:00,2025-07-26 11:18:00,5,Saturday,7,1,1,normal,1.0,13000,CASH,15000,2000,2
TRX-250726-00518,2025-07-26,12:10:00,2025-07-26 12:10:00,5,Saturday,7,1,1,normal,1.0,37500,CASH,40000,2500,4
TRX-250726-00519,2025-07-26,08:26:00,2025-07-26 08:26:00,5,Saturday,7,1,1,normal,1.0,31000,CASH,35000,4000,3
TRX-250726-00520,2025-07-26,11:37:00,2025-07-26 11:37:00,5,Saturday,7,1,1,normal,1.0,34500,CASH,35000,500,2
TRX-250726-00521,2025-07-26,13:41:00,2025-07-26 13:41:00,5,Saturday,7,1,1,normal,1.0,30000,CASH,35000,5000,3
TRX-250726-00522,2025-07-26,13:27:00,2025-07-26 13:27:00,5,Saturday,7,1,1,normal,1.0,70500,CASH,75000,4500,4
TRX-250726-00523,2025-07-26,10:26:00,2025-07-26 10:26:00,5,Saturday,7,1,1,normal,1.0,49500,CASH,50000,500,3
TRX-250726-00524,2025-07-26,11:20:00,2025-07-26 11:20:00,5,Saturday,7,1,1,normal,1.0,40000,CASH,45000,5000,2
TRX-250726-00525,2025-07-26,11:31:00,2025-07-26 11:31:00,5,Saturday,7,1,1,normal,1.0,18000,CASH,20000,2000,2
TRX-250727-00526,2025-07-27,14:35:00,2025-07-27 14:35:00,6,Sunday,7,1,1,normal,1.0,36900,CASH,40000,3100,3
TRX-250727-00527,2025-07-27,15:48:00,2025-07-27 15:48:00,6,Sunday,7,1,1,normal,1.0,17700,CASH,20000,2300,4
TRX-250727-00528,2025-07-27,17:02:00,2025-07-27 17:02:00,6,Sunday,7,1,1,normal,1.0,27500,CASH,30000,2500,2
TRX-250727-00529,2025-07-27,06:06:00,2025-07-27 06:06:00,6,Sunday,7,1,1,normal,1.0,34000,CASH,35000,1000,4
TRX-250727-00530,2025-07-27,10:36:00,2025-07-27 10:36:00,6,Sunday,7,1,1,normal,1.0,2000,QRIS,2000,0,1
TRX-250727-00531,2025-07-27,20:10:00,2025-07-27 20:10:00,6,Sunday,7,1,1,normal,1.0,84000,CASH,85000,1000,5
TRX-250727-00532,2025-07-27,21:07:00,2025-07-27 21:07:00,6,Sunday,7,1,1,normal,1.0,1000,CASH,5000,4000,1
TRX-250727-00533,2025-07-27,08:31:00,2025-07-27 08:31:00,6,Sunday,7,1,1,normal,1.0,8000,CASH,10000,2000,1
TRX-250727-00534,2025-07-27,12:35:00,2025-07-27 12:35:00,6,Sunday,7,1,1,normal,1.0,33000,QRIS,33000,0,2
TRX-250727-00535,2025-07-27,06:43:00,2025-07-27 06:43:00,6,Sunday,7,1,1,normal,1.0,9000,CASH,10000,1000,2
TRX-250727-00536,2025-07-27,08:59:00,2025-07-27 08:59:00,6,Sunday,7,1,1,normal,1.0,18000,QRIS,18000,0,3
TRX-250727-00537,2025-07-27,15:48:00,2025-07-27 15:48:00,6,Sunday,7,1,1,normal,1.0,40000,CASH,45000,5000,4
TRX-250727-00538,2025-07-27,08:03:00,2025-07-27 08:03:00,6,Sunday,7,1,1,normal,1.0,40000,CASH,45000,5000,4
TRX-250727-00539,2025-07-27,13:32:00,2025-07-27 13:32:00,6,Sunday,7,1,1,normal,1.0,17500,CASH,20000,2500,2
TRX-250727-00540,2025-07-27,12:54:00,2025-07-27 12:54:00,6,Sunday,7,1,1,normal,1.0,37000,CASH,40000,3000,2
TRX-250727-00541,2025-07-27,09:45:00,2025-07-27 09:45:00,6,Sunday,7,1,1,normal,1.0,57000,CASH,60000,3000,2
TRX-250727-00542,2025-07-27,09:03:00,2025-07-27 09:03:00,6,Sunday,7,1,1,normal,1.0,2425,CASH,5000,2575,2
TRX-250727-00543,2025-07-27,09:23:00,2025-07-27 09:23:00,6,Sunday,7,1,1,normal,1.0,45500,QRIS,45500,0,2
TRX-250727-00544,2025-07-27,11:42:00,2025-07-27 11:42:00,6,Sunday,7,1,1,normal,1.0,16000,CASH,20000,4000,2
TRX-250727-00545,2025-07-27,14:02:00,2025-07-27 14:02:00,6,Sunday,7,1,1,normal,1.0,83000,TRANSFER,83000,0,2
TRX-250727-00546,2025-07-27,11:24:00,2025-07-27 11:24:00,6,Sunday,7,1,1,normal,1.0,5000,CASH,10000,5000,2
TRX-250727-00547,2025-07-27,09:19:00,2025-07-27 09:19:00,6,Sunday,7,1,1,normal,1.0,10000,QRIS,10000,0,2
TRX-250727-00548,2025-07-27,07:36:00,2025-07-27 07:36:00,6,Sunday,7,1,1,normal,1.0,18000,CASH,20000,2000,2
TRX-250727-00549,2025-07-27,18:30:00,2025-07-27 18:30:00,6,Sunday,7,1,1,normal,1.0,14000,QRIS,14000,0,2
TRX-250727-00550,2025-07-27,12:16:00,2025-07-27 12:16:00,6,Sunday,7,1,1,normal,1.0,22500,CASH,25000,2500,3
TRX-250727-00551,2025-07-27,13:59:00,2025-07-27 13:59:00,6,Sunday,7,1,1,normal,1.0,13000,TRANSFER,13000,0,2
TRX-250727-00552,2025-07-27,10:47:00,2025-07-27 10:47:00,6,Sunday,7,1,1,normal,1.0,10000,QRIS,10000,0,2
TRX-250727-00553,2025-07-27,16:16:00,2025-07-27 16:16:00,6,Sunday,7,1,1,normal,1.0,18000,CASH,20000,2000,2
TRX-250727-00554,2025-07-27,12:57:00,2025-07-27 12:57:00,6,Sunday,7,1,1,normal,1.0,6000,CASH,10000,4000,1
TRX-250727-00555,2025-07-27,16:11:00,2025-07-27 16:11:00,6,Sunday,7,1,1,normal,1.0,89000,CASH,90000,1000,3
TRX-250727-00556,2025-07-27,16:56:00,2025-07-27 16:56:00,6,Sunday,7,1,1,normal,1.0,1500,CASH,5000,3500,1
TRX-250727-00557,2025-07-27,17:59:00,2025-07-27 17:59:00,6,Sunday,7,1,1,normal,1.0,36000,CASH,40000,4000,1
TRX-250727-00558,2025-07-27,13:05:00,2025-07-27 13:05:00,6,Sunday,7,1,1,normal,1.0,12000,CASH,15000,3000,2
TRX-250727-00559,2025-07-27,12:09:00,2025-07-27 12:09:00,6,Sunday,7,1,1,normal,1.0,3000,CASH,5000,2000,1
TRX-250727-00560,2025-07-27,07:34:00,2025-07-27 07:34:00,6,Sunday,7,1,1,normal,1.0,15000,CASH,20000,5000,2
TRX-250727-00561,2025-07-27,11:45:00,2025-07-27 11:45:00,6,Sunday,7,1,1,normal,1.0,40000,TRANSFER,40000,0,2
TRX-250727-00562,2025-07-27,19:42:00,2025-07-27 19:42:00,6,Sunday,7,1,1,normal,1.0,58000,TRANSFER,58000,0,2
TRX-250727-00563,2025-07-27,18:24:00,2025-07-27 18:24:00,6,Sunday,7,1,1,normal,1.0,4500,TRANSFER,4500,0,1
TRX-250727-00564,2025-07-27,19:48:00,2025-07-27 19:48:00,6,Sunday,7,1,1,normal,1.0,16000,TRANSFER,16000,0,2
TRX-250728-00565,2025-07-28,18:52:00,2025-07-28 18:52:00,0,Monday,7,0,1,normal,1.0,37000,CASH,40000,3000,4
TRX-250728-00566,2025-07-28,11:44:00,2025-07-28 11:44:00,0,Monday,7,0,1,normal,1.0,36000,CASH,40000,4000,1
TRX-250728-00567,2025-07-28,09:25:00,2025-07-28 09:25:00,0,Monday,7,0,1,normal,1.0,20000,CASH,25000,5000,2
TRX-250728-00568,2025-07-28,09:38:00,2025-07-28 09:38:00,0,Monday,7,0,1,normal,1.0,11500,CASH,15000,3500,3
TRX-250728-00569,2025-07-28,09:56:00,2025-07-28 09:56:00,0,Monday,7,0,1,normal,1.0,17000,CASH,20000,3000,2
TRX-250728-00570,2025-07-28,08:29:00,2025-07-28 08:29:00,0,Monday,7,0,1,normal,1.0,33000,CASH,35000,2000,2
TRX-250728-00571,2025-07-28,20:07:00,2025-07-28 20:07:00,0,Monday,7,0,1,normal,1.0,108000,QRIS,108000,0,1
TRX-250728-00572,2025-07-28,13:14:00,2025-07-28 13:14:00,0,Monday,7,0,1,normal,1.0,7000,CASH,10000,3000,2
TRX-250728-00573,2025-07-28,21:18:00,2025-07-28 21:18:00,0,Monday,7,0,1,normal,1.0,18000,CASH,20000,2000,3
TRX-250728-00574,2025-07-28,08:30:00,2025-07-28 08:30:00,0,Monday,7,0,1,normal,1.0,8000,CASH,10000,2000,1
TRX-250728-00575,2025-07-28,16:47:00,2025-07-28 16:47:00,0,Monday,7,0,1,normal,1.0,123000,TRANSFER,123000,0,3
TRX-250728-00576,2025-07-28,18:00:00,2025-07-28 18:00:00,0,Monday,7,0,1,normal,1.0,17000,CASH,20000,3000,2
TRX-250728-00577,2025-07-28,10:32:00,2025-07-28 10:32:00,0,Monday,7,0,1,normal,1.0,13000,CASH,15000,2000,2
TRX-250728-00578,2025-07-28,21:31:00,2025-07-28 21:31:00,0,Monday,7,0,1,normal,1.0,28000,QRIS,28000,0,3
TRX-250728-00579,2025-07-28,21:48:00,2025-07-28 21:48:00,0,Monday,7,0,1,normal,1.0,63000,CASH,65000,2000,5
TRX-250729-00580,2025-07-29,08:46:00,2025-07-29 08:46:00,1,Tuesday,7,0,1,normal,1.0,30000,CASH,35000,5000,3
TRX-250729-00581,2025-07-29,14:36:00,2025-07-29 14:36:00,1,Tuesday,7,0,1,normal,1.0,17000,CASH,20000,3000,2
TRX-250729-00582,2025-07-29,08:23:00,2025-07-29 08:23:00,1,Tuesday,7,0,1,normal,1.0,13550,CASH,15000,1450,3
TRX-250729-00583,2025-07-29,16:28:00,2025-07-29 16:28:00,1,Tuesday,7,0,1,normal,1.0,45000,TRANSFER,45000,0,1
TRX-250729-00584,2025-07-29,07:41:00,2025-07-29 07:41:00,1,Tuesday,7,0,1,normal,1.0,3000,CASH,5000,2000,1
TRX-250729-00585,2025-07-29,10:15:00,2025-07-29 10:15:00,1,Tuesday,7,0,1,normal,1.0,12000,CASH,15000,3000,3
TRX-250729-00586,2025-07-29,11:43:00,2025-07-29 11:43:00,1,Tuesday,7,0,1,normal,1.0,12000,CASH,15000,3000,2
TRX-250729-00587,2025-07-29,08:27:00,2025-07-29 08:27:00,1,Tuesday,7,0,1,normal,1.0,29000,CASH,30000,1000,3
TRX-250729-00588,2025-07-29,14:18:00,2025-07-29 14:18:00,1,Tuesday,7,0,1,normal,1.0,17000,CASH,20000,3000,2
TRX-250729-00589,2025-07-29,12:36:00,2025-07-29 12:36:00,1,Tuesday,7,0,1,normal,1.0,3000,CASH,5000,2000,1
TRX-250729-00590,2025-07-29,08:42:00,2025-07-29 08:42:00,1,Tuesday,7,0,1,normal,1.0,21400,QRIS,21400,0,3
TRX-250729-00591,2025-07-29,19:19:00,2025-07-29 19:19:00,1,Tuesday,7,0,1,normal,1.0,64000,CASH,65000,1000,2
TRX-250729-00592,2025-07-29,10:05:00,2025-07-29 10:05:00,1,Tuesday,7,0,1,normal,1.0,16000,CASH,20000,4000,3
TRX-250729-00593,2025-07-29,20:38:00,2025-07-29 20:38:00,1,Tuesday,7,0,1,normal,1.0,25000,CASH,30000,5000,3
TRX-250729-00594,2025-07-29,18:44:00,2025-07-29 18:44:00,1,Tuesday,7,0,1,normal,1.0,40800,CASH,45000,4200,4
TRX-250729-00595,2025-07-29,12:31:00,2025-07-29 12:31:00,1,Tuesday,7,0,1,normal,1.0,9800,CASH,10000,200,2
TRX-250729-00596,2025-07-29,18:27:00,2025-07-29 18:27:00,1,Tuesday,7,0,1,normal,1.0,140000,CASH,145000,5000,5
TRX-250729-00597,2025-07-29,08:57:00,2025-07-29 08:57:00,1,Tuesday,7,0,1,normal,1.0,17000,CASH,20000,3000,3
TRX-250729-00598,2025-07-29,13:37:00,2025-07-29 13:37:00,1,Tuesday,7,0,1,normal,1.0,62000,CASH,65000,3000,5
TRX-250729-00599,2025-07-29,17:42:00,2025-07-29 17:42:00,1,Tuesday,7,0,1,normal,1.0,9000,CASH,10000,1000,1
TRX-250729-00600,2025-07-29,13:15:00,2025-07-29 13:15:00,1,Tuesday,7,0,1,normal,1.0,49000,QRIS,49000,0,2
TRX-250729-00601,2025-07-29,07:04:00,2025-07-29 07:04:00,1,Tuesday,7,0,1,normal,1.0,18000,CASH,20000,2000,2
TRX-250729-00602,2025-07-29,17:35:00,2025-07-29 17:35:00,1,Tuesday,7,0,1,normal,1.0,57000,CASH,60000,3000,2
TRX-250729-00603,2025-07-29,13:53:00,2025-07-29 13:53:00,1,Tuesday,7,0,1,normal,1.0,49000,CASH,50000,1000,3
TRX-250729-00604,2025-07-29,17:45:00,2025-07-29 17:45:00,1,Tuesday,7,0,1,normal,1.0,17000,CASH,20000,3000,2
TRX-250729-00605,2025-07-29,12:26:00,2025-07-29 12:26:00,1,Tuesday,7,0,1,normal,1.0,79500,CASH,80000,500,4
TRX-250730-00606,2025-07-30,12:58:00,2025-07-30 12:58:00,2,Wednesday,7,0,1,normal,1.0,5850,QRIS,5850,0,2
TRX-250730-00607,2025-07-30,13:04:00,2025-07-30 13:04:00,2,Wednesday,7,0,1,normal,1.0,4000,EWALLET,4000,0,1
TRX-250730-00608,2025-07-30,17:42:00,2025-07-30 17:42:00,2,Wednesday,7,0,1,normal,1.0,119000,QRIS,119000,0,5
TRX-250730-00609,2025-07-30,15:09:00,2025-07-30 15:09:00,2,Wednesday,7,0,1,normal,1.0,67500,QRIS,67500,0,3
TRX-250730-00610,2025-07-30,11:02:00,2025-07-30 11:02:00,2,Wednesday,7,0,1,normal,1.0,41000,CASH,45000,4000,3
TRX-250730-00611,2025-07-30,06:56:00,2025-07-30 06:56:00,2,Wednesday,7,0,1,normal,1.0,71700,EWALLET,71700,0,4
TRX-250730-00612,2025-07-30,15:00:00,2025-07-30 15:00:00,2,Wednesday,7,0,1,normal,1.0,17000,EWALLET,17000,0,2
TRX-250730-00613,2025-07-30,15:22:00,2025-07-30 15:22:00,2,Wednesday,7,0,1,normal,1.0,15000,CASH,20000,5000,2
TRX-250730-00614,2025-07-30,13:12:00,2025-07-30 13:12:00,2,Wednesday,7,0,1,normal,1.0,42000,CASH,45000,3000,4
TRX-250730-00615,2025-07-30,12:16:00,2025-07-30 12:16:00,2,Wednesday,7,0,1,normal,1.0,39000,TRANSFER,39000,0,2
TRX-250730-00616,2025-07-30,13:29:00,2025-07-30 13:29:00,2,Wednesday,7,0,1,normal,1.0,15000,QRIS,15000,0,1
TRX-250730-00617,2025-07-30,13:47:00,2025-07-30 13:47:00,2,Wednesday,7,0,1,normal,1.0,117000,CASH,120000,3000,2
TRX-250730-00618,2025-07-30,14:07:00,2025-07-30 14:07:00,2,Wednesday,7,0,1,normal,1.0,13200,CASH,15000,1800,2
TRX-250730-00619,2025-07-30,19:13:00,2025-07-30 19:13:00,2,Wednesday,7,0,1,normal,1.0,149500,CASH,150000,500,2
TRX-250730-00620,2025-07-30,19:50:00,2025-07-30 19:50:00,2,Wednesday,7,0,1,normal,1.0,1000,CASH,5000,4000,1
TRX-250730-00621,2025-07-30,17:42:00,2025-07-30 17:42:00,2,Wednesday,7,0,1,normal,1.0,14000,QRIS,14000,0,2
TRX-250730-00622,2025-07-30,14:42:00,2025-07-30 14:42:00,2,Wednesday,7,0,1,normal,1.0,91000,CASH,95000,4000,3
TRX-250730-00623,2025-07-30,15:36:00,2025-07-30 15:36:00,2,Wednesday,7,0,1,normal,1.0,141000,CASH,145000,4000,4
TRX-250730-00624,2025-07-30,08:34:00,2025-07-30 08:34:00,2,Wednesday,7,0,1,normal,1.0,62000,CASH,65000,3000,3
TRX-250730-00625,2025-07-30,08:10:00,2025-07-30 08:10:00,2,Wednesday,7,0,1,normal,1.0,16000,CASH,20000,4000,2
TRX-250730-00626,2025-07-30,09:45:00,2025-07-30 09:45:00,2,Wednesday,7,0,1,normal,1.0,6000,CASH,10000,4000,1
TRX-250730-00627,2025-07-30,11:52:00,2025-07-30 11:52:00,2,Wednesday,7,0,1,normal,1.0,30000,CASH,35000,5000,3
TRX-250731-00628,2025-07-31,16:58:00,2025-07-31 16:58:00,3,Thursday,7,0,1,normal,1.0,49500,CASH,50000,500,3
TRX-250731-00629,2025-07-31,20:23:00,2025-07-31 20:23:00,3,Thursday,7,0,1,normal,1.0,31100,EWALLET,31100,0,3
TRX-250731-00630,2025-07-31,07:58:00,2025-07-31 07:58:00,3,Thursday,7,0,1,normal,1.0,5000,CASH,10000,5000,2
TRX-250731-00631,2025-07-31,07:47:00,2025-07-31 07:47:00,3,Thursday,7,0,1,normal,1.0,66000,QRIS,66000,0,3
TRX-250731-00632,2025-07-31,19:21:00,2025-07-31 19:21:00,3,Thursday,7,0,1,normal,1.0,98000,CASH,100000,2000,3
TRX-250731-00633,2025-07-31,19:38:00,2025-07-31 19:38:00,3,Thursday,7,0,1,normal,1.0,66000,CASH,70000,4000,2
TRX-250731-00634,2025-07-31,17:41:00,2025-07-31 17:41:00,3,Thursday,7,0,1,normal,1.0,34000,CASH,35000,1000,3
TRX-250731-00635,2025-07-31,18:00:00,2025-07-31 18:00:00,3,Thursday,7,0,1,normal,1.0,3000,CASH,5000,2000,1
TRX-250731-00636,2025-07-31,17:43:00,2025-07-31 17:43:00,3,Thursday,7,0,1,normal,1.0,50000,CASH,55000,5000,5
TRX-250731-00637,2025-07-31,14:31:00,2025-07-31 14:31:00,3,Thursday,7,0,1,normal,1.0,51000,CASH,55000,4000,2
TRX-250731-00638,2025-07-31,09:59:00,2025-07-31 09:59:00,3,Thursday,7,0,1,normal,1.0,95000,CASH,100000,5000,3
TRX-250731-00639,2025-07-31,12:27:00,2025-07-31 12:27:00,3,Thursday,7,0,1,normal,1.0,40500,CASH,45000,4500,2
TRX-250731-00640,2025-07-31,11:48:00,2025-07-31 11:48:00,3,Thursday,7,0,1,normal,1.0,60000,CASH,65000,5000,1
TRX-250731-00641,2025-07-31,11:25:00,2025-07-31 11:25:00,3,Thursday,7,0,1,normal,1.0,17000,CASH,20000,3000,2
TRX-250731-00642,2025-07-31,10:10:00,2025-07-31 10:10:00,3,Thursday,7,0,1,normal,1.0,51650,CASH,55000,3350,2
TRX-250731-00643,2025-07-31,10:30:00,2025-07-31 10:30:00,3,Thursday,7,0,1,normal,1.0,68000,CASH,70000,2000,2
TRX-250801-00644,2025-08-01,12:07:00,2025-08-01 12:07:00,4,Friday,8,0,1,normal,1.0,29000,CASH,30000,1000,1
TRX-250801-00645,2025-08-01,08:08:00,2025-08-01 08:08:00,4,Friday,8,0,1,normal,1.0,3000,CASH,5000,2000,1
TRX-250801-00646,2025-08-01,08:03:00,2025-08-01 08:03:00,4,Friday,8,0,1,normal,1.0,18100,QRIS,18100,0,3
TRX-250801-00647,2025-08-01,15:06:00,2025-08-01 15:06:00,4,Friday,8,0,1,normal,1.0,2500,CASH,5000,2500,2
TRX-250801-00648,2025-08-01,08:50:00,2025-08-01 08:50:00,4,Friday,8,0,1,normal,1.0,38850,CASH,40000,1150,4
TRX-250801-00649,2025-08-01,11:56:00,2025-08-01 11:56:00,4,Friday,8,0,1,normal,1.0,21500,CASH,25000,3500,3
TRX-250801-00650,2025-08-01,14:03:00,2025-08-01 14:03:00,4,Friday,8,0,1,normal,1.0,6000,TRANSFER,6000,0,1
TRX-250801-00651,2025-08-01,16:44:00,2025-08-01 16:44:00,4,Friday,8,0,1,normal,1.0,31000,CASH,35000,4000,3
TRX-250801-00652,2025-08-01,13:58:00,2025-08-01 13:58:00,4,Friday,8,0,1,normal,1.0,12000,CASH,15000,3000,1
TRX-250801-00653,2025-08-01,17:52:00,2025-08-01 17:52:00,4,Friday,8,0,1,normal,1.0,77850,CASH,80000,2150,2
TRX-250801-00654,2025-08-01,09:28:00,2025-08-01 09:28:00,4,Friday,8,0,1,normal,1.0,9000,CASH,10000,1000,2
TRX-250801-00655,2025-08-01,17:21:00,2025-08-01 17:21:00,4,Friday,8,0,1,normal,1.0,28000,CASH,30000,2000,3
TRX-250801-00656,2025-08-01,13:23:00,2025-08-01 13:23:00,4,Friday,8,0,1,normal,1.0,98500,QRIS,98500,0,4
TRX-250801-00657,2025-08-01,15:40:00,2025-08-01 15:40:00,4,Friday,8,0,1,normal,1.0,27000,CASH,30000,3000,2
TRX-250801-00658,2025-08-01,17:55:00,2025-08-01 17:55:00,4,Friday,8,0,1,normal,1.0,1000,CASH,5000,4000,1
TRX-250801-00659,2025-08-01,17:50:00,2025-08-01 17:50:00,4,Friday,8,0,1,normal,1.0,15000,CASH,20000,5000,3
TRX-250801-00660,2025-08-01,17:31:00,2025-08-01 17:31:00,4,Friday,8,0,1,normal,1.0,64000,QRIS,64000,0,2
TRX-250801-00661,2025-08-01,10:13:00,2025-08-01 10:13:00,4,Friday,8,0,1,normal,1.0,13000,TRANSFER,13000,0,2
TRX-250801-00662,2025-08-01,12:22:00,2025-08-01 12:22:00,4,Friday,8,0,1,normal,1.0,19000,CASH,20000,1000,2
TRX-250801-00663,2025-08-01,10:01:00,2025-08-01 10:01:00,4,Friday,8,0,1,normal,1.0,28000,CASH,30000,2000,2
TRX-250802-00664,2025-08-02,08:04:00,2025-08-02 08:04:00,5,Saturday,8,1,1,normal,1.0,64000,CASH,65000,1000,2
TRX-250802-00665,2025-08-02,09:38:00,2025-08-02 09:38:00,5,Saturday,8,1,1,normal,1.0,204000,CASH,205000,1000,5
TRX-250802-00666,2025-08-02,12:14:00,2025-08-02 12:14:00,5,Saturday,8,1,1,normal,1.0,27000,CASH,30000,3000,3
TRX-250802-00667,2025-08-02,20:26:00,2025-08-02 20:26:00,5,Saturday,8,1,1,normal,1.0,96300,CASH,100000,3700,2
TRX-250802-00668,2025-08-02,18:21:00,2025-08-02 18:21:00,5,Saturday,8,1,1,normal,1.0,12000,QRIS,12000,0,2
TRX-250802-00669,2025-08-02,07:08:00,2025-08-02 07:08:00,5,Saturday,8,1,1,normal,1.0,18000,CASH,20000,2000,2
TRX-250802-00670,2025-08-02,10:25:00,2025-08-02 10:25:00,5,Saturday,8,1,1,normal,1.0,6000,CASH,10000,4000,1
TRX-250802-00671,2025-08-02,16:19:00,2025-08-02 16:19:00,5,Saturday,8,1,1,normal,1.0,3000,CASH,5000,2000,1
TRX-250802-00672,2025-08-02,13:11:00,2025-08-02 13:11:00,5,Saturday,8,1,1,normal,1.0,21000,CASH,25000,4000,2
TRX-250802-00673,2025-08-02,06:20:00,2025-08-02 06:20:00,5,Saturday,8,1,1,normal,1.0,99000,CASH,100000,1000,4
TRX-250802-00674,2025-08-02,15:19:00,2025-08-02 15:19:00,5,Saturday,8,1,1,normal,1.0,33000,CASH,35000,2000,3
TRX-250802-00675,2025-08-02,19:29:00,2025-08-02 19:29:00,5,Saturday,8,1,1,normal,1.0,66000,CASH,70000,4000,2
TRX-250802-00676,2025-08-02,12:52:00,2025-08-02 12:52:00,5,Saturday,8,1,1,normal,1.0,114000,CASH,115000,1000,4
TRX-250802-00677,2025-08-02,15:18:00,2025-08-02 15:18:00,5,Saturday,8,1,1,normal,1.0,47000,TRANSFER,47000,0,3
TRX-250802-00678,2025-08-02,17:26:00,2025-08-02 17:26:00,5,Saturday,8,1,1,normal,1.0,6000,CASH,10000,4000,2
TRX-250802-00679,2025-08-02,17:54:00,2025-08-02 17:54:00,5,Saturday,8,1,1,normal,1.0,26000,CASH,30000,4000,2
TRX-250802-00680,2025-08-02,08:42:00,2025-08-02 08:42:00,5,Saturday,8,1,1,normal,1.0,6000,QRIS,6000,0,2
TRX-250802-00681,2025-08-02,11:34:00,2025-08-02 11:34:00,5,Saturday,8,1,1,normal,1.0,110000,CASH,115000,5000,3
TRX-250802-00682,2025-08-02,07:40:00,2025-08-02 07:40:00,5,Saturday,8,1,1,normal,1.0,63800,CASH,65000,1200,4
TRX-250802-00683,2025-08-02,21:21:00,2025-08-02 21:21:00,5,Saturday,8,1,1,normal,1.0,77000,QRIS,77000,0,4
TRX-250802-00684,2025-08-02,19:25:00,2025-08-02 19:25:00,5,Saturday,8,1,1,normal,1.0,21000,CASH,25000,4000,4
TRX-250802-00685,2025-08-02,11:38:00,2025-08-02 11:38:00,5,Saturday,8,1,1,normal,1.0,39000,QRIS,39000,0,2
TRX-250802-00686,2025-08-02,11:40:00,2025-08-02 11:40:00,5,Saturday,8,1,1,normal,1.0,89000,CASH,90000,1000,3
TRX-250802-00687,2025-08-02,15:37:00,2025-08-02 15:37:00,5,Saturday,8,1,1,normal,1.0,46900,CASH,50000,3100,2
TRX-250802-00688,2025-08-02,11:47:00,2025-08-02 11:47:00,5,Saturday,8,1,1,normal,1.0,14000,CASH,15000,1000,2
TRX-250802-00689,2025-08-02,10:46:00,2025-08-02 10:46:00,5,Saturday,8,1,1,normal,1.0,43000,CASH,45000,2000,3
TRX-250803-00690,2025-08-03,18:21:00,2025-08-03 18:21:00,6,Sunday,8,1,1,normal,1.0,67000,TRANSFER,67000,0,2
TRX-250803-00691,2025-08-03,18:33:00,2025-08-03 18:33:00,6,Sunday,8,1,1,normal,1.0,139000,QRIS,139000,0,2
TRX-250803-00692,2025-08-03,10:05:00,2025-08-03 10:05:00,6,Sunday,8,1,1,normal,1.0,56000,CASH,60000,4000,2
TRX-250803-00693,2025-08-03,09:27:00,2025-08-03 09:27:00,6,Sunday,8,1,1,normal,1.0,12000,CASH,15000,3000,1
TRX-250803-00694,2025-08-03,17:05:00,2025-08-03 17:05:00,6,Sunday,8,1,1,normal,1.0,8000,CASH,10000,2000,3
TRX-250803-00695,2025-08-03,19:19:00,2025-08-03 19:19:00,6,Sunday,8,1,1,normal,1.0,55000,CASH,60000,5000,3
TRX-250803-00696,2025-08-03,09:12:00,2025-08-03 09:12:00,6,Sunday,8,1,1,normal,1.0,2000,CASH,5000,3000,1
TRX-250803-00697,2025-08-03,12:25:00,2025-08-03 12:25:00,6,Sunday,8,1,1,normal,1.0,62000,CASH,65000,3000,4
TRX-250803-00698,2025-08-03,13:31:00,2025-08-03 13:31:00,6,Sunday,8,1,1,normal,1.0,90000,CASH,95000,5000,2
TRX-250803-00699,2025-08-03,16:01:00,2025-08-03 16:01:00,6,Sunday,8,1,1,normal,1.0,45500,CASH,50000,4500,3
TRX-250803-00700,2025-08-03,16:58:00,2025-08-03 16:58:00,6,Sunday,8,1,1,normal,1.0,83000,CASH,85000,2000,2
TRX-250803-00701,2025-08-03,16:32:00,2025-08-03 16:32:00,6,Sunday,8,1,1,normal,1.0,40000,CASH,45000,5000,4
TRX-250803-00702,2025-08-03,11:10:00,2025-08-03 11:10:00,6,Sunday,8,1,1,normal,1.0,271000,CASH,275000,4000,4
TRX-250803-00703,2025-08-03,18:11:00,2025-08-03 18:11:00,6,Sunday,8,1,1,normal,1.0,5000,CASH,10000,5000,1
TRX-250803-00704,2025-08-03,12:58:00,2025-08-03 12:58:00,6,Sunday,8,1,1,normal,1.0,26000,CASH,30000,4000,3
TRX-250803-00705,2025-08-03,07:48:00,2025-08-03 07:48:00,6,Sunday,8,1,1,normal,1.0,65000,CASH,70000,5000,4
TRX-250803-00706,2025-08-03,11:20:00,2025-08-03 11:20:00,6,Sunday,8,1,1,normal,1.0,63500,CASH,65000,1500,4
TRX-250803-00707,2025-08-03,18:17:00,2025-08-03 18:17:00,6,Sunday,8,1,1,normal,1.0,41050,CASH,45000,3950,5
TRX-250803-00708,2025-08-03,15:25:00,2025-08-03 15:25:00,6,Sunday,8,1,1,normal,1.0,12500,TRANSFER,12500,0,3
TRX-250804-00709,2025-08-04,14:36:00,2025-08-04 14:36:00,0,Monday,8,0,1,normal,1.0,99500,QRIS,99500,0,4
TRX-250804-00710,2025-08-04,09:42:00,2025-08-04 09:42:00,0,Monday,8,0,1,normal,1.0,40000,TRANSFER,40000,0,3
TRX-250804-00711,2025-08-04,16:42:00,2025-08-04 16:42:00,0,Monday,8,0,1,normal,1.0,27000,CASH,30000,3000,1
TRX-250804-00712,2025-08-04,18:59:00,2025-08-04 18:59:00,0,Monday,8,0,1,normal,1.0,57000,TRANSFER,57000,0,3
TRX-250804-00713,2025-08-04,10:16:00,2025-08-04 10:16:00,0,Monday,8,0,1,normal,1.0,9000,CASH,10000,1000,1
TRX-250804-00714,2025-08-04,17:07:00,2025-08-04 17:07:00,0,Monday,8,0,1,normal,1.0,16000,CASH,20000,4000,3
TRX-250804-00715,2025-08-04,18:59:00,2025-08-04 18:59:00,0,Monday,8,0,1,normal,1.0,24000,CASH,25000,1000,4
TRX-250804-00716,2025-08-04,16:51:00,2025-08-04 16:51:00,0,Monday,8,0,1,normal,1.0,52000,CASH,55000,3000,4
TRX-250804-00717,2025-08-04,09:45:00,2025-08-04 09:45:00,0,Monday,8,0,1,normal,1.0,16000,CASH,20000,4000,2
TRX-250804-00718,2025-08-04,12:52:00,2025-08-04 12:52:00,0,Monday,8,0,1,normal,1.0,63000,CASH,65000,2000,3
TRX-250804-00719,2025-08-04,16:12:00,2025-08-04 16:12:00,0,Monday,8,0,1,normal,1.0,128000,QRIS,128000,0,3
TRX-250804-00720,2025-08-04,12:30:00,2025-08-04 12:30:00,0,Monday,8,0,1,normal,1.0,16650,CASH,20000,3350,2
TRX-250804-00721,2025-08-04,17:54:00,2025-08-04 17:54:00,0,Monday,8,0,1,normal,1.0,3000,CASH,5000,2000,1
TRX-250804-00722,2025-08-04,08:30:00,2025-08-04 08:30:00,0,Monday,8,0,1,normal,1.0,50000,CASH,55000,5000,2
TRX-250804-00723,2025-08-04,07:15:00,2025-08-04 07:15:00,0,Monday,8,0,1,normal,1.0,14000,CASH,15000,1000,2
TRX-250804-00724,2025-08-04,08:29:00,2025-08-04 08:29:00,0,Monday,8,0,1,normal,1.0,27000,CASH,30000,3000,3
TRX-250804-00725,2025-08-04,15:17:00,2025-08-04 15:17:00,0,Monday,8,0,1,normal,1.0,20000,EWALLET,20000,0,3
TRX-250804-00726,2025-08-04,14:25:00,2025-08-04 14:25:00,0,Monday,8,0,1,normal,1.0,97500,CASH,100000,2500,3
TRX-250804-00727,2025-08-04,20:57:00,2025-08-04 20:57:00,0,Monday,8,0,1,normal,1.0,1000,CASH,5000,4000,1
TRX-250804-00728,2025-08-04,11:02:00,2025-08-04 11:02:00,0,Monday,8,0,1,normal,1.0,6000,CASH,10000,4000,1
TRX-250804-00729,2025-08-04,07:07:00,2025-08-04 07:07:00,0,Monday,8,0,1,normal,1.0,111000,TRANSFER,111000,0,2
TRX-250804-00730,2025-08-04,17:42:00,2025-08-04 17:42:00,0,Monday,8,0,1,normal,1.0,23600,TRANSFER,23600,0,3
TRX-250805-00731,2025-08-05,11:53:00,2025-08-05 11:53:00,1,Tuesday,8,0,1,normal,1.0,60000,CASH,65000,5000,2
TRX-250805-00732,2025-08-05,10:41:00,2025-08-05 10:41:00,1,Tuesday,8,0,1,normal,1.0,67000,CASH,70000,3000,4
TRX-250805-00733,2025-08-05,15:26:00,2025-08-05 15:26:00,1,Tuesday,8,0,1,normal,1.0,17500,CASH,20000,2500,4
TRX-250805-00734,2025-08-05,09:51:00,2025-08-05 09:51:00,1,Tuesday,8,0,1,normal,1.0,80000,EWALLET,80000,0,2
TRX-250805-00735,2025-08-05,17:19:00,2025-08-05 17:19:00,1,Tuesday,8,0,1,normal,1.0,16700,CASH,20000,3300,3
TRX-250805-00736,2025-08-05,11:47:00,2025-08-05 11:47:00,1,Tuesday,8,0,1,normal,1.0,94000,CASH,95000,1000,3
TRX-250805-00737,2025-08-05,14:17:00,2025-08-05 14:17:00,1,Tuesday,8,0,1,normal,1.0,45000,EWALLET,45000,0,1
TRX-250805-00738,2025-08-05,15:45:00,2025-08-05 15:45:00,1,Tuesday,8,0,1,normal,1.0,6000,CASH,10000,4000,1
TRX-250805-00739,2025-08-05,14:45:00,2025-08-05 14:45:00,1,Tuesday,8,0,1,normal,1.0,10500,CASH,15000,4500,3
TRX-250805-00740,2025-08-05,07:47:00,2025-08-05 07:47:00,1,Tuesday,8,0,1,normal,1.0,31000,CASH,35000,4000,2
TRX-250805-00741,2025-08-05,13:43:00,2025-08-05 13:43:00,1,Tuesday,8,0,1,normal,1.0,97000,CASH,100000,3000,5
TRX-250805-00742,2025-08-05,15:10:00,2025-08-05 15:10:00,1,Tuesday,8,0,1,normal,1.0,153000,CASH,155000,2000,3
TRX-250805-00743,2025-08-05,08:58:00,2025-08-05 08:58:00,1,Tuesday,8,0,1,normal,1.0,2000,CASH,5000,3000,1
TRX-250805-00744,2025-08-05,06:40:00,2025-08-05 06:40:00,1,Tuesday,8,0,1,normal,1.0,25500,CASH,30000,4500,3
TRX-250805-00745,2025-08-05,11:22:00,2025-08-05 11:22:00,1,Tuesday,8,0,1,normal,1.0,5400,CASH,10000,4600,1
TRX-250805-00746,2025-08-05,13:05:00,2025-08-05 13:05:00,1,Tuesday,8,0,1,normal,1.0,31000,CASH,35000,4000,3
TRX-250805-00747,2025-08-05,14:17:00,2025-08-05 14:17:00,1,Tuesday,8,0,1,normal,1.0,3000,QRIS,3000,0,1
TRX-250805-00748,2025-08-05,12:22:00,2025-08-05 12:22:00,1,Tuesday,8,0,1,normal,1.0,40500,CASH,45000,4500,3
TRX-250805-00749,2025-08-05,12:35:00,2025-08-05 12:35:00,1,Tuesday,8,0,1,normal,1.0,45000,QRIS,45000,0,2
TRX-250806-00750,2025-08-06,08:06:00,2025-08-06 08:06:00,2,Wednesday,8,0,0,normal,1.0,72500,CASH,75000,2500,4
TRX-250806-00751,2025-08-06,09:32:00,2025-08-06 09:32:00,2,Wednesday,8,0,0,normal,1.0,18000,CASH,20000,2000,2
TRX-250806-00752,2025-08-06,17:06:00,2025-08-06 17:06:00,2,Wednesday,8,0,0,normal,1.0,13850,CASH,15000,1150,3
TRX-250806-00753,2025-08-06,15:05:00,2025-08-06 15:05:00,2,Wednesday,8,0,0,normal,1.0,96000,CASH,100000,4000,4
TRX-250806-00754,2025-08-06,10:57:00,2025-08-06 10:57:00,2,Wednesday,8,0,0,normal,1.0,36000,CASH,40000,4000,1
TRX-250806-00755,2025-08-06,13:58:00,2025-08-06 13:58:00,2,Wednesday,8,0,0,normal,1.0,16000,CASH,20000,4000,3
TRX-250806-00756,2025-08-06,18:47:00,2025-08-06 18:47:00,2,Wednesday,8,0,0,normal,1.0,159000,CASH,160000,1000,4
TRX-250806-00757,2025-08-06,16:59:00,2025-08-06 16:59:00,2,Wednesday,8,0,0,normal,1.0,1500,CASH,5000,3500,1
TRX-250806-00758,2025-08-06,17:34:00,2025-08-06 17:34:00,2,Wednesday,8,0,0,normal,1.0,171000,CASH,175000,4000,3
TRX-250806-00759,2025-08-06,17:58:00,2025-08-06 17:58:00,2,Wednesday,8,0,0,normal,1.0,58500,TRANSFER,58500,0,2
TRX-250806-00760,2025-08-06,10:36:00,2025-08-06 10:36:00,2,Wednesday,8,0,0,normal,1.0,46000,CASH,50000,4000,1
TRX-250806-00761,2025-08-06,14:32:00,2025-08-06 14:32:00,2,Wednesday,8,0,0,normal,1.0,16000,CASH,20000,4000,3
TRX-250806-00762,2025-08-06,12:45:00,2025-08-06 12:45:00,2,Wednesday,8,0,0,normal,1.0,14000,CASH,15000,1000,3
TRX-250806-00763,2025-08-06,10:08:00,2025-08-06 10:08:00,2,Wednesday,8,0,0,normal,1.0,16000,CASH,20000,4000,2
TRX-250806-00764,2025-08-06,15:23:00,2025-08-06 15:23:00,2,Wednesday,8,0,0,normal,1.0,6500,CASH,10000,3500,2
TRX-250806-00765,2025-08-06,15:00:00,2025-08-06 15:00:00,2,Wednesday,8,0,0,normal,1.0,67000,CASH,70000,3000,4
TRX-250807-00766,2025-08-07,14:52:00,2025-08-07 14:52:00,3,Thursday,8,0,0,normal,1.0,15000,CASH,20000,5000,2
TRX-250807-00767,2025-08-07,12:09:00,2025-08-07 12:09:00,3,Thursday,8,0,0,normal,1.0,19000,CASH,20000,1000,4
TRX-250807-00768,2025-08-07,08:15:00,2025-08-07 08:15:00,3,Thursday,8,0,0,normal,1.0,15000,CASH,20000,5000,2
TRX-250807-00769,2025-08-07,12:07:00,2025-08-07 12:07:00,3,Thursday,8,0,0,normal,1.0,79000,CASH,80000,1000,4
TRX-250807-00770,2025-08-07,16:12:00,2025-08-07 16:12:00,3,Thursday,8,0,0,normal,1.0,4000,QRIS,4000,0,1
TRX-250807-00771,2025-08-07,13:15:00,2025-08-07 13:15:00,3,Thursday,8,0,0,normal,1.0,12000,CASH,15000,3000,1
TRX-250807-00772,2025-08-07,08:18:00,2025-08-07 08:18:00,3,Thursday,8,0,0,normal,1.0,5000,CASH,10000,5000,1
TRX-250807-00773,2025-08-07,10:24:00,2025-08-07 10:24:00,3,Thursday,8,0,0,normal,1.0,48000,CASH,50000,2000,1
TRX-250807-00774,2025-08-07,19:52:00,2025-08-07 19:52:00,3,Thursday,8,0,0,normal,1.0,15500,CASH,20000,4500,4
TRX-250807-00775,2025-08-07,09:27:00,2025-08-07 09:27:00,3,Thursday,8,0,0,normal,1.0,36000,QRIS,36000,0,2
TRX-250807-00776,2025-08-07,19:51:00,2025-08-07 19:51:00,3,Thursday,8,0,0,normal,1.0,15000,CASH,20000,5000,2
TRX-250807-00777,2025-08-07,18:07:00,2025-08-07 18:07:00,3,Thursday,8,0,0,normal,1.0,18500,EWALLET,18500,0,3
TRX-250807-00778,2025-08-07,17:21:00,2025-08-07 17:21:00,3,Thursday,8,0,0,normal,1.0,1500,TRANSFER,1500,0,1
TRX-250807-00779,2025-08-07,14:31:00,2025-08-07 14:31:00,3,Thursday,8,0,0,normal,1.0,19600,CASH,20000,400,3
TRX-250807-00780,2025-08-07,11:30:00,2025-08-07 11:30:00,3,Thursday,8,0,0,normal,1.0,117000,QRIS,117000,0,5
TRX-250807-00781,2025-08-07,16:24:00,2025-08-07 16:24:00,3,Thursday,8,0,0,normal,1.0,83000,CASH,85000,2000,3
TRX-250807-00782,2025-08-07,10:00:00,2025-08-07 10:00:00,3,Thursday,8,0,0,normal,1.0,9000,CASH,10000,1000,2
TRX-250807-00783,2025-08-07,11:50:00,2025-08-07 11:50:00,3,Thursday,8,0,0,normal,1.0,63000,CASH,65000,2000,3
TRX-250807-00784,2025-08-07,12:45:00,2025-08-07 12:45:00,3,Thursday,8,0,0,normal,1.0,66000,CASH,70000,4000,4
TRX-250807-00785,2025-08-07,17:35:00,2025-08-07 17:35:00,3,Thursday,8,0,0,normal,1.0,21000,CASH,25000,4000,3
TRX-250807-00786,2025-08-07,08:23:00,2025-08-07 08:23:00,3,Thursday,8,0,0,normal,1.0,44000,CASH,45000,1000,3
TRX-250807-00787,2025-08-07,07:17:00,2025-08-07 07:17:00,3,Thursday,8,0,0,normal,1.0,24000,CASH,25000,1000,1
TRX-250807-00788,2025-08-07,07:05:00,2025-08-07 07:05:00,3,Thursday,8,0,0,normal,1.0,156000,QRIS,156000,0,4
TRX-250808-00789,2025-08-08,15:24:00,2025-08-08 15:24:00,4,Friday,8,0,0,normal,1.0,46000,CASH,50000,4000,2
TRX-250808-00790,2025-08-08,10:13:00,2025-08-08 10:13:00,4,Friday,8,0,0,normal,1.0,50500,CASH,55000,4500,4
TRX-250808-00791,2025-08-08,12:57:00,2025-08-08 12:57:00,4,Friday,8,0,0,normal,1.0,83000,CASH,85000,2000,3
TRX-250808-00792,2025-08-08,11:55:00,2025-08-08 11:55:00,4,Friday,8,0,0,normal,1.0,22000,CASH,25000,3000,4
TRX-250808-00793,2025-08-08,19:41:00,2025-08-08 19:41:00,4,Friday,8,0,0,normal,1.0,39000,CASH,40000,1000,5
TRX-250808-00794,2025-08-08,21:02:00,2025-08-08 21:02:00,4,Friday,8,0,0,normal,1.0,50000,QRIS,50000,0,3
TRX-250808-00795,2025-08-08,12:29:00,2025-08-08 12:29:00,4,Friday,8,0,0,normal,1.0,58500,QRIS,58500,0,3
TRX-250808-00796,2025-08-08,12:04:00,2025-08-08 12:04:00,4,Friday,8,0,0,normal,1.0,4500,CASH,5000,500,2
TRX-250808-00797,2025-08-08,13:40:00,2025-08-08 13:40:00,4,Friday,8,0,0,normal,1.0,33000,QRIS,33000,0,2
TRX-250808-00798,2025-08-08,10:13:00,2025-08-08 10:13:00,4,Friday,8,0,0,normal,1.0,41500,CASH,45000,3500,3
TRX-250808-00799,2025-08-08,16:16:00,2025-08-08 16:16:00,4,Friday,8,0,0,normal,1.0,92000,CASH,95000,3000,2
TRX-250809-00800,2025-08-09,14:50:00,2025-08-09 14:50:00,5,Saturday,8,1,0,normal,1.0,28500,CASH,30000,1500,2
TRX-250809-00801,2025-08-09,15:09:00,2025-08-09 15:09:00,5,Saturday,8,1,0,normal,1.0,15500,CASH,20000,4500,2
TRX-250809-00802,2025-08-09,09:55:00,2025-08-09 09:55:00,5,Saturday,8,1,0,normal,1.0,51000,CASH,55000,4000,2
TRX-250809-00803,2025-08-09,16:40:00,2025-08-09 16:40:00,5,Saturday,8,1,0,normal,1.0,84600,CASH,85000,400,5
TRX-250809-00804,2025-08-09,16:41:00,2025-08-09 16:41:00,5,Saturday,8,1,0,normal,1.0,37000,CASH,40000,3000,3
TRX-250809-00805,2025-08-09,10:42:00,2025-08-09 10:42:00,5,Saturday,8,1,0,normal,1.0,46000,TRANSFER,46000,0,3
TRX-250809-00806,2025-08-09,12:31:00,2025-08-09 12:31:00,5,Saturday,8,1,0,normal,1.0,162000,CASH,165000,3000,3
TRX-250809-00807,2025-08-09,08:54:00,2025-08-09 08:54:00,5,Saturday,8,1,0,normal,1.0,9000,TRANSFER,9000,0,2
TRX-250809-00808,2025-08-09,06:23:00,2025-08-09 06:23:00,5,Saturday,8,1,0,normal,1.0,25800,TRANSFER,25800,0,4
TRX-250809-00809,2025-08-09,17:20:00,2025-08-09 17:20:00,5,Saturday,8,1,0,normal,1.0,10500,CASH,15000,4500,2
TRX-250809-00810,2025-08-09,18:36:00,2025-08-09 18:36:00,5,Saturday,8,1,0,normal,1.0,4500,CASH,5000,500,2
TRX-250809-00811,2025-08-09,17:08:00,2025-08-09 17:08:00,5,Saturday,8,1,0,normal,1.0,28000,CASH,30000,2000,2
TRX-250809-00812,2025-08-09,08:27:00,2025-08-09 08:27:00,5,Saturday,8,1,0,normal,1.0,3000,CASH,5000,2000,1
TRX-250809-00813,2025-08-09,20:36:00,2025-08-09 20:36:00,5,Saturday,8,1,0,normal,1.0,48000,CASH,50000,2000,2
TRX-250809-00814,2025-08-09,11:34:00,2025-08-09 11:34:00,5,Saturday,8,1,0,normal,1.0,44000,CASH,45000,1000,4
TRX-250809-00815,2025-08-09,09:16:00,2025-08-09 09:16:00,5,Saturday,8,1,0,normal,1.0,13700,CASH,15000,1300,4
TRX-250809-00816,2025-08-09,12:10:00,2025-08-09 12:10:00,5,Saturday,8,1,0,normal,1.0,137400,CASH,140000,2600,2
TRX-250809-00817,2025-08-09,15:34:00,2025-08-09 15:34:00,5,Saturday,8,1,0,normal,1.0,27000,CASH,30000,3000,1
TRX-250809-00818,2025-08-09,14:33:00,2025-08-09 14:33:00,5,Saturday,8,1,0,normal,1.0,22000,CASH,25000,3000,3
TRX-250809-00819,2025-08-09,20:22:00,2025-08-09 20:22:00,5,Saturday,8,1,0,normal,1.0,55000,CASH,60000,5000,3
TRX-250809-00820,2025-08-09,20:06:00,2025-08-09 20:06:00,5,Saturday,8,1,0,normal,1.0,6000,TRANSFER,6000,0,2
TRX-250809-00821,2025-08-09,18:39:00,2025-08-09 18:39:00,5,Saturday,8,1,0,normal,1.0,6000,CASH,10000,4000,1
TRX-250809-00822,2025-08-09,18:28:00,2025-08-09 18:28:00,5,Saturday,8,1,0,normal,1.0,17500,CASH,20000,2500,2
TRX-250809-00823,2025-08-09,11:01:00,2025-08-09 11:01:00,5,Saturday,8,1,0,normal,1.0,1000,CASH,5000,4000,1
TRX-250810-00824,2025-08-10,11:09:00,2025-08-10 11:09:00,6,Sunday,8,1,0,normal,1.0,158000,CASH,160000,2000,4
TRX-250810-00825,2025-08-10,15:56:00,2025-08-10 15:56:00,6,Sunday,8,1,0,normal,1.0,56000,CASH,60000,4000,2
TRX-250810-00826,2025-08-10,07:17:00,2025-08-10 07:17:00,6,Sunday,8,1,0,normal,1.0,12000,CASH,15000,3000,2
TRX-250810-00827,2025-08-10,18:00:00,2025-08-10 18:00:00,6,Sunday,8,1,0,normal,1.0,62000,CASH,65000,3000,5
TRX-250810-00828,2025-08-10,15:25:00,2025-08-10 15:25:00,6,Sunday,8,1,0,normal,1.0,24000,CASH,25000,1000,2
TRX-250810-00829,2025-08-10,10:52:00,2025-08-10 10:52:00,6,Sunday,8,1,0,normal,1.0,9000,CASH,10000,1000,1
TRX-250810-00830,2025-08-10,09:12:00,2025-08-10 09:12:00,6,Sunday,8,1,0,normal,1.0,105600,CASH,110000,4400,2
TRX-250810-00831,2025-08-10,20:04:00,2025-08-10 20:04:00,6,Sunday,8,1,0,normal,1.0,39000,CASH,40000,1000,2
TRX-250810-00832,2025-08-10,11:09:00,2025-08-10 11:09:00,6,Sunday,8,1,0,normal,1.0,15500,CASH,20000,4500,4
TRX-250810-00833,2025-08-10,11:05:00,2025-08-10 11:05:00,6,Sunday,8,1,0,normal,1.0,8000,CASH,10000,2000,2
TRX-250810-00834,2025-08-10,10:42:00,2025-08-10 10:42:00,6,Sunday,8,1,0,normal,1.0,4000,CASH,5000,1000,2
TRX-250810-00835,2025-08-10,17:19:00,2025-08-10 17:19:00,6,Sunday,8,1,0,normal,1.0,53000,CASH,55000,2000,3
TRX-250810-00836,2025-08-10,08:27:00,2025-08-10 08:27:00,6,Sunday,8,1,0,normal,1.0,14000,CASH,15000,1000,2
TRX-250810-00837,2025-08-10,19:11:00,2025-08-10 19:11:00,6,Sunday,8,1,0,normal,1.0,55500,CASH,60000,4500,2
TRX-250810-00838,2025-08-10,12:27:00,2025-08-10 12:27:00,6,Sunday,8,1,0,normal,1.0,53000,CASH,55000,2000,3
TRX-250810-00839,2025-08-10,13:27:00,2025-08-10 13:27:00,6,Sunday,8,1,0,normal,1.0,18000,CASH,20000,2000,1
TRX-250810-00840,2025-08-10,19:36:00,2025-08-10 19:36:00,6,Sunday,8,1,0,normal,1.0,30000,CASH,35000,5000,2
TRX-250810-00841,2025-08-10,17:56:00,2025-08-10 17:56:00,6,Sunday,8,1,0,normal,1.0,14000,CASH,15000,1000,3
TRX-250810-00842,2025-08-10,17:54:00,2025-08-10 17:54:00,6,Sunday,8,1,0,normal,1.0,46000,CASH,50000,4000,5
TRX-250810-00843,2025-08-10,15:31:00,2025-08-10 15:31:00,6,Sunday,8,1,0,normal,1.0,77000,CASH,80000,3000,4
TRX-250810-00844,2025-08-10,11:34:00,2025-08-10 11:34:00,6,Sunday,8,1,0,normal,1.0,15000,CASH,20000,5000,2
TRX-250811-00845,2025-08-11,08:43:00,2025-08-11 08:43:00,0,Monday,8,0,0,normal,1.0,72000,CASH,75000,3000,3
TRX-250811-00846,2025-08-11,10:05:00,2025-08-11 10:05:00,0,Monday,8,0,0,normal,1.0,52500,EWALLET,52500,0,2
TRX-250811-00847,2025-08-11,20:33:00,2025-08-11 20:33:00,0,Monday,8,0,0,normal,1.0,36000,CASH,40000,4000,2
TRX-250811-00848,2025-08-11,15:44:00,2025-08-11 15:44:00,0,Monday,8,0,0,normal,1.0,12000,CASH,15000,3000,2
TRX-250811-00849,2025-08-11,13:43:00,2025-08-11 13:43:00,0,Monday,8,0,0,normal,1.0,24000,CASH,25000,1000,1
TRX-250811-00850,2025-08-11,09:31:00,2025-08-11 09:31:00,0,Monday,8,0,0,normal,1.0,17500,CASH,20000,2500,2
TRX-250811-00851,2025-08-11,12:42:00,2025-08-11 12:42:00,0,Monday,8,0,0,normal,1.0,76000,CASH,80000,4000,4
TRX-250811-00852,2025-08-11,10:02:00,2025-08-11 10:02:00,0,Monday,8,0,0,normal,1.0,7000,CASH,10000,3000,2
TRX-250811-00853,2025-08-11,11:19:00,2025-08-11 11:19:00,0,Monday,8,0,0,normal,1.0,8000,QRIS,8000,0,2
TRX-250811-00854,2025-08-11,09:19:00,2025-08-11 09:19:00,0,Monday,8,0,0,normal,1.0,54000,CASH,55000,1000,1
TRX-250811-00855,2025-08-11,19:27:00,2025-08-11 19:27:00,0,Monday,8,0,0,normal,1.0,54000,CASH,55000,1000,1
TRX-250811-00856,2025-08-11,11:22:00,2025-08-11 11:22:00,0,Monday,8,0,0,normal,1.0,9000,CASH,10000,1000,1
TRX-250811-00857,2025-08-11,12:48:00,2025-08-11 12:48:00,0,Monday,8,0,0,normal,1.0,20000,QRIS,20000,0,1
TRX-250811-00858,2025-08-11,15:57:00,2025-08-11 15:57:00,0,Monday,8,0,0,normal,1.0,11000,CASH,15000,4000,3
TRX-250811-00859,2025-08-11,18:41:00,2025-08-11 18:41:00,0,Monday,8,0,0,normal,1.0,4000,QRIS,4000,0,1
TRX-250811-00860,2025-08-11,18:07:00,2025-08-11 18:07:00,0,Monday,8,0,0,normal,1.0,78000,CASH,80000,2000,3
TRX-250811-00861,2025-08-11,11:19:00,2025-08-11 11:19:00,0,Monday,8,0,0,normal,1.0,14500,CASH,15000,500,3
TRX-250811-00862,2025-08-11,06:32:00,2025-08-11 06:32:00,0,Monday,8,0,0,normal,1.0,99000,CASH,100000,1000,2
TRX-250811-00863,2025-08-11,18:43:00,2025-08-11 18:43:00,0,Monday,8,0,0,normal,1.0,21000,CASH,25000,4000,2
TRX-250811-00864,2025-08-11,13:44:00,2025-08-11 13:44:00,0,Monday,8,0,0,normal,1.0,23000,TRANSFER,23000,0,3
TRX-250811-00865,2025-08-11,12:01:00,2025-08-11 12:01:00,0,Monday,8,0,0,normal,1.0,12000,CASH,15000,3000,2
TRX-250812-00866,2025-08-12,13:46:00,2025-08-12 13:46:00,1,Tuesday,8,0,0,normal,1.0,216000,CASH,220000,4000,2
TRX-250812-00867,2025-08-12,13:11:00,2025-08-12 13:11:00,1,Tuesday,8,0,0,normal,1.0,59000,CASH,60000,1000,3
TRX-250812-00868,2025-08-12,16:24:00,2025-08-12 16:24:00,1,Tuesday,8,0,0,normal,1.0,86000,CASH,90000,4000,5
TRX-250812-00869,2025-08-12,13:43:00,2025-08-12 13:43:00,1,Tuesday,8,0,0,normal,1.0,24000,QRIS,24000,0,2
TRX-250812-00870,2025-08-12,19:48:00,2025-08-12 19:48:00,1,Tuesday,8,0,0,normal,1.0,63000,CASH,65000,2000,5
TRX-250812-00871,2025-08-12,13:43:00,2025-08-12 13:43:00,1,Tuesday,8,0,0,normal,1.0,15000,QRIS,15000,0,2
TRX-250812-00872,2025-08-12,16:13:00,2025-08-12 16:13:00,1,Tuesday,8,0,0,normal,1.0,9000,CASH,10000,1000,1
TRX-250812-00873,2025-08-12,18:21:00,2025-08-12 18:21:00,1,Tuesday,8,0,0,normal,1.0,60000,CASH,65000,5000,2
TRX-250812-00874,2025-08-12,11:39:00,2025-08-12 11:39:00,1,Tuesday,8,0,0,normal,1.0,18000,QRIS,18000,0,3
TRX-250812-00875,2025-08-12,14:01:00,2025-08-12 14:01:00,1,Tuesday,8,0,0,normal,1.0,30000,CASH,35000,5000,2
TRX-250812-00876,2025-08-12,08:36:00,2025-08-12 08:36:00,1,Tuesday,8,0,0,normal,1.0,8000,CASH,10000,2000,2
TRX-250812-00877,2025-08-12,20:16:00,2025-08-12 20:16:00,1,Tuesday,8,0,0,normal,1.0,33500,QRIS,33500,0,3
TRX-250812-00878,2025-08-12,07:31:00,2025-08-12 07:31:00,1,Tuesday,8,0,0,normal,1.0,3000,TRANSFER,3000,0,1
TRX-250812-00879,2025-08-12,07:04:00,2025-08-12 07:04:00,1,Tuesday,8,0,0,normal,1.0,63200,CASH,65000,1800,4
TRX-250812-00880,2025-08-12,19:01:00,2025-08-12 19:01:00,1,Tuesday,8,0,0,normal,1.0,108000,CASH,110000,2000,3
TRX-250813-00881,2025-08-13,12:57:00,2025-08-13 12:57:00,2,Wednesday,8,0,0,normal,1.0,23000,TRANSFER,23000,0,3
TRX-250813-00882,2025-08-13,14:02:00,2025-08-13 14:02:00,2,Wednesday,8,0,0,normal,1.0,68500,CASH,70000,1500,4
TRX-250813-00883,2025-08-13,08:16:00,2025-08-13 08:16:00,2,Wednesday,8,0,0,normal,1.0,54000,CASH,55000,1000,4
TRX-250813-00884,2025-08-13,08:22:00,2025-08-13 08:22:00,2,Wednesday,8,0,0,normal,1.0,58000,EWALLET,58000,0,5
TRX-250813-00885,2025-08-13,08:31:00,2025-08-13 08:31:00,2,Wednesday,8,0,0,normal,1.0,29500,CASH,30000,500,4
TRX-250813-00886,2025-08-13,14:42:00,2025-08-13 14:42:00,2,Wednesday,8,0,0,normal,1.0,93000,CASH,95000,2000,2
TRX-250813-00887,2025-08-13,18:37:00,2025-08-13 18:37:00,2,Wednesday,8,0,0,normal,1.0,106500,CASH,110000,3500,2
TRX-250813-00888,2025-08-13,18:35:00,2025-08-13 18:35:00,2,Wednesday,8,0,0,normal,1.0,96000,QRIS,96000,0,2
TRX-250813-00889,2025-08-13,13:10:00,2025-08-13 13:10:00,2,Wednesday,8,0,0,normal,1.0,34800,CASH,35000,200,4
TRX-250813-00890,2025-08-13,17:51:00,2025-08-13 17:51:00,2,Wednesday,8,0,0,normal,1.0,93600,QRIS,93600,0,4
TRX-250813-00891,2025-08-13,20:17:00,2025-08-13 20:17:00,2,Wednesday,8,0,0,normal,1.0,71500,QRIS,71500,0,4
TRX-250814-00892,2025-08-14,13:28:00,2025-08-14 13:28:00,3,Thursday,8,0,0,normal,1.0,92000,CASH,95000,3000,3
TRX-250814-00893,2025-08-14,15:22:00,2025-08-14 15:22:00,3,Thursday,8,0,0,normal,1.0,1000,CASH,5000,4000,1
TRX-250814-00894,2025-08-14,15:53:00,2025-08-14 15:53:00,3,Thursday,8,0,0,normal,1.0,47000,CASH,50000,3000,4
TRX-250814-00895,2025-08-14,07:59:00,2025-08-14 07:59:00,3,Thursday,8,0,0,normal,1.0,11000,CASH,15000,4000,2
TRX-250814-00896,2025-08-14,17:13:00,2025-08-14 17:13:00,3,Thursday,8,0,0,normal,1.0,76000,CASH,80000,4000,2
TRX-250814-00897,2025-08-14,21:36:00,2025-08-14 21:36:00,3,Thursday,8,0,0,normal,1.0,49000,CASH,50000,1000,3
TRX-250814-00898,2025-08-14,10:53:00,2025-08-14 10:53:00,3,Thursday,8,0,0,normal,1.0,32000,EWALLET,32000,0,3
TRX-250814-00899,2025-08-14,12:05:00,2025-08-14 12:05:00,3,Thursday,8,0,0,normal,1.0,17000,CASH,20000,3000,2
TRX-250814-00900,2025-08-14,18:08:00,2025-08-14 18:08:00,3,Thursday,8,0,0,normal,1.0,41000,QRIS,41000,0,4
TRX-250814-00901,2025-08-14,09:29:00,2025-08-14 09:29:00,3,Thursday,8,0,0,normal,1.0,9000,CASH,10000,1000,1
TRX-250814-00902,2025-08-14,17:08:00,2025-08-14 17:08:00,3,Thursday,8,0,0,normal,1.0,32500,CASH,35000,2500,4
TRX-250814-00903,2025-08-14,18:21:00,2025-08-14 18:21:00,3,Thursday,8,0,0,normal,1.0,48000,CASH,50000,2000,3
TRX-250814-00904,2025-08-14,13:08:00,2025-08-14 13:08:00,3,Thursday,8,0,0,normal,1.0,22750,CASH,25000,2250,3
TRX-250814-00905,2025-08-14,13:37:00,2025-08-14 13:37:00,3,Thursday,8,0,0,normal,1.0,9000,CASH,10000,1000,2
TRX-250814-00906,2025-08-14,19:18:00,2025-08-14 19:18:00,3,Thursday,8,0,0,normal,1.0,23000,CASH,25000,2000,2
TRX-250814-00907,2025-08-14,14:36:00,2025-08-14 14:36:00,3,Thursday,8,0,0,normal,1.0,29000,CASH,30000,1000,4
TRX-250815-00908,2025-08-15,14:32:00,2025-08-15 14:32:00,4,Friday,8,0,0,holiday,1.3,111000,QRIS,111000,0,4
TRX-250815-00909,2025-08-15,18:18:00,2025-08-15 18:18:00,4,Friday,8,0,0,holiday,1.3,63000,CASH,65000,2000,5
TRX-250815-00910,2025-08-15,12:47:00,2025-08-15 12:47:00,4,Friday,8,0,0,holiday,1.3,55000,TRANSFER,55000,0,3
TRX-250815-00911,2025-08-15,19:02:00,2025-08-15 19:02:00,4,Friday,8,0,0,holiday,1.3,41000,CASH,45000,4000,4
TRX-250815-00912,2025-08-15,17:13:00,2025-08-15 17:13:00,4,Friday,8,0,0,holiday,1.3,12000,CASH,15000,3000,1
TRX-250815-00913,2025-08-15,12:16:00,2025-08-15 12:16:00,4,Friday,8,0,0,holiday,1.3,85000,CASH,90000,5000,3
TRX-250815-00914,2025-08-15,15:38:00,2025-08-15 15:38:00,4,Friday,8,0,0,holiday,1.3,12000,CASH,15000,3000,2
TRX-250815-00915,2025-08-15,11:42:00,2025-08-15 11:42:00,4,Friday,8,0,0,holiday,1.3,7500,CASH,10000,2500,2
TRX-250815-00916,2025-08-15,18:55:00,2025-08-15 18:55:00,4,Friday,8,0,0,holiday,1.3,18000,CASH,20000,2000,2
TRX-250815-00917,2025-08-15,17:16:00,2025-08-15 17:16:00,4,Friday,8,0,0,holiday,1.3,4000,CASH,5000,1000,2
TRX-250815-00918,2025-08-15,07:28:00,2025-08-15 07:28:00,4,Friday,8,0,0,holiday,1.3,25000,CASH,30000,5000,2
TRX-250815-00919,2025-08-15,15:01:00,2025-08-15 15:01:00,4,Friday,8,0,0,holiday,1.3,36725,QRIS,36725,0,4
TRX-250815-00920,2025-08-15,18:58:00,2025-08-15 18:58:00,4,Friday,8,0,0,holiday,1.3,84000,CASH,85000,1000,2
TRX-250815-00921,2025-08-15,13:50:00,2025-08-15 13:50:00,4,Friday,8,0,0,holiday,1.3,13000,CASH,15000,2000,2
TRX-250816-00922,2025-08-16,12:52:00,2025-08-16 12:52:00,5,Saturday,8,1,0,holiday,1.3,15000,CASH,20000,5000,2
TRX-250816-00923,2025-08-16,15:09:00,2025-08-16 15:09:00,5,Saturday,8,1,0,holiday,1.3,16000,CASH,20000,4000,1
TRX-250816-00924,2025-08-16,17:27:00,2025-08-16 17:27:00,5,Saturday,8,1,0,holiday,1.3,48000,CASH,50000,2000,3
TRX-250816-00925,2025-08-16,13:58:00,2025-08-16 13:58:00,5,Saturday,8,1,0,holiday,1.3,17700,CASH,20000,2300,3
TRX-250816-00926,2025-08-16,12:30:00,2025-08-16 12:30:00,5,Saturday,8,1,0,holiday,1.3,28000,EWALLET,28000,0,3
TRX-250816-00927,2025-08-16,15:30:00,2025-08-16 15:30:00,5,Saturday,8,1,0,holiday,1.3,51300,CASH,55000,3700,2
TRX-250816-00928,2025-08-16,14:26:00,2025-08-16 14:26:00,5,Saturday,8,1,0,holiday,1.3,106000,CASH,110000,4000,4
TRX-250816-00929,2025-08-16,12:04:00,2025-08-16 12:04:00,5,Saturday,8,1,0,holiday,1.3,14500,CASH,15000,500,2
TRX-250816-00930,2025-08-16,13:40:00,2025-08-16 13:40:00,5,Saturday,8,1,0,holiday,1.3,67000,CASH,70000,3000,4
TRX-250816-00931,2025-08-16,09:33:00,2025-08-16 09:33:00,5,Saturday,8,1,0,holiday,1.3,18500,CASH,20000,1500,3
TRX-250816-00932,2025-08-16,09:45:00,2025-08-16 09:45:00,5,Saturday,8,1,0,holiday,1.3,95000,EWALLET,95000,0,4
TRX-250816-00933,2025-08-16,11:35:00,2025-08-16 11:35:00,5,Saturday,8,1,0,holiday,1.3,41500,TRANSFER,41500,0,4
TRX-250816-00934,2025-08-16,15:06:00,2025-08-16 15:06:00,5,Saturday,8,1,0,holiday,1.3,18000,QRIS,18000,0,2
TRX-250816-00935,2025-08-16,15:17:00,2025-08-16 15:17:00,5,Saturday,8,1,0,holiday,1.3,124250,CASH,125000,750,5
TRX-250816-00936,2025-08-16,16:20:00,2025-08-16 16:20:00,5,Saturday,8,1,0,holiday,1.3,11000,CASH,15000,4000,2
TRX-250816-00937,2025-08-16,11:05:00,2025-08-16 11:05:00,5,Saturday,8,1,0,holiday,1.3,5500,CASH,10000,4500,2
TRX-250816-00938,2025-08-16,16:35:00,2025-08-16 16:35:00,5,Saturday,8,1,0,holiday,1.3,50000,QRIS,50000,0,4
TRX-250816-00939,2025-08-16,21:12:00,2025-08-16 21:12:00,5,Saturday,8,1,0,holiday,1.3,95000,CASH,100000,5000,2
TRX-250816-00940,2025-08-16,15:02:00,2025-08-16 15:02:00,5,Saturday,8,1,0,holiday,1.3,40650,CASH,45000,4350,3
TRX-250816-00941,2025-08-16,15:31:00,2025-08-16 15:31:00,5,Saturday,8,1,0,holiday,1.3,37000,CASH,40000,3000,2
TRX-250816-00942,2025-08-16,16:11:00,2025-08-16 16:11:00,5,Saturday,8,1,0,holiday,1.3,39000,CASH,40000,1000,4
TRX-250816-00943,2025-08-16,18:20:00,2025-08-16 18:20:00,5,Saturday,8,1,0,holiday,1.3,41000,CASH,45000,4000,4
TRX-250816-00944,2025-08-16,09:02:00,2025-08-16 09:02:00,5,Saturday,8,1,0,holiday,1.3,7000,CASH,10000,3000,2
TRX-250816-00945,2025-08-16,11:21:00,2025-08-16 11:21:00,5,Saturday,8,1,0,holiday,1.3,4000,TRANSFER,4000,0,2
TRX-250816-00946,2025-08-16,11:40:00,2025-08-16 11:40:00,5,Saturday,8,1,0,holiday,1.3,13000,CASH,15000,2000,4
TRX-250816-00947,2025-08-16,16:11:00,2025-08-16 16:11:00,5,Saturday,8,1,0,holiday,1.3,69000,QRIS,69000,0,2
TRX-250816-00948,2025-08-16,12:05:00,2025-08-16 12:05:00,5,Saturday,8,1,0,holiday,1.3,18200,CASH,20000,1800,2
TRX-250816-00949,2025-08-16,12:34:00,2025-08-16 12:34:00,5,Saturday,8,1,0,holiday,1.3,54000,CASH,55000,1000,3
TRX-250816-00950,2025-08-16,13:13:00,2025-08-16 13:13:00,5,Saturday,8,1,0,holiday,1.3,20000,CASH,25000,5000,2
TRX-250816-00951,2025-08-16,11:24:00,2025-08-16 11:24:00,5,Saturday,8,1,0,holiday,1.3,46000,CASH,50000,4000,3
TRX-250816-00952,2025-08-16,11:10:00,2025-08-16 11:10:00,5,Saturday,8,1,0,holiday,1.3,21500,QRIS,21500,0,2
TRX-250817-00953,2025-08-17,17:38:00,2025-08-17 17:38:00,6,Sunday,8,1,0,holiday,1.3,60000,EWALLET,60000,0,2
TRX-250817-00954,2025-08-17,12:49:00,2025-08-17 12:49:00,6,Sunday,8,1,0,holiday,1.3,12000,CASH,15000,3000,2
TRX-250817-00955,2025-08-17,14:36:00,2025-08-17 14:36:00,6,Sunday,8,1,0,holiday,1.3,15500,CASH,20000,4500,3
TRX-250817-00956,2025-08-17,19:19:00,2025-08-17 19:19:00,6,Sunday,8,1,0,holiday,1.3,12000,CASH,15000,3000,2
TRX-250817-00957,2025-08-17,06:10:00,2025-08-17 06:10:00,6,Sunday,8,1,0,holiday,1.3,54000,CASH,55000,1000,2
TRX-250817-00958,2025-08-17,17:06:00,2025-08-17 17:06:00,6,Sunday,8,1,0,holiday,1.3,7000,CASH,10000,3000,2
TRX-250817-00959,2025-08-17,15:34:00,2025-08-17 15:34:00,6,Sunday,8,1,0,holiday,1.3,2000,CASH,5000,3000,1
TRX-250817-00960,2025-08-17,15:49:00,2025-08-17 15:49:00,6,Sunday,8,1,0,holiday,1.3,10000,CASH,15000,5000,2
TRX-250817-00961,2025-08-17,13:02:00,2025-08-17 13:02:00,6,Sunday,8,1,0,holiday,1.3,11000,CASH,15000,4000,2
TRX-250817-00962,2025-08-17,07:26:00,2025-08-17 07:26:00,6,Sunday,8,1,0,holiday,1.3,14000,CASH,15000,1000,2
TRX-250817-00963,2025-08-17,12:51:00,2025-08-17 12:51:00,6,Sunday,8,1,0,holiday,1.3,4000,CASH,5000,1000,1
TRX-250817-00964,2025-08-17,13:42:00,2025-08-17 13:42:00,6,Sunday,8,1,0,holiday,1.3,11000,CASH,15000,4000,2
TRX-250817-00965,2025-08-17,11:30:00,2025-08-17 11:30:00,6,Sunday,8,1,0,holiday,1.3,74000,CASH,75000,1000,3
TRX-250817-00966,2025-08-17,16:16:00,2025-08-17 16:16:00,6,Sunday,8,1,0,holiday,1.3,16000,CASH,20000,4000,2
TRX-250817-00967,2025-08-17,11:56:00,2025-08-17 11:56:00,6,Sunday,8,1,0,holiday,1.3,27000,QRIS,27000,0,2
TRX-250817-00968,2025-08-17,12:19:00,2025-08-17 12:19:00,6,Sunday,8,1,0,holiday,1.3,36000,CASH,40000,4000,3
TRX-250817-00969,2025-08-17,10:29:00,2025-08-17 10:29:00,6,Sunday,8,1,0,holiday,1.3,9000,CASH,10000,1000,2
TRX-250817-00970,2025-08-17,09:46:00,2025-08-17 09:46:00,6,Sunday,8,1,0,holiday,1.3,27100,CASH,30000,2900,3
TRX-250817-00971,2025-08-17,19:53:00,2025-08-17 19:53:00,6,Sunday,8,1,0,holiday,1.3,24000,CASH,25000,1000,5
TRX-250817-00972,2025-08-17,07:25:00,2025-08-17 07:25:00,6,Sunday,8,1,0,holiday,1.3,62200,CASH,65000,2800,4
TRX-250817-00973,2025-08-17,17:38:00,2025-08-17 17:38:00,6,Sunday,8,1,0,holiday,1.3,40000,TRANSFER,40000,0,4
TRX-250817-00974,2025-08-17,16:16:00,2025-08-17 16:16:00,6,Sunday,8,1,0,holiday,1.3,32000,CASH,35000,3000,2
TRX-250817-00975,2025-08-17,14:19:00,2025-08-17 14:19:00,6,Sunday,8,1,0,holiday,1.3,32000,CASH,35000,3000,2
TRX-250818-00976,2025-08-18,20:35:00,2025-08-18 20:35:00,0,Monday,8,0,0,holiday,1.3,42000,CASH,45000,3000,3
TRX-250818-00977,2025-08-18,18:49:00,2025-08-18 18:49:00,0,Monday,8,0,0,holiday,1.3,55000,CASH,60000,5000,3
TRX-250818-00978,2025-08-18,17:20:00,2025-08-18 17:20:00,0,Monday,8,0,0,holiday,1.3,63400,QRIS,63400,0,3
TRX-250818-00979,2025-08-18,17:41:00,2025-08-18 17:41:00,0,Monday,8,0,0,holiday,1.3,54000,CASH,55000,1000,2
TRX-250818-00980,2025-08-18,09:39:00,2025-08-18 09:39:00,0,Monday,8,0,0,holiday,1.3,37750,CASH,40000,2250,3
TRX-250818-00981,2025-08-18,19:41:00,2025-08-18 19:41:00,0,Monday,8,0,0,holiday,1.3,4000,TRANSFER,4000,0,2
TRX-250818-00982,2025-08-18,17:12:00,2025-08-18 17:12:00,0,Monday,8,0,0,holiday,1.3,18000,CASH,20000,2000,2
TRX-250818-00983,2025-08-18,17:29:00,2025-08-18 17:29:00,0,Monday,8,0,0,holiday,1.3,18700,TRANSFER,18700,0,3
TRX-250818-00984,2025-08-18,14:30:00,2025-08-18 14:30:00,0,Monday,8,0,0,holiday,1.3,105400,CASH,110000,4600,4
TRX-250818-00985,2025-08-18,17:02:00,2025-08-18 17:02:00,0,Monday,8,0,0,holiday,1.3,31000,CASH,35000,4000,2
TRX-250818-00986,2025-08-18,18:48:00,2025-08-18 18:48:00,0,Monday,8,0,0,holiday,1.3,69000,CASH,70000,1000,4
TRX-250818-00987,2025-08-18,11:44:00,2025-08-18 11:44:00,0,Monday,8,0,0,holiday,1.3,18000,CASH,20000,2000,2
TRX-250818-00988,2025-08-18,10:23:00,2025-08-18 10:23:00,0,Monday,8,0,0,holiday,1.3,38000,CASH,40000,2000,2
TRX-250818-00989,2025-08-18,18:08:00,2025-08-18 18:08:00,0,Monday,8,0,0,holiday,1.3,11400,CASH,15000,3600,1
TRX-250818-00990,2025-08-18,15:09:00,2025-08-18 15:09:00,0,Monday,8,0,0,holiday,1.3,24000,EWALLET,24000,0,3
TRX-250818-00991,2025-08-18,11:23:00,2025-08-18 11:23:00,0,Monday,8,0,0,holiday,1.3,33000,QRIS,33000,0,2
TRX-250818-00992,2025-08-18,08:14:00,2025-08-18 08:14:00,0,Monday,8,0,0,holiday,1.3,12000,QRIS,12000,0,1
TRX-250818-00993,2025-08-18,11:29:00,2025-08-18 11:29:00,0,Monday,8,0,0,holiday,1.3,173000,QRIS,173000,0,3
TRX-250819-00994,2025-08-19,08:35:00,2025-08-19 08:35:00,1,Tuesday,8,0,0,holiday,1.3,44500,CASH,45000,500,4
TRX-250819-00995,2025-08-19,21:17:00,2025-08-19 21:17:00,1,Tuesday,8,0,0,holiday,1.3,18000,CASH,20000,2000,3
TRX-250819-00996,2025-08-19,13:34:00,2025-08-19 13:34:00,1,Tuesday,8,0,0,holiday,1.3,32400,CASH,35000,2600,4
TRX-250819-00997,2025-08-19,19:49:00,2025-08-19 19:49:00,1,Tuesday,8,0,0,holiday,1.3,34000,EWALLET,34000,0,3
TRX-250819-00998,2025-08-19,10:41:00,2025-08-19 10:41:00,1,Tuesday,8,0,0,holiday,1.3,18000,CASH,20000,2000,2
TRX-250819-00999,2025-08-19,20:31:00,2025-08-19 20:31:00,1,Tuesday,8,0,0,holiday,1.3,5000,CASH,10000,5000,1
TRX-250819-01000,2025-08-19,17:43:00,2025-08-19 17:43:00,1,Tuesday,8,0,0,holiday,1.3,18000,CASH,20000,2000,2
TRX-250819-01001,2025-08-19,10:32:00,2025-08-19 10:32:00,1,Tuesday,8,0,0,holiday,1.3,8500,CASH,10000,1500,2
TRX-250819-01002,2025-08-19,09:25:00,2025-08-19 09:25:00,1,Tuesday,8,0,0,holiday,1.3,23500,EWALLET,23500,0,4
TRX-250819-01003,2025-08-19,09:21:00,2025-08-19 09:21:00,1,Tuesday,8,0,0,holiday,1.3,6700,CASH,10000,3300,2
TRX-250819-01004,2025-08-19,16:08:00,2025-08-19 16:08:00,1,Tuesday,8,0,0,holiday,1.3,81000,CASH,85000,4000,4
TRX-250819-01005,2025-08-19,18:06:00,2025-08-19 18:06:00,1,Tuesday,8,0,0,holiday,1.3,12000,CASH,15000,3000,1
TRX-250819-01006,2025-08-19,20:02:00,2025-08-19 20:02:00,1,Tuesday,8,0,0,holiday,1.3,48500,EWALLET,48500,0,4
TRX-250819-01007,2025-08-19,19:04:00,2025-08-19 19:04:00,1,Tuesday,8,0,0,holiday,1.3,4000,CASH,5000,1000,2
TRX-250819-01008,2025-08-19,10:36:00,2025-08-19 10:36:00,1,Tuesday,8,0,0,holiday,1.3,123000,CASH,125000,2000,3
TRX-250819-01009,2025-08-19,11:49:00,2025-08-19 11:49:00,1,Tuesday,8,0,0,holiday,1.3,14000,CASH,15000,1000,2
TRX-250819-01010,2025-08-19,10:47:00,2025-08-19 10:47:00,1,Tuesday,8,0,0,holiday,1.3,46000,QRIS,46000,0,4
TRX-250819-01011,2025-08-19,14:18:00,2025-08-19 14:18:00,1,Tuesday,8,0,0,holiday,1.3,108000,EWALLET,108000,0,3
TRX-250819-01012,2025-08-19,15:12:00,2025-08-19 15:12:00,1,Tuesday,8,0,0,holiday,1.3,18500,QRIS,18500,0,4
TRX-250819-01013,2025-08-19,12:01:00,2025-08-19 12:01:00,1,Tuesday,8,0,0,holiday,1.3,13000,CASH,15000,2000,2
TRX-250819-01014,2025-08-19,15:49:00,2025-08-19 15:49:00,1,Tuesday,8,0,0,holiday,1.3,52500,QRIS,52500,0,2
TRX-250819-01015,2025-08-19,09:49:00,2025-08-19 09:49:00,1,Tuesday,8,0,0,holiday,1.3,4000,CASH,5000,1000,1
TRX-250819-01016,2025-08-19,07:08:00,2025-08-19 07:08:00,1,Tuesday,8,0,0,holiday,1.3,18500,CASH,20000,1500,3
TRX-250820-01017,2025-08-20,09:57:00,2025-08-20 09:57:00,2,Wednesday,8,0,0,normal,1.0,53500,CASH,55000,1500,5
TRX-250820-01018,2025-08-20,09:13:00,2025-08-20 09:13:00,2,Wednesday,8,0,0,normal,1.0,2000,CASH,5000,3000,1
TRX-250820-01019,2025-08-20,09:05:00,2025-08-20 09:05:00,2,Wednesday,8,0,0,normal,1.0,43000,CASH,45000,2000,4
TRX-250820-01020,2025-08-20,11:44:00,2025-08-20 11:44:00,2,Wednesday,8,0,0,normal,1.0,24000,CASH,25000,1000,1
TRX-250820-01021,2025-08-20,10:41:00,2025-08-20 10:41:00,2,Wednesday,8,0,0,normal,1.0,90000,CASH,95000,5000,4
TRX-250820-01022,2025-08-20,18:26:00,2025-08-20 18:26:00,2,Wednesday,8,0,0,normal,1.0,3000,CASH,5000,2000,1
TRX-250820-01023,2025-08-20,19:07:00,2025-08-20 19:07:00,2,Wednesday,8,0,0,normal,1.0,35450,QRIS,35450,0,3
TRX-250820-01024,2025-08-20,19:02:00,2025-08-20 19:02:00,2,Wednesday,8,0,0,normal,1.0,47000,CASH,50000,3000,3
TRX-250820-01025,2025-08-20,12:57:00,2025-08-20 12:57:00,2,Wednesday,8,0,0,normal,1.0,32000,CASH,35000,3000,3
TRX-250820-01026,2025-08-20,17:30:00,2025-08-20 17:30:00,2,Wednesday,8,0,0,normal,1.0,10000,CASH,15000,5000,2
TRX-250820-01027,2025-08-20,17:45:00,2025-08-20 17:45:00,2,Wednesday,8,0,0,normal,1.0,11000,CASH,15000,4000,2
TRX-250820-01028,2025-08-20,16:33:00,2025-08-20 16:33:00,2,Wednesday,8,0,0,normal,1.0,39000,CASH,40000,1000,3
TRX-250820-01029,2025-08-20,15:50:00,2025-08-20 15:50:00,2,Wednesday,8,0,0,normal,1.0,9000,CASH,10000,1000,1
TRX-250820-01030,2025-08-20,11:36:00,2025-08-20 11:36:00,2,Wednesday,8,0,0,normal,1.0,14000,QRIS,14000,0,2
TRX-250821-01031,2025-08-21,12:47:00,2025-08-21 12:47:00,3,Thursday,8,0,0,normal,1.0,22000,CASH,25000,3000,2
TRX-250821-01032,2025-08-21,14:42:00,2025-08-21 14:42:00,3,Thursday,8,0,0,normal,1.0,2000,QRIS,2000,0,1
TRX-250821-01033,2025-08-21,12:01:00,2025-08-21 12:01:00,3,Thursday,8,0,0,normal,1.0,75500,CASH,80000,4500,4
TRX-250821-01034,2025-08-21,20:32:00,2025-08-21 20:32:00,3,Thursday,8,0,0,normal,1.0,15000,CASH,20000,5000,2
TRX-250821-01035,2025-08-21,18:33:00,2025-08-21 18:33:00,3,Thursday,8,0,0,normal,1.0,81000,CASH,85000,4000,1
TRX-250821-01036,2025-08-21,09:10:00,2025-08-21 09:10:00,3,Thursday,8,0,0,normal,1.0,9000,CASH,10000,1000,1
TRX-250821-01037,2025-08-21,17:09:00,2025-08-21 17:09:00,3,Thursday,8,0,0,normal,1.0,13500,CASH,15000,1500,3
TRX-250821-01038,2025-08-21,11:46:00,2025-08-21 11:46:00,3,Thursday,8,0,0,normal,1.0,337000,CASH,340000,3000,5
TRX-250821-01039,2025-08-21,16:25:00,2025-08-21 16:25:00,3,Thursday,8,0,0,normal,1.0,13000,TRANSFER,13000,0,2
TRX-250821-01040,2025-08-21,16:13:00,2025-08-21 16:13:00,3,Thursday,8,0,0,normal,1.0,13000,CASH,15000,2000,2
TRX-250821-01041,2025-08-21,13:42:00,2025-08-21 13:42:00,3,Thursday,8,0,0,normal,1.0,82000,CASH,85000,3000,2
TRX-250821-01042,2025-08-21,19:02:00,2025-08-21 19:02:00,3,Thursday,8,0,0,normal,1.0,19000,CASH,20000,1000,2
TRX-250821-01043,2025-08-21,17:14:00,2025-08-21 17:14:00,3,Thursday,8,0,0,normal,1.0,34500,QRIS,34500,0,3
TRX-250821-01044,2025-08-21,08:49:00,2025-08-21 08:49:00,3,Thursday,8,0,0,normal,1.0,46000,CASH,50000,4000,2
TRX-250821-01045,2025-08-21,08:06:00,2025-08-21 08:06:00,3,Thursday,8,0,0,normal,1.0,31000,CASH,35000,4000,3
TRX-250821-01046,2025-08-21,15:55:00,2025-08-21 15:55:00,3,Thursday,8,0,0,normal,1.0,10500,CASH,15000,4500,4
TRX-250821-01047,2025-08-21,11:50:00,2025-08-21 11:50:00,3,Thursday,8,0,0,normal,1.0,6000,CASH,10000,4000,2
TRX-250822-01048,2025-08-22,14:01:00,2025-08-22 14:01:00,4,Friday,8,0,0,normal,1.0,19000,CASH,20000,1000,3
TRX-250822-01049,2025-08-22,10:50:00,2025-08-22 10:50:00,4,Friday,8,0,0,normal,1.0,3000,EWALLET,3000,0,1
TRX-250822-01050,2025-08-22,10:49:00,2025-08-22 10:49:00,4,Friday,8,0,0,normal,1.0,58000,CASH,60000,2000,3
TRX-250822-01051,2025-08-22,11:19:00,2025-08-22 11:19:00,4,Friday,8,0,0,normal,1.0,30000,CASH,35000,5000,1
TRX-250822-01052,2025-08-22,09:24:00,2025-08-22 09:24:00,4,Friday,8,0,0,normal,1.0,3500,CASH,5000,1500,2
TRX-250822-01053,2025-08-22,06:12:00,2025-08-22 06:12:00,4,Friday,8,0,0,normal,1.0,87000,QRIS,87000,0,3
TRX-250822-01054,2025-08-22,19:25:00,2025-08-22 19:25:00,4,Friday,8,0,0,normal,1.0,42000,CASH,45000,3000,4
TRX-250822-01055,2025-08-22,18:15:00,2025-08-22 18:15:00,4,Friday,8,0,0,normal,1.0,64950,QRIS,64950,0,3
TRX-250822-01056,2025-08-22,20:54:00,2025-08-22 20:54:00,4,Friday,8,0,0,normal,1.0,119000,CASH,120000,1000,3
TRX-250822-01057,2025-08-22,17:45:00,2025-08-22 17:45:00,4,Friday,8,0,0,normal,1.0,4000,TRANSFER,4000,0,2
TRX-250823-01058,2025-08-23,18:44:00,2025-08-23 18:44:00,5,Saturday,8,1,0,normal,1.0,87000,EWALLET,87000,0,2
TRX-250823-01059,2025-08-23,18:38:00,2025-08-23 18:38:00,5,Saturday,8,1,0,normal,1.0,42000,EWALLET,42000,0,2
TRX-250823-01060,2025-08-23,13:28:00,2025-08-23 13:28:00,5,Saturday,8,1,0,normal,1.0,10500,CASH,15000,4500,2
TRX-250823-01061,2025-08-23,18:09:00,2025-08-23 18:09:00,5,Saturday,8,1,0,normal,1.0,6000,TRANSFER,6000,0,1
TRX-250823-01062,2025-08-23,19:01:00,2025-08-23 19:01:00,5,Saturday,8,1,0,normal,1.0,32500,EWALLET,32500,0,3
TRX-250823-01063,2025-08-23,19:26:00,2025-08-23 19:26:00,5,Saturday,8,1,0,normal,1.0,45900,CASH,50000,4100,1
TRX-250823-01064,2025-08-23,07:48:00,2025-08-23 07:48:00,5,Saturday,8,1,0,normal,1.0,52000,CASH,55000,3000,2
TRX-250823-01065,2025-08-23,15:48:00,2025-08-23 15:48:00,5,Saturday,8,1,0,normal,1.0,107000,CASH,110000,3000,5
TRX-250823-01066,2025-08-23,12:16:00,2025-08-23 12:16:00,5,Saturday,8,1,0,normal,1.0,21000,CASH,25000,4000,2
TRX-250823-01067,2025-08-23,14:01:00,2025-08-23 14:01:00,5,Saturday,8,1,0,normal,1.0,175200,CASH,180000,4800,4
TRX-250823-01068,2025-08-23,15:11:00,2025-08-23 15:11:00,5,Saturday,8,1,0,normal,1.0,65000,CASH,70000,5000,3
TRX-250823-01069,2025-08-23,18:28:00,2025-08-23 18:28:00,5,Saturday,8,1,0,normal,1.0,54000,CASH,55000,1000,1
TRX-250823-01070,2025-08-23,18:19:00,2025-08-23 18:19:00,5,Saturday,8,1,0,normal,1.0,52000,CASH,55000,3000,4
TRX-250823-01071,2025-08-23,16:04:00,2025-08-23 16:04:00,5,Saturday,8,1,0,normal,1.0,11000,QRIS,11000,0,2
TRX-250823-01072,2025-08-23,19:51:00,2025-08-23 19:51:00,5,Saturday,8,1,0,normal,1.0,41000,CASH,45000,4000,3
TRX-250823-01073,2025-08-23,16:18:00,2025-08-23 16:18:00,5,Saturday,8,1,0,normal,1.0,5850,TRANSFER,5850,0,2
TRX-250823-01074,2025-08-23,11:30:00,2025-08-23 11:30:00,5,Saturday,8,1,0,normal,1.0,13000,QRIS,13000,0,3
TRX-250823-01075,2025-08-23,19:34:00,2025-08-23 19:34:00,5,Saturday,8,1,0,normal,1.0,30000,CASH,35000,5000,2
TRX-250823-01076,2025-08-23,18:43:00,2025-08-23 18:43:00,5,Saturday,8,1,0,normal,1.0,180000,CASH,185000,5000,4
TRX-250823-01077,2025-08-23,16:00:00,2025-08-23 16:00:00,5,Saturday,8,1,0,normal,1.0,3000,TRANSFER,3000,0,1
TRX-250823-01078,2025-08-23,19:42:00,2025-08-23 19:42:00,5,Saturday,8,1,0,normal,1.0,17800,CASH,20000,2200,2
TRX-250823-01079,2025-08-23,10:59:00,2025-08-23 10:59:00,5,Saturday,8,1,0,normal,1.0,11000,CASH,15000,4000,2
TRX-250823-01080,2025-08-23,16:26:00,2025-08-23 16:26:00,5,Saturday,8,1,0,normal,1.0,7000,CASH,10000,3000,3
TRX-250823-01081,2025-08-23,08:07:00,2025-08-23 08:07:00,5,Saturday,8,1,0,normal,1.0,10000,CASH,15000,5000,1
TRX-250823-01082,2025-08-23,20:16:00,2025-08-23 20:16:00,5,Saturday,8,1,0,normal,1.0,62000,CASH,65000,3000,3
TRX-250824-01083,2025-08-24,13:02:00,2025-08-24 13:02:00,6,Sunday,8,1,0,normal,1.0,19000,QRIS,19000,0,2
TRX-250824-01084,2025-08-24,15:28:00,2025-08-24 15:28:00,6,Sunday,8,1,0,normal,1.0,65850,CASH,70000,4150,3
TRX-250824-01085,2025-08-24,20:58:00,2025-08-24 20:58:00,6,Sunday,8,1,0,normal,1.0,13000,CASH,15000,2000,2
TRX-250824-01086,2025-08-24,15:21:00,2025-08-24 15:21:00,6,Sunday,8,1,0,normal,1.0,23000,CASH,25000,2000,3
TRX-250824-01087,2025-08-24,12:34:00,2025-08-24 12:34:00,6,Sunday,8,1,0,normal,1.0,28500,CASH,30000,1500,1
TRX-250824-01088,2025-08-24,16:00:00,2025-08-24 16:00:00,6,Sunday,8,1,0,normal,1.0,30000,QRIS,30000,0,2
TRX-250824-01089,2025-08-24,08:41:00,2025-08-24 08:41:00,6,Sunday,8,1,0,normal,1.0,53000,CASH,55000,2000,4
TRX-250824-01090,2025-08-24,12:56:00,2025-08-24 12:56:00,6,Sunday,8,1,0,normal,1.0,63000,CASH,65000,2000,2
TRX-250824-01091,2025-08-24,06:51:00,2025-08-24 06:51:00,6,Sunday,8,1,0,normal,1.0,57000,QRIS,57000,0,2
TRX-250824-01092,2025-08-24,10:25:00,2025-08-24 10:25:00,6,Sunday,8,1,0,normal,1.0,36000,CASH,40000,4000,2
TRX-250824-01093,2025-08-24,17:13:00,2025-08-24 17:13:00,6,Sunday,8,1,0,normal,1.0,99000,TRANSFER,99000,0,2
TRX-250824-01094,2025-08-24,18:50:00,2025-08-24 18:50:00,6,Sunday,8,1,0,normal,1.0,15000,CASH,20000,5000,2
TRX-250824-01095,2025-08-24,17:39:00,2025-08-24 17:39:00,6,Sunday,8,1,0,normal,1.0,11000,QRIS,11000,0,2
TRX-250824-01096,2025-08-24,06:13:00,2025-08-24 06:13:00,6,Sunday,8,1,0,normal,1.0,44000,CASH,45000,1000,2
TRX-250824-01097,2025-08-24,09:26:00,2025-08-24 09:26:00,6,Sunday,8,1,0,normal,1.0,53000,QRIS,53000,0,2
TRX-250824-01098,2025-08-24,15:02:00,2025-08-24 15:02:00,6,Sunday,8,1,0,normal,1.0,75000,QRIS,75000,0,3
TRX-250824-01099,2025-08-24,10:53:00,2025-08-24 10:53:00,6,Sunday,8,1,0,normal,1.0,27000,CASH,30000,3000,1
TRX-250825-01100,2025-08-25,09:19:00,2025-08-25 09:19:00,0,Monday,8,0,1,normal,1.0,27000,TRANSFER,27000,0,1
TRX-250825-01101,2025-08-25,14:39:00,2025-08-25 14:39:00,0,Monday,8,0,1,normal,1.0,66000,CASH,70000,4000,2
TRX-250825-01102,2025-08-25,20:58:00,2025-08-25 20:58:00,0,Monday,8,0,1,normal,1.0,5000,CASH,10000,5000,2
TRX-250825-01103,2025-08-25,18:59:00,2025-08-25 18:59:00,0,Monday,8,0,1,normal,1.0,11000,CASH,15000,4000,2
TRX-250825-01104,2025-08-25,08:23:00,2025-08-25 08:23:00,0,Monday,8,0,1,normal,1.0,6000,CASH,10000,4000,1
TRX-250825-01105,2025-08-25,21:50:00,2025-08-25 21:50:00,0,Monday,8,0,1,normal,1.0,67000,CASH,70000,3000,4
TRX-250825-01106,2025-08-25,21:57:00,2025-08-25 21:57:00,0,Monday,8,0,1,normal,1.0,81050,CASH,85000,3950,5
TRX-250825-01107,2025-08-25,06:24:00,2025-08-25 06:24:00,0,Monday,8,0,1,normal,1.0,9000,CASH,10000,1000,2
TRX-250825-01108,2025-08-25,21:27:00,2025-08-25 21:27:00,0,Monday,8,0,1,normal,1.0,11500,CASH,15000,3500,2
TRX-250825-01109,2025-08-25,19:05:00,2025-08-25 19:05:00,0,Monday,8,0,1,normal,1.0,56500,CASH,60000,3500,4
TRX-250825-01110,2025-08-25,17:47:00,2025-08-25 17:47:00,0,Monday,8,0,1,normal,1.0,26000,QRIS,26000,0,3
TRX-250825-01111,2025-08-25,09:47:00,2025-08-25 09:47:00,0,Monday,8,0,1,normal,1.0,96000,CASH,100000,4000,5
TRX-250825-01112,2025-08-25,15:55:00,2025-08-25 15:55:00,0,Monday,8,0,1,normal,1.0,3000,CASH,5000,2000,1
TRX-250825-01113,2025-08-25,09:34:00,2025-08-25 09:34:00,0,Monday,8,0,1,normal,1.0,13000,CASH,15000,2000,3
TRX-250825-01114,2025-08-25,12:40:00,2025-08-25 12:40:00,0,Monday,8,0,1,normal,1.0,11000,CASH,15000,4000,2
TRX-250825-01115,2025-08-25,17:04:00,2025-08-25 17:04:00,0,Monday,8,0,1,normal,1.0,1000,TRANSFER,1000,0,1
TRX-250825-01116,2025-08-25,12:43:00,2025-08-25 12:43:00,0,Monday,8,0,1,normal,1.0,209000,CASH,210000,1000,4
TRX-250825-01117,2025-08-25,17:30:00,2025-08-25 17:30:00,0,Monday,8,0,1,normal,1.0,9000,CASH,10000,1000,2
TRX-250825-01118,2025-08-25,12:56:00,2025-08-25 12:56:00,0,Monday,8,0,1,normal,1.0,11000,EWALLET,11000,0,2
TRX-250825-01119,2025-08-25,17:26:00,2025-08-25 17:26:00,0,Monday,8,0,1,normal,1.0,24000,CASH,25000,1000,4
TRX-250825-01120,2025-08-25,10:12:00,2025-08-25 10:12:00,0,Monday,8,0,1,normal,1.0,15000,CASH,20000,5000,1
TRX-250825-01121,2025-08-25,10:31:00,2025-08-25 10:31:00,0,Monday,8,0,1,normal,1.0,8000,CASH,10000,2000,3
TRX-250825-01122,2025-08-25,09:33:00,2025-08-25 09:33:00,0,Monday,8,0,1,normal,1.0,35500,CASH,40000,4500,5
TRX-250825-01123,2025-08-25,07:28:00,2025-08-25 07:28:00,0,Monday,8,0,1,normal,1.0,19000,CASH,20000,1000,2
TRX-250825-01124,2025-08-25,13:17:00,2025-08-25 13:17:00,0,Monday,8,0,1,normal,1.0,29000,CASH,30000,1000,3
TRX-250826-01125,2025-08-26,14:56:00,2025-08-26 14:56:00,1,Tuesday,8,0,1,normal,1.0,2000,CASH,5000,3000,1
TRX-250826-01126,2025-08-26,08:31:00,2025-08-26 08:31:00,1,Tuesday,8,0,1,normal,1.0,11500,CASH,15000,3500,2
TRX-250826-01127,2025-08-26,17:23:00,2025-08-26 17:23:00,1,Tuesday,8,0,1,normal,1.0,102000,QRIS,102000,0,4
TRX-250826-01128,2025-08-26,16:59:00,2025-08-26 16:59:00,1,Tuesday,8,0,1,normal,1.0,54000,CASH,55000,1000,2
TRX-250826-01129,2025-08-26,18:00:00,2025-08-26 18:00:00,1,Tuesday,8,0,1,normal,1.0,10000,CASH,15000,5000,2
TRX-250826-01130,2025-08-26,21:28:00,2025-08-26 21:28:00,1,Tuesday,8,0,1,normal,1.0,59000,CASH,60000,1000,3
TRX-250826-01131,2025-08-26,20:07:00,2025-08-26 20:07:00,1,Tuesday,8,0,1,normal,1.0,4000,CASH,5000,1000,1
TRX-250826-01132,2025-08-26,11:01:00,2025-08-26 11:01:00,1,Tuesday,8,0,1,normal,1.0,33000,QRIS,33000,0,3
TRX-250826-01133,2025-08-26,17:08:00,2025-08-26 17:08:00,1,Tuesday,8,0,1,normal,1.0,12000,CASH,15000,3000,2
TRX-250826-01134,2025-08-26,11:05:00,2025-08-26 11:05:00,1,Tuesday,8,0,1,normal,1.0,3000,CASH,5000,2000,2
TRX-250826-01135,2025-08-26,18:52:00,2025-08-26 18:52:00,1,Tuesday,8,0,1,normal,1.0,5550,QRIS,5550,0,2
TRX-250826-01136,2025-08-26,18:14:00,2025-08-26 18:14:00,1,Tuesday,8,0,1,normal,1.0,56000,TRANSFER,56000,0,2
TRX-250826-01137,2025-08-26,16:25:00,2025-08-26 16:25:00,1,Tuesday,8,0,1,normal,1.0,3000,CASH,5000,2000,1
TRX-250826-01138,2025-08-26,14:02:00,2025-08-26 14:02:00,1,Tuesday,8,0,1,normal,1.0,31500,CASH,35000,3500,2
TRX-250826-01139,2025-08-26,18:25:00,2025-08-26 18:25:00,1,Tuesday,8,0,1,normal,1.0,69000,CASH,70000,1000,2
TRX-250826-01140,2025-08-26,09:38:00,2025-08-26 09:38:00,1,Tuesday,8,0,1,normal,1.0,11000,CASH,15000,4000,2
TRX-250826-01141,2025-08-26,16:49:00,2025-08-26 16:49:00,1,Tuesday,8,0,1,normal,1.0,27000,QRIS,27000,0,2
TRX-250826-01142,2025-08-26,17:53:00,2025-08-26 17:53:00,1,Tuesday,8,0,1,normal,1.0,15800,CASH,20000,4200,3
TRX-250826-01143,2025-08-26,10:11:00,2025-08-26 10:11:00,1,Tuesday,8,0,1,normal,1.0,28500,EWALLET,28500,0,4
TRX-250826-01144,2025-08-26,15:56:00,2025-08-26 15:56:00,1,Tuesday,8,0,1,normal,1.0,15500,CASH,20000,4500,1
TRX-250826-01145,2025-08-26,06:28:00,2025-08-26 06:28:00,1,Tuesday,8,0,1,normal,1.0,33000,CASH,35000,2000,2
TRX-250827-01146,2025-08-27,12:01:00,2025-08-27 12:01:00,2,Wednesday,8,0,1,normal,1.0,30500,CASH,35000,4500,2
TRX-250827-01147,2025-08-27,08:40:00,2025-08-27 08:40:00,2,Wednesday,8,0,1,normal,1.0,45500,CASH,50000,4500,3
TRX-250827-01148,2025-08-27,10:44:00,2025-08-27 10:44:00,2,Wednesday,8,0,1,normal,1.0,83100,CASH,85000,1900,3
TRX-250827-01149,2025-08-27,07:04:00,2025-08-27 07:04:00,2,Wednesday,8,0,1,normal,1.0,83650,CASH,85000,1350,4
TRX-250827-01150,2025-08-27,20:31:00,2025-08-27 20:31:00,2,Wednesday,8,0,1,normal,1.0,80000,CASH,85000,5000,4
TRX-250827-01151,2025-08-27,12:37:00,2025-08-27 12:37:00,2,Wednesday,8,0,1,normal,1.0,12000,CASH,15000,3000,2
TRX-250827-01152,2025-08-27,11:27:00,2025-08-27 11:27:00,2,Wednesday,8,0,1,normal,1.0,16000,CASH,20000,4000,1
TRX-250827-01153,2025-08-27,12:34:00,2025-08-27 12:34:00,2,Wednesday,8,0,1,normal,1.0,51000,CASH,55000,4000,4
TRX-250827-01154,2025-08-27,16:05:00,2025-08-27 16:05:00,2,Wednesday,8,0,1,normal,1.0,96000,CASH,100000,4000,4
TRX-250827-01155,2025-08-27,18:23:00,2025-08-27 18:23:00,2,Wednesday,8,0,1,normal,1.0,69000,CASH,70000,1000,2
TRX-250827-01156,2025-08-27,16:09:00,2025-08-27 16:09:00,2,Wednesday,8,0,1,normal,1.0,80000,CASH,85000,5000,4
TRX-250827-01157,2025-08-27,08:52:00,2025-08-27 08:52:00,2,Wednesday,8,0,1,normal,1.0,35000,CASH,40000,5000,2
TRX-250827-01158,2025-08-27,08:22:00,2025-08-27 08:22:00,2,Wednesday,8,0,1,normal,1.0,84000,CASH,85000,1000,3
TRX-250827-01159,2025-08-27,21:31:00,2025-08-27 21:31:00,2,Wednesday,8,0,1,normal,1.0,30500,QRIS,30500,0,2
TRX-250827-01160,2025-08-27,15:22:00,2025-08-27 15:22:00,2,Wednesday,8,0,1,normal,1.0,40500,CASH,45000,4500,5
TRX-250827-01161,2025-08-27,11:35:00,2025-08-27 11:35:00,2,Wednesday,8,0,1,normal,1.0,155000,CASH,160000,5000,4
TRX-250827-01162,2025-08-27,19:41:00,2025-08-27 19:41:00,2,Wednesday,8,0,1,normal,1.0,12000,CASH,15000,3000,3
TRX-250828-01163,2025-08-28,13:15:00,2025-08-28 13:15:00,3,Thursday,8,0,1,normal,1.0,4000,QRIS,4000,0,1
TRX-250828-01164,2025-08-28,07:11:00,2025-08-28 07:11:00,3,Thursday,8,0,1,normal,1.0,27000,CASH,30000,3000,2
TRX-250828-01165,2025-08-28,09:08:00,2025-08-28 09:08:00,3,Thursday,8,0,1,normal,1.0,116550,CASH,120000,3450,3
TRX-250828-01166,2025-08-28,07:27:00,2025-08-28 07:27:00,3,Thursday,8,0,1,normal,1.0,58000,TRANSFER,58000,0,3
TRX-250828-01167,2025-08-28,09:36:00,2025-08-28 09:36:00,3,Thursday,8,0,1,normal,1.0,66000,CASH,70000,4000,2
TRX-250828-01168,2025-08-28,15:07:00,2025-08-28 15:07:00,3,Thursday,8,0,1,normal,1.0,22000,CASH,25000,3000,3
TRX-250828-01169,2025-08-28,06:56:00,2025-08-28 06:56:00,3,Thursday,8,0,1,normal,1.0,15500,CASH,20000,4500,4
TRX-250828-01170,2025-08-28,18:09:00,2025-08-28 18:09:00,3,Thursday,8,0,1,normal,1.0,86000,CASH,90000,4000,4
TRX-250828-01171,2025-08-28,17:01:00,2025-08-28 17:01:00,3,Thursday,8,0,1,normal,1.0,72000,CASH,75000,3000,2
TRX-250828-01172,2025-08-28,20:32:00,2025-08-28 20:32:00,3,Thursday,8,0,1,normal,1.0,42000,CASH,45000,3000,4
TRX-250828-01173,2025-08-28,11:25:00,2025-08-28 11:25:00,3,Thursday,8,0,1,normal,1.0,69000,CASH,70000,1000,2
TRX-250828-01174,2025-08-28,13:31:00,2025-08-28 13:31:00,3,Thursday,8,0,1,normal,1.0,51000,CASH,55000,4000,2
TRX-250828-01175,2025-08-28,13:05:00,2025-08-28 13:05:00,3,Thursday,8,0,1,normal,1.0,163000,CASH,165000,2000,3
TRX-250828-01176,2025-08-28,11:15:00,2025-08-28 11:15:00,3,Thursday,8,0,1,normal,1.0,13000,CASH,15000,2000,3
TRX-250828-01177,2025-08-28,09:49:00,2025-08-28 09:49:00,3,Thursday,8,0,1,normal,1.0,72000,CASH,75000,3000,3
TRX-250828-01178,2025-08-28,10:38:00,2025-08-28 10:38:00,3,Thursday,8,0,1,normal,1.0,24000,CASH,25000,1000,4
TRX-250829-01179,2025-08-29,06:12:00,2025-08-29 06:12:00,4,Friday,8,0,1,normal,1.0,39000,QRIS,39000,0,4
TRX-250829-01180,2025-08-29,11:08:00,2025-08-29 11:08:00,4,Friday,8,0,1,normal,1.0,14000,CASH,15000,1000,2
TRX-250829-01181,2025-08-29,17:59:00,2025-08-29 17:59:00,4,Friday,8,0,1,normal,1.0,51000,CASH,55000,4000,3
TRX-250829-01182,2025-08-29,15:48:00,2025-08-29 15:48:00,4,Friday,8,0,1,normal,1.0,82000,CASH,85000,3000,2
TRX-250829-01183,2025-08-29,18:13:00,2025-08-29 18:13:00,4,Friday,8,0,1,normal,1.0,57500,CASH,60000,2500,3
TRX-250829-01184,2025-08-29,15:57:00,2025-08-29 15:57:00,4,Friday,8,0,1,normal,1.0,17000,CASH,20000,3000,2
TRX-250829-01185,2025-08-29,10:06:00,2025-08-29 10:06:00,4,Friday,8,0,1,normal,1.0,16100,QRIS,16100,0,3
TRX-250829-01186,2025-08-29,11:01:00,2025-08-29 11:01:00,4,Friday,8,0,1,normal,1.0,12000,CASH,15000,3000,2
TRX-250829-01187,2025-08-29,11:50:00,2025-08-29 11:50:00,4,Friday,8,0,1,normal,1.0,12000,CASH,15000,3000,2
TRX-250829-01188,2025-08-29,20:43:00,2025-08-29 20:43:00,4,Friday,8,0,1,normal,1.0,70500,CASH,75000,4500,5
TRX-250829-01189,2025-08-29,09:54:00,2025-08-29 09:54:00,4,Friday,8,0,1,normal,1.0,30950,CASH,35000,4050,3
TRX-250829-01190,2025-08-29,07:05:00,2025-08-29 07:05:00,4,Friday,8,0,1,normal,1.0,22000,CASH,25000,3000,2
TRX-250829-01191,2025-08-29,08:55:00,2025-08-29 08:55:00,4,Friday,8,0,1,normal,1.0,36000,CASH,40000,4000,1
TRX-250829-01192,2025-08-29,20:11:00,2025-08-29 20:11:00,4,Friday,8,0,1,normal,1.0,10500,CASH,15000,4500,2
TRX-250829-01193,2025-08-29,17:17:00,2025-08-29 17:17:00,4,Friday,8,0,1,normal,1.0,11350,CASH,15000,3650,4
TRX-250829-01194,2025-08-29,07:08:00,2025-08-29 07:08:00,4,Friday,8,0,1,normal,1.0,7500,CASH,10000,2500,2
TRX-250829-01195,2025-08-29,12:45:00,2025-08-29 12:45:00,4,Friday,8,0,1,normal,1.0,12000,CASH,15000,3000,1
TRX-250829-01196,2025-08-29,11:00:00,2025-08-29 11:00:00,4,Friday,8,0,1,normal,1.0,84000,QRIS,84000,0,2
TRX-250829-01197,2025-08-29,16:33:00,2025-08-29 16:33:00,4,Friday,8,0,1,normal,1.0,34000,CASH,35000,1000,2
TRX-250829-01198,2025-08-29,13:51:00,2025-08-29 13:51:00,4,Friday,8,0,1,normal,1.0,12000,EWALLET,12000,0,1
TRX-250829-01199,2025-08-29,19:24:00,2025-08-29 19:24:00,4,Friday,8,0,1,normal,1.0,11000,CASH,15000,4000,2
TRX-250829-01200,2025-08-29,18:50:00,2025-08-29 18:50:00,4,Friday,8,0,1,normal,1.0,20000,TRANSFER,20000,0,3
TRX-250829-01201,2025-08-29,09:03:00,2025-08-29 09:03:00,4,Friday,8,0,1,normal,1.0,54000,CASH,55000,1000,2
TRX-250829-01202,2025-08-29,18:04:00,2025-08-29 18:04:00,4,Friday,8,0,1,normal,1.0,19000,TRANSFER,19000,0,3
TRX-250829-01203,2025-08-29,21:09:00,2025-08-29 21:09:00,4,Friday,8,0,1,normal,1.0,84000,CASH,85000,1000,3
TRX-250829-01204,2025-08-29,11:51:00,2025-08-29 11:51:00,4,Friday,8,0,1,normal,1.0,13000,QRIS,13000,0,3
TRX-250829-01205,2025-08-29,19:24:00,2025-08-29 19:24:00,4,Friday,8,0,1,normal,1.0,15000,CASH,20000,5000,1
TRX-250829-01206,2025-08-29,09:39:00,2025-08-29 09:39:00,4,Friday,8,0,1,normal,1.0,51000,CASH,55000,4000,2
TRX-250830-01207,2025-08-30,14:16:00,2025-08-30 14:16:00,5,Saturday,8,1,1,normal,1.0,90000,QRIS,90000,0,5
TRX-250830-01208,2025-08-30,13:16:00,2025-08-30 13:16:00,5,Saturday,8,1,1,normal,1.0,104000,CASH,105000,1000,3
TRX-250830-01209,2025-08-30,15:57:00,2025-08-30 15:57:00,5,Saturday,8,1,1,normal,1.0,19000,CASH,20000,1000,2
TRX-250830-01210,2025-08-30,07:37:00,2025-08-30 07:37:00,5,Saturday,8,1,1,normal,1.0,13000,CASH,15000,2000,2
TRX-250830-01211,2025-08-30,19:59:00,2025-08-30 19:59:00,5,Saturday,8,1,1,normal,1.0,81000,CASH,85000,4000,1
TRX-250830-01212,2025-08-30,11:05:00,2025-08-30 11:05:00,5,Saturday,8,1,1,normal,1.0,19500,CASH,20000,500,2
TRX-250830-01213,2025-08-30,12:26:00,2025-08-30 12:26:00,5,Saturday,8,1,1,normal,1.0,17000,CASH,20000,3000,2
TRX-250830-01214,2025-08-30,15:25:00,2025-08-30 15:25:00,5,Saturday,8,1,1,normal,1.0,8000,QRIS,8000,0,1
TRX-250830-01215,2025-08-30,15:54:00,2025-08-30 15:54:00,5,Saturday,8,1,1,normal,1.0,3000,QRIS,3000,0,1
TRX-250830-01216,2025-08-30,13:05:00,2025-08-30 13:05:00,5,Saturday,8,1,1,normal,1.0,77000,CASH,80000,3000,5
TRX-250830-01217,2025-08-30,21:05:00,2025-08-30 21:05:00,5,Saturday,8,1,1,normal,1.0,20000,EWALLET,20000,0,5
TRX-250830-01218,2025-08-30,16:06:00,2025-08-30 16:06:00,5,Saturday,8,1,1,normal,1.0,8000,CASH,10000,2000,1
TRX-250830-01219,2025-08-30,13:28:00,2025-08-30 13:28:00,5,Saturday,8,1,1,normal,1.0,5000,CASH,10000,5000,2
TRX-250830-01220,2025-08-30,11:20:00,2025-08-30 11:20:00,5,Saturday,8,1,1,normal,1.0,16500,CASH,20000,3500,2
TRX-250830-01221,2025-08-30,08:46:00,2025-08-30 08:46:00,5,Saturday,8,1,1,normal,1.0,3000,CASH,5000,2000,1
TRX-250830-01222,2025-08-30,12:07:00,2025-08-30 12:07:00,5,Saturday,8,1,1,normal,1.0,70000,QRIS,70000,0,3
TRX-250830-01223,2025-08-30,18:24:00,2025-08-30 18:24:00,5,Saturday,8,1,1,normal,1.0,14000,CASH,15000,1000,2
TRX-250830-01224,2025-08-30,20:27:00,2025-08-30 20:27:00,5,Saturday,8,1,1,normal,1.0,21500,CASH,25000,3500,3
TRX-250830-01225,2025-08-30,07:08:00,2025-08-30 07:08:00,5,Saturday,8,1,1,normal,1.0,7000,TRANSFER,7000,0,2
TRX-250830-01226,2025-08-30,17:51:00,2025-08-30 17:51:00,5,Saturday,8,1,1,normal,1.0,17000,EWALLET,17000,0,3
TRX-250830-01227,2025-08-30,12:33:00,2025-08-30 12:33:00,5,Saturday,8,1,1,normal,1.0,13500,CASH,15000,1500,4
TRX-250830-01228,2025-08-30,17:30:00,2025-08-30 17:30:00,5,Saturday,8,1,1,normal,1.0,46000,TRANSFER,46000,0,4
TRX-250830-01229,2025-08-30,12:00:00,2025-08-30 12:00:00,5,Saturday,8,1,1,normal,1.0,27000,CASH,30000,3000,3
TRX-250830-01230,2025-08-30,12:32:00,2025-08-30 12:32:00,5,Saturday,8,1,1,normal,1.0,32000,CASH,35000,3000,2
TRX-250830-01231,2025-08-30,17:54:00,2025-08-30 17:54:00,5,Saturday,8,1,1,normal,1.0,84000,CASH,85000,1000,2
TRX-250831-01232,2025-08-31,20:01:00,2025-08-31 20:01:00,6,Sunday,8,1,1,normal,1.0,9000,CASH,10000,1000,1
TRX-250831-01233,2025-08-31,10:10:00,2025-08-31 10:10:00,6,Sunday,8,1,1,normal,1.0,46400,CASH,50000,3600,5
TRX-250831-01234,2025-08-31,09:48:00,2025-08-31 09:48:00,6,Sunday,8,1,1,normal,1.0,9000,QRIS,9000,0,2
TRX-250831-01235,2025-08-31,08:50:00,2025-08-31 08:50:00,6,Sunday,8,1,1,normal,1.0,6000,QRIS,6000,0,1
TRX-250831-01236,2025-08-31,06:58:00,2025-08-31 06:58:00,6,Sunday,8,1,1,normal,1.0,13500,CASH,15000,1500,3
TRX-250831-01237,2025-08-31,11:21:00,2025-08-31 11:21:00,6,Sunday,8,1,1,normal,1.0,7000,CASH,10000,3000,2
TRX-250831-01238,2025-08-31,16:47:00,2025-08-31 16:47:00,6,Sunday,8,1,1,normal,1.0,66000,CASH,70000,4000,2
TRX-250831-01239,2025-08-31,07:28:00,2025-08-31 07:28:00,6,Sunday,8,1,1,normal,1.0,35900,CASH,40000,4100,2
TRX-250831-01240,2025-08-31,18:05:00,2025-08-31 18:05:00,6,Sunday,8,1,1,normal,1.0,9000,CASH,10000,1000,1
TRX-250831-01241,2025-08-31,13:35:00,2025-08-31 13:35:00,6,Sunday,8,1,1,normal,1.0,92500,CASH,95000,2500,5
TRX-250831-01242,2025-08-31,09:21:00,2025-08-31 09:21:00,6,Sunday,8,1,1,normal,1.0,43300,CASH,45000,1700,4
TRX-250831-01243,2025-08-31,11:06:00,2025-08-31 11:06:00,6,Sunday,8,1,1,normal,1.0,37000,CASH,40000,3000,4
TRX-250831-01244,2025-08-31,18:34:00,2025-08-31 18:34:00,6,Sunday,8,1,1,normal,1.0,76900,QRIS,76900,0,2
TRX-250831-01245,2025-08-31,17:08:00,2025-08-31 17:08:00,6,Sunday,8,1,1,normal,1.0,1500,CASH,5000,3500,1
TRX-250831-01246,2025-08-31,13:23:00,2025-08-31 13:23:00,6,Sunday,8,1,1,normal,1.0,18000,TRANSFER,18000,0,2
TRX-250831-01247,2025-08-31,19:44:00,2025-08-31 19:44:00,6,Sunday,8,1,1,normal,1.0,108500,CASH,110000,1500,4
TRX-250831-01248,2025-08-31,17:12:00,2025-08-31 17:12:00,6,Sunday,8,1,1,normal,1.0,14000,CASH,15000,1000,2
TRX-250831-01249,2025-08-31,20:26:00,2025-08-31 20:26:00,6,Sunday,8,1,1,normal,1.0,19000,CASH,20000,1000,4
TRX-250831-01250,2025-08-31,08:42:00,2025-08-31 08:42:00,6,Sunday,8,1,1,normal,1.0,23000,CASH,25000,2000,2
TRX-250831-01251,2025-08-31,10:07:00,2025-08-31 10:07:00,6,Sunday,8,1,1,normal,1.0,30000,CASH,35000,5000,3
TRX-250831-01252,2025-08-31,11:26:00,2025-08-31 11:26:00,6,Sunday,8,1,1,normal,1.0,11000,CASH,15000,4000,2
TRX-250831-01253,2025-08-31,16:42:00,2025-08-31 16:42:00,6,Sunday,8,1,1,normal,1.0,5000,CASH,10000,5000,2
TRX-250831-01254,2025-08-31,07:29:00,2025-08-31 07:29:00,6,Sunday,8,1,1,normal,1.0,13000,CASH,15000,2000,3
TRX-250831-01255,2025-08-31,11:14:00,2025-08-31 11:14:00,6,Sunday,8,1,1,normal,1.0,28000,CASH,30000,2000,2
TRX-250831-01256,2025-08-31,06:15:00,2025-08-31 06:15:00,6,Sunday,8,1,1,normal,1.0,37000,CASH,40000,3000,3
TRX-250831-01257,2025-08-31,13:19:00,2025-08-31 13:19:00,6,Sunday,8,1,1,normal,1.0,106500,CASH,110000,3500,3
TRX-250831-01258,2025-08-31,18:33:00,2025-08-31 18:33:00,6,Sunday,8,1,1,normal,1.0,140000,CASH,145000,5000,5
TRX-250831-01259,2025-08-31,15:42:00,2025-08-31 15:42:00,6,Sunday,8,1,1,normal,1.0,64800,CASH,65000,200,4
TRX-250831-01260,2025-08-31,16:06:00,2025-08-31 16:06:00,6,Sunday,8,1,1,normal,1.0,27000,CASH,30000,3000,3
TRX-250831-01261,2025-08-31,10:13:00,2025-08-31 10:13:00,6,Sunday,8,1,1,normal,1.0,18000,TRANSFER,18000,0,2
TRX-250831-01262,2025-08-31,19:05:00,2025-08-31 19:05:00,6,Sunday,8,1,1,normal,1.0,21000,QRIS,21000,0,2
TRX-250831-01263,2025-08-31,07:44:00,2025-08-31 07:44:00,6,Sunday,8,1,1,normal,1.0,17000,CASH,20000,3000,2
TRX-250831-01264,2025-08-31,19:06:00,2025-08-31 19:06:00,6,Sunday,8,1,1,normal,1.0,8000,TRANSFER,8000,0,1
TRX-250831-01265,2025-08-31,11:22:00,2025-08-31 11:22:00,6,Sunday,8,1,1,normal,1.0,122000,CASH,125000,3000,4
TRX-250831-01266,2025-08-31,11:03:00,2025-08-31 11:03:00,6,Sunday,8,1,1,normal,1.0,16000,TRANSFER,16000,0,2
TRX-250831-01267,2025-08-31,16:09:00,2025-08-31 16:09:00,6,Sunday,8,1,1,normal,1.0,16000,CASH,20000,4000,3
TRX-250831-01268,2025-08-31,08:26:00,2025-08-31 08:26:00,6,Sunday,8,1,1,normal,1.0,8000,QRIS,8000,0,1
TRX-250901-01269,2025-09-01,14:57:00,2025-09-01 14:57:00,0,Monday,9,0,1,normal,1.0,77000,EWALLET,77000,0,5
TRX-250901-01270,2025-09-01,17:01:00,2025-09-01 17:01:00,0,Monday,9,0,1,normal,1.0,7000,CASH,10000,3000,2
TRX-250901-01271,2025-09-01,07:47:00,2025-09-01 07:47:00,0,Monday,9,0,1,normal,1.0,9000,TRANSFER,9000,0,3
TRX-250901-01272,2025-09-01,08:58:00,2025-09-01 08:58:00,0,Monday,9,0,1,normal,1.0,1000,CASH,5000,4000,1
TRX-250901-01273,2025-09-01,08:33:00,2025-09-01 08:33:00,0,Monday,9,0,1,normal,1.0,16000,CASH,20000,4000,3
TRX-250901-01274,2025-09-01,13:39:00,2025-09-01 13:39:00,0,Monday,9,0,1,normal,1.0,45000,CASH,50000,5000,2
TRX-250901-01275,2025-09-01,11:02:00,2025-09-01 11:02:00,0,Monday,9,0,1,normal,1.0,37000,CASH,40000,3000,2
TRX-250901-01276,2025-09-01,08:44:00,2025-09-01 08:44:00,0,Monday,9,0,1,normal,1.0,10500,QRIS,10500,0,2
TRX-250901-01277,2025-09-01,15:46:00,2025-09-01 15:46:00,0,Monday,9,0,1,normal,1.0,3000,CASH,5000,2000,1
TRX-250901-01278,2025-09-01,16:48:00,2025-09-01 16:48:00,0,Monday,9,0,1,normal,1.0,63000,CASH,65000,2000,2
TRX-250901-01279,2025-09-01,17:09:00,2025-09-01 17:09:00,0,Monday,9,0,1,normal,1.0,3000,QRIS,3000,0,2
TRX-250901-01280,2025-09-01,07:03:00,2025-09-01 07:03:00,0,Monday,9,0,1,normal,1.0,8000,CASH,10000,2000,1
TRX-250901-01281,2025-09-01,11:33:00,2025-09-01 11:33:00,0,Monday,9,0,1,normal,1.0,12000,CASH,15000,3000,2
TRX-250901-01282,2025-09-01,11:03:00,2025-09-01 11:03:00,0,Monday,9,0,1,normal,1.0,1000,CASH,5000,4000,1
TRX-250901-01283,2025-09-01,15:03:00,2025-09-01 15:03:00,0,Monday,9,0,1,normal,1.0,14000,CASH,15000,1000,2
TRX-250901-01284,2025-09-01,17:54:00,2025-09-01 17:54:00,0,Monday,9,0,1,normal,1.0,61000,CASH,65000,4000,5
TRX-250901-01285,2025-09-01,13:59:00,2025-09-01 13:59:00,0,Monday,9,0,1,normal,1.0,21000,CASH,25000,4000,2
TRX-250901-01286,2025-09-01,09:25:00,2025-09-01 09:25:00,0,Monday,9,0,1,normal,1.0,19000,CASH,20000,1000,3
TRX-250901-01287,2025-09-01,11:46:00,2025-09-01 11:46:00,0,Monday,9,0,1,normal,1.0,24500,CASH,25000,500,4
TRX-250901-01288,2025-09-01,19:11:00,2025-09-01 19:11:00,0,Monday,9,0,1,normal,1.0,72000,CASH,75000,3000,2
TRX-250901-01289,2025-09-01,06:05:00,2025-09-01 06:05:00,0,Monday,9,0,1,normal,1.0,6000,QRIS,6000,0,2
TRX-250901-01290,2025-09-01,06:14:00,2025-09-01 06:14:00,0,Monday,9,0,1,normal,1.0,152000,CASH,155000,3000,3
TRX-250901-01291,2025-09-01,16:02:00,2025-09-01 16:02:00,0,Monday,9,0,1,normal,1.0,21000,CASH,25000,4000,2
TRX-250901-01292,2025-09-01,09:33:00,2025-09-01 09:33:00,0,Monday,9,0,1,normal,1.0,19000,CASH,20000,1000,2
TRX-250901-01293,2025-09-01,15:33:00,2025-09-01 15:33:00,0,Monday,9,0,1,normal,1.0,18000,CASH,20000,2000,2
TRX-250901-01294,2025-09-01,13:08:00,2025-09-01 13:08:00,0,Monday,9,0,1,normal,1.0,32000,QRIS,32000,0,2
TRX-250901-01295,2025-09-01,15:32:00,2025-09-01 15:32:00,0,Monday,9,0,1,normal,1.0,10500,CASH,15000,4500,2
TRX-250901-01296,2025-09-01,14:00:00,2025-09-01 14:00:00,0,Monday,9,0,1,normal,1.0,14250,QRIS,14250,0,1
TRX-250901-01297,2025-09-01,11:26:00,2025-09-01 11:26:00,0,Monday,9,0,1,normal,1.0,12000,CASH,15000,3000,1
TRX-250901-01298,2025-09-01,11:30:00,2025-09-01 11:30:00,0,Monday,9,0,1,normal,1.0,66000,CASH,70000,4000,3
TRX-250902-01299,2025-09-02,11:56:00,2025-09-02 11:56:00,1,Tuesday,9,0,1,normal,1.0,4000,CASH,5000,1000,1
TRX-250902-01300,2025-09-02,17:18:00,2025-09-02 17:18:00,1,Tuesday,9,0,1,normal,1.0,8000,CASH,10000,2000,1
TRX-250902-01301,2025-09-02,07:08:00,2025-09-02 07:08:00,1,Tuesday,9,0,1,normal,1.0,46500,CASH,50000,3500,4
TRX-250902-01302,2025-09-02,18:18:00,2025-09-02 18:18:00,1,Tuesday,9,0,1,normal,1.0,27000,TRANSFER,27000,0,1
TRX-250902-01303,2025-09-02,06:50:00,2025-09-02 06:50:00,1,Tuesday,9,0,1,normal,1.0,4700,CASH,5000,300,2
TRX-250902-01304,2025-09-02,12:54:00,2025-09-02 12:54:00,1,Tuesday,9,0,1,normal,1.0,54000,CASH,55000,1000,1
TRX-250902-01305,2025-09-02,10:24:00,2025-09-02 10:24:00,1,Tuesday,9,0,1,normal,1.0,3000,QRIS,3000,0,2
TRX-250902-01306,2025-09-02,10:11:00,2025-09-02 10:11:00,1,Tuesday,9,0,1,normal,1.0,57000,CASH,60000,3000,4
TRX-250902-01307,2025-09-02,14:16:00,2025-09-02 14:16:00,1,Tuesday,9,0,1,normal,1.0,18000,CASH,20000,2000,2
TRX-250902-01308,2025-09-02,11:15:00,2025-09-02 11:15:00,1,Tuesday,9,0,1,normal,1.0,92400,QRIS,92400,0,2
TRX-250902-01309,2025-09-02,08:06:00,2025-09-02 08:06:00,1,Tuesday,9,0,1,normal,1.0,50000,CASH,55000,5000,3
TRX-250902-01310,2025-09-02,06:28:00,2025-09-02 06:28:00,1,Tuesday,9,0,1,normal,1.0,87000,CASH,90000,3000,5
TRX-250902-01311,2025-09-02,21:29:00,2025-09-02 21:29:00,1,Tuesday,9,0,1,normal,1.0,81000,CASH,85000,4000,1
TRX-250902-01312,2025-09-02,16:36:00,2025-09-02 16:36:00,1,Tuesday,9,0,1,normal,1.0,14000,CASH,15000,1000,2
TRX-250902-01313,2025-09-02,09:11:00,2025-09-02 09:11:00,1,Tuesday,9,0,1,normal,1.0,16000,QRIS,16000,0,3
TRX-250902-01314,2025-09-02,06:35:00,2025-09-02 06:35:00,1,Tuesday,9,0,1,normal,1.0,16500,QRIS,16500,0,2
TRX-250902-01315,2025-09-02,14:46:00,2025-09-02 14:46:00,1,Tuesday,9,0,1,normal,1.0,18000,CASH,20000,2000,2
TRX-250902-01316,2025-09-02,16:35:00,2025-09-02 16:35:00,1,Tuesday,9,0,1,normal,1.0,21000,EWALLET,21000,0,3
TRX-250902-01317,2025-09-02,14:54:00,2025-09-02 14:54:00,1,Tuesday,9,0,1,normal,1.0,90000,CASH,95000,5000,4
TRX-250902-01318,2025-09-02,18:06:00,2025-09-02 18:06:00,1,Tuesday,9,0,1,normal,1.0,48000,CASH,50000,2000,3
TRX-250902-01319,2025-09-02,14:15:00,2025-09-02 14:15:00,1,Tuesday,9,0,1,normal,1.0,8000,QRIS,8000,0,2
TRX-250902-01320,2025-09-02,06:42:00,2025-09-02 06:42:00,1,Tuesday,9,0,1,normal,1.0,75000,CASH,80000,5000,3
TRX-250902-01321,2025-09-02,11:52:00,2025-09-02 11:52:00,1,Tuesday,9,0,1,normal,1.0,114000,CASH,115000,1000,4
TRX-250902-01322,2025-09-02,18:28:00,2025-09-02 18:28:00,1,Tuesday,9,0,1,normal,1.0,33000,CASH,35000,2000,3
TRX-250902-01323,2025-09-02,20:56:00,2025-09-02 20:56:00,1,Tuesday,9,0,1,normal,1.0,9000,QRIS,9000,0,1
TRX-250902-01324,2025-09-02,11:35:00,2025-09-02 11:35:00,1,Tuesday,9,0,1,normal,1.0,24000,CASH,25000,1000,4
TRX-250902-01325,2025-09-02,14:04:00,2025-09-02 14:04:00,1,Tuesday,9,0,1,normal,1.0,30000,CASH,35000,5000,4
TRX-250902-01326,2025-09-02,21:58:00,2025-09-02 21:58:00,1,Tuesday,9,0,1,normal,1.0,5000,CASH,10000,5000,2
TRX-250902-01327,2025-09-02,16:08:00,2025-09-02 16:08:00,1,Tuesday,9,0,1,normal,1.0,96000,CASH,100000,4000,2
TRX-250902-01328,2025-09-02,11:37:00,2025-09-02 11:37:00,1,Tuesday,9,0,1,normal,1.0,1500,QRIS,1500,0,1
TRX-250902-01329,2025-09-02,12:32:00,2025-09-02 12:32:00,1,Tuesday,9,0,1,normal,1.0,2000,CASH,5000,3000,1
TRX-250902-01330,2025-09-02,12:43:00,2025-09-02 12:43:00,1,Tuesday,9,0,1,normal,1.0,7500,CASH,10000,2500,2
TRX-250903-01331,2025-09-03,08:53:00,2025-09-03 08:53:00,2,Wednesday,9,0,1,normal,1.0,8000,QRIS,8000,0,2
TRX-250903-01332,2025-09-03,19:26:00,2025-09-03 19:26:00,2,Wednesday,9,0,1,normal,1.0,96000,CASH,100000,4000,2
TRX-250903-01333,2025-09-03,18:55:00,2025-09-03 18:55:00,2,Wednesday,9,0,1,normal,1.0,100000,EWALLET,100000,0,4
TRX-250903-01334,2025-09-03,16:25:00,2025-09-03 16:25:00,2,Wednesday,9,0,1,normal,1.0,27000,CASH,30000,3000,3
TRX-250903-01335,2025-09-03,11:00:00,2025-09-03 11:00:00,2,Wednesday,9,0,1,normal,1.0,39000,CASH,40000,1000,2
TRX-250903-01336,2025-09-03,12:55:00,2025-09-03 12:55:00,2,Wednesday,9,0,1,normal,1.0,42000,TRANSFER,42000,0,3
TRX-250903-01337,2025-09-03,08:36:00,2025-09-03 08:36:00,2,Wednesday,9,0,1,normal,1.0,81000,EWALLET,81000,0,1
TRX-250903-01338,2025-09-03,14:34:00,2025-09-03 14:34:00,2,Wednesday,9,0,1,normal,1.0,18800,CASH,20000,1200,3
TRX-250903-01339,2025-09-03,16:14:00,2025-09-03 16:14:00,2,Wednesday,9,0,1,normal,1.0,79000,CASH,80000,1000,3
TRX-250903-01340,2025-09-03,13:40:00,2025-09-03 13:40:00,2,Wednesday,9,0,1,normal,1.0,9000,CASH,10000,1000,1
TRX-250903-01341,2025-09-03,20:48:00,2025-09-03 20:48:00,2,Wednesday,9,0,1,normal,1.0,47000,CASH,50000,3000,4
TRX-250903-01342,2025-09-03,20:04:00,2025-09-03 20:04:00,2,Wednesday,9,0,1,normal,1.0,30500,CASH,35000,4500,3
TRX-250903-01343,2025-09-03,18:08:00,2025-09-03 18:08:00,2,Wednesday,9,0,1,normal,1.0,17700,CASH,20000,2300,2
TRX-250903-01344,2025-09-03,09:40:00,2025-09-03 09:40:00,2,Wednesday,9,0,1,normal,1.0,70250,QRIS,70250,0,4
TRX-250903-01345,2025-09-03,14:49:00,2025-09-03 14:49:00,2,Wednesday,9,0,1,normal,1.0,15000,CASH,20000,5000,3
TRX-250903-01346,2025-09-03,10:08:00,2025-09-03 10:08:00,2,Wednesday,9,0,1,normal,1.0,17000,QRIS,17000,0,2
TRX-250903-01347,2025-09-03,15:06:00,2025-09-03 15:06:00,2,Wednesday,9,0,1,normal,1.0,12000,CASH,15000,3000,2
TRX-250904-01348,2025-09-04,19:21:00,2025-09-04 19:21:00,3,Thursday,9,0,1,normal,1.0,7500,TRANSFER,7500,0,2
TRX-250904-01349,2025-09-04,16:06:00,2025-09-04 16:06:00,3,Thursday,9,0,1,normal,1.0,6000,CASH,10000,4000,2
TRX-250904-01350,2025-09-04,10:24:00,2025-09-04 10:24:00,3,Thursday,9,0,1,normal,1.0,80000,QRIS,80000,0,5
TRX-250904-01351,2025-09-04,13:03:00,2025-09-04 13:03:00,3,Thursday,9,0,1,normal,1.0,8000,CASH,10000,2000,2
TRX-250904-01352,2025-09-04,08:18:00,2025-09-04 08:18:00,3,Thursday,9,0,1,normal,1.0,10000,CASH,15000,5000,1
TRX-250904-01353,2025-09-04,19:52:00,2025-09-04 19:52:00,3,Thursday,9,0,1,normal,1.0,46275,CASH,50000,3725,2
TRX-250904-01354,2025-09-04,10:54:00,2025-09-04 10:54:00,3,Thursday,9,0,1,normal,1.0,2000,QRIS,2000,0,1
TRX-250904-01355,2025-09-04,08:49:00,2025-09-04 08:49:00,3,Thursday,9,0,1,normal,1.0,10500,TRANSFER,10500,0,2
TRX-250904-01356,2025-09-04,17:08:00,2025-09-04 17:08:00,3,Thursday,9,0,1,normal,1.0,162000,CASH,165000,3000,4
TRX-250904-01357,2025-09-04,20:55:00,2025-09-04 20:55:00,3,Thursday,9,0,1,normal,1.0,13500,CASH,15000,1500,4
TRX-250904-01358,2025-09-04,15:23:00,2025-09-04 15:23:00,3,Thursday,9,0,1,normal,1.0,92000,CASH,95000,3000,4
TRX-250904-01359,2025-09-04,19:02:00,2025-09-04 19:02:00,3,Thursday,9,0,1,normal,1.0,24000,CASH,25000,1000,2
TRX-250904-01360,2025-09-04,18:52:00,2025-09-04 18:52:00,3,Thursday,9,0,1,normal,1.0,4000,CASH,5000,1000,1
TRX-250904-01361,2025-09-04,13:33:00,2025-09-04 13:33:00,3,Thursday,9,0,1,normal,1.0,120000,CASH,125000,5000,2
TRX-250904-01362,2025-09-04,12:37:00,2025-09-04 12:37:00,3,Thursday,9,0,1,normal,1.0,75000,CASH,80000,5000,3
TRX-250904-01363,2025-09-04,12:47:00,2025-09-04 12:47:00,3,Thursday,9,0,1,normal,1.0,9000,CASH,10000,1000,1
TRX-250904-01364,2025-09-04,11:13:00,2025-09-04 11:13:00,3,Thursday,9,0,1,normal,1.0,64000,CASH,65000,1000,4
TRX-250904-01365,2025-09-04,07:47:00,2025-09-04 07:47:00,3,Thursday,9,0,1,normal,1.0,6000,CASH,10000,4000,1
TRX-250904-01366,2025-09-04,17:29:00,2025-09-04 17:29:00,3,Thursday,9,0,1,normal,1.0,82000,CASH,85000,3000,2
TRX-250904-01367,2025-09-04,11:29:00,2025-09-04 11:29:00,3,Thursday,9,0,1,normal,1.0,14000,CASH,15000,1000,2
TRX-250904-01368,2025-09-04,11:39:00,2025-09-04 11:39:00,3,Thursday,9,0,1,normal,1.0,3000,QRIS,3000,0,1
TRX-250904-01369,2025-09-04,16:15:00,2025-09-04 16:15:00,3,Thursday,9,0,1,normal,1.0,33000,CASH,35000,2000,3
TRX-250904-01370,2025-09-04,17:59:00,2025-09-04 17:59:00,3,Thursday,9,0,1,normal,1.0,24000,CASH,25000,1000,3
TRX-250904-01371,2025-09-04,09:06:00,2025-09-04 09:06:00,3,Thursday,9,0,1,normal,1.0,29000,CASH,30000,1000,3
TRX-250905-01372,2025-09-05,15:57:00,2025-09-05 15:57:00,4,Friday,9,0,1,normal,1.0,15000,CASH,20000,5000,3
TRX-250905-01373,2025-09-05,10:01:00,2025-09-05 10:01:00,4,Friday,9,0,1,normal,1.0,13000,QRIS,13000,0,2
TRX-250905-01374,2025-09-05,18:55:00,2025-09-05 18:55:00,4,Friday,9,0,1,normal,1.0,96000,CASH,100000,4000,3
TRX-250905-01375,2025-09-05,10:45:00,2025-09-05 10:45:00,4,Friday,9,0,1,normal,1.0,132000,CASH,135000,3000,4
TRX-250905-01376,2025-09-05,14:11:00,2025-09-05 14:11:00,4,Friday,9,0,1,normal,1.0,18000,QRIS,18000,0,1
TRX-250905-01377,2025-09-05,16:29:00,2025-09-05 16:29:00,4,Friday,9,0,1,normal,1.0,59000,CASH,60000,1000,3
TRX-250905-01378,2025-09-05,12:03:00,2025-09-05 12:03:00,4,Friday,9,0,1,normal,1.0,65000,CASH,70000,5000,3
TRX-250905-01379,2025-09-05,11:29:00,2025-09-05 11:29:00,4,Friday,9,0,1,normal,1.0,1000,CASH,5000,4000,1
TRX-250905-01380,2025-09-05,19:55:00,2025-09-05 19:55:00,4,Friday,9,0,1,normal,1.0,1000,CASH,5000,4000,1
TRX-250905-01381,2025-09-05,20:47:00,2025-09-05 20:47:00,4,Friday,9,0,1,normal,1.0,35000,CASH,40000,5000,2
TRX-250905-01382,2025-09-05,09:00:00,2025-09-05 09:00:00,4,Friday,9,0,1,normal,1.0,48000,CASH,50000,2000,3
TRX-250905-01383,2025-09-05,09:55:00,2025-09-05 09:55:00,4,Friday,9,0,1,normal,1.0,19500,CASH,20000,500,2
TRX-250905-01384,2025-09-05,08:25:00,2025-09-05 08:25:00,4,Friday,9,0,1,normal,1.0,28500,CASH,30000,1500,1
TRX-250905-01385,2025-09-05,17:42:00,2025-09-05 17:42:00,4,Friday,9,0,1,normal,1.0,95000,TRANSFER,95000,0,3
TRX-250905-01386,2025-09-05,06:11:00,2025-09-05 06:11:00,4,Friday,9,0,1,normal,1.0,7000,QRIS,7000,0,2
TRX-250905-01387,2025-09-05,10:50:00,2025-09-05 10:50:00,4,Friday,9,0,1,normal,1.0,43650,QRIS,43650,0,3
TRX-250905-01388,2025-09-05,09:54:00,2025-09-05 09:54:00,4,Friday,9,0,1,normal,1.0,46500,QRIS,46500,0,2
TRX-250905-01389,2025-09-05,10:42:00,2025-09-05 10:42:00,4,Friday,9,0,1,normal,1.0,20000,QRIS,20000,0,3
TRX-250905-01390,2025-09-05,14:34:00,2025-09-05 14:34:00,4,Friday,9,0,1,normal,1.0,31000,CASH,35000,4000,2
TRX-250905-01391,2025-09-05,07:30:00,2025-09-05 07:30:00,4,Friday,9,0,1,normal,1.0,27000,CASH,30000,3000,4
TRX-250905-01392,2025-09-05,08:18:00,2025-09-05 08:18:00,4,Friday,9,0,1,normal,1.0,17150,TRANSFER,17150,0,3
TRX-250905-01393,2025-09-05,10:07:00,2025-09-05 10:07:00,4,Friday,9,0,1,normal,1.0,15000,TRANSFER,15000,0,1
TRX-250905-01394,2025-09-05,17:28:00,2025-09-05 17:28:00,4,Friday,9,0,1,normal,1.0,17000,CASH,20000,3000,2
TRX-250905-01395,2025-09-05,12:11:00,2025-09-05 12:11:00,4,Friday,9,0,1,normal,1.0,14000,CASH,15000,1000,4
TRX-250906-01396,2025-09-06,10:28:00,2025-09-06 10:28:00,5,Saturday,9,1,0,normal,1.0,8000,CASH,10000,2000,2
TRX-250906-01397,2025-09-06,16:28:00,2025-09-06 16:28:00,5,Saturday,9,1,0,normal,1.0,2000,QRIS,2000,0,1
TRX-250906-01398,2025-09-06,07:05:00,2025-09-06 07:05:00,5,Saturday,9,1,0,normal,1.0,19350,CASH,20000,650,2
TRX-250906-01399,2025-09-06,11:33:00,2025-09-06 11:33:00,5,Saturday,9,1,0,normal,1.0,25000,CASH,30000,5000,4
TRX-250906-01400,2025-09-06,10:35:00,2025-09-06 10:35:00,5,Saturday,9,1,0,normal,1.0,9000,CASH,10000,1000,1
TRX-250906-01401,2025-09-06,12:52:00,2025-09-06 12:52:00,5,Saturday,9,1,0,normal,1.0,16500,CASH,20000,3500,4
TRX-250906-01402,2025-09-06,10:26:00,2025-09-06 10:26:00,5,Saturday,9,1,0,normal,1.0,13000,CASH,15000,2000,2
TRX-250906-01403,2025-09-06,16:07:00,2025-09-06 16:07:00,5,Saturday,9,1,0,normal,1.0,51000,CASH,55000,4000,3
TRX-250906-01404,2025-09-06,11:42:00,2025-09-06 11:42:00,5,Saturday,9,1,0,normal,1.0,42000,QRIS,42000,0,5
TRX-250906-01405,2025-09-06,15:43:00,2025-09-06 15:43:00,5,Saturday,9,1,0,normal,1.0,9000,CASH,10000,1000,1
TRX-250906-01406,2025-09-06,19:06:00,2025-09-06 19:06:00,5,Saturday,9,1,0,normal,1.0,3000,TRANSFER,3000,0,1
TRX-250906-01407,2025-09-06,10:53:00,2025-09-06 10:53:00,5,Saturday,9,1,0,normal,1.0,21000,CASH,25000,4000,2
TRX-250906-01408,2025-09-06,19:39:00,2025-09-06 19:39:00,5,Saturday,9,1,0,normal,1.0,90500,TRANSFER,90500,0,2
TRX-250906-01409,2025-09-06,07:29:00,2025-09-06 07:29:00,5,Saturday,9,1,0,normal,1.0,6000,TRANSFER,6000,0,1
TRX-250906-01410,2025-09-06,12:53:00,2025-09-06 12:53:00,5,Saturday,9,1,0,normal,1.0,82500,QRIS,82500,0,2
TRX-250906-01411,2025-09-06,20:51:00,2025-09-06 20:51:00,5,Saturday,9,1,0,normal,1.0,9000,CASH,10000,1000,1
TRX-250906-01412,2025-09-06,13:49:00,2025-09-06 13:49:00,5,Saturday,9,1,0,normal,1.0,21000,CASH,25000,4000,3
TRX-250906-01413,2025-09-06,07:52:00,2025-09-06 07:52:00,5,Saturday,9,1,0,normal,1.0,43000,CASH,45000,2000,4
TRX-250906-01414,2025-09-06,13:28:00,2025-09-06 13:28:00,5,Saturday,9,1,0,normal,1.0,147000,CASH,150000,3000,4
TRX-250906-01415,2025-09-06,16:59:00,2025-09-06 16:59:00,5,Saturday,9,1,0,normal,1.0,34000,CASH,35000,1000,2
TRX-250906-01416,2025-09-06,09:46:00,2025-09-06 09:46:00,5,Saturday,9,1,0,normal,1.0,42500,CASH,45000,2500,4
TRX-250906-01417,2025-09-06,12:31:00,2025-09-06 12:31:00,5,Saturday,9,1,0,normal,1.0,73000,CASH,75000,2000,4
TRX-250906-01418,2025-09-06,16:11:00,2025-09-06 16:11:00,5,Saturday,9,1,0,normal,1.0,38000,CASH,40000,2000,2
TRX-250906-01419,2025-09-06,17:59:00,2025-09-06 17:59:00,5,Saturday,9,1,0,normal,1.0,29000,CASH,30000,1000,3
TRX-250907-01420,2025-09-07,15:17:00,2025-09-07 15:17:00,6,Sunday,9,1,0,normal,1.0,20000,QRIS,20000,0,3
TRX-250907-01421,2025-09-07,09:16:00,2025-09-07 09:16:00,6,Sunday,9,1,0,normal,1.0,16000,CASH,20000,4000,2
TRX-250907-01422,2025-09-07,08:04:00,2025-09-07 08:04:00,6,Sunday,9,1,0,normal,1.0,19000,QRIS,19000,0,2
TRX-250907-01423,2025-09-07,18:52:00,2025-09-07 18:52:00,6,Sunday,9,1,0,normal,1.0,39000,QRIS,39000,0,3
TRX-250907-01424,2025-09-07,11:53:00,2025-09-07 11:53:00,6,Sunday,9,1,0,normal,1.0,27000,QRIS,27000,0,3
TRX-250907-01425,2025-09-07,16:17:00,2025-09-07 16:17:00,6,Sunday,9,1,0,normal,1.0,27000,CASH,30000,3000,1
TRX-250907-01426,2025-09-07,13:58:00,2025-09-07 13:58:00,6,Sunday,9,1,0,normal,1.0,54700,CASH,55000,300,5
TRX-250907-01427,2025-09-07,21:50:00,2025-09-07 21:50:00,6,Sunday,9,1,0,normal,1.0,10000,CASH,15000,5000,2
TRX-250907-01428,2025-09-07,15:58:00,2025-09-07 15:58:00,6,Sunday,9,1,0,normal,1.0,29000,CASH,30000,1000,2
TRX-250907-01429,2025-09-07,19:05:00,2025-09-07 19:05:00,6,Sunday,9,1,0,normal,1.0,15000,QRIS,15000,0,2
TRX-250907-01430,2025-09-07,09:54:00,2025-09-07 09:54:00,6,Sunday,9,1,0,normal,1.0,52500,CASH,55000,2500,3
TRX-250907-01431,2025-09-07,18:34:00,2025-09-07 18:34:00,6,Sunday,9,1,0,normal,1.0,102000,EWALLET,102000,0,3
TRX-250907-01432,2025-09-07,06:01:00,2025-09-07 06:01:00,6,Sunday,9,1,0,normal,1.0,46000,CASH,50000,4000,3
TRX-250907-01433,2025-09-07,17:47:00,2025-09-07 17:47:00,6,Sunday,9,1,0,normal,1.0,29000,CASH,30000,1000,3
TRX-250907-01434,2025-09-07,12:34:00,2025-09-07 12:34:00,6,Sunday,9,1,0,normal,1.0,29000,CASH,30000,1000,3
TRX-250907-01435,2025-09-07,18:56:00,2025-09-07 18:56:00,6,Sunday,9,1,0,normal,1.0,18000,QRIS,18000,0,2
TRX-250907-01436,2025-09-07,15:22:00,2025-09-07 15:22:00,6,Sunday,9,1,0,normal,1.0,44000,CASH,45000,1000,2
TRX-250907-01437,2025-09-07,20:51:00,2025-09-07 20:51:00,6,Sunday,9,1,0,normal,1.0,4500,CASH,5000,500,2
TRX-250907-01438,2025-09-07,07:05:00,2025-09-07 07:05:00,6,Sunday,9,1,0,normal,1.0,90000,CASH,95000,5000,2
TRX-250907-01439,2025-09-07,13:24:00,2025-09-07 13:24:00,6,Sunday,9,1,0,normal,1.0,151000,EWALLET,151000,0,5
TRX-250907-01440,2025-09-07,19:17:00,2025-09-07 19:17:00,6,Sunday,9,1,0,normal,1.0,6000,CASH,10000,4000,2
TRX-250907-01441,2025-09-07,19:03:00,2025-09-07 19:03:00,6,Sunday,9,1,0,normal,1.0,53000,QRIS,53000,0,2
TRX-250908-01442,2025-09-08,13:22:00,2025-09-08 13:22:00,0,Monday,9,0,0,normal,1.0,64550,CASH,65000,450,5
TRX-250908-01443,2025-09-08,16:18:00,2025-09-08 16:18:00,0,Monday,9,0,0,normal,1.0,11000,QRIS,11000,0,3
TRX-250908-01444,2025-09-08,15:47:00,2025-09-08 15:47:00,0,Monday,9,0,0,normal,1.0,47500,EWALLET,47500,0,3
TRX-250908-01445,2025-09-08,16:10:00,2025-09-08 16:10:00,0,Monday,9,0,0,normal,1.0,20500,CASH,25000,4500,2
TRX-250908-01446,2025-09-08,17:41:00,2025-09-08 17:41:00,0,Monday,9,0,0,normal,1.0,28000,EWALLET,28000,0,2
TRX-250908-01447,2025-09-08,12:50:00,2025-09-08 12:50:00,0,Monday,9,0,0,normal,1.0,53000,CASH,55000,2000,5
TRX-250908-01448,2025-09-08,13:32:00,2025-09-08 13:32:00,0,Monday,9,0,0,normal,1.0,37000,TRANSFER,37000,0,5
TRX-250908-01449,2025-09-08,14:00:00,2025-09-08 14:00:00,0,Monday,9,0,0,normal,1.0,81000,CASH,85000,4000,3
TRX-250908-01450,2025-09-08,14:24:00,2025-09-08 14:24:00,0,Monday,9,0,0,normal,1.0,120000,CASH,125000,5000,4
TRX-250908-01451,2025-09-08,10:28:00,2025-09-08 10:28:00,0,Monday,9,0,0,normal,1.0,25000,QRIS,25000,0,2
TRX-250908-01452,2025-09-08,09:08:00,2025-09-08 09:08:00,0,Monday,9,0,0,normal,1.0,87000,CASH,90000,3000,5
TRX-250908-01453,2025-09-08,13:32:00,2025-09-08 13:32:00,0,Monday,9,0,0,normal,1.0,68700,CASH,70000,1300,5
TRX-250908-01454,2025-09-08,16:35:00,2025-09-08 16:35:00,0,Monday,9,0,0,normal,1.0,109000,CASH,110000,1000,5
TRX-250908-01455,2025-09-08,17:50:00,2025-09-08 17:50:00,0,Monday,9,0,0,normal,1.0,11000,QRIS,11000,0,2
TRX-250908-01456,2025-09-08,15:53:00,2025-09-08 15:53:00,0,Monday,9,0,0,normal,1.0,249600,EWALLET,249600,0,3
TRX-250908-01457,2025-09-08,15:28:00,2025-09-08 15:28:00,0,Monday,9,0,0,normal,1.0,45000,QRIS,45000,0,4
TRX-250908-01458,2025-09-08,16:57:00,2025-09-08 16:57:00,0,Monday,9,0,0,normal,1.0,73900,CASH,75000,1100,4
TRX-250909-01459,2025-09-09,11:09:00,2025-09-09 11:09:00,1,Tuesday,9,0,0,normal,1.0,57000,CASH,60000,3000,2
TRX-250909-01460,2025-09-09,12:35:00,2025-09-09 12:35:00,1,Tuesday,9,0,0,normal,1.0,92550,CASH,95000,2450,3
TRX-250909-01461,2025-09-09,18:36:00,2025-09-09 18:36:00,1,Tuesday,9,0,0,normal,1.0,33000,CASH,35000,2000,2
TRX-250909-01462,2025-09-09,21:29:00,2025-09-09 21:29:00,1,Tuesday,9,0,0,normal,1.0,75000,CASH,80000,5000,4
TRX-250909-01463,2025-09-09,13:21:00,2025-09-09 13:21:00,1,Tuesday,9,0,0,normal,1.0,30500,CASH,35000,4500,3
TRX-250909-01464,2025-09-09,14:51:00,2025-09-09 14:51:00,1,Tuesday,9,0,0,normal,1.0,60000,TRANSFER,60000,0,3
TRX-250909-01465,2025-09-09,12:51:00,2025-09-09 12:51:00,1,Tuesday,9,0,0,normal,1.0,49000,CASH,50000,1000,3
TRX-250909-01466,2025-09-09,07:27:00,2025-09-09 07:27:00,1,Tuesday,9,0,0,normal,1.0,16000,CASH,20000,4000,3
TRX-250909-01467,2025-09-09,19:57:00,2025-09-09 19:57:00,1,Tuesday,9,0,0,normal,1.0,70000,CASH,75000,5000,2
TRX-250909-01468,2025-09-09,13:58:00,2025-09-09 13:58:00,1,Tuesday,9,0,0,normal,1.0,66000,CASH,70000,4000,3
TRX-250909-01469,2025-09-09,17:15:00,2025-09-09 17:15:00,1,Tuesday,9,0,0,normal,1.0,9000,CASH,10000,1000,1
TRX-250909-01470,2025-09-09,19:49:00,2025-09-09 19:49:00,1,Tuesday,9,0,0,normal,1.0,91500,CASH,95000,3500,2
TRX-250909-01471,2025-09-09,15:00:00,2025-09-09 15:00:00,1,Tuesday,9,0,0,normal,1.0,15000,QRIS,15000,0,3
TRX-250909-01472,2025-09-09,18:50:00,2025-09-09 18:50:00,1,Tuesday,9,0,0,normal,1.0,11000,CASH,15000,4000,2
TRX-250909-01473,2025-09-09,06:30:00,2025-09-09 06:30:00,1,Tuesday,9,0,0,normal,1.0,36000,CASH,40000,4000,2
TRX-250909-01474,2025-09-09,11:51:00,2025-09-09 11:51:00,1,Tuesday,9,0,0,normal,1.0,61000,CASH,65000,4000,3
TRX-250909-01475,2025-09-09,08:53:00,2025-09-09 08:53:00,1,Tuesday,9,0,0,normal,1.0,8500,CASH,10000,1500,3
TRX-250909-01476,2025-09-09,08:16:00,2025-09-09 08:16:00,1,Tuesday,9,0,0,normal,1.0,7000,CASH,10000,3000,2
TRX-250910-01477,2025-09-10,17:23:00,2025-09-10 17:23:00,2,Wednesday,9,0,0,normal,1.0,113000,CASH,115000,2000,2
TRX-250910-01478,2025-09-10,10:34:00,2025-09-10 10:34:00,2,Wednesday,9,0,0,normal,1.0,4000,CASH,5000,1000,2
TRX-250910-01479,2025-09-10,14:12:00,2025-09-10 14:12:00,2,Wednesday,9,0,0,normal,1.0,14600,TRANSFER,14600,0,3
TRX-250910-01480,2025-09-10,07:52:00,2025-09-10 07:52:00,2,Wednesday,9,0,0,normal,1.0,30000,CASH,35000,5000,2
TRX-250910-01481,2025-09-10,10:11:00,2025-09-10 10:11:00,2,Wednesday,9,0,0,normal,1.0,91800,TRANSFER,91800,0,3
TRX-250910-01482,2025-09-10,19:06:00,2025-09-10 19:06:00,2,Wednesday,9,0,0,normal,1.0,13500,CASH,15000,1500,5
TRX-250910-01483,2025-09-10,19:20:00,2025-09-10 19:20:00,2,Wednesday,9,0,0,normal,1.0,60000,CASH,65000,5000,4
TRX-250910-01484,2025-09-10,09:26:00,2025-09-10 09:26:00,2,Wednesday,9,0,0,normal,1.0,91000,QRIS,91000,0,4
TRX-250910-01485,2025-09-10,11:28:00,2025-09-10 11:28:00,2,Wednesday,9,0,0,normal,1.0,4000,QRIS,4000,0,2
TRX-250910-01486,2025-09-10,19:45:00,2025-09-10 19:45:00,2,Wednesday,9,0,0,normal,1.0,58200,CASH,60000,1800,2
TRX-250910-01487,2025-09-10,10:19:00,2025-09-10 10:19:00,2,Wednesday,9,0,0,normal,1.0,244000,CASH,245000,1000,3
TRX-250910-01488,2025-09-10,08:34:00,2025-09-10 08:34:00,2,Wednesday,9,0,0,normal,1.0,13000,CASH,15000,2000,2
TRX-250910-01489,2025-09-10,14:22:00,2025-09-10 14:22:00,2,Wednesday,9,0,0,normal,1.0,106000,CASH,110000,4000,4
TRX-250910-01490,2025-09-10,19:52:00,2025-09-10 19:52:00,2,Wednesday,9,0,0,normal,1.0,24000,CASH,25000,1000,2
TRX-250910-01491,2025-09-10,16:08:00,2025-09-10 16:08:00,2,Wednesday,9,0,0,normal,1.0,35000,CASH,40000,5000,3
TRX-250910-01492,2025-09-10,11:54:00,2025-09-10 11:54:00,2,Wednesday,9,0,0,normal,1.0,85000,CASH,90000,5000,4
TRX-250910-01493,2025-09-10,15:40:00,2025-09-10 15:40:00,2,Wednesday,9,0,0,normal,1.0,63000,CASH,65000,2000,2
TRX-250910-01494,2025-09-10,17:02:00,2025-09-10 17:02:00,2,Wednesday,9,0,0,normal,1.0,29000,CASH,30000,1000,3
TRX-250911-01495,2025-09-11,19:07:00,2025-09-11 19:07:00,3,Thursday,9,0,0,normal,1.0,3000,CASH,5000,2000,1
TRX-250911-01496,2025-09-11,10:43:00,2025-09-11 10:43:00,3,Thursday,9,0,0,normal,1.0,99000,CASH,100000,1000,2
TRX-250911-01497,2025-09-11,11:36:00,2025-09-11 11:36:00,3,Thursday,9,0,0,normal,1.0,17000,CASH,20000,3000,3
TRX-250911-01498,2025-09-11,19:09:00,2025-09-11 19:09:00,3,Thursday,9,0,0,normal,1.0,24000,CASH,25000,1000,2
TRX-250911-01499,2025-09-11,19:07:00,2025-09-11 19:07:00,3,Thursday,9,0,0,normal,1.0,10000,CASH,15000,5000,1
TRX-250911-01500,2025-09-11,09:27:00,2025-09-11 09:27:00,3,Thursday,9,0,0,normal,1.0,31000,CASH,35000,4000,3
TRX-250911-01501,2025-09-11,06:23:00,2025-09-11 06:23:00,3,Thursday,9,0,0,normal,1.0,8000,CASH,10000,2000,3
TRX-250911-01502,2025-09-11,16:30:00,2025-09-11 16:30:00,3,Thursday,9,0,0,normal,1.0,45000,CASH,50000,5000,2
TRX-250911-01503,2025-09-11,13:48:00,2025-09-11 13:48:00,3,Thursday,9,0,0,normal,1.0,71000,TRANSFER,71000,0,4
TRX-250911-01504,2025-09-11,08:32:00,2025-09-11 08:32:00,3,Thursday,9,0,0,normal,1.0,15000,CASH,20000,5000,1
TRX-250912-01505,2025-09-12,11:08:00,2025-09-12 11:08:00,4,Friday,9,0,0,normal,1.0,22000,CASH,25000,3000,3
TRX-250912-01506,2025-09-12,17:33:00,2025-09-12 17:33:00,4,Friday,9,0,0,normal,1.0,73000,CASH,75000,2000,3
TRX-250912-01507,2025-09-12,16:03:00,2025-09-12 16:03:00,4,Friday,9,0,0,normal,1.0,21000,QRIS,21000,0,2
TRX-250912-01508,2025-09-12,16:06:00,2025-09-12 16:06:00,4,Friday,9,0,0,normal,1.0,31200,QRIS,31200,0,2
TRX-250912-01509,2025-09-12,12:00:00,2025-09-12 12:00:00,4,Friday,9,0,0,normal,1.0,9000,CASH,10000,1000,2
TRX-250912-01510,2025-09-12,08:34:00,2025-09-12 08:34:00,4,Friday,9,0,0,normal,1.0,41000,CASH,45000,4000,2
TRX-250912-01511,2025-09-12,21:04:00,2025-09-12 21:04:00,4,Friday,9,0,0,normal,1.0,5000,QRIS,5000,0,2
TRX-250912-01512,2025-09-12,17:16:00,2025-09-12 17:16:00,4,Friday,9,0,0,normal,1.0,30000,CASH,35000,5000,2
TRX-250912-01513,2025-09-12,18:07:00,2025-09-12 18:07:00,4,Friday,9,0,0,normal,1.0,75500,CASH,80000,4500,2
TRX-250912-01514,2025-09-12,12:48:00,2025-09-12 12:48:00,4,Friday,9,0,0,normal,1.0,54400,CASH,55000,600,4
TRX-250912-01515,2025-09-12,12:12:00,2025-09-12 12:12:00,4,Friday,9,0,0,normal,1.0,9000,CASH,10000,1000,3
TRX-250912-01516,2025-09-12,09:56:00,2025-09-12 09:56:00,4,Friday,9,0,0,normal,1.0,25500,CASH,30000,4500,4
TRX-250912-01517,2025-09-12,13:56:00,2025-09-12 13:56:00,4,Friday,9,0,0,normal,1.0,135000,CASH,140000,5000,5
TRX-250912-01518,2025-09-12,11:15:00,2025-09-12 11:15:00,4,Friday,9,0,0,normal,1.0,70600,TRANSFER,70600,0,4
TRX-250912-01519,2025-09-12,10:05:00,2025-09-12 10:05:00,4,Friday,9,0,0,normal,1.0,64000,CASH,65000,1000,3
TRX-250912-01520,2025-09-12,16:31:00,2025-09-12 16:31:00,4,Friday,9,0,0,normal,1.0,20500,QRIS,20500,0,2
TRX-250913-01521,2025-09-13,20:23:00,2025-09-13 20:23:00,5,Saturday,9,1,0,normal,1.0,130000,CASH,135000,5000,4
TRX-250913-01522,2025-09-13,06:44:00,2025-09-13 06:44:00,5,Saturday,9,1,0,normal,1.0,49500,CASH,50000,500,5
TRX-250913-01523,2025-09-13,10:29:00,2025-09-13 10:29:00,5,Saturday,9,1,0,normal,1.0,24000,CASH,25000,1000,3
TRX-250913-01524,2025-09-13,14:12:00,2025-09-13 14:12:00,5,Saturday,9,1,0,normal,1.0,6500,QRIS,6500,0,2
TRX-250913-01525,2025-09-13,07:36:00,2025-09-13 07:36:00,5,Saturday,9,1,0,normal,1.0,49500,CASH,50000,500,2
TRX-250913-01526,2025-09-13,17:31:00,2025-09-13 17:31:00,5,Saturday,9,1,0,normal,1.0,28000,CASH,30000,2000,5
TRX-250913-01527,2025-09-13,18:16:00,2025-09-13 18:16:00,5,Saturday,9,1,0,normal,1.0,27000,CASH,30000,3000,2
TRX-250913-01528,2025-09-13,19:43:00,2025-09-13 19:43:00,5,Saturday,9,1,0,normal,1.0,108000,QRIS,108000,0,1
TRX-250913-01529,2025-09-13,10:28:00,2025-09-13 10:28:00,5,Saturday,9,1,0,normal,1.0,9000,CASH,10000,1000,2
TRX-250913-01530,2025-09-13,07:52:00,2025-09-13 07:52:00,5,Saturday,9,1,0,normal,1.0,4000,CASH,5000,1000,1
TRX-250913-01531,2025-09-13,19:04:00,2025-09-13 19:04:00,5,Saturday,9,1,0,normal,1.0,1500,CASH,5000,3500,1
TRX-250913-01532,2025-09-13,07:58:00,2025-09-13 07:58:00,5,Saturday,9,1,0,normal,1.0,11000,CASH,15000,4000,2
TRX-250913-01533,2025-09-13,08:01:00,2025-09-13 08:01:00,5,Saturday,9,1,0,normal,1.0,22000,QRIS,22000,0,3
TRX-250913-01534,2025-09-13,07:07:00,2025-09-13 07:07:00,5,Saturday,9,1,0,normal,1.0,27000,CASH,30000,3000,2
TRX-250913-01535,2025-09-13,09:46:00,2025-09-13 09:46:00,5,Saturday,9,1,0,normal,1.0,32500,CASH,35000,2500,3
TRX-250913-01536,2025-09-13,09:44:00,2025-09-13 09:44:00,5,Saturday,9,1,0,normal,1.0,123000,CASH,125000,2000,4
TRX-250913-01537,2025-09-13,10:27:00,2025-09-13 10:27:00,5,Saturday,9,1,0,normal,1.0,6000,CASH,10000,4000,1
TRX-250913-01538,2025-09-13,14:29:00,2025-09-13 14:29:00,5,Saturday,9,1,0,normal,1.0,6000,CASH,10000,4000,1
TRX-250913-01539,2025-09-13,13:10:00,2025-09-13 13:10:00,5,Saturday,9,1,0,normal,1.0,94500,CASH,95000,500,4
TRX-250913-01540,2025-09-13,16:54:00,2025-09-13 16:54:00,5,Saturday,9,1,0,normal,1.0,27000,TRANSFER,27000,0,2
TRX-250913-01541,2025-09-13,09:28:00,2025-09-13 09:28:00,5,Saturday,9,1,0,normal,1.0,15000,CASH,20000,5000,3
TRX-250913-01542,2025-09-13,11:09:00,2025-09-13 11:09:00,5,Saturday,9,1,0,normal,1.0,9000,CASH,10000,1000,2
TRX-250913-01543,2025-09-13,09:22:00,2025-09-13 09:22:00,5,Saturday,9,1,0,normal,1.0,18000,CASH,20000,2000,2
TRX-250913-01544,2025-09-13,10:57:00,2025-09-13 10:57:00,5,Saturday,9,1,0,normal,1.0,25000,QRIS,25000,0,3
TRX-250913-01545,2025-09-13,06:42:00,2025-09-13 06:42:00,5,Saturday,9,1,0,normal,1.0,4500,QRIS,4500,0,2
TRX-250913-01546,2025-09-13,10:24:00,2025-09-13 10:24:00,5,Saturday,9,1,0,normal,1.0,26000,CASH,30000,4000,2
TRX-250913-01547,2025-09-13,12:20:00,2025-09-13 12:20:00,5,Saturday,9,1,0,normal,1.0,43000,CASH,45000,2000,3
TRX-250914-01548,2025-09-14,14:58:00,2025-09-14 14:58:00,6,Sunday,9,1,0,normal,1.0,38000,CASH,40000,2000,3
TRX-250914-01549,2025-09-14,18:03:00,2025-09-14 18:03:00,6,Sunday,9,1,0,normal,1.0,71000,CASH,75000,4000,2
TRX-250914-01550,2025-09-14,16:06:00,2025-09-14 16:06:00,6,Sunday,9,1,0,normal,1.0,12000,CASH,15000,3000,1
TRX-250914-01551,2025-09-14,10:45:00,2025-09-14 10:45:00,6,Sunday,9,1,0,normal,1.0,12000,CASH,15000,3000,2
TRX-250914-01552,2025-09-14,10:10:00,2025-09-14 10:10:00,6,Sunday,9,1,0,normal,1.0,23000,QRIS,23000,0,2
TRX-250914-01553,2025-09-14,17:29:00,2025-09-14 17:29:00,6,Sunday,9,1,0,normal,1.0,175500,CASH,180000,4500,4
TRX-250914-01554,2025-09-14,08:49:00,2025-09-14 08:49:00,6,Sunday,9,1,0,normal,1.0,23500,CASH,25000,1500,2
TRX-250914-01555,2025-09-14,09:10:00,2025-09-14 09:10:00,6,Sunday,9,1,0,normal,1.0,24000,QRIS,24000,0,1
TRX-250914-01556,2025-09-14,11:18:00,2025-09-14 11:18:00,6,Sunday,9,1,0,normal,1.0,19500,CASH,20000,500,2
TRX-250914-01557,2025-09-14,11:42:00,2025-09-14 11:42:00,6,Sunday,9,1,0,normal,1.0,10000,CASH,15000,5000,3
TRX-250914-01558,2025-09-14,10:21:00,2025-09-14 10:21:00,6,Sunday,9,1,0,normal,1.0,9000,CASH,10000,1000,1
TRX-250914-01559,2025-09-14,07:47:00,2025-09-14 07:47:00,6,Sunday,9,1,0,normal,1.0,20000,CASH,25000,5000,2
TRX-250914-01560,2025-09-14,11:36:00,2025-09-14 11:36:00,6,Sunday,9,1,0,normal,1.0,30000,CASH,35000,5000,3
TRX-250915-01561,2025-09-15,11:05:00,2025-09-15 11:05:00,0,Monday,9,0,0,normal,1.0,110000,CASH,115000,5000,4
TRX-250915-01562,2025-09-15,19:59:00,2025-09-15 19:59:00,0,Monday,9,0,0,normal,1.0,27000,QRIS,27000,0,2
TRX-250915-01563,2025-09-15,15:15:00,2025-09-15 15:15:00,0,Monday,9,0,0,normal,1.0,66000,CASH,70000,4000,3
TRX-250915-01564,2025-09-15,16:35:00,2025-09-15 16:35:00,0,Monday,9,0,0,normal,1.0,8000,CASH,10000,2000,2
TRX-250915-01565,2025-09-15,15:52:00,2025-09-15 15:52:00,0,Monday,9,0,0,normal,1.0,28000,CASH,30000,2000,2
TRX-250915-01566,2025-09-15,15:08:00,2025-09-15 15:08:00,0,Monday,9,0,0,normal,1.0,9000,QRIS,9000,0,1
TRX-250915-01567,2025-09-15,11:54:00,2025-09-15 11:54:00,0,Monday,9,0,0,normal,1.0,51900,CASH,55000,3100,3
TRX-250915-01568,2025-09-15,14:54:00,2025-09-15 14:54:00,0,Monday,9,0,0,normal,1.0,21000,CASH,25000,4000,2
TRX-250915-01569,2025-09-15,11:08:00,2025-09-15 11:08:00,0,Monday,9,0,0,normal,1.0,21000,CASH,25000,4000,4
TRX-250915-01570,2025-09-15,20:05:00,2025-09-15 20:05:00,0,Monday,9,0,0,normal,1.0,27500,CASH,30000,2500,5
TRX-250915-01571,2025-09-15,09:42:00,2025-09-15 09:42:00,0,Monday,9,0,0,normal,1.0,27500,CASH,30000,2500,3
TRX-250915-01572,2025-09-15,12:47:00,2025-09-15 12:47:00,0,Monday,9,0,0,normal,1.0,16000,QRIS,16000,0,2
TRX-250915-01573,2025-09-15,17:57:00,2025-09-15 17:57:00,0,Monday,9,0,0,normal,1.0,3000,CASH,5000,2000,1
TRX-250915-01574,2025-09-15,19:41:00,2025-09-15 19:41:00,0,Monday,9,0,0,normal,1.0,48000,CASH,50000,2000,1
TRX-250915-01575,2025-09-15,10:02:00,2025-09-15 10:02:00,0,Monday,9,0,0,normal,1.0,90000,CASH,95000,5000,2
TRX-250916-01576,2025-09-16,20:27:00,2025-09-16 20:27:00,1,Tuesday,9,0,0,normal,1.0,10000,CASH,15000,5000,2
TRX-250916-01577,2025-09-16,21:39:00,2025-09-16 21:39:00,1,Tuesday,9,0,0,normal,1.0,101100,CASH,105000,3900,4
TRX-250916-01578,2025-09-16,12:29:00,2025-09-16 12:29:00,1,Tuesday,9,0,0,normal,1.0,9000,CASH,10000,1000,2
TRX-250916-01579,2025-09-16,10:47:00,2025-09-16 10:47:00,1,Tuesday,9,0,0,normal,1.0,4000,CASH,5000,1000,1
TRX-250916-01580,2025-09-16,09:14:00,2025-09-16 09:14:00,1,Tuesday,9,0,0,normal,1.0,48000,CASH,50000,2000,3
TRX-250916-01581,2025-09-16,08:51:00,2025-09-16 08:51:00,1,Tuesday,9,0,0,normal,1.0,52000,CASH,55000,3000,3
TRX-250916-01582,2025-09-16,12:56:00,2025-09-16 12:56:00,1,Tuesday,9,0,0,normal,1.0,56000,CASH,60000,4000,3
TRX-250916-01583,2025-09-16,10:06:00,2025-09-16 10:06:00,1,Tuesday,9,0,0,normal,1.0,9500,CASH,10000,500,3
TRX-250916-01584,2025-09-16,13:09:00,2025-09-16 13:09:00,1,Tuesday,9,0,0,normal,1.0,34000,CASH,35000,1000,2
TRX-250916-01585,2025-09-16,12:48:00,2025-09-16 12:48:00,1,Tuesday,9,0,0,normal,1.0,30000,CASH,35000,5000,2
TRX-250916-01586,2025-09-16,20:50:00,2025-09-16 20:50:00,1,Tuesday,9,0,0,normal,1.0,6000,CASH,10000,4000,1
TRX-250916-01587,2025-09-16,07:44:00,2025-09-16 07:44:00,1,Tuesday,9,0,0,normal,1.0,48000,TRANSFER,48000,0,2
TRX-250916-01588,2025-09-16,12:03:00,2025-09-16 12:03:00,1,Tuesday,9,0,0,normal,1.0,68000,CASH,70000,2000,4
TRX-250916-01589,2025-09-16,08:06:00,2025-09-16 08:06:00,1,Tuesday,9,0,0,normal,1.0,7000,CASH,10000,3000,2
TRX-250916-01590,2025-09-16,11:18:00,2025-09-16 11:18:00,1,Tuesday,9,0,0,normal,1.0,9000,CASH,10000,1000,1
TRX-250916-01591,2025-09-16,10:56:00,2025-09-16 10:56:00,1,Tuesday,9,0,0,normal,1.0,6000,CASH,10000,4000,2
TRX-250916-01592,2025-09-16,11:56:00,2025-09-16 11:56:00,1,Tuesday,9,0,0,normal,1.0,31725,CASH,35000,3275,3
TRX-250916-01593,2025-09-16,16:04:00,2025-09-16 16:04:00,1,Tuesday,9,0,0,normal,1.0,25000,CASH,30000,5000,3
TRX-250916-01594,2025-09-16,15:20:00,2025-09-16 15:20:00,1,Tuesday,9,0,0,normal,1.0,14000,CASH,15000,1000,2
TRX-250916-01595,2025-09-16,06:05:00,2025-09-16 06:05:00,1,Tuesday,9,0,0,normal,1.0,13000,CASH,15000,2000,3
TRX-250916-01596,2025-09-16,20:49:00,2025-09-16 20:49:00,1,Tuesday,9,0,0,normal,1.0,38000,CASH,40000,2000,2
TRX-250917-01597,2025-09-17,18:41:00,2025-09-17 18:41:00,2,Wednesday,9,0,0,normal,1.0,19500,CASH,20000,500,2
TRX-250917-01598,2025-09-17,15:01:00,2025-09-17 15:01:00,2,Wednesday,9,0,0,normal,1.0,87000,CASH,90000,3000,3
TRX-250917-01599,2025-09-17,16:10:00,2025-09-17 16:10:00,2,Wednesday,9,0,0,normal,1.0,12000,CASH,15000,3000,1
TRX-250917-01600,2025-09-17,09:04:00,2025-09-17 09:04:00,2,Wednesday,9,0,0,normal,1.0,56000,QRIS,56000,0,2
TRX-250917-01601,2025-09-17,14:25:00,2025-09-17 14:25:00,2,Wednesday,9,0,0,normal,1.0,69000,CASH,70000,1000,2
TRX-250917-01602,2025-09-17,11:08:00,2025-09-17 11:08:00,2,Wednesday,9,0,0,normal,1.0,88000,CASH,90000,2000,4
TRX-250917-01603,2025-09-17,12:55:00,2025-09-17 12:55:00,2,Wednesday,9,0,0,normal,1.0,11000,CASH,15000,4000,2
TRX-250917-01604,2025-09-17,09:59:00,2025-09-17 09:59:00,2,Wednesday,9,0,0,normal,1.0,12000,CASH,15000,3000,2
TRX-250917-01605,2025-09-17,14:50:00,2025-09-17 14:50:00,2,Wednesday,9,0,0,normal,1.0,23500,CASH,25000,1500,5
TRX-250917-01606,2025-09-17,16:32:00,2025-09-17 16:32:00,2,Wednesday,9,0,0,normal,1.0,115100,QRIS,115100,0,3
TRX-250917-01607,2025-09-17,09:10:00,2025-09-17 09:10:00,2,Wednesday,9,0,0,normal,1.0,14000,CASH,15000,1000,3
TRX-250917-01608,2025-09-17,17:59:00,2025-09-17 17:59:00,2,Wednesday,9,0,0,normal,1.0,54000,QRIS,54000,0,2
TRX-250917-01609,2025-09-17,07:25:00,2025-09-17 07:25:00,2,Wednesday,9,0,0,normal,1.0,15000,TRANSFER,15000,0,2
TRX-250917-01610,2025-09-17,19:32:00,2025-09-17 19:32:00,2,Wednesday,9,0,0,normal,1.0,8500,CASH,10000,1500,3
TRX-250917-01611,2025-09-17,14:51:00,2025-09-17 14:51:00,2,Wednesday,9,0,0,normal,1.0,28500,CASH,30000,1500,4
TRX-250917-01612,2025-09-17,15:06:00,2025-09-17 15:06:00,2,Wednesday,9,0,0,normal,1.0,70000,QRIS,70000,0,3
TRX-250917-01613,2025-09-17,17:44:00,2025-09-17 17:44:00,2,Wednesday,9,0,0,normal,1.0,1500,CASH,5000,3500,1
TRX-250917-01614,2025-09-17,12:40:00,2025-09-17 12:40:00,2,Wednesday,9,0,0,normal,1.0,26000,TRANSFER,26000,0,3
TRX-250917-01615,2025-09-17,15:26:00,2025-09-17 15:26:00,2,Wednesday,9,0,0,normal,1.0,15000,CASH,20000,5000,1
TRX-250917-01616,2025-09-17,15:34:00,2025-09-17 15:34:00,2,Wednesday,9,0,0,normal,1.0,113000,CASH,115000,2000,3
TRX-250917-01617,2025-09-17,20:25:00,2025-09-17 20:25:00,2,Wednesday,9,0,0,normal,1.0,12000,QRIS,12000,0,3
TRX-250917-01618,2025-09-17,11:14:00,2025-09-17 11:14:00,2,Wednesday,9,0,0,normal,1.0,207600,CASH,210000,2400,2
TRX-250917-01619,2025-09-17,15:09:00,2025-09-17 15:09:00,2,Wednesday,9,0,0,normal,1.0,77000,CASH,80000,3000,4
TRX-250917-01620,2025-09-17,11:39:00,2025-09-17 11:39:00,2,Wednesday,9,0,0,normal,1.0,15500,CASH,20000,4500,3
TRX-250918-01621,2025-09-18,10:46:00,2025-09-18 10:46:00,3,Thursday,9,0,0,normal,1.0,11000,QRIS,11000,0,3
TRX-250918-01622,2025-09-18,18:56:00,2025-09-18 18:56:00,3,Thursday,9,0,0,normal,1.0,4050,CASH,5000,950,1
TRX-250918-01623,2025-09-18,09:29:00,2025-09-18 09:29:00,3,Thursday,9,0,0,normal,1.0,10200,CASH,15000,4800,1
TRX-250918-01624,2025-09-18,09:34:00,2025-09-18 09:34:00,3,Thursday,9,0,0,normal,1.0,110000,CASH,115000,5000,4
TRX-250918-01625,2025-09-18,17:16:00,2025-09-18 17:16:00,3,Thursday,9,0,0,normal,1.0,27000,CASH,30000,3000,4
TRX-250918-01626,2025-09-18,17:25:00,2025-09-18 17:25:00,3,Thursday,9,0,0,normal,1.0,5000,QRIS,5000,0,1
TRX-250918-01627,2025-09-18,19:22:00,2025-09-18 19:22:00,3,Thursday,9,0,0,normal,1.0,24000,CASH,25000,1000,2
TRX-250918-01628,2025-09-18,11:28:00,2025-09-18 11:28:00,3,Thursday,9,0,0,normal,1.0,19000,CASH,20000,1000,3
TRX-250918-01629,2025-09-18,17:27:00,2025-09-18 17:27:00,3,Thursday,9,0,0,normal,1.0,42000,CASH,45000,3000,2
TRX-250918-01630,2025-09-18,20:25:00,2025-09-18 20:25:00,3,Thursday,9,0,0,normal,1.0,49500,CASH,50000,500,2
TRX-250918-01631,2025-09-18,07:09:00,2025-09-18 07:09:00,3,Thursday,9,0,0,normal,1.0,28000,QRIS,28000,0,4
TRX-250918-01632,2025-09-18,19:41:00,2025-09-18 19:41:00,3,Thursday,9,0,0,normal,1.0,39000,CASH,40000,1000,3
TRX-250918-01633,2025-09-18,11:06:00,2025-09-18 11:06:00,3,Thursday,9,0,0,normal,1.0,64900,CASH,65000,100,4
TRX-250918-01634,2025-09-18,12:42:00,2025-09-18 12:42:00,3,Thursday,9,0,0,normal,1.0,19000,TRANSFER,19000,0,2
TRX-250918-01635,2025-09-18,20:31:00,2025-09-18 20:31:00,3,Thursday,9,0,0,normal,1.0,55000,CASH,60000,5000,2
TRX-250918-01636,2025-09-18,14:10:00,2025-09-18 14:10:00,3,Thursday,9,0,0,normal,1.0,15000,QRIS,15000,0,2
TRX-250918-01637,2025-09-18,13:31:00,2025-09-18 13:31:00,3,Thursday,9,0,0,normal,1.0,15000,CASH,20000,5000,2
TRX-250918-01638,2025-09-18,08:28:00,2025-09-18 08:28:00,3,Thursday,9,0,0,normal,1.0,4000,CASH,5000,1000,1
TRX-250918-01639,2025-09-18,11:55:00,2025-09-18 11:55:00,3,Thursday,9,0,0,normal,1.0,41000,QRIS,41000,0,3
TRX-250918-01640,2025-09-18,10:57:00,2025-09-18 10:57:00,3,Thursday,9,0,0,normal,1.0,24500,CASH,25000,500,3
TRX-250918-01641,2025-09-18,18:33:00,2025-09-18 18:33:00,3,Thursday,9,0,0,normal,1.0,75300,CASH,80000,4700,5
TRX-250919-01642,2025-09-19,11:20:00,2025-09-19 11:20:00,4,Friday,9,0,0,normal,1.0,32000,QRIS,32000,0,4
TRX-250919-01643,2025-09-19,08:30:00,2025-09-19 08:30:00,4,Friday,9,0,0,normal,1.0,15000,QRIS,15000,0,2
TRX-250919-01644,2025-09-19,12:37:00,2025-09-19 12:37:00,4,Friday,9,0,0,normal,1.0,25950,CASH,30000,4050,3
TRX-250919-01645,2025-09-19,14:35:00,2025-09-19 14:35:00,4,Friday,9,0,0,normal,1.0,31500,TRANSFER,31500,0,2
TRX-250919-01646,2025-09-19,08:38:00,2025-09-19 08:38:00,4,Friday,9,0,0,normal,1.0,84000,CASH,85000,1000,2
TRX-250919-01647,2025-09-19,11:48:00,2025-09-19 11:48:00,4,Friday,9,0,0,normal,1.0,21500,TRANSFER,21500,0,5
TRX-250919-01648,2025-09-19,09:04:00,2025-09-19 09:04:00,4,Friday,9,0,0,normal,1.0,84000,CASH,85000,1000,2
TRX-250919-01649,2025-09-19,11:34:00,2025-09-19 11:34:00,4,Friday,9,0,0,normal,1.0,5000,QRIS,5000,0,2
TRX-250919-01650,2025-09-19,19:16:00,2025-09-19 19:16:00,4,Friday,9,0,0,normal,1.0,7000,QRIS,7000,0,3
TRX-250919-01651,2025-09-19,10:32:00,2025-09-19 10:32:00,4,Friday,9,0,0,normal,1.0,144000,QRIS,144000,0,2
TRX-250919-01652,2025-09-19,08:58:00,2025-09-19 08:58:00,4,Friday,9,0,0,normal,1.0,141000,CASH,145000,4000,2
TRX-250919-01653,2025-09-19,15:10:00,2025-09-19 15:10:00,4,Friday,9,0,0,normal,1.0,23000,QRIS,23000,0,3
TRX-250919-01654,2025-09-19,11:32:00,2025-09-19 11:32:00,4,Friday,9,0,0,normal,1.0,49000,CASH,50000,1000,3
TRX-250919-01655,2025-09-19,15:50:00,2025-09-19 15:50:00,4,Friday,9,0,0,normal,1.0,234000,QRIS,234000,0,3
TRX-250919-01656,2025-09-19,07:03:00,2025-09-19 07:03:00,4,Friday,9,0,0,normal,1.0,35000,CASH,40000,5000,3
TRX-250919-01657,2025-09-19,12:57:00,2025-09-19 12:57:00,4,Friday,9,0,0,normal,1.0,34000,CASH,35000,1000,2
TRX-250919-01658,2025-09-19,16:32:00,2025-09-19 16:32:00,4,Friday,9,0,0,normal,1.0,10700,QRIS,10700,0,2
TRX-250919-01659,2025-09-19,21:53:00,2025-09-19 21:53:00,4,Friday,9,0,0,normal,1.0,50000,CASH,55000,5000,3
TRX-250919-01660,2025-09-19,08:24:00,2025-09-19 08:24:00,4,Friday,9,0,0,normal,1.0,15000,CASH,20000,5000,2
TRX-250919-01661,2025-09-19,13:54:00,2025-09-19 13:54:00,4,Friday,9,0,0,normal,1.0,5000,CASH,10000,5000,2
TRX-250919-01662,2025-09-19,08:51:00,2025-09-19 08:51:00,4,Friday,9,0,0,normal,1.0,87000,CASH,90000,3000,2
TRX-250920-01663,2025-09-20,19:21:00,2025-09-20 19:21:00,5,Saturday,9,1,0,normal,1.0,26000,CASH,30000,4000,3
TRX-250920-01664,2025-09-20,21:00:00,2025-09-20 21:00:00,5,Saturday,9,1,0,normal,1.0,9000,CASH,10000,1000,2
TRX-250920-01665,2025-09-20,10:07:00,2025-09-20 10:07:00,5,Saturday,9,1,0,normal,1.0,20000,TRANSFER,20000,0,3
TRX-250920-01666,2025-09-20,19:55:00,2025-09-20 19:55:00,5,Saturday,9,1,0,normal,1.0,44500,CASH,45000,500,3
TRX-250920-01667,2025-09-20,17:22:00,2025-09-20 17:22:00,5,Saturday,9,1,0,normal,1.0,45000,QRIS,45000,0,1
TRX-250920-01668,2025-09-20,19:08:00,2025-09-20 19:08:00,5,Saturday,9,1,0,normal,1.0,40000,CASH,45000,5000,4
TRX-250920-01669,2025-09-20,18:12:00,2025-09-20 18:12:00,5,Saturday,9,1,0,normal,1.0,4000,CASH,5000,1000,2
TRX-250920-01670,2025-09-20,17:32:00,2025-09-20 17:32:00,5,Saturday,9,1,0,normal,1.0,11000,QRIS,11000,0,2
TRX-250920-01671,2025-09-20,15:39:00,2025-09-20 15:39:00,5,Saturday,9,1,0,normal,1.0,22500,CASH,25000,2500,4
TRX-250920-01672,2025-09-20,18:14:00,2025-09-20 18:14:00,5,Saturday,9,1,0,normal,1.0,31000,CASH,35000,4000,4
TRX-250920-01673,2025-09-20,09:23:00,2025-09-20 09:23:00,5,Saturday,9,1,0,normal,1.0,122750,CASH,125000,2250,5
TRX-250920-01674,2025-09-20,18:36:00,2025-09-20 18:36:00,5,Saturday,9,1,0,normal,1.0,14550,EWALLET,14550,0,2
TRX-250920-01675,2025-09-20,16:13:00,2025-09-20 16:13:00,5,Saturday,9,1,0,normal,1.0,57000,CASH,60000,3000,2
TRX-250920-01676,2025-09-20,12:03:00,2025-09-20 12:03:00,5,Saturday,9,1,0,normal,1.0,5550,CASH,10000,4450,2
TRX-250920-01677,2025-09-20,11:50:00,2025-09-20 11:50:00,5,Saturday,9,1,0,normal,1.0,25000,CASH,30000,5000,2
TRX-250920-01678,2025-09-20,06:29:00,2025-09-20 06:29:00,5,Saturday,9,1,0,normal,1.0,56200,CASH,60000,3800,2
TRX-250920-01679,2025-09-20,10:29:00,2025-09-20 10:29:00,5,Saturday,9,1,0,normal,1.0,2000,CASH,5000,3000,1
TRX-250920-01680,2025-09-20,08:34:00,2025-09-20 08:34:00,5,Saturday,9,1,0,normal,1.0,43000,CASH,45000,2000,4
TRX-250920-01681,2025-09-20,08:31:00,2025-09-20 08:31:00,5,Saturday,9,1,0,normal,1.0,15000,QRIS,15000,0,1
TRX-250920-01682,2025-09-20,06:16:00,2025-09-20 06:16:00,5,Saturday,9,1,0,normal,1.0,24000,CASH,25000,1000,2
TRX-250920-01683,2025-09-20,09:23:00,2025-09-20 09:23:00,5,Saturday,9,1,0,normal,1.0,24000,CASH,25000,1000,1
TRX-250920-01684,2025-09-20,15:48:00,2025-09-20 15:48:00,5,Saturday,9,1,0,normal,1.0,2700,TRANSFER,2700,0,1
TRX-250920-01685,2025-09-20,11:52:00,2025-09-20 11:52:00,5,Saturday,9,1,0,normal,1.0,6000,CASH,10000,4000,2
TRX-250920-01686,2025-09-20,11:14:00,2025-09-20 11:14:00,5,Saturday,9,1,0,normal,1.0,35750,CASH,40000,4250,4
TRX-250921-01687,2025-09-21,16:20:00,2025-09-21 16:20:00,6,Sunday,9,1,0,normal,1.0,107000,CASH,110000,3000,4
TRX-250921-01688,2025-09-21,21:43:00,2025-09-21 21:43:00,6,Sunday,9,1,0,normal,1.0,9000,CASH,10000,1000,2
TRX-250921-01689,2025-09-21,13:14:00,2025-09-21 13:14:00,6,Sunday,9,1,0,normal,1.0,56800,EWALLET,56800,0,2
TRX-250921-01690,2025-09-21,08:19:00,2025-09-21 08:19:00,6,Sunday,9,1,0,normal,1.0,9000,CASH,10000,1000,1
TRX-250921-01691,2025-09-21,17:12:00,2025-09-21 17:12:00,6,Sunday,9,1,0,normal,1.0,12000,QRIS,12000,0,2
TRX-250921-01692,2025-09-21,12:28:00,2025-09-21 12:28:00,6,Sunday,9,1,0,normal,1.0,29200,CASH,30000,800,5
TRX-250921-01693,2025-09-21,06:13:00,2025-09-21 06:13:00,6,Sunday,9,1,0,normal,1.0,229350,QRIS,229350,0,4
TRX-250921-01694,2025-09-21,21:07:00,2025-09-21 21:07:00,6,Sunday,9,1,0,normal,1.0,148000,CASH,150000,2000,2
TRX-250921-01695,2025-09-21,09:15:00,2025-09-21 09:15:00,6,Sunday,9,1,0,normal,1.0,2000,TRANSFER,2000,0,1
TRX-250921-01696,2025-09-21,14:49:00,2025-09-21 14:49:00,6,Sunday,9,1,0,normal,1.0,52500,CASH,55000,2500,3
TRX-250921-01697,2025-09-21,19:27:00,2025-09-21 19:27:00,6,Sunday,9,1,0,normal,1.0,16000,CASH,20000,4000,1
TRX-250921-01698,2025-09-21,20:32:00,2025-09-21 20:32:00,6,Sunday,9,1,0,normal,1.0,12000,QRIS,12000,0,2
TRX-250921-01699,2025-09-21,14:05:00,2025-09-21 14:05:00,6,Sunday,9,1,0,normal,1.0,105000,CASH,110000,5000,2
TRX-250921-01700,2025-09-21,11:01:00,2025-09-21 11:01:00,6,Sunday,9,1,0,normal,1.0,9000,CASH,10000,1000,2
TRX-250921-01701,2025-09-21,07:20:00,2025-09-21 07:20:00,6,Sunday,9,1,0,normal,1.0,26000,CASH,30000,4000,2
TRX-250921-01702,2025-09-21,17:06:00,2025-09-21 17:06:00,6,Sunday,9,1,0,normal,1.0,9000,QRIS,9000,0,1
TRX-250921-01703,2025-09-21,16:34:00,2025-09-21 16:34:00,6,Sunday,9,1,0,normal,1.0,35600,TRANSFER,35600,0,4
TRX-250922-01704,2025-09-22,10:58:00,2025-09-22 10:58:00,0,Monday,9,0,0,normal,1.0,10200,CASH,15000,4800,2
TRX-250922-01705,2025-09-22,09:06:00,2025-09-22 09:06:00,0,Monday,9,0,0,normal,1.0,93000,CASH,95000,2000,4
TRX-250922-01706,2025-09-22,19:03:00,2025-09-22 19:03:00,0,Monday,9,0,0,normal,1.0,61000,CASH,65000,4000,2
TRX-250922-01707,2025-09-22,13:01:00,2025-09-22 13:01:00,0,Monday,9,0,0,normal,1.0,5000,TRANSFER,5000,0,1
TRX-250922-01708,2025-09-22,14:59:00,2025-09-22 14:59:00,0,Monday,9,0,0,normal,1.0,54500,TRANSFER,54500,0,3
TRX-250922-01709,2025-09-22,20:49:00,2025-09-22 20:49:00,0,Monday,9,0,0,normal,1.0,58000,EWALLET,58000,0,4
TRX-250922-01710,2025-09-22,06:39:00,2025-09-22 06:39:00,0,Monday,9,0,0,normal,1.0,12000,CASH,15000,3000,1
TRX-250922-01711,2025-09-22,21:46:00,2025-09-22 21:46:00,0,Monday,9,0,0,normal,1.0,25000,CASH,30000,5000,2
TRX-250922-01712,2025-09-22,09:20:00,2025-09-22 09:20:00,0,Monday,9,0,0,normal,1.0,23000,CASH,25000,2000,4
TRX-250922-01713,2025-09-22,09:08:00,2025-09-22 09:08:00,0,Monday,9,0,0,normal,1.0,21000,QRIS,21000,0,2
TRX-250922-01714,2025-09-22,18:50:00,2025-09-22 18:50:00,0,Monday,9,0,0,normal,1.0,17500,CASH,20000,2500,3
TRX-250922-01715,2025-09-22,13:30:00,2025-09-22 13:30:00,0,Monday,9,0,0,normal,1.0,81000,CASH,85000,4000,5
TRX-250922-01716,2025-09-22,17:10:00,2025-09-22 17:10:00,0,Monday,9,0,0,normal,1.0,22000,EWALLET,22000,0,2
TRX-250922-01717,2025-09-22,17:06:00,2025-09-22 17:06:00,0,Monday,9,0,0,normal,1.0,60000,CASH,65000,5000,3
TRX-250923-01718,2025-09-23,10:55:00,2025-09-23 10:55:00,1,Tuesday,9,0,0,normal,1.0,75000,QRIS,75000,0,4
TRX-250923-01719,2025-09-23,09:10:00,2025-09-23 09:10:00,1,Tuesday,9,0,0,normal,1.0,11550,CASH,15000,3450,4
TRX-250923-01720,2025-09-23,13:06:00,2025-09-23 13:06:00,1,Tuesday,9,0,0,normal,1.0,49000,CASH,50000,1000,3
TRX-250923-01721,2025-09-23,15:03:00,2025-09-23 15:03:00,1,Tuesday,9,0,0,normal,1.0,1000,CASH,5000,4000,1
TRX-250923-01722,2025-09-23,20:52:00,2025-09-23 20:52:00,1,Tuesday,9,0,0,normal,1.0,9000,CASH,10000,1000,1
TRX-250923-01723,2025-09-23,13:41:00,2025-09-23 13:41:00,1,Tuesday,9,0,0,normal,1.0,69000,QRIS,69000,0,3
TRX-250923-01724,2025-09-23,21:46:00,2025-09-23 21:46:00,1,Tuesday,9,0,0,normal,1.0,35800,CASH,40000,4200,3
TRX-250923-01725,2025-09-23,11:21:00,2025-09-23 11:21:00,1,Tuesday,9,0,0,normal,1.0,77725,CASH,80000,2275,3
TRX-250923-01726,2025-09-23,07:14:00,2025-09-23 07:14:00,1,Tuesday,9,0,0,normal,1.0,12000,CASH,15000,3000,2
TRX-250923-01727,2025-09-23,09:57:00,2025-09-23 09:57:00,1,Tuesday,9,0,0,normal,1.0,5000,CASH,10000,5000,2
TRX-250923-01728,2025-09-23,13:53:00,2025-09-23 13:53:00,1,Tuesday,9,0,0,normal,1.0,11400,QRIS,11400,0,2
TRX-250923-01729,2025-09-23,17:23:00,2025-09-23 17:23:00,1,Tuesday,9,0,0,normal,1.0,39500,CASH,40000,500,4
TRX-250923-01730,2025-09-23,15:50:00,2025-09-23 15:50:00,1,Tuesday,9,0,0,normal,1.0,63000,CASH,65000,2000,4
TRX-250923-01731,2025-09-23,19:23:00,2025-09-23 19:23:00,1,Tuesday,9,0,0,normal,1.0,7500,CASH,10000,2500,2
TRX-250923-01732,2025-09-23,08:30:00,2025-09-23 08:30:00,1,Tuesday,9,0,0,normal,1.0,63500,QRIS,63500,0,5
TRX-250923-01733,2025-09-23,13:14:00,2025-09-23 13:14:00,1,Tuesday,9,0,0,normal,1.0,4000,CASH,5000,1000,1
TRX-250923-01734,2025-09-23,08:00:00,2025-09-23 08:00:00,1,Tuesday,9,0,0,normal,1.0,10000,CASH,15000,5000,2
TRX-250923-01735,2025-09-23,14:24:00,2025-09-23 14:24:00,1,Tuesday,9,0,0,normal,1.0,14800,QRIS,14800,0,3
TRX-250923-01736,2025-09-23,19:17:00,2025-09-23 19:17:00,1,Tuesday,9,0,0,normal,1.0,23000,QRIS,23000,0,4
TRX-250923-01737,2025-09-23,17:57:00,2025-09-23 17:57:00,1,Tuesday,9,0,0,normal,1.0,4000,CASH,5000,1000,2
TRX-250923-01738,2025-09-23,11:09:00,2025-09-23 11:09:00,1,Tuesday,9,0,0,normal,1.0,35400,CASH,40000,4600,2
TRX-250923-01739,2025-09-23,17:27:00,2025-09-23 17:27:00,1,Tuesday,9,0,0,normal,1.0,8000,CASH,10000,2000,3
TRX-250923-01740,2025-09-23,08:24:00,2025-09-23 08:24:00,1,Tuesday,9,0,0,normal,1.0,8850,CASH,10000,1150,3
TRX-250923-01741,2025-09-23,19:18:00,2025-09-23 19:18:00,1,Tuesday,9,0,0,normal,1.0,13500,CASH,15000,1500,4
TRX-250924-01742,2025-09-24,13:19:00,2025-09-24 13:19:00,2,Wednesday,9,0,0,normal,1.0,30500,CASH,35000,4500,4
TRX-250924-01743,2025-09-24,13:44:00,2025-09-24 13:44:00,2,Wednesday,9,0,0,normal,1.0,2000,CASH,5000,3000,1
TRX-250924-01744,2025-09-24,18:38:00,2025-09-24 18:38:00,2,Wednesday,9,0,0,normal,1.0,10000,CASH,15000,5000,1
TRX-250924-01745,2025-09-24,19:25:00,2025-09-24 19:25:00,2,Wednesday,9,0,0,normal,1.0,71800,CASH,75000,3200,3
TRX-250924-01746,2025-09-24,09:26:00,2025-09-24 09:26:00,2,Wednesday,9,0,0,normal,1.0,13425,CASH,15000,1575,3
TRX-250924-01747,2025-09-24,13:38:00,2025-09-24 13:38:00,2,Wednesday,9,0,0,normal,1.0,23700,CASH,25000,1300,4
TRX-250924-01748,2025-09-24,17:11:00,2025-09-24 17:11:00,2,Wednesday,9,0,0,normal,1.0,3000,TRANSFER,3000,0,1
TRX-250924-01749,2025-09-24,17:53:00,2025-09-24 17:53:00,2,Wednesday,9,0,0,normal,1.0,8000,CASH,10000,2000,2
TRX-250924-01750,2025-09-24,11:39:00,2025-09-24 11:39:00,2,Wednesday,9,0,0,normal,1.0,10000,CASH,15000,5000,3
TRX-250924-01751,2025-09-24,18:11:00,2025-09-24 18:11:00,2,Wednesday,9,0,0,normal,1.0,16000,EWALLET,16000,0,2
TRX-250924-01752,2025-09-24,19:11:00,2025-09-24 19:11:00,2,Wednesday,9,0,0,normal,1.0,107000,CASH,110000,3000,3
TRX-250924-01753,2025-09-24,08:59:00,2025-09-24 08:59:00,2,Wednesday,9,0,0,normal,1.0,22250,CASH,25000,2750,2
TRX-250924-01754,2025-09-24,18:11:00,2025-09-24 18:11:00,2,Wednesday,9,0,0,normal,1.0,32000,QRIS,32000,0,2
TRX-250924-01755,2025-09-24,12:15:00,2025-09-24 12:15:00,2,Wednesday,9,0,0,normal,1.0,263000,CASH,265000,2000,5
TRX-250924-01756,2025-09-24,16:48:00,2025-09-24 16:48:00,2,Wednesday,9,0,0,normal,1.0,32100,QRIS,32100,0,2
TRX-250925-01757,2025-09-25,08:27:00,2025-09-25 08:27:00,3,Thursday,9,0,1,normal,1.0,27500,CASH,30000,2500,3
TRX-250925-01758,2025-09-25,15:23:00,2025-09-25 15:23:00,3,Thursday,9,0,1,normal,1.0,30000,CASH,35000,5000,1
TRX-250925-01759,2025-09-25,06:47:00,2025-09-25 06:47:00,3,Thursday,9,0,1,normal,1.0,3000,QRIS,3000,0,1
TRX-250925-01760,2025-09-25,16:59:00,2025-09-25 16:59:00,3,Thursday,9,0,1,normal,1.0,3000,QRIS,3000,0,1
TRX-250925-01761,2025-09-25,17:57:00,2025-09-25 17:57:00,3,Thursday,9,0,1,normal,1.0,7000,QRIS,7000,0,2
TRX-250925-01762,2025-09-25,15:11:00,2025-09-25 15:11:00,3,Thursday,9,0,1,normal,1.0,82400,CASH,85000,2600,3
TRX-250925-01763,2025-09-25,08:56:00,2025-09-25 08:56:00,3,Thursday,9,0,1,normal,1.0,19000,CASH,20000,1000,3
TRX-250925-01764,2025-09-25,17:39:00,2025-09-25 17:39:00,3,Thursday,9,0,1,normal,1.0,7000,CASH,10000,3000,2
TRX-250925-01765,2025-09-25,06:34:00,2025-09-25 06:34:00,3,Thursday,9,0,1,normal,1.0,135000,CASH,140000,5000,1
TRX-250925-01766,2025-09-25,08:50:00,2025-09-25 08:50:00,3,Thursday,9,0,1,normal,1.0,17000,CASH,20000,3000,2
TRX-250925-01767,2025-09-25,19:38:00,2025-09-25 19:38:00,3,Thursday,9,0,1,normal,1.0,11500,CASH,15000,3500,3
TRX-250925-01768,2025-09-25,12:38:00,2025-09-25 12:38:00,3,Thursday,9,0,1,normal,1.0,24000,CASH,25000,1000,4
TRX-250925-01769,2025-09-25,09:27:00,2025-09-25 09:27:00,3,Thursday,9,0,1,normal,1.0,69000,TRANSFER,69000,0,4
TRX-250925-01770,2025-09-25,07:36:00,2025-09-25 07:36:00,3,Thursday,9,0,1,normal,1.0,27000,CASH,30000,3000,3
TRX-250925-01771,2025-09-25,11:00:00,2025-09-25 11:00:00,3,Thursday,9,0,1,normal,1.0,27000,CASH,30000,3000,2
TRX-250925-01772,2025-09-25,13:28:00,2025-09-25 13:28:00,3,Thursday,9,0,1,normal,1.0,40000,CASH,45000,5000,2
TRX-250925-01773,2025-09-25,09:05:00,2025-09-25 09:05:00,3,Thursday,9,0,1,normal,1.0,53800,CASH,55000,1200,3
TRX-250925-01774,2025-09-25,13:02:00,2025-09-25 13:02:00,3,Thursday,9,0,1,normal,1.0,13000,CASH,15000,2000,2
TRX-250925-01775,2025-09-25,14:22:00,2025-09-25 14:22:00,3,Thursday,9,0,1,normal,1.0,5000,TRANSFER,5000,0,1
TRX-250925-01776,2025-09-25,14:18:00,2025-09-25 14:18:00,3,Thursday,9,0,1,normal,1.0,22550,CASH,25000,2450,5
TRX-250925-01777,2025-09-25,10:30:00,2025-09-25 10:30:00,3,Thursday,9,0,1,normal,1.0,8000,CASH,10000,2000,1
TRX-250925-01778,2025-09-25,17:55:00,2025-09-25 17:55:00,3,Thursday,9,0,1,normal,1.0,12800,CASH,15000,2200,2
TRX-250926-01779,2025-09-26,11:50:00,2025-09-26 11:50:00,4,Friday,9,0,1,normal,1.0,25750,CASH,30000,4250,3
TRX-250926-01780,2025-09-26,17:15:00,2025-09-26 17:15:00,4,Friday,9,0,1,normal,1.0,193400,CASH,195000,1600,5
TRX-250926-01781,2025-09-26,11:12:00,2025-09-26 11:12:00,4,Friday,9,0,1,normal,1.0,8500,CASH,10000,1500,2
TRX-250926-01782,2025-09-26,15:15:00,2025-09-26 15:15:00,4,Friday,9,0,1,normal,1.0,12000,CASH,15000,3000,2
TRX-250926-01783,2025-09-26,12:00:00,2025-09-26 12:00:00,4,Friday,9,0,1,normal,1.0,105500,CASH,110000,4500,3
TRX-250926-01784,2025-09-26,18:30:00,2025-09-26 18:30:00,4,Friday,9,0,1,normal,1.0,100000,CASH,105000,5000,5
TRX-250926-01785,2025-09-26,18:12:00,2025-09-26 18:12:00,4,Friday,9,0,1,normal,1.0,81000,CASH,85000,4000,4
TRX-250926-01786,2025-09-26,17:29:00,2025-09-26 17:29:00,4,Friday,9,0,1,normal,1.0,15750,CASH,20000,4250,2
TRX-250926-01787,2025-09-26,10:16:00,2025-09-26 10:16:00,4,Friday,9,0,1,normal,1.0,83850,QRIS,83850,0,3
TRX-250926-01788,2025-09-26,18:31:00,2025-09-26 18:31:00,4,Friday,9,0,1,normal,1.0,63000,CASH,65000,2000,3
TRX-250926-01789,2025-09-26,09:17:00,2025-09-26 09:17:00,4,Friday,9,0,1,normal,1.0,2000,CASH,5000,3000,1
TRX-250926-01790,2025-09-26,15:00:00,2025-09-26 15:00:00,4,Friday,9,0,1,normal,1.0,6000,CASH,10000,4000,2
TRX-250926-01791,2025-09-26,07:44:00,2025-09-26 07:44:00,4,Friday,9,0,1,normal,1.0,11850,CASH,15000,3150,2
TRX-250926-01792,2025-09-26,19:40:00,2025-09-26 19:40:00,4,Friday,9,0,1,normal,1.0,19500,CASH,20000,500,4
TRX-250926-01793,2025-09-26,12:19:00,2025-09-26 12:19:00,4,Friday,9,0,1,normal,1.0,24000,CASH,25000,1000,2
TRX-250926-01794,2025-09-26,10:03:00,2025-09-26 10:03:00,4,Friday,9,0,1,normal,1.0,117000,CASH,120000,3000,2
TRX-250926-01795,2025-09-26,12:29:00,2025-09-26 12:29:00,4,Friday,9,0,1,normal,1.0,5000,QRIS,5000,0,1
TRX-250926-01796,2025-09-26,19:50:00,2025-09-26 19:50:00,4,Friday,9,0,1,normal,1.0,12000,QRIS,12000,0,1
TRX-250926-01797,2025-09-26,13:38:00,2025-09-26 13:38:00,4,Friday,9,0,1,normal,1.0,13500,CASH,15000,1500,3
TRX-250926-01798,2025-09-26,18:35:00,2025-09-26 18:35:00,4,Friday,9,0,1,normal,1.0,15200,CASH,20000,4800,1
TRX-250926-01799,2025-09-26,10:15:00,2025-09-26 10:15:00,4,Friday,9,0,1,normal,1.0,17000,CASH,20000,3000,2
TRX-250926-01800,2025-09-26,18:30:00,2025-09-26 18:30:00,4,Friday,9,0,1,normal,1.0,35000,CASH,40000,5000,3
TRX-250926-01801,2025-09-26,15:49:00,2025-09-26 15:49:00,4,Friday,9,0,1,normal,1.0,11000,CASH,15000,4000,2
TRX-250926-01802,2025-09-26,17:36:00,2025-09-26 17:36:00,4,Friday,9,0,1,normal,1.0,10000,CASH,15000,5000,2
TRX-250926-01803,2025-09-26,12:47:00,2025-09-26 12:47:00,4,Friday,9,0,1,normal,1.0,15000,CASH,20000,5000,2
TRX-250926-01804,2025-09-26,10:54:00,2025-09-26 10:54:00,4,Friday,9,0,1,normal,1.0,29700,CASH,30000,300,2
TRX-250927-01805,2025-09-27,17:36:00,2025-09-27 17:36:00,5,Saturday,9,1,1,normal,1.0,68500,CASH,70000,1500,5
TRX-250927-01806,2025-09-27,19:13:00,2025-09-27 19:13:00,5,Saturday,9,1,1,normal,1.0,65500,CASH,70000,4500,4
TRX-250927-01807,2025-09-27,20:15:00,2025-09-27 20:15:00,5,Saturday,9,1,1,normal,1.0,18350,CASH,20000,1650,5
TRX-250927-01808,2025-09-27,09:23:00,2025-09-27 09:23:00,5,Saturday,9,1,1,normal,1.0,11000,EWALLET,11000,0,2
TRX-250927-01809,2025-09-27,17:51:00,2025-09-27 17:51:00,5,Saturday,9,1,1,normal,1.0,9000,QRIS,9000,0,1
TRX-250927-01810,2025-09-27,13:34:00,2025-09-27 13:34:00,5,Saturday,9,1,1,normal,1.0,1500,QRIS,1500,0,1
TRX-250927-01811,2025-09-27,20:17:00,2025-09-27 20:17:00,5,Saturday,9,1,1,normal,1.0,41000,CASH,45000,4000,2
TRX-250927-01812,2025-09-27,18:56:00,2025-09-27 18:56:00,5,Saturday,9,1,1,normal,1.0,55000,CASH,60000,5000,3
TRX-250927-01813,2025-09-27,09:40:00,2025-09-27 09:40:00,5,Saturday,9,1,1,normal,1.0,57825,CASH,60000,2175,2
TRX-250927-01814,2025-09-27,08:10:00,2025-09-27 08:10:00,5,Saturday,9,1,1,normal,1.0,29000,CASH,30000,1000,2
TRX-250927-01815,2025-09-27,14:48:00,2025-09-27 14:48:00,5,Saturday,9,1,1,normal,1.0,63500,CASH,65000,1500,5
TRX-250927-01816,2025-09-27,19:54:00,2025-09-27 19:54:00,5,Saturday,9,1,1,normal,1.0,1000,CASH,5000,4000,1
TRX-250927-01817,2025-09-27,14:53:00,2025-09-27 14:53:00,5,Saturday,9,1,1,normal,1.0,18000,CASH,20000,2000,1
TRX-250927-01818,2025-09-27,21:26:00,2025-09-27 21:26:00,5,Saturday,9,1,1,normal,1.0,22000,CASH,25000,3000,2
TRX-250927-01819,2025-09-27,10:33:00,2025-09-27 10:33:00,5,Saturday,9,1,1,normal,1.0,43000,CASH,45000,2000,3
TRX-250927-01820,2025-09-27,10:38:00,2025-09-27 10:38:00,5,Saturday,9,1,1,normal,1.0,15000,TRANSFER,15000,0,1
TRX-250927-01821,2025-09-27,10:11:00,2025-09-27 10:11:00,5,Saturday,9,1,1,normal,1.0,9500,TRANSFER,9500,0,3
TRX-250927-01822,2025-09-27,10:20:00,2025-09-27 10:20:00,5,Saturday,9,1,1,normal,1.0,1000,CASH,5000,4000,1
TRX-250927-01823,2025-09-27,16:27:00,2025-09-27 16:27:00,5,Saturday,9,1,1,normal,1.0,31500,QRIS,31500,0,2
TRX-250927-01824,2025-09-27,19:52:00,2025-09-27 19:52:00,5,Saturday,9,1,1,normal,1.0,88000,CASH,90000,2000,3
TRX-250927-01825,2025-09-27,12:09:00,2025-09-27 12:09:00,5,Saturday,9,1,1,normal,1.0,64500,QRIS,64500,0,5
TRX-250927-01826,2025-09-27,09:03:00,2025-09-27 09:03:00,5,Saturday,9,1,1,normal,1.0,144000,CASH,145000,1000,3
TRX-250928-01827,2025-09-28,11:37:00,2025-09-28 11:37:00,6,Sunday,9,1,1,normal,1.0,66500,TRANSFER,66500,0,5
TRX-250928-01828,2025-09-28,19:27:00,2025-09-28 19:27:00,6,Sunday,9,1,1,normal,1.0,3000,CASH,5000,2000,1
TRX-250928-01829,2025-09-28,18:16:00,2025-09-28 18:16:00,6,Sunday,9,1,1,normal,1.0,66900,CASH,70000,3100,4
TRX-250928-01830,2025-09-28,16:59:00,2025-09-28 16:59:00,6,Sunday,9,1,1,normal,1.0,50000,TRANSFER,50000,0,2
TRX-250928-01831,2025-09-28,07:18:00,2025-09-28 07:18:00,6,Sunday,9,1,1,normal,1.0,117000,CASH,120000,3000,3
TRX-250928-01832,2025-09-28,15:34:00,2025-09-28 15:34:00,6,Sunday,9,1,1,normal,1.0,46000,CASH,50000,4000,2
TRX-250928-01833,2025-09-28,06:39:00,2025-09-28 06:39:00,6,Sunday,9,1,1,normal,1.0,122000,CASH,125000,3000,5
TRX-250928-01834,2025-09-28,21:49:00,2025-09-28 21:49:00,6,Sunday,9,1,1,normal,1.0,48000,QRIS,48000,0,3
TRX-250928-01835,2025-09-28,06:39:00,2025-09-28 06:39:00,6,Sunday,9,1,1,normal,1.0,96000,CASH,100000,4000,2
TRX-250928-01836,2025-09-28,16:49:00,2025-09-28 16:49:00,6,Sunday,9,1,1,normal,1.0,10000,QRIS,10000,0,2
TRX-250928-01837,2025-09-28,20:42:00,2025-09-28 20:42:00,6,Sunday,9,1,1,normal,1.0,16000,CASH,20000,4000,2
TRX-250928-01838,2025-09-28,08:22:00,2025-09-28 08:22:00,6,Sunday,9,1,1,normal,1.0,9000,QRIS,9000,0,1
TRX-250928-01839,2025-09-28,07:44:00,2025-09-28 07:44:00,6,Sunday,9,1,1,normal,1.0,11000,CASH,15000,4000,2
TRX-250928-01840,2025-09-28,07:19:00,2025-09-28 07:19:00,6,Sunday,9,1,1,normal,1.0,10000,QRIS,10000,0,2
TRX-250928-01841,2025-09-28,07:47:00,2025-09-28 07:47:00,6,Sunday,9,1,1,normal,1.0,59000,QRIS,59000,0,5
TRX-250928-01842,2025-09-28,21:05:00,2025-09-28 21:05:00,6,Sunday,9,1,1,normal,1.0,36000,QRIS,36000,0,2
TRX-250928-01843,2025-09-28,10:38:00,2025-09-28 10:38:00,6,Sunday,9,1,1,normal,1.0,165000,CASH,170000,5000,4
TRX-250928-01844,2025-09-28,10:42:00,2025-09-28 10:42:00,6,Sunday,9,1,1,normal,1.0,10800,CASH,15000,4200,1
TRX-250928-01845,2025-09-28,06:15:00,2025-09-28 06:15:00,6,Sunday,9,1,1,normal,1.0,28000,CASH,30000,2000,3
TRX-250928-01846,2025-09-28,08:34:00,2025-09-28 08:34:00,6,Sunday,9,1,1,normal,1.0,6000,CASH,10000,4000,1
TRX-250928-01847,2025-09-28,17:02:00,2025-09-28 17:02:00,6,Sunday,9,1,1,normal,1.0,14000,CASH,15000,1000,2
TRX-250928-01848,2025-09-28,16:34:00,2025-09-28 16:34:00,6,Sunday,9,1,1,normal,1.0,25000,CASH,30000,5000,3
TRX-250928-01849,2025-09-28,10:46:00,2025-09-28 10:46:00,6,Sunday,9,1,1,normal,1.0,12000,CASH,15000,3000,2
TRX-250928-01850,2025-09-28,19:48:00,2025-09-28 19:48:00,6,Sunday,9,1,1,normal,1.0,50000,CASH,55000,5000,4
TRX-250928-01851,2025-09-28,18:40:00,2025-09-28 18:40:00,6,Sunday,9,1,1,normal,1.0,55000,TRANSFER,55000,0,3
TRX-250929-01852,2025-09-29,18:15:00,2025-09-29 18:15:00,0,Monday,9,0,1,normal,1.0,10000,CASH,15000,5000,2
TRX-250929-01853,2025-09-29,09:20:00,2025-09-29 09:20:00,0,Monday,9,0,1,normal,1.0,54000,CASH,55000,1000,2
TRX-250929-01854,2025-09-29,16:50:00,2025-09-29 16:50:00,0,Monday,9,0,1,normal,1.0,81000,QRIS,81000,0,1
TRX-250929-01855,2025-09-29,19:05:00,2025-09-29 19:05:00,0,Monday,9,0,1,normal,1.0,27000,CASH,30000,3000,2
TRX-250929-01856,2025-09-29,19:31:00,2025-09-29 19:31:00,0,Monday,9,0,1,normal,1.0,27000,CASH,30000,3000,4
TRX-250929-01857,2025-09-29,09:31:00,2025-09-29 09:31:00,0,Monday,9,0,1,normal,1.0,124000,CASH,125000,1000,4
TRX-250929-01858,2025-09-29,14:41:00,2025-09-29 14:41:00,0,Monday,9,0,1,normal,1.0,12000,CASH,15000,3000,1
TRX-250929-01859,2025-09-29,08:55:00,2025-09-29 08:55:00,0,Monday,9,0,1,normal,1.0,39000,CASH,40000,1000,2
TRX-250929-01860,2025-09-29,06:16:00,2025-09-29 06:16:00,0,Monday,9,0,1,normal,1.0,27000,CASH,30000,3000,2
TRX-250929-01861,2025-09-29,08:41:00,2025-09-29 08:41:00,0,Monday,9,0,1,normal,1.0,139500,CASH,140000,500,4
TRX-250929-01862,2025-09-29,15:08:00,2025-09-29 15:08:00,0,Monday,9,0,1,normal,1.0,12000,CASH,15000,3000,1
TRX-250929-01863,2025-09-29,19:14:00,2025-09-29 19:14:00,0,Monday,9,0,1,normal,1.0,132500,CASH,135000,2500,3
TRX-250929-01864,2025-09-29,17:25:00,2025-09-29 17:25:00,0,Monday,9,0,1,normal,1.0,23000,CASH,25000,2000,4
TRX-250929-01865,2025-09-29,14:01:00,2025-09-29 14:01:00,0,Monday,9,0,1,normal,1.0,5000,CASH,10000,5000,2
TRX-250929-01866,2025-09-29,18:04:00,2025-09-29 18:04:00,0,Monday,9,0,1,normal,1.0,21000,TRANSFER,21000,0,2
TRX-250929-01867,2025-09-29,20:27:00,2025-09-29 20:27:00,0,Monday,9,0,1,normal,1.0,9000,CASH,10000,1000,2
TRX-250929-01868,2025-09-29,08:15:00,2025-09-29 08:15:00,0,Monday,9,0,1,normal,1.0,60000,CASH,65000,5000,3
TRX-250929-01869,2025-09-29,19:37:00,2025-09-29 19:37:00,0,Monday,9,0,1,normal,1.0,60000,CASH,65000,5000,1
TRX-250929-01870,2025-09-29,16:33:00,2025-09-29 16:33:00,0,Monday,9,0,1,normal,1.0,88000,CASH,90000,2000,3
TRX-250929-01871,2025-09-29,19:45:00,2025-09-29 19:45:00,0,Monday,9,0,1,normal,1.0,17500,CASH,20000,2500,3
TRX-250929-01872,2025-09-29,13:30:00,2025-09-29 13:30:00,0,Monday,9,0,1,normal,1.0,11700,CASH,15000,3300,3
TRX-250930-01873,2025-09-30,13:50:00,2025-09-30 13:50:00,1,Tuesday,9,0,1,normal,1.0,9000,CASH,10000,1000,3
TRX-250930-01874,2025-09-30,18:29:00,2025-09-30 18:29:00,1,Tuesday,9,0,1,normal,1.0,38000,CASH,40000,2000,2
TRX-250930-01875,2025-09-30,10:34:00,2025-09-30 10:34:00,1,Tuesday,9,0,1,normal,1.0,52000,CASH,55000,3000,4
TRX-250930-01876,2025-09-30,10:19:00,2025-09-30 10:19:00,1,Tuesday,9,0,1,normal,1.0,26000,CASH,30000,4000,2
TRX-250930-01877,2025-09-30,18:21:00,2025-09-30 18:21:00,1,Tuesday,9,0,1,normal,1.0,63000,CASH,65000,2000,4
TRX-250930-01878,2025-09-30,17:15:00,2025-09-30 17:15:00,1,Tuesday,9,0,1,normal,1.0,13000,CASH,15000,2000,2
TRX-250930-01879,2025-09-30,13:13:00,2025-09-30 13:13:00,1,Tuesday,9,0,1,normal,1.0,20000,CASH,25000,5000,2
TRX-250930-01880,2025-09-30,13:59:00,2025-09-30 13:59:00,1,Tuesday,9,0,1,normal,1.0,238000,CASH,240000,2000,4
TRX-250930-01881,2025-09-30,17:19:00,2025-09-30 17:19:00,1,Tuesday,9,0,1,normal,1.0,22500,CASH,25000,2500,3
TRX-250930-01882,2025-09-30,14:00:00,2025-09-30 14:00:00,1,Tuesday,9,0,1,normal,1.0,42000,CASH,45000,3000,4
TRX-250930-01883,2025-09-30,12:04:00,2025-09-30 12:04:00,1,Tuesday,9,0,1,normal,1.0,16500,CASH,20000,3500,2
TRX-250930-01884,2025-09-30,16:36:00,2025-09-30 16:36:00,1,Tuesday,9,0,1,normal,1.0,48000,QRIS,48000,0,2
TRX-250930-01885,2025-09-30,12:37:00,2025-09-30 12:37:00,1,Tuesday,9,0,1,normal,1.0,57500,CASH,60000,2500,3
TRX-250930-01886,2025-09-30,09:47:00,2025-09-30 09:47:00,1,Tuesday,9,0,1,normal,1.0,12000,CASH,15000,3000,2
TRX-250930-01887,2025-09-30,14:41:00,2025-09-30 14:41:00,1,Tuesday,9,0,1,normal,1.0,10000,CASH,15000,5000,1
TRX-250930-01888,2025-09-30,11:16:00,2025-09-30 11:16:00,1,Tuesday,9,0,1,normal,1.0,30000,CASH,35000,5000,1
TRX-250930-01889,2025-09-30,21:56:00,2025-09-30 21:56:00,1,Tuesday,9,0,1,normal,1.0,32000,EWALLET,32000,0,2
TRX-250930-01890,2025-09-30,19:40:00,2025-09-30 19:40:00,1,Tuesday,9,0,1,normal,1.0,10500,CASH,15000,4500,2
TRX-250930-01891,2025-09-30,19:08:00,2025-09-30 19:08:00,1,Tuesday,9,0,1,normal,1.0,54000,CASH,55000,1000,1
TRX-250930-01892,2025-09-30,18:04:00,2025-09-30 18:04:00,1,Tuesday,9,0,1,normal,1.0,63000,EWALLET,63000,0,2
TRX-250930-01893,2025-09-30,11:47:00,2025-09-30 11:47:00,1,Tuesday,9,0,1,normal,1.0,36500,CASH,40000,3500,5
TRX-250930-01894,2025-09-30,12:12:00,2025-09-30 12:12:00,1,Tuesday,9,0,1,normal,1.0,14000,CASH,15000,1000,2
TRX-250930-01895,2025-09-30,08:20:00,2025-09-30 08:20:00,1,Tuesday,9,0,1,normal,1.0,16500,CASH,20000,3500,2
TRX-250930-01896,2025-09-30,12:20:00,2025-09-30 12:20:00,1,Tuesday,9,0,1,normal,1.0,15700,CASH,20000,4300,4
TRX-250930-01897,2025-09-30,11:03:00,2025-09-30 11:03:00,1,Tuesday,9,0,1,normal,1.0,3000,CASH,5000,2000,1
TRX-250930-01898,2025-09-30,18:16:00,2025-09-30 18:16:00,1,Tuesday,9,0,1,normal,1.0,2850,CASH,5000,2150,1
TRX-250930-01899,2025-09-30,09:26:00,2025-09-30 09:26:00,1,Tuesday,9,0,1,normal,1.0,53500,QRIS,53500,0,3
TRX-250930-01900,2025-09-30,18:17:00,2025-09-30 18:17:00,1,Tuesday,9,0,1,normal,1.0,39000,CASH,40000,1000,2
TRX-250930-01901,2025-09-30,17:14:00,2025-09-30 17:14:00,1,Tuesday,9,0,1,normal,1.0,4000,QRIS,4000,0,1
TRX-250930-01902,2025-09-30,16:00:00,2025-09-30 16:00:00,1,Tuesday,9,0,1,normal,1.0,50000,CASH,55000,5000,3
TRX-250930-01903,2025-09-30,21:35:00,2025-09-30 21:35:00,1,Tuesday,9,0,1,normal,1.0,6000,CASH,10000,4000,2
TRX-251001-01904,2025-10-01,16:19:00,2025-10-01 16:19:00,2,Wednesday,10,0,1,normal,1.0,135000,CASH,140000,5000,5
TRX-251001-01905,2025-10-01,16:51:00,2025-10-01 16:51:00,2,Wednesday,10,0,1,normal,1.0,37000,EWALLET,37000,0,4
TRX-251001-01906,2025-10-01,14:28:00,2025-10-01 14:28:00,2,Wednesday,10,0,1,normal,1.0,61500,CASH,65000,3500,2
TRX-251001-01907,2025-10-01,12:17:00,2025-10-01 12:17:00,2,Wednesday,10,0,1,normal,1.0,71000,CASH,75000,4000,5
TRX-251001-01908,2025-10-01,09:57:00,2025-10-01 09:57:00,2,Wednesday,10,0,1,normal,1.0,48000,CASH,50000,2000,2
TRX-251001-01909,2025-10-01,13:59:00,2025-10-01 13:59:00,2,Wednesday,10,0,1,normal,1.0,22000,CASH,25000,3000,3
TRX-251001-01910,2025-10-01,08:51:00,2025-10-01 08:51:00,2,Wednesday,10,0,1,normal,1.0,10000,CASH,15000,5000,3
TRX-251001-01911,2025-10-01,15:37:00,2025-10-01 15:37:00,2,Wednesday,10,0,1,normal,1.0,31500,CASH,35000,3500,3
TRX-251001-01912,2025-10-01,09:30:00,2025-10-01 09:30:00,2,Wednesday,10,0,1,normal,1.0,57500,QRIS,57500,0,3
TRX-251001-01913,2025-10-01,16:35:00,2025-10-01 16:35:00,2,Wednesday,10,0,1,normal,1.0,3000,CASH,5000,2000,1
TRX-251001-01914,2025-10-01,12:31:00,2025-10-01 12:31:00,2,Wednesday,10,0,1,normal,1.0,81900,EWALLET,81900,0,2
TRX-251001-01915,2025-10-01,17:29:00,2025-10-01 17:29:00,2,Wednesday,10,0,1,normal,1.0,47000,CASH,50000,3000,3
TRX-251001-01916,2025-10-01,18:13:00,2025-10-01 18:13:00,2,Wednesday,10,0,1,normal,1.0,36300,CASH,40000,3700,3
TRX-251001-01917,2025-10-01,09:59:00,2025-10-01 09:59:00,2,Wednesday,10,0,1,normal,1.0,42500,CASH,45000,2500,3
TRX-251001-01918,2025-10-01,16:54:00,2025-10-01 16:54:00,2,Wednesday,10,0,1,normal,1.0,15000,QRIS,15000,0,3
TRX-251001-01919,2025-10-01,07:07:00,2025-10-01 07:07:00,2,Wednesday,10,0,1,normal,1.0,16000,CASH,20000,4000,1
TRX-251001-01920,2025-10-01,09:35:00,2025-10-01 09:35:00,2,Wednesday,10,0,1,normal,1.0,61000,CASH,65000,4000,2
TRX-251001-01921,2025-10-01,07:45:00,2025-10-01 07:45:00,2,Wednesday,10,0,1,normal,1.0,16000,CASH,20000,4000,2
TRX-251001-01922,2025-10-01,20:21:00,2025-10-01 20:21:00,2,Wednesday,10,0,1,normal,1.0,8500,CASH,10000,1500,2
TRX-251001-01923,2025-10-01,19:06:00,2025-10-01 19:06:00,2,Wednesday,10,0,1,normal,1.0,23000,QRIS,23000,0,2
TRX-251001-01924,2025-10-01,08:30:00,2025-10-01 08:30:00,2,Wednesday,10,0,1,normal,1.0,97600,CASH,100000,2400,3
TRX-251001-01925,2025-10-01,08:56:00,2025-10-01 08:56:00,2,Wednesday,10,0,1,normal,1.0,36000,CASH,40000,4000,2
TRX-251001-01926,2025-10-01,07:25:00,2025-10-01 07:25:00,2,Wednesday,10,0,1,normal,1.0,19000,QRIS,19000,0,3
TRX-251001-01927,2025-10-01,15:34:00,2025-10-01 15:34:00,2,Wednesday,10,0,1,normal,1.0,15000,CASH,20000,5000,1
TRX-251001-01928,2025-10-01,15:22:00,2025-10-01 15:22:00,2,Wednesday,10,0,1,normal,1.0,27200,CASH,30000,2800,2
TRX-251001-01929,2025-10-01,18:19:00,2025-10-01 18:19:00,2,Wednesday,10,0,1,normal,1.0,41000,CASH,45000,4000,4
TRX-251001-01930,2025-10-01,19:42:00,2025-10-01 19:42:00,2,Wednesday,10,0,1,normal,1.0,6000,CASH,10000,4000,1
TRX-251001-01931,2025-10-01,17:45:00,2025-10-01 17:45:00,2,Wednesday,10,0,1,normal,1.0,81000,CASH,85000,4000,1
TRX-251002-01932,2025-10-02,16:52:00,2025-10-02 16:52:00,3,Thursday,10,0,1,normal,1.0,15000,QRIS,15000,0,2
TRX-251002-01933,2025-10-02,14:37:00,2025-10-02 14:37:00,3,Thursday,10,0,1,normal,1.0,9000,TRANSFER,9000,0,2
TRX-251002-01934,2025-10-02,12:46:00,2025-10-02 12:46:00,3,Thursday,10,0,1,normal,1.0,2000,CASH,5000,3000,1
TRX-251002-01935,2025-10-02,19:31:00,2025-10-02 19:31:00,3,Thursday,10,0,1,normal,1.0,8550,CASH,10000,1450,1
TRX-251002-01936,2025-10-02,20:57:00,2025-10-02 20:57:00,3,Thursday,10,0,1,normal,1.0,7000,CASH,10000,3000,2
TRX-251002-01937,2025-10-02,10:48:00,2025-10-02 10:48:00,3,Thursday,10,0,1,normal,1.0,10000,CASH,15000,5000,2
TRX-251002-01938,2025-10-02,13:28:00,2025-10-02 13:28:00,3,Thursday,10,0,1,normal,1.0,66000,QRIS,66000,0,2
TRX-251002-01939,2025-10-02,10:12:00,2025-10-02 10:12:00,3,Thursday,10,0,1,normal,1.0,91000,EWALLET,91000,0,4
TRX-251002-01940,2025-10-02,12:07:00,2025-10-02 12:07:00,3,Thursday,10,0,1,normal,1.0,3000,CASH,5000,2000,1
TRX-251002-01941,2025-10-02,12:15:00,2025-10-02 12:15:00,3,Thursday,10,0,1,normal,1.0,22000,CASH,25000,3000,2
TRX-251002-01942,2025-10-02,10:37:00,2025-10-02 10:37:00,3,Thursday,10,0,1,normal,1.0,27000,EWALLET,27000,0,3
TRX-251002-01943,2025-10-02,12:04:00,2025-10-02 12:04:00,3,Thursday,10,0,1,normal,1.0,26800,CASH,30000,3200,2
TRX-251002-01944,2025-10-02,11:29:00,2025-10-02 11:29:00,3,Thursday,10,0,1,normal,1.0,3000,QRIS,3000,0,1
TRX-251002-01945,2025-10-02,18:07:00,2025-10-02 18:07:00,3,Thursday,10,0,1,normal,1.0,27000,CASH,30000,3000,3
TRX-251002-01946,2025-10-02,11:48:00,2025-10-02 11:48:00,3,Thursday,10,0,1,normal,1.0,34800,CASH,35000,200,2
TRX-251002-01947,2025-10-02,19:50:00,2025-10-02 19:50:00,3,Thursday,10,0,1,normal,1.0,286000,CASH,290000,4000,5
TRX-251002-01948,2025-10-02,14:36:00,2025-10-02 14:36:00,3,Thursday,10,0,1,normal,1.0,1500,CASH,5000,3500,1
TRX-251002-01949,2025-10-02,11:24:00,2025-10-02 11:24:00,3,Thursday,10,0,1,normal,1.0,22500,CASH,25000,2500,3
TRX-251002-01950,2025-10-02,13:52:00,2025-10-02 13:52:00,3,Thursday,10,0,1,normal,1.0,17000,CASH,20000,3000,2
TRX-251002-01951,2025-10-02,12:06:00,2025-10-02 12:06:00,3,Thursday,10,0,1,normal,1.0,78000,CASH,80000,2000,3
TRX-251002-01952,2025-10-02,11:04:00,2025-10-02 11:04:00,3,Thursday,10,0,1,normal,1.0,57000,CASH,60000,3000,2
TRX-251002-01953,2025-10-02,14:06:00,2025-10-02 14:06:00,3,Thursday,10,0,1,normal,1.0,24000,CASH,25000,1000,1
TRX-251002-01954,2025-10-02,11:29:00,2025-10-02 11:29:00,3,Thursday,10,0,1,normal,1.0,128000,CASH,130000,2000,4
TRX-251002-01955,2025-10-02,12:03:00,2025-10-02 12:03:00,3,Thursday,10,0,1,normal,1.0,33500,CASH,35000,1500,2
TRX-251002-01956,2025-10-02,06:20:00,2025-10-02 06:20:00,3,Thursday,10,0,1,normal,1.0,19000,CASH,20000,1000,3
TRX-251002-01957,2025-10-02,08:55:00,2025-10-02 08:55:00,3,Thursday,10,0,1,normal,1.0,7700,CASH,10000,2300,2
TRX-251002-01958,2025-10-02,10:37:00,2025-10-02 10:37:00,3,Thursday,10,0,1,normal,1.0,24000,CASH,25000,1000,1
TRX-251002-01959,2025-10-02,08:42:00,2025-10-02 08:42:00,3,Thursday,10,0,1,normal,1.0,11000,CASH,15000,4000,2
TRX-251002-01960,2025-10-02,16:23:00,2025-10-02 16:23:00,3,Thursday,10,0,1,normal,1.0,26000,QRIS,26000,0,2
TRX-251003-01961,2025-10-03,10:08:00,2025-10-03 10:08:00,4,Friday,10,0,1,normal,1.0,15000,QRIS,15000,0,2
TRX-251003-01962,2025-10-03,15:27:00,2025-10-03 15:27:00,4,Friday,10,0,1,normal,1.0,14000,CASH,15000,1000,2
TRX-251003-01963,2025-10-03,16:40:00,2025-10-03 16:40:00,4,Friday,10,0,1,normal,1.0,108000,CASH,110000,2000,5
TRX-251003-01964,2025-10-03,08:31:00,2025-10-03 08:31:00,4,Friday,10,0,1,normal,1.0,23000,CASH,25000,2000,4
TRX-251003-01965,2025-10-03,16:10:00,2025-10-03 16:10:00,4,Friday,10,0,1,normal,1.0,12000,CASH,15000,3000,2
TRX-251003-01966,2025-10-03,10:37:00,2025-10-03 10:37:00,4,Friday,10,0,1,normal,1.0,55000,QRIS,55000,0,3
TRX-251003-01967,2025-10-03,17:24:00,2025-10-03 17:24:00,4,Friday,10,0,1,normal,1.0,14000,CASH,15000,1000,2
TRX-251003-01968,2025-10-03,12:12:00,2025-10-03 12:12:00,4,Friday,10,0,1,normal,1.0,62000,TRANSFER,62000,0,2
TRX-251003-01969,2025-10-03,16:01:00,2025-10-03 16:01:00,4,Friday,10,0,1,normal,1.0,24000,CASH,25000,1000,2
TRX-251003-01970,2025-10-03,19:34:00,2025-10-03 19:34:00,4,Friday,10,0,1,normal,1.0,27800,CASH,30000,2200,3
TRX-251003-01971,2025-10-03,13:13:00,2025-10-03 13:13:00,4,Friday,10,0,1,normal,1.0,14400,CASH,15000,600,2
TRX-251003-01972,2025-10-03,18:35:00,2025-10-03 18:35:00,4,Friday,10,0,1,normal,1.0,42500,CASH,45000,2500,5
TRX-251003-01973,2025-10-03,15:53:00,2025-10-03 15:53:00,4,Friday,10,0,1,normal,1.0,42000,CASH,45000,3000,3
TRX-251003-01974,2025-10-03,15:57:00,2025-10-03 15:57:00,4,Friday,10,0,1,normal,1.0,9000,CASH,10000,1000,2
TRX-251003-01975,2025-10-03,12:58:00,2025-10-03 12:58:00,4,Friday,10,0,1,normal,1.0,11000,CASH,15000,4000,2
TRX-251003-01976,2025-10-03,10:21:00,2025-10-03 10:21:00,4,Friday,10,0,1,normal,1.0,3000,CASH,5000,2000,1
TRX-251003-01977,2025-10-03,15:07:00,2025-10-03 15:07:00,4,Friday,10,0,1,normal,1.0,72000,CASH,75000,3000,2
TRX-251003-01978,2025-10-03,10:17:00,2025-10-03 10:17:00,4,Friday,10,0,1,normal,1.0,36000,CASH,40000,4000,2
TRX-251003-01979,2025-10-03,10:52:00,2025-10-03 10:52:00,4,Friday,10,0,1,normal,1.0,38000,TRANSFER,38000,0,3
TRX-251003-01980,2025-10-03,08:00:00,2025-10-03 08:00:00,4,Friday,10,0,1,normal,1.0,130500,QRIS,130500,0,5
TRX-251003-01981,2025-10-03,07:04:00,2025-10-03 07:04:00,4,Friday,10,0,1,normal,1.0,25500,QRIS,25500,0,4
TRX-251003-01982,2025-10-03,08:03:00,2025-10-03 08:03:00,4,Friday,10,0,1,normal,1.0,108000,TRANSFER,108000,0,3
TRX-251003-01983,2025-10-03,18:56:00,2025-10-03 18:56:00,4,Friday,10,0,1,normal,1.0,1000,CASH,5000,4000,1
TRX-251003-01984,2025-10-03,15:19:00,2025-10-03 15:19:00,4,Friday,10,0,1,normal,1.0,22000,CASH,25000,3000,5
TRX-251003-01985,2025-10-03,19:04:00,2025-10-03 19:04:00,4,Friday,10,0,1,normal,1.0,12500,CASH,15000,2500,4
TRX-251003-01986,2025-10-03,15:07:00,2025-10-03 15:07:00,4,Friday,10,0,1,normal,1.0,13700,CASH,15000,1300,3
TRX-251003-01987,2025-10-03,10:03:00,2025-10-03 10:03:00,4,Friday,10,0,1,normal,1.0,15000,CASH,20000,5000,2
TRX-251004-01988,2025-10-04,17:31:00,2025-10-04 17:31:00,5,Saturday,10,1,1,normal,1.0,182000,CASH,185000,3000,3
TRX-251004-01989,2025-10-04,14:58:00,2025-10-04 14:58:00,5,Saturday,10,1,1,normal,1.0,31000,EWALLET,31000,0,4
TRX-251004-01990,2025-10-04,10:23:00,2025-10-04 10:23:00,5,Saturday,10,1,1,normal,1.0,15700,CASH,20000,4300,4
TRX-251004-01991,2025-10-04,16:05:00,2025-10-04 16:05:00,5,Saturday,10,1,1,normal,1.0,12000,CASH,15000,3000,2
TRX-251004-01992,2025-10-04,20:55:00,2025-10-04 20:55:00,5,Saturday,10,1,1,normal,1.0,51000,CASH,55000,4000,2
TRX-251004-01993,2025-10-04,18:26:00,2025-10-04 18:26:00,5,Saturday,10,1,1,normal,1.0,56000,QRIS,56000,0,3
TRX-251004-01994,2025-10-04,08:55:00,2025-10-04 08:55:00,5,Saturday,10,1,1,normal,1.0,68000,CASH,70000,2000,3
TRX-251004-01995,2025-10-04,15:38:00,2025-10-04 15:38:00,5,Saturday,10,1,1,normal,1.0,148000,CASH,150000,2000,2
TRX-251004-01996,2025-10-04,19:06:00,2025-10-04 19:06:00,5,Saturday,10,1,1,normal,1.0,64500,QRIS,64500,0,3
TRX-251004-01997,2025-10-04,16:37:00,2025-10-04 16:37:00,5,Saturday,10,1,1,normal,1.0,2000,QRIS,2000,0,1
TRX-251004-01998,2025-10-04,16:42:00,2025-10-04 16:42:00,5,Saturday,10,1,1,normal,1.0,8000,CASH,10000,2000,2
TRX-251004-01999,2025-10-04,18:01:00,2025-10-04 18:01:00,5,Saturday,10,1,1,normal,1.0,24500,CASH,25000,500,4
TRX-251004-02000,2025-10-04,13:26:00,2025-10-04 13:26:00,5,Saturday,10,1,1,normal,1.0,73000,CASH,75000,2000,4
TRX-251004-02001,2025-10-04,20:43:00,2025-10-04 20:43:00,5,Saturday,10,1,1,normal,1.0,35600,CASH,40000,4400,5
TRX-251004-02002,2025-10-04,19:50:00,2025-10-04 19:50:00,5,Saturday,10,1,1,normal,1.0,70000,CASH,75000,5000,2
TRX-251004-02003,2025-10-04,15:27:00,2025-10-04 15:27:00,5,Saturday,10,1,1,normal,1.0,45000,CASH,50000,5000,3
TRX-251004-02004,2025-10-04,10:28:00,2025-10-04 10:28:00,5,Saturday,10,1,1,normal,1.0,26000,CASH,30000,4000,4
TRX-251004-02005,2025-10-04,06:17:00,2025-10-04 06:17:00,5,Saturday,10,1,1,normal,1.0,54000,CASH,55000,1000,2
TRX-251004-02006,2025-10-04,18:55:00,2025-10-04 18:55:00,5,Saturday,10,1,1,normal,1.0,94750,CASH,95000,250,5
TRX-251004-02007,2025-10-04,18:38:00,2025-10-04 18:38:00,5,Saturday,10,1,1,normal,1.0,54000,CASH,55000,1000,1
TRX-251004-02008,2025-10-04,19:24:00,2025-10-04 19:24:00,5,Saturday,10,1,1,normal,1.0,2000,CASH,5000,3000,2
TRX-251004-02009,2025-10-04,10:42:00,2025-10-04 10:42:00,5,Saturday,10,1,1,normal,1.0,2000,CASH,5000,3000,1
TRX-251004-02010,2025-10-04,10:05:00,2025-10-04 10:05:00,5,Saturday,10,1,1,normal,1.0,31000,CASH,35000,4000,2
TRX-251004-02011,2025-10-04,12:11:00,2025-10-04 12:11:00,5,Saturday,10,1,1,normal,1.0,36000,CASH,40000,4000,5
TRX-251004-02012,2025-10-04,12:38:00,2025-10-04 12:38:00,5,Saturday,10,1,1,normal,1.0,5000,CASH,10000,5000,1
TRX-251004-02013,2025-10-04,17:13:00,2025-10-04 17:13:00,5,Saturday,10,1,1,normal,1.0,4000,CASH,5000,1000,1
TRX-251004-02014,2025-10-04,20:22:00,2025-10-04 20:22:00,5,Saturday,10,1,1,normal,1.0,7650,CASH,10000,2350,1
TRX-251004-02015,2025-10-04,10:15:00,2025-10-04 10:15:00,5,Saturday,10,1,1,normal,1.0,16300,CASH,20000,3700,2
TRX-251005-02016,2025-10-05,12:24:00,2025-10-05 12:24:00,6,Sunday,10,1,1,normal,1.0,3000,CASH,5000,2000,1
TRX-251005-02017,2025-10-05,13:32:00,2025-10-05 13:32:00,6,Sunday,10,1,1,normal,1.0,152800,CASH,155000,2200,3
TRX-251005-02018,2025-10-05,09:14:00,2025-10-05 09:14:00,6,Sunday,10,1,1,normal,1.0,6000,CASH,10000,4000,1
TRX-251005-02019,2025-10-05,17:18:00,2025-10-05 17:18:00,6,Sunday,10,1,1,normal,1.0,23000,QRIS,23000,0,2
TRX-251005-02020,2025-10-05,17:12:00,2025-10-05 17:12:00,6,Sunday,10,1,1,normal,1.0,39000,CASH,40000,1000,2
TRX-251005-02021,2025-10-05,11:42:00,2025-10-05 11:42:00,6,Sunday,10,1,1,normal,1.0,13000,CASH,15000,2000,2
TRX-251005-02022,2025-10-05,11:35:00,2025-10-05 11:35:00,6,Sunday,10,1,1,normal,1.0,36000,QRIS,36000,0,1
TRX-251005-02023,2025-10-05,10:43:00,2025-10-05 10:43:00,6,Sunday,10,1,1,normal,1.0,5100,CASH,10000,4900,1
TRX-251005-02024,2025-10-05,18:40:00,2025-10-05 18:40:00,6,Sunday,10,1,1,normal,1.0,14000,CASH,15000,1000,2
TRX-251005-02025,2025-10-05,09:52:00,2025-10-05 09:52:00,6,Sunday,10,1,1,normal,1.0,80550,CASH,85000,4450,3
TRX-251005-02026,2025-10-05,10:53:00,2025-10-05 10:53:00,6,Sunday,10,1,1,normal,1.0,53000,CASH,55000,2000,2
TRX-251005-02027,2025-10-05,10:16:00,2025-10-05 10:16:00,6,Sunday,10,1,1,normal,1.0,29000,QRIS,29000,0,2
TRX-251005-02028,2025-10-05,14:16:00,2025-10-05 14:16:00,6,Sunday,10,1,1,normal,1.0,36000,CASH,40000,4000,1
TRX-251005-02029,2025-10-05,15:56:00,2025-10-05 15:56:00,6,Sunday,10,1,1,normal,1.0,27000,CASH,30000,3000,5
TRX-251005-02030,2025-10-05,08:09:00,2025-10-05 08:09:00,6,Sunday,10,1,1,normal,1.0,13000,CASH,15000,2000,2
TRX-251005-02031,2025-10-05,16:20:00,2025-10-05 16:20:00,6,Sunday,10,1,1,normal,1.0,64000,CASH,65000,1000,4
TRX-251005-02032,2025-10-05,11:26:00,2025-10-05 11:26:00,6,Sunday,10,1,1,normal,1.0,13500,TRANSFER,13500,0,2
TRX-251005-02033,2025-10-05,17:48:00,2025-10-05 17:48:00,6,Sunday,10,1,1,normal,1.0,4000,CASH,5000,1000,2
TRX-251005-02034,2025-10-05,17:16:00,2025-10-05 17:16:00,6,Sunday,10,1,1,normal,1.0,22700,CASH,25000,2300,3
TRX-251005-02035,2025-10-05,13:35:00,2025-10-05 13:35:00,6,Sunday,10,1,1,normal,1.0,55000,CASH,60000,5000,4
TRX-251005-02036,2025-10-05,06:14:00,2025-10-05 06:14:00,6,Sunday,10,1,1,normal,1.0,114000,CASH,115000,1000,3
TRX-251005-02037,2025-10-05,09:03:00,2025-10-05 09:03:00,6,Sunday,10,1,1,normal,1.0,78000,QRIS,78000,0,5
TRX-251005-02038,2025-10-05,21:56:00,2025-10-05 21:56:00,6,Sunday,10,1,1,normal,1.0,13000,CASH,15000,2000,3
TRX-251005-02039,2025-10-05,14:13:00,2025-10-05 14:13:00,6,Sunday,10,1,1,normal,1.0,53700,CASH,55000,1300,5
TRX-251005-02040,2025-10-05,19:57:00,2025-10-05 19:57:00,6,Sunday,10,1,1,normal,1.0,24000,CASH,25000,1000,2
TRX-251005-02041,2025-10-05,08:12:00,2025-10-05 08:12:00,6,Sunday,10,1,1,normal,1.0,9000,QRIS,9000,0,1
TRX-251005-02042,2025-10-05,10:03:00,2025-10-05 10:03:00,6,Sunday,10,1,1,normal,1.0,37000,CASH,40000,3000,4
TRX-251005-02043,2025-10-05,17:36:00,2025-10-05 17:36:00,6,Sunday,10,1,1,normal,1.0,61500,CASH,65000,3500,3
TRX-251005-02044,2025-10-05,16:53:00,2025-10-05 16:53:00,6,Sunday,10,1,1,normal,1.0,105000,CASH,110000,5000,2
TRX-251005-02045,2025-10-05,07:02:00,2025-10-05 07:02:00,6,Sunday,10,1,1,normal,1.0,87000,CASH,90000,3000,3
TRX-251005-02046,2025-10-05,19:02:00,2025-10-05 19:02:00,6,Sunday,10,1,1,normal,1.0,36000,CASH,40000,4000,2
TRX-251005-02047,2025-10-05,13:06:00,2025-10-05 13:06:00,6,Sunday,10,1,1,normal,1.0,16000,CASH,20000,4000,2
TRX-251005-02048,2025-10-05,15:52:00,2025-10-05 15:52:00,6,Sunday,10,1,1,normal,1.0,32000,CASH,35000,3000,4
TRX-251005-02049,2025-10-05,10:41:00,2025-10-05 10:41:00,6,Sunday,10,1,1,normal,1.0,11000,CASH,15000,4000,2
TRX-251005-02050,2025-10-05,16:49:00,2025-10-05 16:49:00,6,Sunday,10,1,1,normal,1.0,18000,CASH,20000,2000,2
TRX-251005-02051,2025-10-05,11:52:00,2025-10-05 11:52:00,6,Sunday,10,1,1,normal,1.0,71850,CASH,75000,3150,2
TRX-251005-02052,2025-10-05,11:10:00,2025-10-05 11:10:00,6,Sunday,10,1,1,normal,1.0,19000,CASH,20000,1000,4
TRX-251005-02053,2025-10-05,12:15:00,2025-10-05 12:15:00,6,Sunday,10,1,1,normal,1.0,91800,QRIS,91800,0,1
TRX-251006-02054,2025-10-06,19:53:00,2025-10-06 19:53:00,0,Monday,10,0,0,normal,1.0,4500,QRIS,4500,0,1
TRX-251006-02055,2025-10-06,09:30:00,2025-10-06 09:30:00,0,Monday,10,0,0,normal,1.0,18000,QRIS,18000,0,4
TRX-251006-02056,2025-10-06,07:28:00,2025-10-06 07:28:00,0,Monday,10,0,0,normal,1.0,45000,CASH,50000,5000,3
TRX-251006-02057,2025-10-06,18:42:00,2025-10-06 18:42:00,0,Monday,10,0,0,normal,1.0,8500,QRIS,8500,0,2
TRX-251006-02058,2025-10-06,15:30:00,2025-10-06 15:30:00,0,Monday,10,0,0,normal,1.0,6000,CASH,10000,4000,1
TRX-251006-02059,2025-10-06,17:26:00,2025-10-06 17:26:00,0,Monday,10,0,0,normal,1.0,44250,CASH,45000,750,2
TRX-251006-02060,2025-10-06,17:09:00,2025-10-06 17:09:00,0,Monday,10,0,0,normal,1.0,11000,CASH,15000,4000,2
TRX-251006-02061,2025-10-06,15:44:00,2025-10-06 15:44:00,0,Monday,10,0,0,normal,1.0,7800,QRIS,7800,0,2
TRX-251006-02062,2025-10-06,10:42:00,2025-10-06 10:42:00,0,Monday,10,0,0,normal,1.0,48000,CASH,50000,2000,2
TRX-251006-02063,2025-10-06,17:06:00,2025-10-06 17:06:00,0,Monday,10,0,0,normal,1.0,2550,QRIS,2550,0,1
TRX-251006-02064,2025-10-06,07:25:00,2025-10-06 07:25:00,0,Monday,10,0,0,normal,1.0,11000,CASH,15000,4000,2
TRX-251006-02065,2025-10-06,18:14:00,2025-10-06 18:14:00,0,Monday,10,0,0,normal,1.0,18000,CASH,20000,2000,2
TRX-251006-02066,2025-10-06,13:05:00,2025-10-06 13:05:00,0,Monday,10,0,0,normal,1.0,51000,EWALLET,51000,0,4
TRX-251006-02067,2025-10-06,16:52:00,2025-10-06 16:52:00,0,Monday,10,0,0,normal,1.0,21000,CASH,25000,4000,3
TRX-251006-02068,2025-10-06,09:00:00,2025-10-06 09:00:00,0,Monday,10,0,0,normal,1.0,31000,QRIS,31000,0,1
TRX-251006-02069,2025-10-06,14:42:00,2025-10-06 14:42:00,0,Monday,10,0,0,normal,1.0,8000,CASH,10000,2000,1
TRX-251006-02070,2025-10-06,15:35:00,2025-10-06 15:35:00,0,Monday,10,0,0,normal,1.0,16000,TRANSFER,16000,0,4
TRX-251007-02071,2025-10-07,15:48:00,2025-10-07 15:48:00,1,Tuesday,10,0,0,normal,1.0,78000,CASH,80000,2000,4
TRX-251007-02072,2025-10-07,18:34:00,2025-10-07 18:34:00,1,Tuesday,10,0,0,normal,1.0,48500,CASH,50000,1500,4
TRX-251007-02073,2025-10-07,10:28:00,2025-10-07 10:28:00,1,Tuesday,10,0,0,normal,1.0,8000,CASH,10000,2000,2
TRX-251007-02074,2025-10-07,09:08:00,2025-10-07 09:08:00,1,Tuesday,10,0,0,normal,1.0,48000,QRIS,48000,0,3
TRX-251007-02075,2025-10-07,18:58:00,2025-10-07 18:58:00,1,Tuesday,10,0,0,normal,1.0,10000,CASH,15000,5000,3
TRX-251007-02076,2025-10-07,12:59:00,2025-10-07 12:59:00,1,Tuesday,10,0,0,normal,1.0,2500,EWALLET,2500,0,2
TRX-251007-02077,2025-10-07,16:38:00,2025-10-07 16:38:00,1,Tuesday,10,0,0,normal,1.0,33000,CASH,35000,2000,2
TRX-251007-02078,2025-10-07,13:55:00,2025-10-07 13:55:00,1,Tuesday,10,0,0,normal,1.0,3000,CASH,5000,2000,1
TRX-251007-02079,2025-10-07,14:13:00,2025-10-07 14:13:00,1,Tuesday,10,0,0,normal,1.0,91200,TRANSFER,91200,0,2
TRX-251007-02080,2025-10-07,17:10:00,2025-10-07 17:10:00,1,Tuesday,10,0,0,normal,1.0,10000,CASH,15000,5000,2
TRX-251007-02081,2025-10-07,15:44:00,2025-10-07 15:44:00,1,Tuesday,10,0,0,normal,1.0,57000,CASH,60000,3000,2
TRX-251007-02082,2025-10-07,16:45:00,2025-10-07 16:45:00,1,Tuesday,10,0,0,normal,1.0,11500,CASH,15000,3500,3
TRX-251007-02083,2025-10-07,12:38:00,2025-10-07 12:38:00,1,Tuesday,10,0,0,normal,1.0,89050,CASH,90000,950,4
TRX-251007-02084,2025-10-07,20:24:00,2025-10-07 20:24:00,1,Tuesday,10,0,0,normal,1.0,117000,CASH,120000,3000,2
TRX-251007-02085,2025-10-07,12:51:00,2025-10-07 12:51:00,1,Tuesday,10,0,0,normal,1.0,27000,CASH,30000,3000,1
TRX-251008-02086,2025-10-08,07:55:00,2025-10-08 07:55:00,2,Wednesday,10,0,0,normal,1.0,75000,CASH,80000,5000,3
TRX-251008-02087,2025-10-08,16:03:00,2025-10-08 16:03:00,2,Wednesday,10,0,0,normal,1.0,21700,CASH,25000,3300,3
TRX-251008-02088,2025-10-08,07:17:00,2025-10-08 07:17:00,2,Wednesday,10,0,0,normal,1.0,18500,CASH,20000,1500,2
TRX-251008-02089,2025-10-08,09:38:00,2025-10-08 09:38:00,2,Wednesday,10,0,0,normal,1.0,87750,CASH,90000,2250,2
TRX-251008-02090,2025-10-08,18:50:00,2025-10-08 18:50:00,2,Wednesday,10,0,0,normal,1.0,39000,CASH,40000,1000,2
TRX-251008-02091,2025-10-08,17:40:00,2025-10-08 17:40:00,2,Wednesday,10,0,0,normal,1.0,34000,CASH,35000,1000,2
TRX-251008-02092,2025-10-08,12:42:00,2025-10-08 12:42:00,2,Wednesday,10,0,0,normal,1.0,35000,CASH,40000,5000,4
TRX-251008-02093,2025-10-08,12:27:00,2025-10-08 12:27:00,2,Wednesday,10,0,0,normal,1.0,97000,CASH,100000,3000,4
TRX-251008-02094,2025-10-08,16:27:00,2025-10-08 16:27:00,2,Wednesday,10,0,0,normal,1.0,6550,EWALLET,6550,0,2
TRX-251008-02095,2025-10-08,18:30:00,2025-10-08 18:30:00,2,Wednesday,10,0,0,normal,1.0,30000,TRANSFER,30000,0,2
TRX-251008-02096,2025-10-08,18:35:00,2025-10-08 18:35:00,2,Wednesday,10,0,0,normal,1.0,17000,CASH,20000,3000,2
TRX-251008-02097,2025-10-08,14:22:00,2025-10-08 14:22:00,2,Wednesday,10,0,0,normal,1.0,45000,CASH,50000,5000,1
TRX-251008-02098,2025-10-08,17:38:00,2025-10-08 17:38:00,2,Wednesday,10,0,0,normal,1.0,7000,CASH,10000,3000,2
TRX-251008-02099,2025-10-08,17:48:00,2025-10-08 17:48:00,2,Wednesday,10,0,0,normal,1.0,42000,CASH,45000,3000,2
TRX-251008-02100,2025-10-08,10:50:00,2025-10-08 10:50:00,2,Wednesday,10,0,0,normal,1.0,246425,CASH,250000,3575,5
TRX-251008-02101,2025-10-08,08:13:00,2025-10-08 08:13:00,2,Wednesday,10,0,0,normal,1.0,14000,CASH,15000,1000,2
TRX-251008-02102,2025-10-08,10:31:00,2025-10-08 10:31:00,2,Wednesday,10,0,0,normal,1.0,12000,CASH,15000,3000,3
TRX-251008-02103,2025-10-08,09:22:00,2025-10-08 09:22:00,2,Wednesday,10,0,0,normal,1.0,10000,CASH,15000,5000,2
TRX-251008-02104,2025-10-08,08:03:00,2025-10-08 08:03:00,2,Wednesday,10,0,0,normal,1.0,28000,CASH,30000,2000,2
TRX-251008-02105,2025-10-08,12:02:00,2025-10-08 12:02:00,2,Wednesday,10,0,0,normal,1.0,31600,CASH,35000,3400,4
TRX-251009-02106,2025-10-09,09:54:00,2025-10-09 09:54:00,3,Thursday,10,0,0,normal,1.0,3000,CASH,5000,2000,1
TRX-251009-02107,2025-10-09,18:54:00,2025-10-09 18:54:00,3,Thursday,10,0,0,normal,1.0,12000,CASH,15000,3000,1
TRX-251009-02108,2025-10-09,17:47:00,2025-10-09 17:47:00,3,Thursday,10,0,0,normal,1.0,11000,CASH,15000,4000,2
TRX-251009-02109,2025-10-09,17:28:00,2025-10-09 17:28:00,3,Thursday,10,0,0,normal,1.0,49000,CASH,50000,1000,2
TRX-251009-02110,2025-10-09,17:15:00,2025-10-09 17:15:00,3,Thursday,10,0,0,normal,1.0,50000,CASH,55000,5000,5
TRX-251009-02111,2025-10-09,08:11:00,2025-10-09 08:11:00,3,Thursday,10,0,0,normal,1.0,88000,TRANSFER,88000,0,3
TRX-251009-02112,2025-10-09,11:52:00,2025-10-09 11:52:00,3,Thursday,10,0,0,normal,1.0,26000,CASH,30000,4000,2
TRX-251009-02113,2025-10-09,09:23:00,2025-10-09 09:23:00,3,Thursday,10,0,0,normal,1.0,23900,CASH,25000,1100,4
TRX-251009-02114,2025-10-09,12:39:00,2025-10-09 12:39:00,3,Thursday,10,0,0,normal,1.0,45000,CASH,50000,5000,2
TRX-251009-02115,2025-10-09,08:41:00,2025-10-09 08:41:00,3,Thursday,10,0,0,normal,1.0,31000,CASH,35000,4000,1
TRX-251009-02116,2025-10-09,19:38:00,2025-10-09 19:38:00,3,Thursday,10,0,0,normal,1.0,20000,TRANSFER,20000,0,1
TRX-251009-02117,2025-10-09,10:10:00,2025-10-09 10:10:00,3,Thursday,10,0,0,normal,1.0,17000,CASH,20000,3000,3
TRX-251009-02118,2025-10-09,12:57:00,2025-10-09 12:57:00,3,Thursday,10,0,0,normal,1.0,4000,CASH,5000,1000,1
TRX-251009-02119,2025-10-09,08:01:00,2025-10-09 08:01:00,3,Thursday,10,0,0,normal,1.0,102000,CASH,105000,3000,2
TRX-251010-02120,2025-10-10,18:03:00,2025-10-10 18:03:00,4,Friday,10,0,0,normal,1.0,72000,EWALLET,72000,0,2
TRX-251010-02121,2025-10-10,10:31:00,2025-10-10 10:31:00,4,Friday,10,0,0,normal,1.0,52050,CASH,55000,2950,3
TRX-251010-02122,2025-10-10,17:17:00,2025-10-10 17:17:00,4,Friday,10,0,0,normal,1.0,2000,QRIS,2000,0,1
TRX-251010-02123,2025-10-10,13:22:00,2025-10-10 13:22:00,4,Friday,10,0,0,normal,1.0,39000,CASH,40000,1000,2
TRX-251010-02124,2025-10-10,10:35:00,2025-10-10 10:35:00,4,Friday,10,0,0,normal,1.0,9250,CASH,10000,750,3
TRX-251010-02125,2025-10-10,14:35:00,2025-10-10 14:35:00,4,Friday,10,0,0,normal,1.0,6000,QRIS,6000,0,2
TRX-251010-02126,2025-10-10,12:07:00,2025-10-10 12:07:00,4,Friday,10,0,0,normal,1.0,42000,CASH,45000,3000,3
TRX-251010-02127,2025-10-10,12:00:00,2025-10-10 12:00:00,4,Friday,10,0,0,normal,1.0,16000,CASH,20000,4000,2
TRX-251010-02128,2025-10-10,08:44:00,2025-10-10 08:44:00,4,Friday,10,0,0,normal,1.0,33500,CASH,35000,1500,3
TRX-251010-02129,2025-10-10,18:20:00,2025-10-10 18:20:00,4,Friday,10,0,0,normal,1.0,3000,CASH,5000,2000,1
TRX-251010-02130,2025-10-10,19:37:00,2025-10-10 19:37:00,4,Friday,10,0,0,normal,1.0,36000,CASH,40000,4000,4
TRX-251010-02131,2025-10-10,10:28:00,2025-10-10 10:28:00,4,Friday,10,0,0,normal,1.0,15000,CASH,20000,5000,2
TRX-251011-02132,2025-10-11,17:48:00,2025-10-11 17:48:00,5,Saturday,10,1,0,normal,1.0,64500,CASH,65000,500,4
TRX-251011-02133,2025-10-11,09:43:00,2025-10-11 09:43:00,5,Saturday,10,1,0,normal,1.0,58500,EWALLET,58500,0,3
TRX-251011-02134,2025-10-11,06:43:00,2025-10-11 06:43:00,5,Saturday,10,1,0,normal,1.0,1000,CASH,5000,4000,1
TRX-251011-02135,2025-10-11,15:06:00,2025-10-11 15:06:00,5,Saturday,10,1,0,normal,1.0,16000,CASH,20000,4000,2
TRX-251011-02136,2025-10-11,10:01:00,2025-10-11 10:01:00,5,Saturday,10,1,0,normal,1.0,51400,CASH,55000,3600,2
TRX-251011-02137,2025-10-11,10:01:00,2025-10-11 10:01:00,5,Saturday,10,1,0,normal,1.0,40000,TRANSFER,40000,0,2
TRX-251011-02138,2025-10-11,11:11:00,2025-10-11 11:11:00,5,Saturday,10,1,0,normal,1.0,19500,CASH,20000,500,3
TRX-251011-02139,2025-10-11,07:16:00,2025-10-11 07:16:00,5,Saturday,10,1,0,normal,1.0,3000,CASH,5000,2000,1
TRX-251011-02140,2025-10-11,12:08:00,2025-10-11 12:08:00,5,Saturday,10,1,0,normal,1.0,19000,CASH,20000,1000,3
TRX-251011-02141,2025-10-11,13:43:00,2025-10-11 13:43:00,5,Saturday,10,1,0,normal,1.0,6000,CASH,10000,4000,2
TRX-251011-02142,2025-10-11,15:39:00,2025-10-11 15:39:00,5,Saturday,10,1,0,normal,1.0,19000,CASH,20000,1000,3
TRX-251011-02143,2025-10-11,08:39:00,2025-10-11 08:39:00,5,Saturday,10,1,0,normal,1.0,9000,CASH,10000,1000,2
TRX-251011-02144,2025-10-11,16:26:00,2025-10-11 16:26:00,5,Saturday,10,1,0,normal,1.0,31000,CASH,35000,4000,4
TRX-251011-02145,2025-10-11,12:31:00,2025-10-11 12:31:00,5,Saturday,10,1,0,normal,1.0,12000,CASH,15000,3000,4
TRX-251012-02146,2025-10-12,08:31:00,2025-10-12 08:31:00,6,Sunday,10,1,0,normal,1.0,16000,CASH,20000,4000,2
TRX-251012-02147,2025-10-12,18:15:00,2025-10-12 18:15:00,6,Sunday,10,1,0,normal,1.0,1900,CASH,5000,3100,1
TRX-251012-02148,2025-10-12,11:38:00,2025-10-12 11:38:00,6,Sunday,10,1,0,normal,1.0,45000,CASH,50000,5000,4
TRX-251012-02149,2025-10-12,14:53:00,2025-10-12 14:53:00,6,Sunday,10,1,0,normal,1.0,4500,CASH,5000,500,1
TRX-251012-02150,2025-10-12,09:58:00,2025-10-12 09:58:00,6,Sunday,10,1,0,normal,1.0,11500,CASH,15000,3500,2
TRX-251012-02151,2025-10-12,14:56:00,2025-10-12 14:56:00,6,Sunday,10,1,0,normal,1.0,60000,EWALLET,60000,0,1
TRX-251012-02152,2025-10-12,13:26:00,2025-10-12 13:26:00,6,Sunday,10,1,0,normal,1.0,74000,CASH,75000,1000,4
TRX-251012-02153,2025-10-12,17:16:00,2025-10-12 17:16:00,6,Sunday,10,1,0,normal,1.0,17100,QRIS,17100,0,2
TRX-251012-02154,2025-10-12,17:49:00,2025-10-12 17:49:00,6,Sunday,10,1,0,normal,1.0,101400,CASH,105000,3600,5
TRX-251012-02155,2025-10-12,11:48:00,2025-10-12 11:48:00,6,Sunday,10,1,0,normal,1.0,29350,CASH,30000,650,5
TRX-251012-02156,2025-10-12,16:47:00,2025-10-12 16:47:00,6,Sunday,10,1,0,normal,1.0,134700,CASH,135000,300,4
TRX-251012-02157,2025-10-12,08:50:00,2025-10-12 08:50:00,6,Sunday,10,1,0,normal,1.0,24000,EWALLET,24000,0,2
TRX-251012-02158,2025-10-12,09:17:00,2025-10-12 09:17:00,6,Sunday,10,1,0,normal,1.0,11000,CASH,15000,4000,2
TRX-251012-02159,2025-10-12,08:47:00,2025-10-12 08:47:00,6,Sunday,10,1,0,normal,1.0,46000,CASH,50000,4000,3
TRX-251012-02160,2025-10-12,16:57:00,2025-10-12 16:57:00,6,Sunday,10,1,0,normal,1.0,22000,CASH,25000,3000,2
TRX-251013-02161,2025-10-13,19:11:00,2025-10-13 19:11:00,0,Monday,10,0,0,normal,1.0,13000,QRIS,13000,0,2
TRX-251013-02162,2025-10-13,09:36:00,2025-10-13 09:36:00,0,Monday,10,0,0,normal,1.0,45000,CASH,50000,5000,2
TRX-251013-02163,2025-10-13,15:49:00,2025-10-13 15:49:00,0,Monday,10,0,0,normal,1.0,14000,CASH,15000,1000,2
TRX-251013-02164,2025-10-13,17:12:00,2025-10-13 17:12:00,0,Monday,10,0,0,normal,1.0,50500,QRIS,50500,0,3
TRX-251013-02165,2025-10-13,13:12:00,2025-10-13 13:12:00,0,Monday,10,0,0,normal,1.0,4000,CASH,5000,1000,2
TRX-251013-02166,2025-10-13,11:47:00,2025-10-13 11:47:00,0,Monday,10,0,0,normal,1.0,56000,CASH,60000,4000,3
TRX-251013-02167,2025-10-13,20:08:00,2025-10-13 20:08:00,0,Monday,10,0,0,normal,1.0,12500,QRIS,12500,0,3
TRX-251013-02168,2025-10-13,14:39:00,2025-10-13 14:39:00,0,Monday,10,0,0,normal,1.0,27000,CASH,30000,3000,4
TRX-251013-02169,2025-10-13,12:02:00,2025-10-13 12:02:00,0,Monday,10,0,0,normal,1.0,84000,CASH,85000,1000,2
TRX-251013-02170,2025-10-13,14:29:00,2025-10-13 14:29:00,0,Monday,10,0,0,normal,1.0,12000,CASH,15000,3000,1
TRX-251013-02171,2025-10-13,13:27:00,2025-10-13 13:27:00,0,Monday,10,0,0,normal,1.0,10000,CASH,15000,5000,2
TRX-251013-02172,2025-10-13,16:55:00,2025-10-13 16:55:00,0,Monday,10,0,0,normal,1.0,47950,CASH,50000,2050,4
TRX-251013-02173,2025-10-13,12:53:00,2025-10-13 12:53:00,0,Monday,10,0,0,normal,1.0,6800,CASH,10000,3200,2
TRX-251014-02174,2025-10-14,16:16:00,2025-10-14 16:16:00,1,Tuesday,10,0,0,normal,1.0,91200,CASH,95000,3800,3
TRX-251014-02175,2025-10-14,11:58:00,2025-10-14 11:58:00,1,Tuesday,10,0,0,normal,1.0,15000,CASH,20000,5000,1
TRX-251014-02176,2025-10-14,20:31:00,2025-10-14 20:31:00,1,Tuesday,10,0,0,normal,1.0,21000,CASH,25000,4000,2
TRX-251014-02177,2025-10-14,18:34:00,2025-10-14 18:34:00,1,Tuesday,10,0,0,normal,1.0,28000,TRANSFER,28000,0,3
TRX-251014-02178,2025-10-14,16:31:00,2025-10-14 16:31:00,1,Tuesday,10,0,0,normal,1.0,15000,QRIS,15000,0,2
TRX-251014-02179,2025-10-14,10:41:00,2025-10-14 10:41:00,1,Tuesday,10,0,0,normal,1.0,17000,QRIS,17000,0,2
TRX-251014-02180,2025-10-14,10:46:00,2025-10-14 10:46:00,1,Tuesday,10,0,0,normal,1.0,56000,CASH,60000,4000,4
TRX-251014-02181,2025-10-14,09:55:00,2025-10-14 09:55:00,1,Tuesday,10,0,0,normal,1.0,12000,CASH,15000,3000,4
TRX-251014-02182,2025-10-14,12:49:00,2025-10-14 12:49:00,1,Tuesday,10,0,0,normal,1.0,26000,CASH,30000,4000,3
TRX-251014-02183,2025-10-14,18:57:00,2025-10-14 18:57:00,1,Tuesday,10,0,0,normal,1.0,15000,QRIS,15000,0,1
TRX-251014-02184,2025-10-14,18:29:00,2025-10-14 18:29:00,1,Tuesday,10,0,0,normal,1.0,30000,QRIS,30000,0,2
TRX-251014-02185,2025-10-14,07:39:00,2025-10-14 07:39:00,1,Tuesday,10,0,0,normal,1.0,124000,EWALLET,124000,0,4
TRX-251014-02186,2025-10-14,11:12:00,2025-10-14 11:12:00,1,Tuesday,10,0,0,normal,1.0,5500,QRIS,5500,0,2
TRX-251014-02187,2025-10-14,12:30:00,2025-10-14 12:30:00,1,Tuesday,10,0,0,normal,1.0,11000,TRANSFER,11000,0,2
TRX-251014-02188,2025-10-14,11:19:00,2025-10-14 11:19:00,1,Tuesday,10,0,0,normal,1.0,4000,CASH,5000,1000,1
TRX-251014-02189,2025-10-14,07:37:00,2025-10-14 07:37:00,1,Tuesday,10,0,0,normal,1.0,31000,CASH,35000,4000,1
TRX-251014-02190,2025-10-14,07:26:00,2025-10-14 07:26:00,1,Tuesday,10,0,0,normal,1.0,7000,CASH,10000,3000,2
TRX-251014-02191,2025-10-14,18:41:00,2025-10-14 18:41:00,1,Tuesday,10,0,0,normal,1.0,25250,CASH,30000,4750,3
TRX-251015-02192,2025-10-15,20:16:00,2025-10-15 20:16:00,2,Wednesday,10,0,0,normal,1.0,9000,CASH,10000,1000,2
TRX-251015-02193,2025-10-15,16:52:00,2025-10-15 16:52:00,2,Wednesday,10,0,0,normal,1.0,57000,CASH,60000,3000,2
TRX-251015-02194,2025-10-15,08:06:00,2025-10-15 08:06:00,2,Wednesday,10,0,0,normal,1.0,8500,QRIS,8500,0,3
TRX-251015-02195,2025-10-15,13:48:00,2025-10-15 13:48:00,2,Wednesday,10,0,0,normal,1.0,46000,CASH,50000,4000,3
TRX-251015-02196,2025-10-15,16:01:00,2025-10-15 16:01:00,2,Wednesday,10,0,0,normal,1.0,44000,CASH,45000,1000,3
TRX-251015-02197,2025-10-15,10:46:00,2025-10-15 10:46:00,2,Wednesday,10,0,0,normal,1.0,62000,TRANSFER,62000,0,2
TRX-251015-02198,2025-10-15,15:27:00,2025-10-15 15:27:00,2,Wednesday,10,0,0,normal,1.0,10200,CASH,15000,4800,2
TRX-251015-02199,2025-10-15,11:55:00,2025-10-15 11:55:00,2,Wednesday,10,0,0,normal,1.0,82000,CASH,85000,3000,2
TRX-251015-02200,2025-10-15,18:52:00,2025-10-15 18:52:00,2,Wednesday,10,0,0,normal,1.0,2550,CASH,5000,2450,1
TRX-251015-02201,2025-10-15,19:10:00,2025-10-15 19:10:00,2,Wednesday,10,0,0,normal,1.0,68000,CASH,70000,2000,5
TRX-251015-02202,2025-10-15,11:32:00,2025-10-15 11:32:00,2,Wednesday,10,0,0,normal,1.0,210000,CASH,215000,5000,2
TRX-251015-02203,2025-10-15,11:39:00,2025-10-15 11:39:00,2,Wednesday,10,0,0,normal,1.0,49000,CASH,50000,1000,5
TRX-251015-02204,2025-10-15,21:21:00,2025-10-15 21:21:00,2,Wednesday,10,0,0,normal,1.0,11000,QRIS,11000,0,2
TRX-251015-02205,2025-10-15,10:54:00,2025-10-15 10:54:00,2,Wednesday,10,0,0,normal,1.0,20000,CASH,25000,5000,1
TRX-251015-02206,2025-10-15,19:48:00,2025-10-15 19:48:00,2,Wednesday,10,0,0,normal,1.0,29000,CASH,30000,1000,1
TRX-251016-02207,2025-10-16,10:45:00,2025-10-16 10:45:00,3,Thursday,10,0,0,normal,1.0,21000,CASH,25000,4000,3
TRX-251016-02208,2025-10-16,15:59:00,2025-10-16 15:59:00,3,Thursday,10,0,0,normal,1.0,29000,CASH,30000,1000,1
TRX-251016-02209,2025-10-16,08:05:00,2025-10-16 08:05:00,3,Thursday,10,0,0,normal,1.0,15000,CASH,20000,5000,2
TRX-251016-02210,2025-10-16,07:14:00,2025-10-16 07:14:00,3,Thursday,10,0,0,normal,1.0,29000,CASH,30000,1000,1
TRX-251016-02211,2025-10-16,08:45:00,2025-10-16 08:45:00,3,Thursday,10,0,0,normal,1.0,36000,EWALLET,36000,0,1
TRX-251016-02212,2025-10-16,14:42:00,2025-10-16 14:42:00,3,Thursday,10,0,0,normal,1.0,13000,CASH,15000,2000,3
TRX-251016-02213,2025-10-16,15:09:00,2025-10-16 15:09:00,3,Thursday,10,0,0,normal,1.0,22000,CASH,25000,3000,2
TRX-251016-02214,2025-10-16,19:51:00,2025-10-16 19:51:00,3,Thursday,10,0,0,normal,1.0,9000,CASH,10000,1000,1
TRX-251016-02215,2025-10-16,16:44:00,2025-10-16 16:44:00,3,Thursday,10,0,0,normal,1.0,36000,QRIS,36000,0,2
TRX-251016-02216,2025-10-16,18:07:00,2025-10-16 18:07:00,3,Thursday,10,0,0,normal,1.0,7000,TRANSFER,7000,0,2
TRX-251016-02217,2025-10-16,16:10:00,2025-10-16 16:10:00,3,Thursday,10,0,0,normal,1.0,16000,TRANSFER,16000,0,3
TRX-251016-02218,2025-10-16,06:22:00,2025-10-16 06:22:00,3,Thursday,10,0,0,normal,1.0,36000,TRANSFER,36000,0,3
TRX-251016-02219,2025-10-16,09:01:00,2025-10-16 09:01:00,3,Thursday,10,0,0,normal,1.0,48000,CASH,50000,2000,1
TRX-251016-02220,2025-10-16,15:47:00,2025-10-16 15:47:00,3,Thursday,10,0,0,normal,1.0,4000,CASH,5000,1000,1
TRX-251016-02221,2025-10-16,11:18:00,2025-10-16 11:18:00,3,Thursday,10,0,0,normal,1.0,33800,CASH,35000,1200,2
TRX-251016-02222,2025-10-16,19:33:00,2025-10-16 19:33:00,3,Thursday,10,0,0,normal,1.0,17200,CASH,20000,2800,2
TRX-251017-02223,2025-10-17,10:51:00,2025-10-17 10:51:00,4,Friday,10,0,0,normal,1.0,15500,CASH,20000,4500,2
TRX-251017-02224,2025-10-17,17:32:00,2025-10-17 17:32:00,4,Friday,10,0,0,normal,1.0,39000,CASH,40000,1000,2
TRX-251017-02225,2025-10-17,18:14:00,2025-10-17 18:14:00,4,Friday,10,0,0,normal,1.0,1000,CASH,5000,4000,1
TRX-251017-02226,2025-10-17,21:39:00,2025-10-17 21:39:00,4,Friday,10,0,0,normal,1.0,63000,CASH,65000,2000,3
TRX-251017-02227,2025-10-17,18:55:00,2025-10-17 18:55:00,4,Friday,10,0,0,normal,1.0,18000,CASH,20000,2000,2
TRX-251017-02228,2025-10-17,17:39:00,2025-10-17 17:39:00,4,Friday,10,0,0,normal,1.0,1000,CASH,5000,4000,1
TRX-251017-02229,2025-10-17,10:33:00,2025-10-17 10:33:00,4,Friday,10,0,0,normal,1.0,14000,CASH,15000,1000,3
TRX-251017-02230,2025-10-17,14:03:00,2025-10-17 14:03:00,4,Friday,10,0,0,normal,1.0,118000,TRANSFER,118000,0,5
TRX-251017-02231,2025-10-17,13:33:00,2025-10-17 13:33:00,4,Friday,10,0,0,normal,1.0,21000,CASH,25000,4000,2
TRX-251017-02232,2025-10-17,09:49:00,2025-10-17 09:49:00,4,Friday,10,0,0,normal,1.0,63000,CASH,65000,2000,2
TRX-251017-02233,2025-10-17,08:13:00,2025-10-17 08:13:00,4,Friday,10,0,0,normal,1.0,42000,QRIS,42000,0,2
TRX-251017-02234,2025-10-17,18:31:00,2025-10-17 18:31:00,4,Friday,10,0,0,normal,1.0,36000,CASH,40000,4000,5
TRX-251017-02235,2025-10-17,11:22:00,2025-10-17 11:22:00,4,Friday,10,0,0,normal,1.0,52000,CASH,55000,3000,3
TRX-251017-02236,2025-10-17,16:18:00,2025-10-17 16:18:00,4,Friday,10,0,0,normal,1.0,36000,CASH,40000,4000,4
TRX-251017-02237,2025-10-17,11:49:00,2025-10-17 11:49:00,4,Friday,10,0,0,normal,1.0,28000,CASH,30000,2000,2
TRX-251017-02238,2025-10-17,06:51:00,2025-10-17 06:51:00,4,Friday,10,0,0,normal,1.0,1500,CASH,5000,3500,1
TRX-251018-02239,2025-10-18,17:53:00,2025-10-18 17:53:00,5,Saturday,10,1,0,normal,1.0,2000,CASH,5000,3000,1
TRX-251018-02240,2025-10-18,09:17:00,2025-10-18 09:17:00,5,Saturday,10,1,0,normal,1.0,81000,QRIS,81000,0,1
TRX-251018-02241,2025-10-18,17:38:00,2025-10-18 17:38:00,5,Saturday,10,1,0,normal,1.0,82950,CASH,85000,2050,2
TRX-251018-02242,2025-10-18,18:55:00,2025-10-18 18:55:00,5,Saturday,10,1,0,normal,1.0,238000,TRANSFER,238000,0,3
TRX-251018-02243,2025-10-18,17:33:00,2025-10-18 17:33:00,5,Saturday,10,1,0,normal,1.0,13000,TRANSFER,13000,0,2
TRX-251018-02244,2025-10-18,15:57:00,2025-10-18 15:57:00,5,Saturday,10,1,0,normal,1.0,33000,QRIS,33000,0,2
TRX-251018-02245,2025-10-18,13:03:00,2025-10-18 13:03:00,5,Saturday,10,1,0,normal,1.0,42000,QRIS,42000,0,3
TRX-251018-02246,2025-10-18,12:47:00,2025-10-18 12:47:00,5,Saturday,10,1,0,normal,1.0,73000,CASH,75000,2000,3
TRX-251018-02247,2025-10-18,16:42:00,2025-10-18 16:42:00,5,Saturday,10,1,0,normal,1.0,23500,CASH,25000,1500,2
TRX-251018-02248,2025-10-18,12:26:00,2025-10-18 12:26:00,5,Saturday,10,1,0,normal,1.0,7500,CASH,10000,2500,2
TRX-251018-02249,2025-10-18,15:53:00,2025-10-18 15:53:00,5,Saturday,10,1,0,normal,1.0,4500,CASH,5000,500,1
TRX-251018-02250,2025-10-18,16:06:00,2025-10-18 16:06:00,5,Saturday,10,1,0,normal,1.0,34500,CASH,35000,500,3
TRX-251018-02251,2025-10-18,16:27:00,2025-10-18 16:27:00,5,Saturday,10,1,0,normal,1.0,29000,CASH,30000,1000,4
TRX-251018-02252,2025-10-18,11:19:00,2025-10-18 11:19:00,5,Saturday,10,1,0,normal,1.0,9000,QRIS,9000,0,3
TRX-251018-02253,2025-10-18,18:11:00,2025-10-18 18:11:00,5,Saturday,10,1,0,normal,1.0,78000,CASH,80000,2000,5
TRX-251018-02254,2025-10-18,20:41:00,2025-10-18 20:41:00,5,Saturday,10,1,0,normal,1.0,11500,CASH,15000,3500,2
TRX-251019-02255,2025-10-19,14:08:00,2025-10-19 14:08:00,6,Sunday,10,1,0,normal,1.0,4500,CASH,5000,500,2
TRX-251019-02256,2025-10-19,17:31:00,2025-10-19 17:31:00,6,Sunday,10,1,0,normal,1.0,11000,CASH,15000,4000,2
TRX-251019-02257,2025-10-19,09:23:00,2025-10-19 09:23:00,6,Sunday,10,1,0,normal,1.0,39000,QRIS,39000,0,3
TRX-251019-02258,2025-10-19,12:09:00,2025-10-19 12:09:00,6,Sunday,10,1,0,normal,1.0,49400,QRIS,49400,0,4
TRX-251019-02259,2025-10-19,10:51:00,2025-10-19 10:51:00,6,Sunday,10,1,0,normal,1.0,68000,CASH,70000,2000,3
TRX-251019-02260,2025-10-19,08:22:00,2025-10-19 08:22:00,6,Sunday,10,1,0,normal,1.0,30400,CASH,35000,4600,3
TRX-251019-02261,2025-10-19,12:01:00,2025-10-19 12:01:00,6,Sunday,10,1,0,normal,1.0,8550,CASH,10000,1450,1
TRX-251019-02262,2025-10-19,12:02:00,2025-10-19 12:02:00,6,Sunday,10,1,0,normal,1.0,158500,CASH,160000,1500,5
TRX-251019-02263,2025-10-19,14:50:00,2025-10-19 14:50:00,6,Sunday,10,1,0,normal,1.0,22700,CASH,25000,2300,4
TRX-251019-02264,2025-10-19,14:17:00,2025-10-19 14:17:00,6,Sunday,10,1,0,normal,1.0,29500,CASH,30000,500,4
TRX-251019-02265,2025-10-19,10:25:00,2025-10-19 10:25:00,6,Sunday,10,1,0,normal,1.0,105000,CASH,110000,5000,3
TRX-251019-02266,2025-10-19,17:57:00,2025-10-19 17:57:00,6,Sunday,10,1,0,normal,1.0,54000,CASH,55000,1000,2
TRX-251019-02267,2025-10-19,09:52:00,2025-10-19 09:52:00,6,Sunday,10,1,0,normal,1.0,3000,QRIS,3000,0,1
TRX-251019-02268,2025-10-19,12:57:00,2025-10-19 12:57:00,6,Sunday,10,1,0,normal,1.0,64000,QRIS,64000,0,3
TRX-251019-02269,2025-10-19,18:43:00,2025-10-19 18:43:00,6,Sunday,10,1,0,normal,1.0,3000,QRIS,3000,0,1
TRX-251019-02270,2025-10-19,09:55:00,2025-10-19 09:55:00,6,Sunday,10,1,0,normal,1.0,27000,CASH,30000,3000,2
TRX-251019-02271,2025-10-19,11:39:00,2025-10-19 11:39:00,6,Sunday,10,1,0,normal,1.0,18500,CASH,20000,1500,4
TRX-251019-02272,2025-10-19,14:51:00,2025-10-19 14:51:00,6,Sunday,10,1,0,normal,1.0,133000,CASH,135000,2000,4
TRX-251019-02273,2025-10-19,08:37:00,2025-10-19 08:37:00,6,Sunday,10,1,0,normal,1.0,63000,CASH,65000,2000,2
TRX-251019-02274,2025-10-19,20:16:00,2025-10-19 20:16:00,6,Sunday,10,1,0,normal,1.0,24500,CASH,25000,500,2
TRX-251019-02275,2025-10-19,07:06:00,2025-10-19 07:06:00,6,Sunday,10,1,0,normal,1.0,11400,CASH,15000,3600,1
TRX-251019-02276,2025-10-19,13:56:00,2025-10-19 13:56:00,6,Sunday,10,1,0,normal,1.0,27000,CASH,30000,3000,3
TRX-251020-02277,2025-10-20,15:00:00,2025-10-20 15:00:00,0,Monday,10,0,0,normal,1.0,24000,CASH,25000,1000,1
TRX-251020-02278,2025-10-20,13:02:00,2025-10-20 13:02:00,0,Monday,10,0,0,normal,1.0,82000,CASH,85000,3000,2
TRX-251020-02279,2025-10-20,07:56:00,2025-10-20 07:56:00,0,Monday,10,0,0,normal,1.0,21000,CASH,25000,4000,3
TRX-251020-02280,2025-10-20,16:14:00,2025-10-20 16:14:00,0,Monday,10,0,0,normal,1.0,22500,QRIS,22500,0,3
TRX-251020-02281,2025-10-20,11:42:00,2025-10-20 11:42:00,0,Monday,10,0,0,normal,1.0,98000,QRIS,98000,0,5
TRX-251020-02282,2025-10-20,10:38:00,2025-10-20 10:38:00,0,Monday,10,0,0,normal,1.0,55000,QRIS,55000,0,2
TRX-251020-02283,2025-10-20,08:36:00,2025-10-20 08:36:00,0,Monday,10,0,0,normal,1.0,29700,CASH,30000,300,3
TRX-251020-02284,2025-10-20,13:19:00,2025-10-20 13:19:00,0,Monday,10,0,0,normal,1.0,50000,CASH,55000,5000,2
TRX-251020-02285,2025-10-20,13:21:00,2025-10-20 13:21:00,0,Monday,10,0,0,normal,1.0,53850,CASH,55000,1150,5
TRX-251020-02286,2025-10-20,15:59:00,2025-10-20 15:59:00,0,Monday,10,0,0,normal,1.0,2000,CASH,5000,3000,1
TRX-251020-02287,2025-10-20,18:44:00,2025-10-20 18:44:00,0,Monday,10,0,0,normal,1.0,15500,CASH,20000,4500,1
TRX-251020-02288,2025-10-20,15:04:00,2025-10-20 15:04:00,0,Monday,10,0,0,normal,1.0,15000,CASH,20000,5000,1
TRX-251020-02289,2025-10-20,12:34:00,2025-10-20 12:34:00,0,Monday,10,0,0,normal,1.0,47000,CASH,50000,3000,4
TRX-251020-02290,2025-10-20,06:17:00,2025-10-20 06:17:00,0,Monday,10,0,0,normal,1.0,13500,QRIS,13500,0,2
TRX-251020-02291,2025-10-20,18:53:00,2025-10-20 18:53:00,0,Monday,10,0,0,normal,1.0,1000,QRIS,1000,0,1
TRX-251020-02292,2025-10-20,10:50:00,2025-10-20 10:50:00,0,Monday,10,0,0,normal,1.0,78000,CASH,80000,2000,2
TRX-251021-02293,2025-10-21,17:19:00,2025-10-21 17:19:00,1,Tuesday,10,0,0,normal,1.0,24000,CASH,25000,1000,3
TRX-251021-02294,2025-10-21,06:21:00,2025-10-21 06:21:00,1,Tuesday,10,0,0,normal,1.0,63000,QRIS,63000,0,4
TRX-251021-02295,2025-10-21,21:30:00,2025-10-21 21:30:00,1,Tuesday,10,0,0,normal,1.0,8000,CASH,10000,2000,2
TRX-251021-02296,2025-10-21,13:10:00,2025-10-21 13:10:00,1,Tuesday,10,0,0,normal,1.0,32000,CASH,35000,3000,2
TRX-251021-02297,2025-10-21,15:16:00,2025-10-21 15:16:00,1,Tuesday,10,0,0,normal,1.0,141000,CASH,145000,4000,4
TRX-251021-02298,2025-10-21,17:30:00,2025-10-21 17:30:00,1,Tuesday,10,0,0,normal,1.0,2000,CASH,5000,3000,1
TRX-251021-02299,2025-10-21,15:29:00,2025-10-21 15:29:00,1,Tuesday,10,0,0,normal,1.0,48000,CASH,50000,2000,1
TRX-251021-02300,2025-10-21,11:31:00,2025-10-21 11:31:00,1,Tuesday,10,0,0,normal,1.0,7000,QRIS,7000,0,2
TRX-251021-02301,2025-10-21,17:22:00,2025-10-21 17:22:00,1,Tuesday,10,0,0,normal,1.0,27000,CASH,30000,3000,1
TRX-251021-02302,2025-10-21,12:57:00,2025-10-21 12:57:00,1,Tuesday,10,0,0,normal,1.0,28000,CASH,30000,2000,3
TRX-251021-02303,2025-10-21,11:50:00,2025-10-21 11:50:00,1,Tuesday,10,0,0,normal,1.0,106500,QRIS,106500,0,2
TRX-251021-02304,2025-10-21,16:00:00,2025-10-21 16:00:00,1,Tuesday,10,0,0,normal,1.0,14000,CASH,15000,1000,2
TRX-251021-02305,2025-10-21,08:32:00,2025-10-21 08:32:00,1,Tuesday,10,0,0,normal,1.0,5000,CASH,10000,5000,2
TRX-251021-02306,2025-10-21,14:18:00,2025-10-21 14:18:00,1,Tuesday,10,0,0,normal,1.0,13750,EWALLET,13750,0,3
TRX-251022-02307,2025-10-22,18:20:00,2025-10-22 18:20:00,2,Wednesday,10,0,0,normal,1.0,4000,CASH,5000,1000,2
TRX-251022-02308,2025-10-22,20:27:00,2025-10-22 20:27:00,2,Wednesday,10,0,0,normal,1.0,22500,CASH,25000,2500,3
TRX-251022-02309,2025-10-22,13:57:00,2025-10-22 13:57:00,2,Wednesday,10,0,0,normal,1.0,71000,CASH,75000,4000,4
TRX-251022-02310,2025-10-22,19:31:00,2025-10-22 19:31:00,2,Wednesday,10,0,0,normal,1.0,13000,QRIS,13000,0,2
TRX-251022-02311,2025-10-22,18:30:00,2025-10-22 18:30:00,2,Wednesday,10,0,0,normal,1.0,92750,CASH,95000,2250,5
TRX-251022-02312,2025-10-22,09:45:00,2025-10-22 09:45:00,2,Wednesday,10,0,0,normal,1.0,235000,CASH,240000,5000,3
TRX-251022-02313,2025-10-22,08:55:00,2025-10-22 08:55:00,2,Wednesday,10,0,0,normal,1.0,27000,CASH,30000,3000,4
TRX-251022-02314,2025-10-22,12:30:00,2025-10-22 12:30:00,2,Wednesday,10,0,0,normal,1.0,116900,TRANSFER,116900,0,3
TRX-251022-02315,2025-10-22,10:34:00,2025-10-22 10:34:00,2,Wednesday,10,0,0,normal,1.0,89000,CASH,90000,1000,3
TRX-251022-02316,2025-10-22,14:32:00,2025-10-22 14:32:00,2,Wednesday,10,0,0,normal,1.0,19500,CASH,20000,500,3
TRX-251022-02317,2025-10-22,15:22:00,2025-10-22 15:22:00,2,Wednesday,10,0,0,normal,1.0,9000,CASH,10000,1000,1
TRX-251022-02318,2025-10-22,17:08:00,2025-10-22 17:08:00,2,Wednesday,10,0,0,normal,1.0,18000,CASH,20000,2000,2
TRX-251022-02319,2025-10-22,13:21:00,2025-10-22 13:21:00,2,Wednesday,10,0,0,normal,1.0,126000,TRANSFER,126000,0,3
TRX-251022-02320,2025-10-22,16:05:00,2025-10-22 16:05:00,2,Wednesday,10,0,0,normal,1.0,21500,QRIS,21500,0,2
TRX-251022-02321,2025-10-22,21:19:00,2025-10-22 21:19:00,2,Wednesday,10,0,0,normal,1.0,33000,CASH,35000,2000,4
TRX-251023-02322,2025-10-23,12:48:00,2025-10-23 12:48:00,3,Thursday,10,0,0,normal,1.0,27000,CASH,30000,3000,5
TRX-251023-02323,2025-10-23,11:25:00,2025-10-23 11:25:00,3,Thursday,10,0,0,normal,1.0,18000,CASH,20000,2000,4
TRX-251023-02324,2025-10-23,11:37:00,2025-10-23 11:37:00,3,Thursday,10,0,0,normal,1.0,79500,CASH,80000,500,4
TRX-251023-02325,2025-10-23,20:53:00,2025-10-23 20:53:00,3,Thursday,10,0,0,normal,1.0,12000,CASH,15000,3000,1
TRX-251023-02326,2025-10-23,17:14:00,2025-10-23 17:14:00,3,Thursday,10,0,0,normal,1.0,2000,CASH,5000,3000,1
TRX-251023-02327,2025-10-23,20:58:00,2025-10-23 20:58:00,3,Thursday,10,0,0,normal,1.0,5000,CASH,10000,5000,1
TRX-251023-02328,2025-10-23,17:11:00,2025-10-23 17:11:00,3,Thursday,10,0,0,normal,1.0,65000,CASH,70000,5000,4
TRX-251023-02329,2025-10-23,21:39:00,2025-10-23 21:39:00,3,Thursday,10,0,0,normal,1.0,42500,CASH,45000,2500,3
TRX-251023-02330,2025-10-23,16:58:00,2025-10-23 16:58:00,3,Thursday,10,0,0,normal,1.0,6800,CASH,10000,3200,2
TRX-251023-02331,2025-10-23,09:19:00,2025-10-23 09:19:00,3,Thursday,10,0,0,normal,1.0,12000,CASH,15000,3000,2
TRX-251023-02332,2025-10-23,16:40:00,2025-10-23 16:40:00,3,Thursday,10,0,0,normal,1.0,4000,CASH,5000,1000,1
TRX-251023-02333,2025-10-23,11:09:00,2025-10-23 11:09:00,3,Thursday,10,0,0,normal,1.0,2000,CASH,5000,3000,2
TRX-251023-02334,2025-10-23,09:15:00,2025-10-23 09:15:00,3,Thursday,10,0,0,normal,1.0,18000,CASH,20000,2000,1
TRX-251023-02335,2025-10-23,17:28:00,2025-10-23 17:28:00,3,Thursday,10,0,0,normal,1.0,62000,CASH,65000,3000,5
TRX-251023-02336,2025-10-23,13:44:00,2025-10-23 13:44:00,3,Thursday,10,0,0,normal,1.0,7000,QRIS,7000,0,2
TRX-251023-02337,2025-10-23,10:21:00,2025-10-23 10:21:00,3,Thursday,10,0,0,normal,1.0,27000,CASH,30000,3000,2
TRX-251023-02338,2025-10-23,11:30:00,2025-10-23 11:30:00,3,Thursday,10,0,0,normal,1.0,96225,CASH,100000,3775,5
TRX-251023-02339,2025-10-23,11:54:00,2025-10-23 11:54:00,3,Thursday,10,0,0,normal,1.0,6500,CASH,10000,3500,2
TRX-251023-02340,2025-10-23,18:43:00,2025-10-23 18:43:00,3,Thursday,10,0,0,normal,1.0,14000,CASH,15000,1000,2
TRX-251023-02341,2025-10-23,11:32:00,2025-10-23 11:32:00,3,Thursday,10,0,0,normal,1.0,54000,QRIS,54000,0,4
TRX-251023-02342,2025-10-23,20:59:00,2025-10-23 20:59:00,3,Thursday,10,0,0,normal,1.0,92000,CASH,95000,3000,4
TRX-251024-02343,2025-10-24,21:26:00,2025-10-24 21:26:00,4,Friday,10,0,0,normal,1.0,10000,CASH,15000,5000,2
TRX-251024-02344,2025-10-24,16:57:00,2025-10-24 16:57:00,4,Friday,10,0,0,normal,1.0,152500,TRANSFER,152500,0,5
TRX-251024-02345,2025-10-24,08:12:00,2025-10-24 08:12:00,4,Friday,10,0,0,normal,1.0,54000,CASH,55000,1000,3
TRX-251024-02346,2025-10-24,17:54:00,2025-10-24 17:54:00,4,Friday,10,0,0,normal,1.0,6000,CASH,10000,4000,1
TRX-251024-02347,2025-10-24,14:34:00,2025-10-24 14:34:00,4,Friday,10,0,0,normal,1.0,25000,CASH,30000,5000,3
TRX-251024-02348,2025-10-24,17:05:00,2025-10-24 17:05:00,4,Friday,10,0,0,normal,1.0,29400,CASH,30000,600,2
TRX-251024-02349,2025-10-24,17:34:00,2025-10-24 17:34:00,4,Friday,10,0,0,normal,1.0,36500,CASH,40000,3500,4
TRX-251024-02350,2025-10-24,15:29:00,2025-10-24 15:29:00,4,Friday,10,0,0,normal,1.0,24500,CASH,25000,500,2
TRX-251024-02351,2025-10-24,07:25:00,2025-10-24 07:25:00,4,Friday,10,0,0,normal,1.0,61000,CASH,65000,4000,3
TRX-251024-02352,2025-10-24,13:05:00,2025-10-24 13:05:00,4,Friday,10,0,0,normal,1.0,57000,TRANSFER,57000,0,2
TRX-251024-02353,2025-10-24,18:21:00,2025-10-24 18:21:00,4,Friday,10,0,0,normal,1.0,26000,CASH,30000,4000,4
TRX-251024-02354,2025-10-24,16:13:00,2025-10-24 16:13:00,4,Friday,10,0,0,normal,1.0,69000,CASH,70000,1000,3
TRX-251024-02355,2025-10-24,13:15:00,2025-10-24 13:15:00,4,Friday,10,0,0,normal,1.0,6000,CASH,10000,4000,1
TRX-251024-02356,2025-10-24,15:10:00,2025-10-24 15:10:00,4,Friday,10,0,0,normal,1.0,16000,QRIS,16000,0,4
TRX-251024-02357,2025-10-24,11:37:00,2025-10-24 11:37:00,4,Friday,10,0,0,normal,1.0,89500,QRIS,89500,0,5
TRX-251024-02358,2025-10-24,17:15:00,2025-10-24 17:15:00,4,Friday,10,0,0,normal,1.0,76500,CASH,80000,3500,3
TRX-251024-02359,2025-10-24,20:17:00,2025-10-24 20:17:00,4,Friday,10,0,0,normal,1.0,6000,CASH,10000,4000,1
TRX-251024-02360,2025-10-24,10:48:00,2025-10-24 10:48:00,4,Friday,10,0,0,normal,1.0,1000,CASH,5000,4000,1
TRX-251024-02361,2025-10-24,11:09:00,2025-10-24 11:09:00,4,Friday,10,0,0,normal,1.0,6500,CASH,10000,3500,2
TRX-251024-02362,2025-10-24,20:02:00,2025-10-24 20:02:00,4,Friday,10,0,0,normal,1.0,6500,QRIS,6500,0,2
TRX-251025-02363,2025-10-25,07:16:00,2025-10-25 07:16:00,5,Saturday,10,1,1,normal,1.0,2000,CASH,5000,3000,1
TRX-251025-02364,2025-10-25,19:21:00,2025-10-25 19:21:00,5,Saturday,10,1,1,normal,1.0,6000,CASH,10000,4000,1
TRX-251025-02365,2025-10-25,09:37:00,2025-10-25 09:37:00,5,Saturday,10,1,1,normal,1.0,54000,CASH,55000,1000,1
TRX-251025-02366,2025-10-25,07:35:00,2025-10-25 07:35:00,5,Saturday,10,1,1,normal,1.0,12000,CASH,15000,3000,2
TRX-251025-02367,2025-10-25,18:19:00,2025-10-25 18:19:00,5,Saturday,10,1,1,normal,1.0,37000,EWALLET,37000,0,2
TRX-251025-02368,2025-10-25,09:04:00,2025-10-25 09:04:00,5,Saturday,10,1,1,normal,1.0,1500,CASH,5000,3500,1
TRX-251025-02369,2025-10-25,18:55:00,2025-10-25 18:55:00,5,Saturday,10,1,1,normal,1.0,54000,CASH,55000,1000,1
TRX-251025-02370,2025-10-25,15:07:00,2025-10-25 15:07:00,5,Saturday,10,1,1,normal,1.0,170000,CASH,175000,5000,5
TRX-251025-02371,2025-10-25,17:54:00,2025-10-25 17:54:00,5,Saturday,10,1,1,normal,1.0,26300,CASH,30000,3700,5
TRX-251025-02372,2025-10-25,18:40:00,2025-10-25 18:40:00,5,Saturday,10,1,1,normal,1.0,204000,EWALLET,204000,0,1
TRX-251025-02373,2025-10-25,10:20:00,2025-10-25 10:20:00,5,Saturday,10,1,1,normal,1.0,147000,CASH,150000,3000,3
TRX-251025-02374,2025-10-25,19:29:00,2025-10-25 19:29:00,5,Saturday,10,1,1,normal,1.0,24000,CASH,25000,1000,1
TRX-251025-02375,2025-10-25,09:16:00,2025-10-25 09:16:00,5,Saturday,10,1,1,normal,1.0,63000,TRANSFER,63000,0,4
TRX-251025-02376,2025-10-25,18:59:00,2025-10-25 18:59:00,5,Saturday,10,1,1,normal,1.0,56000,CASH,60000,4000,2
TRX-251025-02377,2025-10-25,15:45:00,2025-10-25 15:45:00,5,Saturday,10,1,1,normal,1.0,10000,CASH,15000,5000,2
TRX-251025-02378,2025-10-25,18:01:00,2025-10-25 18:01:00,5,Saturday,10,1,1,normal,1.0,15000,CASH,20000,5000,2
TRX-251025-02379,2025-10-25,19:25:00,2025-10-25 19:25:00,5,Saturday,10,1,1,normal,1.0,39500,CASH,40000,500,2
TRX-251025-02380,2025-10-25,08:20:00,2025-10-25 08:20:00,5,Saturday,10,1,1,normal,1.0,27000,CASH,30000,3000,2
TRX-251025-02381,2025-10-25,11:35:00,2025-10-25 11:35:00,5,Saturday,10,1,1,normal,1.0,30800,CASH,35000,4200,2
TRX-251025-02382,2025-10-25,10:51:00,2025-10-25 10:51:00,5,Saturday,10,1,1,normal,1.0,3000,TRANSFER,3000,0,1
TRX-251025-02383,2025-10-25,17:28:00,2025-10-25 17:28:00,5,Saturday,10,1,1,normal,1.0,4500,CASH,5000,500,2
TRX-251025-02384,2025-10-25,18:59:00,2025-10-25 18:59:00,5,Saturday,10,1,1,normal,1.0,108000,CASH,110000,2000,1
TRX-251025-02385,2025-10-25,15:48:00,2025-10-25 15:48:00,5,Saturday,10,1,1,normal,1.0,33500,CASH,35000,1500,2
TRX-251025-02386,2025-10-25,20:22:00,2025-10-25 20:22:00,5,Saturday,10,1,1,normal,1.0,5000,CASH,10000,5000,2
TRX-251025-02387,2025-10-25,12:44:00,2025-10-25 12:44:00,5,Saturday,10,1,1,normal,1.0,71850,CASH,75000,3150,5
TRX-251025-02388,2025-10-25,10:24:00,2025-10-25 10:24:00,5,Saturday,10,1,1,normal,1.0,43500,CASH,45000,1500,3
TRX-251025-02389,2025-10-25,09:32:00,2025-10-25 09:32:00,5,Saturday,10,1,1,normal,1.0,54000,CASH,55000,1000,2
TRX-251025-02390,2025-10-25,18:42:00,2025-10-25 18:42:00,5,Saturday,10,1,1,normal,1.0,10000,CASH,15000,5000,2
TRX-251025-02391,2025-10-25,21:15:00,2025-10-25 21:15:00,5,Saturday,10,1,1,normal,1.0,21000,QRIS,21000,0,2
TRX-251025-02392,2025-10-25,11:35:00,2025-10-25 11:35:00,5,Saturday,10,1,1,normal,1.0,13500,CASH,15000,1500,3
TRX-251025-02393,2025-10-25,14:12:00,2025-10-25 14:12:00,5,Saturday,10,1,1,normal,1.0,29000,CASH,30000,1000,5
TRX-251025-02394,2025-10-25,16:30:00,2025-10-25 16:30:00,5,Saturday,10,1,1,normal,1.0,44000,CASH,45000,1000,2
TRX-251025-02395,2025-10-25,18:41:00,2025-10-25 18:41:00,5,Saturday,10,1,1,normal,1.0,15500,TRANSFER,15500,0,1
TRX-251025-02396,2025-10-25,07:05:00,2025-10-25 07:05:00,5,Saturday,10,1,1,normal,1.0,72000,QRIS,72000,0,3
TRX-251025-02397,2025-10-25,20:47:00,2025-10-25 20:47:00,5,Saturday,10,1,1,normal,1.0,10000,CASH,15000,5000,3
TRX-251025-02398,2025-10-25,16:24:00,2025-10-25 16:24:00,5,Saturday,10,1,1,normal,1.0,41000,CASH,45000,4000,4
TRX-251025-02399,2025-10-25,13:56:00,2025-10-25 13:56:00,5,Saturday,10,1,1,normal,1.0,52000,CASH,55000,3000,4
TRX-251025-02400,2025-10-25,06:13:00,2025-10-25 06:13:00,5,Saturday,10,1,1,normal,1.0,105000,CASH,110000,5000,4
TRX-251025-02401,2025-10-25,12:15:00,2025-10-25 12:15:00,5,Saturday,10,1,1,normal,1.0,17250,CASH,20000,2750,2
TRX-251026-02402,2025-10-26,17:42:00,2025-10-26 17:42:00,6,Sunday,10,1,1,normal,1.0,8000,CASH,10000,2000,1
TRX-251026-02403,2025-10-26,17:34:00,2025-10-26 17:34:00,6,Sunday,10,1,1,normal,1.0,10000,QRIS,10000,0,1
TRX-251026-02404,2025-10-26,09:56:00,2025-10-26 09:56:00,6,Sunday,10,1,1,normal,1.0,13000,CASH,15000,2000,3
TRX-251026-02405,2025-10-26,10:43:00,2025-10-26 10:43:00,6,Sunday,10,1,1,normal,1.0,38000,CASH,40000,2000,3
TRX-251026-02406,2025-10-26,11:14:00,2025-10-26 11:14:00,6,Sunday,10,1,1,normal,1.0,18500,CASH,20000,1500,2
TRX-251026-02407,2025-10-26,11:22:00,2025-10-26 11:22:00,6,Sunday,10,1,1,normal,1.0,69000,TRANSFER,69000,0,3
TRX-251026-02408,2025-10-26,11:06:00,2025-10-26 11:06:00,6,Sunday,10,1,1,normal,1.0,32000,TRANSFER,32000,0,3
TRX-251026-02409,2025-10-26,10:12:00,2025-10-26 10:12:00,6,Sunday,10,1,1,normal,1.0,89000,CASH,90000,1000,2
TRX-251026-02410,2025-10-26,13:49:00,2025-10-26 13:49:00,6,Sunday,10,1,1,normal,1.0,19500,CASH,20000,500,2
TRX-251026-02411,2025-10-26,17:04:00,2025-10-26 17:04:00,6,Sunday,10,1,1,normal,1.0,96000,CASH,100000,4000,3
TRX-251026-02412,2025-10-26,10:33:00,2025-10-26 10:33:00,6,Sunday,10,1,1,normal,1.0,7500,CASH,10000,2500,2
TRX-251026-02413,2025-10-26,11:54:00,2025-10-26 11:54:00,6,Sunday,10,1,1,normal,1.0,4000,CASH,5000,1000,2
TRX-251026-02414,2025-10-26,16:36:00,2025-10-26 16:36:00,6,Sunday,10,1,1,normal,1.0,137000,TRANSFER,137000,0,5
TRX-251026-02415,2025-10-26,11:58:00,2025-10-26 11:58:00,6,Sunday,10,1,1,normal,1.0,15000,CASH,20000,5000,2
TRX-251026-02416,2025-10-26,09:30:00,2025-10-26 09:30:00,6,Sunday,10,1,1,normal,1.0,33000,CASH,35000,2000,2
TRX-251026-02417,2025-10-26,12:04:00,2025-10-26 12:04:00,6,Sunday,10,1,1,normal,1.0,54750,CASH,55000,250,2
TRX-251026-02418,2025-10-26,15:44:00,2025-10-26 15:44:00,6,Sunday,10,1,1,normal,1.0,16800,CASH,20000,3200,3
TRX-251026-02419,2025-10-26,09:41:00,2025-10-26 09:41:00,6,Sunday,10,1,1,normal,1.0,262000,CASH,265000,3000,3
TRX-251026-02420,2025-10-26,21:49:00,2025-10-26 21:49:00,6,Sunday,10,1,1,normal,1.0,29000,CASH,30000,1000,2
TRX-251026-02421,2025-10-26,17:39:00,2025-10-26 17:39:00,6,Sunday,10,1,1,normal,1.0,57000,CASH,60000,3000,2
TRX-251026-02422,2025-10-26,10:01:00,2025-10-26 10:01:00,6,Sunday,10,1,1,normal,1.0,11000,CASH,15000,4000,2
TRX-251026-02423,2025-10-26,14:06:00,2025-10-26 14:06:00,6,Sunday,10,1,1,normal,1.0,38000,CASH,40000,2000,2
TRX-251026-02424,2025-10-26,15:18:00,2025-10-26 15:18:00,6,Sunday,10,1,1,normal,1.0,3000,CASH,5000,2000,1
TRX-251027-02425,2025-10-27,15:45:00,2025-10-27 15:45:00,0,Monday,10,0,1,normal,1.0,62000,CASH,65000,3000,2
TRX-251027-02426,2025-10-27,16:08:00,2025-10-27 16:08:00,0,Monday,10,0,1,normal,1.0,12500,QRIS,12500,0,3
TRX-251027-02427,2025-10-27,07:44:00,2025-10-27 07:44:00,0,Monday,10,0,1,normal,1.0,32000,QRIS,32000,0,4
TRX-251027-02428,2025-10-27,16:53:00,2025-10-27 16:53:00,0,Monday,10,0,1,normal,1.0,141000,CASH,145000,4000,2
TRX-251027-02429,2025-10-27,15:15:00,2025-10-27 15:15:00,0,Monday,10,0,1,normal,1.0,45000,CASH,50000,5000,1
TRX-251027-02430,2025-10-27,13:45:00,2025-10-27 13:45:00,0,Monday,10,0,1,normal,1.0,7000,QRIS,7000,0,3
TRX-251027-02431,2025-10-27,11:44:00,2025-10-27 11:44:00,0,Monday,10,0,1,normal,1.0,58000,CASH,60000,2000,4
TRX-251027-02432,2025-10-27,12:37:00,2025-10-27 12:37:00,0,Monday,10,0,1,normal,1.0,57000,EWALLET,57000,0,4
TRX-251027-02433,2025-10-27,18:33:00,2025-10-27 18:33:00,0,Monday,10,0,1,normal,1.0,49000,QRIS,49000,0,3
TRX-251027-02434,2025-10-27,15:24:00,2025-10-27 15:24:00,0,Monday,10,0,1,normal,1.0,15000,CASH,20000,5000,1
TRX-251027-02435,2025-10-27,08:42:00,2025-10-27 08:42:00,0,Monday,10,0,1,normal,1.0,35000,CASH,40000,5000,3
TRX-251027-02436,2025-10-27,17:36:00,2025-10-27 17:36:00,0,Monday,10,0,1,normal,1.0,52000,CASH,55000,3000,3
TRX-251027-02437,2025-10-27,18:14:00,2025-10-27 18:14:00,0,Monday,10,0,1,normal,1.0,37000,QRIS,37000,0,2
TRX-251027-02438,2025-10-27,16:35:00,2025-10-27 16:35:00,0,Monday,10,0,1,normal,1.0,10000,CASH,15000,5000,3
TRX-251027-02439,2025-10-27,06:00:00,2025-10-27 06:00:00,0,Monday,10,0,1,normal,1.0,14000,CASH,15000,1000,2
TRX-251027-02440,2025-10-27,17:20:00,2025-10-27 17:20:00,0,Monday,10,0,1,normal,1.0,70000,QRIS,70000,0,2
TRX-251027-02441,2025-10-27,15:53:00,2025-10-27 15:53:00,0,Monday,10,0,1,normal,1.0,6000,QRIS,6000,0,1
TRX-251027-02442,2025-10-27,11:28:00,2025-10-27 11:28:00,0,Monday,10,0,1,normal,1.0,27000,CASH,30000,3000,4
TRX-251027-02443,2025-10-27,14:03:00,2025-10-27 14:03:00,0,Monday,10,0,1,normal,1.0,4000,EWALLET,4000,0,2
TRX-251027-02444,2025-10-27,19:31:00,2025-10-27 19:31:00,0,Monday,10,0,1,normal,1.0,28000,CASH,30000,2000,2
TRX-251027-02445,2025-10-27,16:31:00,2025-10-27 16:31:00,0,Monday,10,0,1,normal,1.0,118400,QRIS,118400,0,4
TRX-251027-02446,2025-10-27,06:32:00,2025-10-27 06:32:00,0,Monday,10,0,1,normal,1.0,15000,CASH,20000,5000,3
TRX-251027-02447,2025-10-27,09:35:00,2025-10-27 09:35:00,0,Monday,10,0,1,normal,1.0,63000,CASH,65000,2000,2
TRX-251027-02448,2025-10-27,12:12:00,2025-10-27 12:12:00,0,Monday,10,0,1,normal,1.0,46000,CASH,50000,4000,2
TRX-251027-02449,2025-10-27,16:12:00,2025-10-27 16:12:00,0,Monday,10,0,1,normal,1.0,6000,CASH,10000,4000,1
TRX-251027-02450,2025-10-27,17:21:00,2025-10-27 17:21:00,0,Monday,10,0,1,normal,1.0,47250,CASH,50000,2750,4
TRX-251028-02451,2025-10-28,10:30:00,2025-10-28 10:30:00,1,Tuesday,10,0,1,normal,1.0,98000,CASH,100000,2000,4
TRX-251028-02452,2025-10-28,12:57:00,2025-10-28 12:57:00,1,Tuesday,10,0,1,normal,1.0,15000,CASH,20000,5000,2
TRX-251028-02453,2025-10-28,10:35:00,2025-10-28 10:35:00,1,Tuesday,10,0,1,normal,1.0,84000,CASH,85000,1000,2
TRX-251028-02454,2025-10-28,12:45:00,2025-10-28 12:45:00,1,Tuesday,10,0,1,normal,1.0,139000,QRIS,139000,0,2
TRX-251028-02455,2025-10-28,16:31:00,2025-10-28 16:31:00,1,Tuesday,10,0,1,normal,1.0,15000,CASH,20000,5000,2
TRX-251028-02456,2025-10-28,16:52:00,2025-10-28 16:52:00,1,Tuesday,10,0,1,normal,1.0,138000,EWALLET,138000,0,2
TRX-251028-02457,2025-10-28,06:43:00,2025-10-28 06:43:00,1,Tuesday,10,0,1,normal,1.0,64000,TRANSFER,64000,0,2
TRX-251028-02458,2025-10-28,12:58:00,2025-10-28 12:58:00,1,Tuesday,10,0,1,normal,1.0,38250,CASH,40000,1750,2
TRX-251028-02459,2025-10-28,11:02:00,2025-10-28 11:02:00,1,Tuesday,10,0,1,normal,1.0,12000,TRANSFER,12000,0,2
TRX-251028-02460,2025-10-28,10:43:00,2025-10-28 10:43:00,1,Tuesday,10,0,1,normal,1.0,94000,CASH,95000,1000,4
TRX-251028-02461,2025-10-28,19:02:00,2025-10-28 19:02:00,1,Tuesday,10,0,1,normal,1.0,40000,CASH,45000,5000,4
TRX-251028-02462,2025-10-28,12:10:00,2025-10-28 12:10:00,1,Tuesday,10,0,1,normal,1.0,65000,CASH,70000,5000,4
TRX-251028-02463,2025-10-28,10:26:00,2025-10-28 10:26:00,1,Tuesday,10,0,1,normal,1.0,16100,QRIS,16100,0,3
TRX-251028-02464,2025-10-28,18:16:00,2025-10-28 18:16:00,1,Tuesday,10,0,1,normal,1.0,34000,QRIS,34000,0,2
TRX-251028-02465,2025-10-28,16:30:00,2025-10-28 16:30:00,1,Tuesday,10,0,1,normal,1.0,28000,CASH,30000,2000,2
TRX-251028-02466,2025-10-28,13:49:00,2025-10-28 13:49:00,1,Tuesday,10,0,1,normal,1.0,26000,CASH,30000,4000,4
TRX-251028-02467,2025-10-28,19:43:00,2025-10-28 19:43:00,1,Tuesday,10,0,1,normal,1.0,31400,CASH,35000,3600,3
TRX-251028-02468,2025-10-28,17:25:00,2025-10-28 17:25:00,1,Tuesday,10,0,1,normal,1.0,119000,EWALLET,119000,0,3
TRX-251028-02469,2025-10-28,09:37:00,2025-10-28 09:37:00,1,Tuesday,10,0,1,normal,1.0,6000,EWALLET,6000,0,2
TRX-251028-02470,2025-10-28,16:05:00,2025-10-28 16:05:00,1,Tuesday,10,0,1,normal,1.0,52800,CASH,55000,2200,4
TRX-251028-02471,2025-10-28,13:57:00,2025-10-28 13:57:00,1,Tuesday,10,0,1,normal,1.0,9000,CASH,10000,1000,1
TRX-251028-02472,2025-10-28,07:52:00,2025-10-28 07:52:00,1,Tuesday,10,0,1,normal,1.0,12000,EWALLET,12000,0,1
TRX-251028-02473,2025-10-28,15:28:00,2025-10-28 15:28:00,1,Tuesday,10,0,1,normal,1.0,79000,CASH,80000,1000,3
TRX-251028-02474,2025-10-28,07:06:00,2025-10-28 07:06:00,1,Tuesday,10,0,1,normal,1.0,61000,CASH,65000,4000,2
TRX-251029-02475,2025-10-29,17:40:00,2025-10-29 17:40:00,2,Wednesday,10,0,1,normal,1.0,72000,CASH,75000,3000,2
TRX-251029-02476,2025-10-29,19:50:00,2025-10-29 19:50:00,2,Wednesday,10,0,1,normal,1.0,58000,CASH,60000,2000,3
TRX-251029-02477,2025-10-29,12:19:00,2025-10-29 12:19:00,2,Wednesday,10,0,1,normal,1.0,13000,CASH,15000,2000,2
TRX-251029-02478,2025-10-29,09:18:00,2025-10-29 09:18:00,2,Wednesday,10,0,1,normal,1.0,12000,CASH,15000,3000,1
TRX-251029-02479,2025-10-29,07:50:00,2025-10-29 07:50:00,2,Wednesday,10,0,1,normal,1.0,17000,CASH,20000,3000,4
TRX-251029-02480,2025-10-29,16:28:00,2025-10-29 16:28:00,2,Wednesday,10,0,1,normal,1.0,36000,CASH,40000,4000,2
TRX-251029-02481,2025-10-29,08:50:00,2025-10-29 08:50:00,2,Wednesday,10,0,1,normal,1.0,20000,CASH,25000,5000,2
TRX-251029-02482,2025-10-29,10:39:00,2025-10-29 10:39:00,2,Wednesday,10,0,1,normal,1.0,58000,TRANSFER,58000,0,1
TRX-251029-02483,2025-10-29,09:47:00,2025-10-29 09:47:00,2,Wednesday,10,0,1,normal,1.0,6000,CASH,10000,4000,1
TRX-251029-02484,2025-10-29,15:27:00,2025-10-29 15:27:00,2,Wednesday,10,0,1,normal,1.0,21000,CASH,25000,4000,2
TRX-251029-02485,2025-10-29,08:03:00,2025-10-29 08:03:00,2,Wednesday,10,0,1,normal,1.0,13000,CASH,15000,2000,4
TRX-251029-02486,2025-10-29,15:07:00,2025-10-29 15:07:00,2,Wednesday,10,0,1,normal,1.0,15800,CASH,20000,4200,3
TRX-251029-02487,2025-10-29,18:16:00,2025-10-29 18:16:00,2,Wednesday,10,0,1,normal,1.0,10500,CASH,15000,4500,2
TRX-251029-02488,2025-10-29,09:36:00,2025-10-29 09:36:00,2,Wednesday,10,0,1,normal,1.0,13500,QRIS,13500,0,3
TRX-251029-02489,2025-10-29,10:46:00,2025-10-29 10:46:00,2,Wednesday,10,0,1,normal,1.0,16000,CASH,20000,4000,3
TRX-251029-02490,2025-10-29,17:11:00,2025-10-29 17:11:00,2,Wednesday,10,0,1,normal,1.0,6000,CASH,10000,4000,1
TRX-251029-02491,2025-10-29,18:22:00,2025-10-29 18:22:00,2,Wednesday,10,0,1,normal,1.0,47000,QRIS,47000,0,4
TRX-251029-02492,2025-10-29,10:32:00,2025-10-29 10:32:00,2,Wednesday,10,0,1,normal,1.0,11000,CASH,15000,4000,2
TRX-251029-02493,2025-10-29,17:37:00,2025-10-29 17:37:00,2,Wednesday,10,0,1,normal,1.0,104000,CASH,105000,1000,5
TRX-251029-02494,2025-10-29,18:53:00,2025-10-29 18:53:00,2,Wednesday,10,0,1,normal,1.0,27000,CASH,30000,3000,5
TRX-251029-02495,2025-10-29,20:29:00,2025-10-29 20:29:00,2,Wednesday,10,0,1,normal,1.0,6000,CASH,10000,4000,1
TRX-251030-02496,2025-10-30,11:08:00,2025-10-30 11:08:00,3,Thursday,10,0,1,normal,1.0,27000,CASH,30000,3000,3
TRX-251030-02497,2025-10-30,13:34:00,2025-10-30 13:34:00,3,Thursday,10,0,1,normal,1.0,64000,CASH,65000,1000,2
TRX-251030-02498,2025-10-30,08:40:00,2025-10-30 08:40:00,3,Thursday,10,0,1,normal,1.0,54000,CASH,55000,1000,1
TRX-251030-02499,2025-10-30,19:34:00,2025-10-30 19:34:00,3,Thursday,10,0,1,normal,1.0,108000,CASH,110000,2000,4
TRX-251030-02500,2025-10-30,19:10:00,2025-10-30 19:10:00,3,Thursday,10,0,1,normal,1.0,37000,CASH,40000,3000,2
TRX-251030-02501,2025-10-30,15:58:00,2025-10-30 15:58:00,3,Thursday,10,0,1,normal,1.0,36000,QRIS,36000,0,4
TRX-251030-02502,2025-10-30,07:05:00,2025-10-30 07:05:00,3,Thursday,10,0,1,normal,1.0,22000,CASH,25000,3000,3
TRX-251030-02503,2025-10-30,06:55:00,2025-10-30 06:55:00,3,Thursday,10,0,1,normal,1.0,9000,CASH,10000,1000,1
TRX-251030-02504,2025-10-30,17:34:00,2025-10-30 17:34:00,3,Thursday,10,0,1,normal,1.0,60000,CASH,65000,5000,2
TRX-251030-02505,2025-10-30,21:46:00,2025-10-30 21:46:00,3,Thursday,10,0,1,normal,1.0,139000,CASH,140000,1000,2
TRX-251030-02506,2025-10-30,17:26:00,2025-10-30 17:26:00,3,Thursday,10,0,1,normal,1.0,84000,CASH,85000,1000,2
TRX-251030-02507,2025-10-30,16:23:00,2025-10-30 16:23:00,3,Thursday,10,0,1,normal,1.0,22000,CASH,25000,3000,2
TRX-251030-02508,2025-10-30,16:49:00,2025-10-30 16:49:00,3,Thursday,10,0,1,normal,1.0,8000,CASH,10000,2000,1
TRX-251030-02509,2025-10-30,13:03:00,2025-10-30 13:03:00,3,Thursday,10,0,1,normal,1.0,41000,CASH,45000,4000,4
TRX-251030-02510,2025-10-30,11:21:00,2025-10-30 11:21:00,3,Thursday,10,0,1,normal,1.0,13000,QRIS,13000,0,2
TRX-251030-02511,2025-10-30,21:41:00,2025-10-30 21:41:00,3,Thursday,10,0,1,normal,1.0,15000,CASH,20000,5000,1
TRX-251030-02512,2025-10-30,20:23:00,2025-10-30 20:23:00,3,Thursday,10,0,1,normal,1.0,38000,CASH,40000,2000,4
TRX-251030-02513,2025-10-30,19:16:00,2025-10-30 19:16:00,3,Thursday,10,0,1,normal,1.0,18000,CASH,20000,2000,3
TRX-251031-02514,2025-10-31,12:00:00,2025-10-31 12:00:00,4,Friday,10,0,1,normal,1.0,27000,CASH,30000,3000,3
TRX-251031-02515,2025-10-31,13:01:00,2025-10-31 13:01:00,4,Friday,10,0,1,normal,1.0,14000,TRANSFER,14000,0,3
TRX-251031-02516,2025-10-31,20:31:00,2025-10-31 20:31:00,4,Friday,10,0,1,normal,1.0,1000,CASH,5000,4000,1
TRX-251031-02517,2025-10-31,14:03:00,2025-10-31 14:03:00,4,Friday,10,0,1,normal,1.0,6750,CASH,10000,3250,2
TRX-251031-02518,2025-10-31,13:53:00,2025-10-31 13:53:00,4,Friday,10,0,1,normal,1.0,53500,CASH,55000,1500,4
TRX-251031-02519,2025-10-31,19:42:00,2025-10-31 19:42:00,4,Friday,10,0,1,normal,1.0,92000,CASH,95000,3000,4
TRX-251031-02520,2025-10-31,12:19:00,2025-10-31 12:19:00,4,Friday,10,0,1,normal,1.0,18500,CASH,20000,1500,3
TRX-251031-02521,2025-10-31,11:51:00,2025-10-31 11:51:00,4,Friday,10,0,1,normal,1.0,34500,QRIS,34500,0,5
TRX-251031-02522,2025-10-31,11:03:00,2025-10-31 11:03:00,4,Friday,10,0,1,normal,1.0,73000,QRIS,73000,0,4
TRX-251031-02523,2025-10-31,11:54:00,2025-10-31 11:54:00,4,Friday,10,0,1,normal,1.0,81000,CASH,85000,4000,2
TRX-251031-02524,2025-10-31,09:12:00,2025-10-31 09:12:00,4,Friday,10,0,1,normal,1.0,31200,CASH,35000,3800,4
TRX-251031-02525,2025-10-31,14:45:00,2025-10-31 14:45:00,4,Friday,10,0,1,normal,1.0,27000,CASH,30000,3000,1
TRX-251031-02526,2025-10-31,18:41:00,2025-10-31 18:41:00,4,Friday,10,0,1,normal,1.0,21000,CASH,25000,4000,2
TRX-251031-02527,2025-10-31,10:19:00,2025-10-31 10:19:00,4,Friday,10,0,1,normal,1.0,44000,CASH,45000,1000,3
TRX-251031-02528,2025-10-31,13:34:00,2025-10-31 13:34:00,4,Friday,10,0,1,normal,1.0,7000,QRIS,7000,0,2
TRX-251031-02529,2025-10-31,08:44:00,2025-10-31 08:44:00,4,Friday,10,0,1,normal,1.0,42000,CASH,45000,3000,3
TRX-251031-02530,2025-10-31,16:45:00,2025-10-31 16:45:00,4,Friday,10,0,1,normal,1.0,12000,CASH,15000,3000,1
TRX-251031-02531,2025-10-31,08:36:00,2025-10-31 08:36:00,4,Friday,10,0,1,normal,1.0,8000,CASH,10000,2000,1
TRX-251031-02532,2025-10-31,10:20:00,2025-10-31 10:20:00,4,Friday,10,0,1,normal,1.0,57000,CASH,60000,3000,2
TRX-251031-02533,2025-10-31,15:31:00,2025-10-31 15:31:00,4,Friday,10,0,1,normal,1.0,12000,TRANSFER,12000,0,1
TRX-251031-02534,2025-10-31,19:05:00,2025-10-31 19:05:00,4,Friday,10,0,1,normal,1.0,48000,CASH,50000,2000,1
TRX-251031-02535,2025-10-31,08:32:00,2025-10-31 08:32:00,4,Friday,10,0,1,normal,1.0,34500,CASH,35000,500,3
TRX-251031-02536,2025-10-31,15:27:00,2025-10-31 15:27:00,4,Friday,10,0,1,normal,1.0,1000,CASH,5000,4000,1
TRX-251031-02537,2025-10-31,11:52:00,2025-10-31 11:52:00,4,Friday,10,0,1,normal,1.0,14500,CASH,15000,500,3
TRX-251031-02538,2025-10-31,07:12:00,2025-10-31 07:12:00,4,Friday,10,0,1,normal,1.0,18500,CASH,20000,1500,3
TRX-251031-02539,2025-10-31,21:01:00,2025-10-31 21:01:00,4,Friday,10,0,1,normal,1.0,55700,CASH,60000,4300,4
TRX-251031-02540,2025-10-31,10:45:00,2025-10-31 10:45:00,4,Friday,10,0,1,normal,1.0,1900,CASH,5000,3100,1
TRX-251031-02541,2025-10-31,17:20:00,2025-10-31 17:20:00,4,Friday,10,0,1,normal,1.0,77700,TRANSFER,77700,0,3
TRX-251101-02542,2025-11-01,19:49:00,2025-11-01 19:49:00,5,Saturday,11,1,1,normal,1.0,57000,CASH,60000,3000,2
TRX-251101-02543,2025-11-01,11:46:00,2025-11-01 11:46:00,5,Saturday,11,1,1,normal,1.0,8000,CASH,10000,2000,1
TRX-251101-02544,2025-11-01,19:53:00,2025-11-01 19:53:00,5,Saturday,11,1,1,normal,1.0,66000,CASH,70000,4000,3
TRX-251101-02545,2025-11-01,17:13:00,2025-11-01 17:13:00,5,Saturday,11,1,1,normal,1.0,93700,TRANSFER,93700,0,5
TRX-251101-02546,2025-11-01,12:33:00,2025-11-01 12:33:00,5,Saturday,11,1,1,normal,1.0,11000,CASH,15000,4000,2
TRX-251101-02547,2025-11-01,13:05:00,2025-11-01 13:05:00,5,Saturday,11,1,1,normal,1.0,6000,CASH,10000,4000,1
TRX-251101-02548,2025-11-01,15:30:00,2025-11-01 15:30:00,5,Saturday,11,1,1,normal,1.0,15000,CASH,20000,5000,2
TRX-251101-02549,2025-11-01,08:28:00,2025-11-01 08:28:00,5,Saturday,11,1,1,normal,1.0,10000,CASH,15000,5000,2
TRX-251101-02550,2025-11-01,08:24:00,2025-11-01 08:24:00,5,Saturday,11,1,1,normal,1.0,19000,CASH,20000,1000,5
TRX-251101-02551,2025-11-01,13:16:00,2025-11-01 13:16:00,5,Saturday,11,1,1,normal,1.0,15500,CASH,20000,4500,4
TRX-251101-02552,2025-11-01,16:50:00,2025-11-01 16:50:00,5,Saturday,11,1,1,normal,1.0,74000,QRIS,74000,0,2
TRX-251101-02553,2025-11-01,13:09:00,2025-11-01 13:09:00,5,Saturday,11,1,1,normal,1.0,79000,CASH,80000,1000,5
TRX-251101-02554,2025-11-01,20:20:00,2025-11-01 20:20:00,5,Saturday,11,1,1,normal,1.0,56500,CASH,60000,3500,4
TRX-251101-02555,2025-11-01,16:16:00,2025-11-01 16:16:00,5,Saturday,11,1,1,normal,1.0,13200,CASH,15000,1800,3
TRX-251101-02556,2025-11-01,09:31:00,2025-11-01 09:31:00,5,Saturday,11,1,1,normal,1.0,104000,CASH,105000,1000,4
TRX-251101-02557,2025-11-01,17:30:00,2025-11-01 17:30:00,5,Saturday,11,1,1,normal,1.0,36000,CASH,40000,4000,3
TRX-251101-02558,2025-11-01,18:41:00,2025-11-01 18:41:00,5,Saturday,11,1,1,normal,1.0,61000,CASH,65000,4000,5
TRX-251101-02559,2025-11-01,17:43:00,2025-11-01 17:43:00,5,Saturday,11,1,1,normal,1.0,53550,CASH,55000,1450,5
TRX-251101-02560,2025-11-01,20:19:00,2025-11-01 20:19:00,5,Saturday,11,1,1,normal,1.0,38000,CASH,40000,2000,3
TRX-251101-02561,2025-11-01,21:52:00,2025-11-01 21:52:00,5,Saturday,11,1,1,normal,1.0,36000,CASH,40000,4000,3
TRX-251101-02562,2025-11-01,19:26:00,2025-11-01 19:26:00,5,Saturday,11,1,1,normal,1.0,63000,QRIS,63000,0,4
TRX-251101-02563,2025-11-01,07:56:00,2025-11-01 07:56:00,5,Saturday,11,1,1,normal,1.0,49000,CASH,50000,1000,3
TRX-251101-02564,2025-11-01,10:45:00,2025-11-01 10:45:00,5,Saturday,11,1,1,normal,1.0,12000,CASH,15000,3000,3
TRX-251101-02565,2025-11-01,13:46:00,2025-11-01 13:46:00,5,Saturday,11,1,1,normal,1.0,44000,EWALLET,44000,0,3
TRX-251101-02566,2025-11-01,20:31:00,2025-11-01 20:31:00,5,Saturday,11,1,1,normal,1.0,85000,QRIS,85000,0,2
TRX-251101-02567,2025-11-01,09:48:00,2025-11-01 09:48:00,5,Saturday,11,1,1,normal,1.0,136000,CASH,140000,4000,2
TRX-251101-02568,2025-11-01,12:25:00,2025-11-01 12:25:00,5,Saturday,11,1,1,normal,1.0,166000,CASH,170000,4000,2
TRX-251102-02569,2025-11-02,13:26:00,2025-11-02 13:26:00,6,Sunday,11,1,1,normal,1.0,49000,CASH,50000,1000,2
TRX-251102-02570,2025-11-02,21:30:00,2025-11-02 21:30:00,6,Sunday,11,1,1,normal,1.0,5000,CASH,10000,5000,1
TRX-251102-02571,2025-11-02,18:31:00,2025-11-02 18:31:00,6,Sunday,11,1,1,normal,1.0,94850,CASH,95000,150,3
TRX-251102-02572,2025-11-02,07:56:00,2025-11-02 07:56:00,6,Sunday,11,1,1,normal,1.0,37000,CASH,40000,3000,4
TRX-251102-02573,2025-11-02,18:43:00,2025-11-02 18:43:00,6,Sunday,11,1,1,normal,1.0,12000,CASH,15000,3000,2
TRX-251102-02574,2025-11-02,08:37:00,2025-11-02 08:37:00,6,Sunday,11,1,1,normal,1.0,12000,QRIS,12000,0,2
TRX-251102-02575,2025-11-02,09:11:00,2025-11-02 09:11:00,6,Sunday,11,1,1,normal,1.0,7000,EWALLET,7000,0,2
TRX-251102-02576,2025-11-02,19:22:00,2025-11-02 19:22:00,6,Sunday,11,1,1,normal,1.0,12000,CASH,15000,3000,2
TRX-251102-02577,2025-11-02,13:49:00,2025-11-02 13:49:00,6,Sunday,11,1,1,normal,1.0,31000,CASH,35000,4000,4
TRX-251102-02578,2025-11-02,13:40:00,2025-11-02 13:40:00,6,Sunday,11,1,1,normal,1.0,112000,QRIS,112000,0,3
TRX-251102-02579,2025-11-02,13:14:00,2025-11-02 13:14:00,6,Sunday,11,1,1,normal,1.0,24000,TRANSFER,24000,0,2
TRX-251102-02580,2025-11-02,13:57:00,2025-11-02 13:57:00,6,Sunday,11,1,1,normal,1.0,45950,QRIS,45950,0,4
TRX-251102-02581,2025-11-02,15:09:00,2025-11-02 15:09:00,6,Sunday,11,1,1,normal,1.0,26000,CASH,30000,4000,3
TRX-251102-02582,2025-11-02,19:32:00,2025-11-02 19:32:00,6,Sunday,11,1,1,normal,1.0,10000,QRIS,10000,0,2
TRX-251102-02583,2025-11-02,19:17:00,2025-11-02 19:17:00,6,Sunday,11,1,1,normal,1.0,15000,QRIS,15000,0,2
TRX-251102-02584,2025-11-02,13:26:00,2025-11-02 13:26:00,6,Sunday,11,1,1,normal,1.0,67500,CASH,70000,2500,3
TRX-251102-02585,2025-11-02,11:42:00,2025-11-02 11:42:00,6,Sunday,11,1,1,normal,1.0,14500,CASH,15000,500,3
TRX-251102-02586,2025-11-02,20:27:00,2025-11-02 20:27:00,6,Sunday,11,1,1,normal,1.0,50100,CASH,55000,4900,3
TRX-251102-02587,2025-11-02,13:58:00,2025-11-02 13:58:00,6,Sunday,11,1,1,normal,1.0,7000,CASH,10000,3000,2
TRX-251102-02588,2025-11-02,15:43:00,2025-11-02 15:43:00,6,Sunday,11,1,1,normal,1.0,12000,CASH,15000,3000,2
TRX-251102-02589,2025-11-02,19:47:00,2025-11-02 19:47:00,6,Sunday,11,1,1,normal,1.0,42500,CASH,45000,2500,3
TRX-251102-02590,2025-11-02,16:27:00,2025-11-02 16:27:00,6,Sunday,11,1,1,normal,1.0,97800,CASH,100000,2200,2
TRX-251102-02591,2025-11-02,18:24:00,2025-11-02 18:24:00,6,Sunday,11,1,1,normal,1.0,9000,QRIS,9000,0,2
TRX-251102-02592,2025-11-02,21:14:00,2025-11-02 21:14:00,6,Sunday,11,1,1,normal,1.0,24000,CASH,25000,1000,3
TRX-251102-02593,2025-11-02,16:12:00,2025-11-02 16:12:00,6,Sunday,11,1,1,normal,1.0,29000,CASH,30000,1000,1
TRX-251102-02594,2025-11-02,18:01:00,2025-11-02 18:01:00,6,Sunday,11,1,1,normal,1.0,34500,CASH,35000,500,2
TRX-251102-02595,2025-11-02,12:50:00,2025-11-02 12:50:00,6,Sunday,11,1,1,normal,1.0,47000,CASH,50000,3000,2
TRX-251102-02596,2025-11-02,10:04:00,2025-11-02 10:04:00,6,Sunday,11,1,1,normal,1.0,4550,CASH,5000,450,2
TRX-251102-02597,2025-11-02,20:01:00,2025-11-02 20:01:00,6,Sunday,11,1,1,normal,1.0,21000,CASH,25000,4000,3
TRX-251102-02598,2025-11-02,13:22:00,2025-11-02 13:22:00,6,Sunday,11,1,1,normal,1.0,27000,CASH,30000,3000,3
TRX-251102-02599,2025-11-02,11:49:00,2025-11-02 11:49:00,6,Sunday,11,1,1,normal,1.0,51000,CASH,55000,4000,2
TRX-251102-02600,2025-11-02,12:36:00,2025-11-02 12:36:00,6,Sunday,11,1,1,normal,1.0,19500,CASH,20000,500,4
TRX-251102-02601,2025-11-02,07:21:00,2025-11-02 07:21:00,6,Sunday,11,1,1,normal,1.0,12000,CASH,15000,3000,2
TRX-251102-02602,2025-11-02,08:33:00,2025-11-02 08:33:00,6,Sunday,11,1,1,normal,1.0,126000,CASH,130000,4000,3
TRX-251103-02603,2025-11-03,10:32:00,2025-11-03 10:32:00,0,Monday,11,0,1,normal,1.0,40000,CASH,45000,5000,3
TRX-251103-02604,2025-11-03,12:21:00,2025-11-03 12:21:00,0,Monday,11,0,1,normal,1.0,8000,CASH,10000,2000,2
TRX-251103-02605,2025-11-03,14:02:00,2025-11-03 14:02:00,0,Monday,11,0,1,normal,1.0,14000,CASH,15000,1000,2
TRX-251103-02606,2025-11-03,13:16:00,2025-11-03 13:16:00,0,Monday,11,0,1,normal,1.0,34500,CASH,35000,500,2
TRX-251103-02607,2025-11-03,08:21:00,2025-11-03 08:21:00,0,Monday,11,0,1,normal,1.0,4000,CASH,5000,1000,1
TRX-251103-02608,2025-11-03,11:22:00,2025-11-03 11:22:00,0,Monday,11,0,1,normal,1.0,19000,CASH,20000,1000,3
TRX-251103-02609,2025-11-03,10:13:00,2025-11-03 10:13:00,0,Monday,11,0,1,normal,1.0,5000,CASH,10000,5000,2
TRX-251103-02610,2025-11-03,17:49:00,2025-11-03 17:49:00,0,Monday,11,0,1,normal,1.0,13000,CASH,15000,2000,4
TRX-251103-02611,2025-11-03,08:23:00,2025-11-03 08:23:00,0,Monday,11,0,1,normal,1.0,27000,CASH,30000,3000,3
TRX-251103-02612,2025-11-03,07:22:00,2025-11-03 07:22:00,0,Monday,11,0,1,normal,1.0,52000,CASH,55000,3000,2
TRX-251103-02613,2025-11-03,08:27:00,2025-11-03 08:27:00,0,Monday,11,0,1,normal,1.0,161500,CASH,165000,3500,4
TRX-251103-02614,2025-11-03,18:23:00,2025-11-03 18:23:00,0,Monday,11,0,1,normal,1.0,30000,CASH,35000,5000,1
TRX-251104-02615,2025-11-04,10:08:00,2025-11-04 10:08:00,1,Tuesday,11,0,1,normal,1.0,3000,CASH,5000,2000,1
TRX-251104-02616,2025-11-04,14:55:00,2025-11-04 14:55:00,1,Tuesday,11,0,1,normal,1.0,42000,CASH,45000,3000,4
TRX-251104-02617,2025-11-04,06:25:00,2025-11-04 06:25:00,1,Tuesday,11,0,1,normal,1.0,60000,QRIS,60000,0,1
TRX-251104-02618,2025-11-04,17:47:00,2025-11-04 17:47:00,1,Tuesday,11,0,1,normal,1.0,15500,CASH,20000,4500,1
TRX-251104-02619,2025-11-04,21:23:00,2025-11-04 21:23:00,1,Tuesday,11,0,1,normal,1.0,96000,CASH,100000,4000,4
TRX-251104-02620,2025-11-04,16:54:00,2025-11-04 16:54:00,1,Tuesday,11,0,1,normal,1.0,74000,CASH,75000,1000,3
TRX-251104-02621,2025-11-04,10:50:00,2025-11-04 10:50:00,1,Tuesday,11,0,1,normal,1.0,42000,CASH,45000,3000,2
TRX-251104-02622,2025-11-04,18:56:00,2025-11-04 18:56:00,1,Tuesday,11,0,1,normal,1.0,7000,QRIS,7000,0,3
TRX-251104-02623,2025-11-04,18:50:00,2025-11-04 18:50:00,1,Tuesday,11,0,1,normal,1.0,9100,CASH,10000,900,2
TRX-251104-02624,2025-11-04,17:51:00,2025-11-04 17:51:00,1,Tuesday,11,0,1,normal,1.0,90000,CASH,95000,5000,2
TRX-251104-02625,2025-11-04,14:15:00,2025-11-04 14:15:00,1,Tuesday,11,0,1,normal,1.0,58000,CASH,60000,2000,2
TRX-251104-02626,2025-11-04,18:21:00,2025-11-04 18:21:00,1,Tuesday,11,0,1,normal,1.0,73000,CASH,75000,2000,4
TRX-251104-02627,2025-11-04,13:09:00,2025-11-04 13:09:00,1,Tuesday,11,0,1,normal,1.0,44000,CASH,45000,1000,3
TRX-251104-02628,2025-11-04,11:12:00,2025-11-04 11:12:00,1,Tuesday,11,0,1,normal,1.0,28200,CASH,30000,1800,3
TRX-251104-02629,2025-11-04,13:33:00,2025-11-04 13:33:00,1,Tuesday,11,0,1,normal,1.0,105500,CASH,110000,4500,5
TRX-251104-02630,2025-11-04,17:34:00,2025-11-04 17:34:00,1,Tuesday,11,0,1,normal,1.0,71000,CASH,75000,4000,2
TRX-251104-02631,2025-11-04,19:50:00,2025-11-04 19:50:00,1,Tuesday,11,0,1,normal,1.0,45000,CASH,50000,5000,3
TRX-251104-02632,2025-11-04,18:31:00,2025-11-04 18:31:00,1,Tuesday,11,0,1,normal,1.0,34500,CASH,35000,500,3
TRX-251104-02633,2025-11-04,18:19:00,2025-11-04 18:19:00,1,Tuesday,11,0,1,normal,1.0,15500,TRANSFER,15500,0,3
TRX-251104-02634,2025-11-04,09:05:00,2025-11-04 09:05:00,1,Tuesday,11,0,1,normal,1.0,19000,TRANSFER,19000,0,2
TRX-251104-02635,2025-11-04,16:15:00,2025-11-04 16:15:00,1,Tuesday,11,0,1,normal,1.0,15000,CASH,20000,5000,1
TRX-251104-02636,2025-11-04,09:56:00,2025-11-04 09:56:00,1,Tuesday,11,0,1,normal,1.0,56000,CASH,60000,4000,3
TRX-251104-02637,2025-11-04,14:50:00,2025-11-04 14:50:00,1,Tuesday,11,0,1,normal,1.0,34000,QRIS,34000,0,2
TRX-251104-02638,2025-11-04,15:34:00,2025-11-04 15:34:00,1,Tuesday,11,0,1,normal,1.0,33000,CASH,35000,2000,2
TRX-251105-02639,2025-11-05,15:36:00,2025-11-05 15:36:00,2,Wednesday,11,0,1,normal,1.0,81000,EWALLET,81000,0,3
TRX-251105-02640,2025-11-05,13:49:00,2025-11-05 13:49:00,2,Wednesday,11,0,1,normal,1.0,38000,CASH,40000,2000,2
TRX-251105-02641,2025-11-05,18:26:00,2025-11-05 18:26:00,2,Wednesday,11,0,1,normal,1.0,18000,TRANSFER,18000,0,2
TRX-251105-02642,2025-11-05,09:19:00,2025-11-05 09:19:00,2,Wednesday,11,0,1,normal,1.0,63000,CASH,65000,2000,2
TRX-251105-02643,2025-11-05,17:35:00,2025-11-05 17:35:00,2,Wednesday,11,0,1,normal,1.0,18000,CASH,20000,2000,1
TRX-251105-02644,2025-11-05,17:11:00,2025-11-05 17:11:00,2,Wednesday,11,0,1,normal,1.0,147000,CASH,150000,3000,3
TRX-251105-02645,2025-11-05,11:45:00,2025-11-05 11:45:00,2,Wednesday,11,0,1,normal,1.0,46000,CASH,50000,4000,3
TRX-251105-02646,2025-11-05,11:12:00,2025-11-05 11:12:00,2,Wednesday,11,0,1,normal,1.0,2000,CASH,5000,3000,1
TRX-251105-02647,2025-11-05,16:30:00,2025-11-05 16:30:00,2,Wednesday,11,0,1,normal,1.0,64000,CASH,65000,1000,3
TRX-251105-02648,2025-11-05,15:55:00,2025-11-05 15:55:00,2,Wednesday,11,0,1,normal,1.0,19500,CASH,20000,500,3
TRX-251105-02649,2025-11-05,18:14:00,2025-11-05 18:14:00,2,Wednesday,11,0,1,normal,1.0,8000,CASH,10000,2000,1
TRX-251105-02650,2025-11-05,18:29:00,2025-11-05 18:29:00,2,Wednesday,11,0,1,normal,1.0,15500,CASH,20000,4500,1
TRX-251105-02651,2025-11-05,10:19:00,2025-11-05 10:19:00,2,Wednesday,11,0,1,normal,1.0,71000,CASH,75000,4000,3
TRX-251105-02652,2025-11-05,13:25:00,2025-11-05 13:25:00,2,Wednesday,11,0,1,normal,1.0,60000,TRANSFER,60000,0,1
TRX-251105-02653,2025-11-05,15:09:00,2025-11-05 15:09:00,2,Wednesday,11,0,1,normal,1.0,10000,EWALLET,10000,0,2
TRX-251105-02654,2025-11-05,07:58:00,2025-11-05 07:58:00,2,Wednesday,11,0,1,normal,1.0,12000,CASH,15000,3000,2
TRX-251105-02655,2025-11-05,06:28:00,2025-11-05 06:28:00,2,Wednesday,11,0,1,normal,1.0,13000,TRANSFER,13000,0,2
TRX-251105-02656,2025-11-05,13:29:00,2025-11-05 13:29:00,2,Wednesday,11,0,1,normal,1.0,17000,CASH,20000,3000,2
TRX-251106-02657,2025-11-06,06:43:00,2025-11-06 06:43:00,3,Thursday,11,0,0,normal,1.0,82000,CASH,85000,3000,5
TRX-251106-02658,2025-11-06,13:50:00,2025-11-06 13:50:00,3,Thursday,11,0,0,normal,1.0,3000,CASH,5000,2000,1
TRX-251106-02659,2025-11-06,18:58:00,2025-11-06 18:58:00,3,Thursday,11,0,0,normal,1.0,38000,EWALLET,38000,0,2
TRX-251106-02660,2025-11-06,12:25:00,2025-11-06 12:25:00,3,Thursday,11,0,0,normal,1.0,4000,CASH,5000,1000,1
TRX-251106-02661,2025-11-06,10:58:00,2025-11-06 10:58:00,3,Thursday,11,0,0,normal,1.0,33000,CASH,35000,2000,2
TRX-251106-02662,2025-11-06,16:55:00,2025-11-06 16:55:00,3,Thursday,11,0,0,normal,1.0,39000,QRIS,39000,0,4
TRX-251106-02663,2025-11-06,17:16:00,2025-11-06 17:16:00,3,Thursday,11,0,0,normal,1.0,78000,CASH,80000,2000,3
TRX-251106-02664,2025-11-06,19:10:00,2025-11-06 19:10:00,3,Thursday,11,0,0,normal,1.0,4000,CASH,5000,1000,1
TRX-251106-02665,2025-11-06,17:26:00,2025-11-06 17:26:00,3,Thursday,11,0,0,normal,1.0,29000,CASH,30000,1000,2
TRX-251106-02666,2025-11-06,11:13:00,2025-11-06 11:13:00,3,Thursday,11,0,0,normal,1.0,69000,QRIS,69000,0,2
TRX-251106-02667,2025-11-06,11:49:00,2025-11-06 11:49:00,3,Thursday,11,0,0,normal,1.0,98500,CASH,100000,1500,4
TRX-251106-02668,2025-11-06,18:02:00,2025-11-06 18:02:00,3,Thursday,11,0,0,normal,1.0,6000,CASH,10000,4000,1
TRX-251106-02669,2025-11-06,06:18:00,2025-11-06 06:18:00,3,Thursday,11,0,0,normal,1.0,72000,CASH,75000,3000,2
TRX-251106-02670,2025-11-06,08:55:00,2025-11-06 08:55:00,3,Thursday,11,0,0,normal,1.0,19500,QRIS,19500,0,3
TRX-251106-02671,2025-11-06,18:38:00,2025-11-06 18:38:00,3,Thursday,11,0,0,normal,1.0,29000,CASH,30000,1000,3
TRX-251107-02672,2025-11-07,21:37:00,2025-11-07 21:37:00,4,Friday,11,0,0,normal,1.0,7000,CASH,10000,3000,2
TRX-251107-02673,2025-11-07,18:36:00,2025-11-07 18:36:00,4,Friday,11,0,0,normal,1.0,62000,CASH,65000,3000,3
TRX-251107-02674,2025-11-07,09:49:00,2025-11-07 09:49:00,4,Friday,11,0,0,normal,1.0,28000,CASH,30000,2000,4
TRX-251107-02675,2025-11-07,15:32:00,2025-11-07 15:32:00,4,Friday,11,0,0,normal,1.0,14000,QRIS,14000,0,2
TRX-251107-02676,2025-11-07,14:43:00,2025-11-07 14:43:00,4,Friday,11,0,0,normal,1.0,22000,EWALLET,22000,0,3
TRX-251107-02677,2025-11-07,09:54:00,2025-11-07 09:54:00,4,Friday,11,0,0,normal,1.0,6000,CASH,10000,4000,2
TRX-251107-02678,2025-11-07,19:48:00,2025-11-07 19:48:00,4,Friday,11,0,0,normal,1.0,52000,CASH,55000,3000,3
TRX-251107-02679,2025-11-07,17:22:00,2025-11-07 17:22:00,4,Friday,11,0,0,normal,1.0,49500,CASH,50000,500,2
TRX-251107-02680,2025-11-07,09:01:00,2025-11-07 09:01:00,4,Friday,11,0,0,normal,1.0,77200,CASH,80000,2800,4
TRX-251107-02681,2025-11-07,18:22:00,2025-11-07 18:22:00,4,Friday,11,0,0,normal,1.0,20500,EWALLET,20500,0,2
TRX-251107-02682,2025-11-07,14:59:00,2025-11-07 14:59:00,4,Friday,11,0,0,normal,1.0,78000,CASH,80000,2000,2
TRX-251107-02683,2025-11-07,16:17:00,2025-11-07 16:17:00,4,Friday,11,0,0,normal,1.0,25225,QRIS,25225,0,4
TRX-251107-02684,2025-11-07,19:26:00,2025-11-07 19:26:00,4,Friday,11,0,0,normal,1.0,62000,CASH,65000,3000,2
TRX-251107-02685,2025-11-07,10:27:00,2025-11-07 10:27:00,4,Friday,11,0,0,normal,1.0,22000,TRANSFER,22000,0,2
TRX-251107-02686,2025-11-07,20:57:00,2025-11-07 20:57:00,4,Friday,11,0,0,normal,1.0,17000,CASH,20000,3000,2
TRX-251108-02687,2025-11-08,18:04:00,2025-11-08 18:04:00,5,Saturday,11,1,0,normal,1.0,5100,CASH,10000,4900,1
TRX-251108-02688,2025-11-08,08:55:00,2025-11-08 08:55:00,5,Saturday,11,1,0,normal,1.0,13000,CASH,15000,2000,3
TRX-251108-02689,2025-11-08,06:05:00,2025-11-08 06:05:00,5,Saturday,11,1,0,normal,1.0,7000,QRIS,7000,0,2
TRX-251108-02690,2025-11-08,18:01:00,2025-11-08 18:01:00,5,Saturday,11,1,0,normal,1.0,71000,CASH,75000,4000,4
TRX-251108-02691,2025-11-08,19:34:00,2025-11-08 19:34:00,5,Saturday,11,1,0,normal,1.0,9000,QRIS,9000,0,2
TRX-251108-02692,2025-11-08,09:29:00,2025-11-08 09:29:00,5,Saturday,11,1,0,normal,1.0,22000,EWALLET,22000,0,2
TRX-251108-02693,2025-11-08,19:31:00,2025-11-08 19:31:00,5,Saturday,11,1,0,normal,1.0,69000,TRANSFER,69000,0,2
TRX-251108-02694,2025-11-08,07:51:00,2025-11-08 07:51:00,5,Saturday,11,1,0,normal,1.0,18000,CASH,20000,2000,3
TRX-251108-02695,2025-11-08,14:17:00,2025-11-08 14:17:00,5,Saturday,11,1,0,normal,1.0,215000,QRIS,215000,0,3
TRX-251108-02696,2025-11-08,18:56:00,2025-11-08 18:56:00,5,Saturday,11,1,0,normal,1.0,9000,CASH,10000,1000,2
TRX-251108-02697,2025-11-08,13:50:00,2025-11-08 13:50:00,5,Saturday,11,1,0,normal,1.0,29000,TRANSFER,29000,0,3
TRX-251108-02698,2025-11-08,21:56:00,2025-11-08 21:56:00,5,Saturday,11,1,0,normal,1.0,54000,CASH,55000,1000,1
TRX-251108-02699,2025-11-08,10:12:00,2025-11-08 10:12:00,5,Saturday,11,1,0,normal,1.0,288000,CASH,290000,2000,5
TRX-251108-02700,2025-11-08,15:39:00,2025-11-08 15:39:00,5,Saturday,11,1,0,normal,1.0,24500,CASH,25000,500,2
TRX-251108-02701,2025-11-08,11:00:00,2025-11-08 11:00:00,5,Saturday,11,1,0,normal,1.0,38500,QRIS,38500,0,4
TRX-251108-02702,2025-11-08,10:35:00,2025-11-08 10:35:00,5,Saturday,11,1,0,normal,1.0,55000,CASH,60000,5000,4
TRX-251108-02703,2025-11-08,17:02:00,2025-11-08 17:02:00,5,Saturday,11,1,0,normal,1.0,105000,CASH,110000,5000,3
TRX-251108-02704,2025-11-08,12:13:00,2025-11-08 12:13:00,5,Saturday,11,1,0,normal,1.0,99000,CASH,100000,1000,3
TRX-251108-02705,2025-11-08,13:55:00,2025-11-08 13:55:00,5,Saturday,11,1,0,normal,1.0,19000,CASH,20000,1000,3
TRX-251108-02706,2025-11-08,16:43:00,2025-11-08 16:43:00,5,Saturday,11,1,0,normal,1.0,54000,CASH,55000,1000,1
TRX-251108-02707,2025-11-08,07:03:00,2025-11-08 07:03:00,5,Saturday,11,1,0,normal,1.0,39000,CASH,40000,1000,5
TRX-251108-02708,2025-11-08,17:20:00,2025-11-08 17:20:00,5,Saturday,11,1,0,normal,1.0,23000,CASH,25000,2000,3
TRX-251108-02709,2025-11-08,11:50:00,2025-11-08 11:50:00,5,Saturday,11,1,0,normal,1.0,61000,CASH,65000,4000,2
TRX-251109-02710,2025-11-09,09:28:00,2025-11-09 09:28:00,6,Sunday,11,1,0,normal,1.0,8500,CASH,10000,1500,4
TRX-251109-02711,2025-11-09,17:51:00,2025-11-09 17:51:00,6,Sunday,11,1,0,normal,1.0,44000,CASH,45000,1000,3
TRX-251109-02712,2025-11-09,17:29:00,2025-11-09 17:29:00,6,Sunday,11,1,0,normal,1.0,27000,CASH,30000,3000,4
TRX-251109-02713,2025-11-09,19:49:00,2025-11-09 19:49:00,6,Sunday,11,1,0,normal,1.0,12000,QRIS,12000,0,2
TRX-251109-02714,2025-11-09,09:09:00,2025-11-09 09:09:00,6,Sunday,11,1,0,normal,1.0,41000,CASH,45000,4000,3
TRX-251109-02715,2025-11-09,18:03:00,2025-11-09 18:03:00,6,Sunday,11,1,0,normal,1.0,16500,CASH,20000,3500,2
TRX-251109-02716,2025-11-09,11:27:00,2025-11-09 11:27:00,6,Sunday,11,1,0,normal,1.0,118500,CASH,120000,1500,3
TRX-251109-02717,2025-11-09,13:35:00,2025-11-09 13:35:00,6,Sunday,11,1,0,normal,1.0,9000,CASH,10000,1000,3
TRX-251109-02718,2025-11-09,19:43:00,2025-11-09 19:43:00,6,Sunday,11,1,0,normal,1.0,11000,CASH,15000,4000,2
TRX-251109-02719,2025-11-09,19:49:00,2025-11-09 19:49:00,6,Sunday,11,1,0,normal,1.0,107500,CASH,110000,2500,4
TRX-251109-02720,2025-11-09,17:12:00,2025-11-09 17:12:00,6,Sunday,11,1,0,normal,1.0,20100,CASH,25000,4900,3
TRX-251109-02721,2025-11-09,20:27:00,2025-11-09 20:27:00,6,Sunday,11,1,0,normal,1.0,25000,CASH,30000,5000,2
TRX-251109-02722,2025-11-09,09:41:00,2025-11-09 09:41:00,6,Sunday,11,1,0,normal,1.0,128000,CASH,130000,2000,5
TRX-251109-02723,2025-11-09,11:44:00,2025-11-09 11:44:00,6,Sunday,11,1,0,normal,1.0,4000,CASH,5000,1000,1
TRX-251109-02724,2025-11-09,10:46:00,2025-11-09 10:46:00,6,Sunday,11,1,0,normal,1.0,54000,CASH,55000,1000,4
TRX-251109-02725,2025-11-09,08:44:00,2025-11-09 08:44:00,6,Sunday,11,1,0,normal,1.0,25000,CASH,30000,5000,3
TRX-251109-02726,2025-11-09,15:50:00,2025-11-09 15:50:00,6,Sunday,11,1,0,normal,1.0,35000,CASH,40000,5000,3
TRX-251109-02727,2025-11-09,11:50:00,2025-11-09 11:50:00,6,Sunday,11,1,0,normal,1.0,190000,CASH,195000,5000,2
TRX-251110-02728,2025-11-10,20:07:00,2025-11-10 20:07:00,0,Monday,11,0,0,normal,1.0,38000,QRIS,38000,0,3
TRX-251110-02729,2025-11-10,13:11:00,2025-11-10 13:11:00,0,Monday,11,0,0,normal,1.0,72000,EWALLET,72000,0,4
TRX-251110-02730,2025-11-10,13:03:00,2025-11-10 13:03:00,0,Monday,11,0,0,normal,1.0,32000,CASH,35000,3000,4
TRX-251110-02731,2025-11-10,16:03:00,2025-11-10 16:03:00,0,Monday,11,0,0,normal,1.0,18000,CASH,20000,2000,4
TRX-251110-02732,2025-11-10,11:06:00,2025-11-10 11:06:00,0,Monday,11,0,0,normal,1.0,8400,CASH,10000,1600,2
TRX-251110-02733,2025-11-10,13:28:00,2025-11-10 13:28:00,0,Monday,11,0,0,normal,1.0,18000,CASH,20000,2000,2
TRX-251110-02734,2025-11-10,14:42:00,2025-11-10 14:42:00,0,Monday,11,0,0,normal,1.0,61725,QRIS,61725,0,5
TRX-251110-02735,2025-11-10,12:13:00,2025-11-10 12:13:00,0,Monday,11,0,0,normal,1.0,4000,CASH,5000,1000,2
TRX-251110-02736,2025-11-10,12:58:00,2025-11-10 12:58:00,0,Monday,11,0,0,normal,1.0,76000,CASH,80000,4000,4
TRX-251110-02737,2025-11-10,17:23:00,2025-11-10 17:23:00,0,Monday,11,0,0,normal,1.0,19500,CASH,20000,500,3
TRX-251110-02738,2025-11-10,21:52:00,2025-11-10 21:52:00,0,Monday,11,0,0,normal,1.0,14000,CASH,15000,1000,2
TRX-251110-02739,2025-11-10,07:04:00,2025-11-10 07:04:00,0,Monday,11,0,0,normal,1.0,5000,QRIS,5000,0,1
TRX-251110-02740,2025-11-10,14:29:00,2025-11-10 14:29:00,0,Monday,11,0,0,normal,1.0,11000,CASH,15000,4000,2
TRX-251110-02741,2025-11-10,10:05:00,2025-11-10 10:05:00,0,Monday,11,0,0,normal,1.0,16000,CASH,20000,4000,3
TRX-251110-02742,2025-11-10,20:21:00,2025-11-10 20:21:00,0,Monday,11,0,0,normal,1.0,7500,CASH,10000,2500,3
TRX-251111-02743,2025-11-11,07:29:00,2025-11-11 07:29:00,1,Tuesday,11,0,0,normal,1.0,217500,TRANSFER,217500,0,3
TRX-251111-02744,2025-11-11,11:04:00,2025-11-11 11:04:00,1,Tuesday,11,0,0,normal,1.0,134000,CASH,135000,1000,4
TRX-251111-02745,2025-11-11,19:01:00,2025-11-11 19:01:00,1,Tuesday,11,0,0,normal,1.0,84000,CASH,85000,1000,3
TRX-251111-02746,2025-11-11,11:09:00,2025-11-11 11:09:00,1,Tuesday,11,0,0,normal,1.0,44000,CASH,45000,1000,3
TRX-251111-02747,2025-11-11,06:46:00,2025-11-11 06:46:00,1,Tuesday,11,0,0,normal,1.0,36000,QRIS,36000,0,1
TRX-251111-02748,2025-11-11,11:32:00,2025-11-11 11:32:00,1,Tuesday,11,0,0,normal,1.0,4000,CASH,5000,1000,1
TRX-251111-02749,2025-11-11,17:46:00,2025-11-11 17:46:00,1,Tuesday,11,0,0,normal,1.0,10000,CASH,15000,5000,2
TRX-251111-02750,2025-11-11,13:55:00,2025-11-11 13:55:00,1,Tuesday,11,0,0,normal,1.0,8000,CASH,10000,2000,1
TRX-251111-02751,2025-11-11,21:14:00,2025-11-11 21:14:00,1,Tuesday,11,0,0,normal,1.0,27825,CASH,30000,2175,2
TRX-251111-02752,2025-11-11,18:21:00,2025-11-11 18:21:00,1,Tuesday,11,0,0,normal,1.0,17000,QRIS,17000,0,2
TRX-251111-02753,2025-11-11,17:05:00,2025-11-11 17:05:00,1,Tuesday,11,0,0,normal,1.0,46900,CASH,50000,3100,2
TRX-251111-02754,2025-11-11,08:47:00,2025-11-11 08:47:00,1,Tuesday,11,0,0,normal,1.0,117000,CASH,120000,3000,2
TRX-251111-02755,2025-11-11,19:37:00,2025-11-11 19:37:00,1,Tuesday,11,0,0,normal,1.0,3000,QRIS,3000,0,1
TRX-251111-02756,2025-11-11,08:37:00,2025-11-11 08:37:00,1,Tuesday,11,0,0,normal,1.0,13000,CASH,15000,2000,2
TRX-251111-02757,2025-11-11,12:45:00,2025-11-11 12:45:00,1,Tuesday,11,0,0,normal,1.0,74000,QRIS,74000,0,3
TRX-251111-02758,2025-11-11,18:24:00,2025-11-11 18:24:00,1,Tuesday,11,0,0,normal,1.0,185000,CASH,190000,5000,4
TRX-251111-02759,2025-11-11,17:59:00,2025-11-11 17:59:00,1,Tuesday,11,0,0,normal,1.0,62550,CASH,65000,2450,3
TRX-251111-02760,2025-11-11,12:00:00,2025-11-11 12:00:00,1,Tuesday,11,0,0,normal,1.0,24000,QRIS,24000,0,3
TRX-251111-02761,2025-11-11,16:33:00,2025-11-11 16:33:00,1,Tuesday,11,0,0,normal,1.0,18000,QRIS,18000,0,1
TRX-251112-02762,2025-11-12,13:31:00,2025-11-12 13:31:00,2,Wednesday,11,0,0,normal,1.0,112500,CASH,115000,2500,4
TRX-251112-02763,2025-11-12,07:31:00,2025-11-12 07:31:00,2,Wednesday,11,0,0,normal,1.0,37500,CASH,40000,2500,2
TRX-251112-02764,2025-11-12,09:02:00,2025-11-12 09:02:00,2,Wednesday,11,0,0,normal,1.0,2000,EWALLET,2000,0,1
TRX-251112-02765,2025-11-12,19:53:00,2025-11-12 19:53:00,2,Wednesday,11,0,0,normal,1.0,50500,CASH,55000,4500,3
TRX-251112-02766,2025-11-12,10:51:00,2025-11-12 10:51:00,2,Wednesday,11,0,0,normal,1.0,7500,CASH,10000,2500,2
TRX-251112-02767,2025-11-12,12:18:00,2025-11-12 12:18:00,2,Wednesday,11,0,0,normal,1.0,18000,EWALLET,18000,0,2
TRX-251112-02768,2025-11-12,11:34:00,2025-11-12 11:34:00,2,Wednesday,11,0,0,normal,1.0,19000,CASH,20000,1000,2
TRX-251112-02769,2025-11-12,15:03:00,2025-11-12 15:03:00,2,Wednesday,11,0,0,normal,1.0,29000,CASH,30000,1000,3
TRX-251112-02770,2025-11-12,11:43:00,2025-11-12 11:43:00,2,Wednesday,11,0,0,normal,1.0,18000,CASH,20000,2000,1
TRX-251112-02771,2025-11-12,07:41:00,2025-11-12 07:41:00,2,Wednesday,11,0,0,normal,1.0,8000,CASH,10000,2000,2
TRX-251112-02772,2025-11-12,12:10:00,2025-11-12 12:10:00,2,Wednesday,11,0,0,normal,1.0,2000,CASH,5000,3000,1
TRX-251112-02773,2025-11-12,13:07:00,2025-11-12 13:07:00,2,Wednesday,11,0,0,normal,1.0,108000,CASH,110000,2000,1
TRX-251112-02774,2025-11-12,10:23:00,2025-11-12 10:23:00,2,Wednesday,11,0,0,normal,1.0,16000,EWALLET,16000,0,1
TRX-251112-02775,2025-11-12,10:28:00,2025-11-12 10:28:00,2,Wednesday,11,0,0,normal,1.0,21000,QRIS,21000,0,3
TRX-251112-02776,2025-11-12,16:20:00,2025-11-12 16:20:00,2,Wednesday,11,0,0,normal,1.0,28500,CASH,30000,1500,2
TRX-251112-02777,2025-11-12,19:42:00,2025-11-12 19:42:00,2,Wednesday,11,0,0,normal,1.0,4000,CASH,5000,1000,1
TRX-251112-02778,2025-11-12,08:21:00,2025-11-12 08:21:00,2,Wednesday,11,0,0,normal,1.0,23100,QRIS,23100,0,2
TRX-251112-02779,2025-11-12,12:44:00,2025-11-12 12:44:00,2,Wednesday,11,0,0,normal,1.0,17500,CASH,20000,2500,3
TRX-251112-02780,2025-11-12,18:34:00,2025-11-12 18:34:00,2,Wednesday,11,0,0,normal,1.0,55000,CASH,60000,5000,2
TRX-251112-02781,2025-11-12,08:50:00,2025-11-12 08:50:00,2,Wednesday,11,0,0,normal,1.0,23000,CASH,25000,2000,3
TRX-251113-02782,2025-11-13,18:51:00,2025-11-13 18:51:00,3,Thursday,11,0,0,normal,1.0,54000,CASH,55000,1000,1
TRX-251113-02783,2025-11-13,15:07:00,2025-11-13 15:07:00,3,Thursday,11,0,0,normal,1.0,8000,CASH,10000,2000,2
TRX-251113-02784,2025-11-13,11:32:00,2025-11-13 11:32:00,3,Thursday,11,0,0,normal,1.0,87000,CASH,90000,3000,3
TRX-251113-02785,2025-11-13,19:43:00,2025-11-13 19:43:00,3,Thursday,11,0,0,normal,1.0,4000,CASH,5000,1000,2
TRX-251113-02786,2025-11-13,20:53:00,2025-11-13 20:53:00,3,Thursday,11,0,0,normal,1.0,46000,CASH,50000,4000,2
TRX-251113-02787,2025-11-13,13:55:00,2025-11-13 13:55:00,3,Thursday,11,0,0,normal,1.0,3000,CASH,5000,2000,1
TRX-251113-02788,2025-11-13,19:58:00,2025-11-13 19:58:00,3,Thursday,11,0,0,normal,1.0,62000,CASH,65000,3000,5
TRX-251114-02789,2025-11-14,08:40:00,2025-11-14 08:40:00,4,Friday,11,0,0,normal,1.0,26100,CASH,30000,3900,3
TRX-251114-02790,2025-11-14,18:33:00,2025-11-14 18:33:00,4,Friday,11,0,0,normal,1.0,34000,CASH,35000,1000,3
TRX-251114-02791,2025-11-14,18:04:00,2025-11-14 18:04:00,4,Friday,11,0,0,normal,1.0,4000,CASH,5000,1000,2
TRX-251114-02792,2025-11-14,13:10:00,2025-11-14 13:10:00,4,Friday,11,0,0,normal,1.0,28000,CASH,30000,2000,3
TRX-251114-02793,2025-11-14,15:58:00,2025-11-14 15:58:00,4,Friday,11,0,0,normal,1.0,9000,QRIS,9000,0,2
TRX-251114-02794,2025-11-14,19:37:00,2025-11-14 19:37:00,4,Friday,11,0,0,normal,1.0,7000,CASH,10000,3000,2
TRX-251114-02795,2025-11-14,07:28:00,2025-11-14 07:28:00,4,Friday,11,0,0,normal,1.0,36000,TRANSFER,36000,0,1
TRX-251114-02796,2025-11-14,12:32:00,2025-11-14 12:32:00,4,Friday,11,0,0,normal,1.0,93000,CASH,95000,2000,3
TRX-251114-02797,2025-11-14,13:42:00,2025-11-14 13:42:00,4,Friday,11,0,0,normal,1.0,15000,CASH,20000,5000,2
TRX-251114-02798,2025-11-14,20:12:00,2025-11-14 20:12:00,4,Friday,11,0,0,normal,1.0,91000,CASH,95000,4000,4
TRX-251114-02799,2025-11-14,10:34:00,2025-11-14 10:34:00,4,Friday,11,0,0,normal,1.0,106500,CASH,110000,3500,2
TRX-251114-02800,2025-11-14,20:30:00,2025-11-14 20:30:00,4,Friday,11,0,0,normal,1.0,63000,CASH,65000,2000,3
TRX-251114-02801,2025-11-14,07:28:00,2025-11-14 07:28:00,4,Friday,11,0,0,normal,1.0,34000,CASH,35000,1000,2
TRX-251115-02802,2025-11-15,14:40:00,2025-11-15 14:40:00,5,Saturday,11,1,0,normal,1.0,135000,CASH,140000,5000,3
TRX-251115-02803,2025-11-15,12:21:00,2025-11-15 12:21:00,5,Saturday,11,1,0,normal,1.0,64000,CASH,65000,1000,2
TRX-251115-02804,2025-11-15,08:44:00,2025-11-15 08:44:00,5,Saturday,11,1,0,normal,1.0,5000,EWALLET,5000,0,2
TRX-251115-02805,2025-11-15,10:27:00,2025-11-15 10:27:00,5,Saturday,11,1,0,normal,1.0,18000,QRIS,18000,0,2
TRX-251115-02806,2025-11-15,21:27:00,2025-11-15 21:27:00,5,Saturday,11,1,0,normal,1.0,185500,CASH,190000,4500,4
TRX-251115-02807,2025-11-15,20:40:00,2025-11-15 20:40:00,5,Saturday,11,1,0,normal,1.0,77950,CASH,80000,2050,2
TRX-251115-02808,2025-11-15,16:14:00,2025-11-15 16:14:00,5,Saturday,11,1,0,normal,1.0,18000,CASH,20000,2000,2
TRX-251115-02809,2025-11-15,08:27:00,2025-11-15 08:27:00,5,Saturday,11,1,0,normal,1.0,12800,CASH,15000,2200,2
TRX-251115-02810,2025-11-15,21:41:00,2025-11-15 21:41:00,5,Saturday,11,1,0,normal,1.0,4500,CASH,5000,500,1
TRX-251115-02811,2025-11-15,19:36:00,2025-11-15 19:36:00,5,Saturday,11,1,0,normal,1.0,10000,TRANSFER,10000,0,2
TRX-251115-02812,2025-11-15,20:08:00,2025-11-15 20:08:00,5,Saturday,11,1,0,normal,1.0,62000,CASH,65000,3000,4
TRX-251115-02813,2025-11-15,11:12:00,2025-11-15 11:12:00,5,Saturday,11,1,0,normal,1.0,52000,CASH,55000,3000,3
TRX-251115-02814,2025-11-15,19:01:00,2025-11-15 19:01:00,5,Saturday,11,1,0,normal,1.0,43000,EWALLET,43000,0,3
TRX-251115-02815,2025-11-15,11:01:00,2025-11-15 11:01:00,5,Saturday,11,1,0,normal,1.0,1000,TRANSFER,1000,0,1
TRX-251115-02816,2025-11-15,09:55:00,2025-11-15 09:55:00,5,Saturday,11,1,0,normal,1.0,7000,EWALLET,7000,0,2
TRX-251115-02817,2025-11-15,09:40:00,2025-11-15 09:40:00,5,Saturday,11,1,0,normal,1.0,31000,QRIS,31000,0,4
TRX-251115-02818,2025-11-15,17:56:00,2025-11-15 17:56:00,5,Saturday,11,1,0,normal,1.0,1000,CASH,5000,4000,1
TRX-251115-02819,2025-11-15,20:27:00,2025-11-15 20:27:00,5,Saturday,11,1,0,normal,1.0,16000,CASH,20000,4000,2
TRX-251115-02820,2025-11-15,21:57:00,2025-11-15 21:57:00,5,Saturday,11,1,0,normal,1.0,135000,CASH,140000,5000,1
TRX-251115-02821,2025-11-15,12:49:00,2025-11-15 12:49:00,5,Saturday,11,1,0,normal,1.0,16500,CASH,20000,3500,2
TRX-251115-02822,2025-11-15,18:15:00,2025-11-15 18:15:00,5,Saturday,11,1,0,normal,1.0,56250,CASH,60000,3750,3
TRX-251115-02823,2025-11-15,12:08:00,2025-11-15 12:08:00,5,Saturday,11,1,0,normal,1.0,76000,CASH,80000,4000,3
TRX-251115-02824,2025-11-15,13:58:00,2025-11-15 13:58:00,5,Saturday,11,1,0,normal,1.0,21500,CASH,25000,3500,3
TRX-251115-02825,2025-11-15,08:02:00,2025-11-15 08:02:00,5,Saturday,11,1,0,normal,1.0,70000,CASH,75000,5000,4
TRX-251115-02826,2025-11-15,21:43:00,2025-11-15 21:43:00,5,Saturday,11,1,0,normal,1.0,73000,QRIS,73000,0,3
TRX-251115-02827,2025-11-15,14:48:00,2025-11-15 14:48:00,5,Saturday,11,1,0,normal,1.0,59500,CASH,60000,500,3
TRX-251115-02828,2025-11-15,08:32:00,2025-11-15 08:32:00,5,Saturday,11,1,0,normal,1.0,33000,CASH,35000,2000,2
TRX-251116-02829,2025-11-16,18:02:00,2025-11-16 18:02:00,6,Sunday,11,1,0,normal,1.0,40500,CASH,45000,4500,2
TRX-251116-02830,2025-11-16,13:53:00,2025-11-16 13:53:00,6,Sunday,11,1,0,normal,1.0,45000,CASH,50000,5000,1
TRX-251116-02831,2025-11-16,14:57:00,2025-11-16 14:57:00,6,Sunday,11,1,0,normal,1.0,95700,QRIS,95700,0,3
TRX-251116-02832,2025-11-16,13:39:00,2025-11-16 13:39:00,6,Sunday,11,1,0,normal,1.0,56700,CASH,60000,3300,2
TRX-251116-02833,2025-11-16,18:38:00,2025-11-16 18:38:00,6,Sunday,11,1,0,normal,1.0,24000,CASH,25000,1000,2
TRX-251116-02834,2025-11-16,11:26:00,2025-11-16 11:26:00,6,Sunday,11,1,0,normal,1.0,162000,CASH,165000,3000,4
TRX-251116-02835,2025-11-16,11:14:00,2025-11-16 11:14:00,6,Sunday,11,1,0,normal,1.0,21000,CASH,25000,4000,3
TRX-251116-02836,2025-11-16,19:34:00,2025-11-16 19:34:00,6,Sunday,11,1,0,normal,1.0,40200,EWALLET,40200,0,4
TRX-251116-02837,2025-11-16,11:48:00,2025-11-16 11:48:00,6,Sunday,11,1,0,normal,1.0,31300,CASH,35000,3700,5
TRX-251116-02838,2025-11-16,20:09:00,2025-11-16 20:09:00,6,Sunday,11,1,0,normal,1.0,42300,CASH,45000,2700,5
TRX-251116-02839,2025-11-16,16:42:00,2025-11-16 16:42:00,6,Sunday,11,1,0,normal,1.0,17500,CASH,20000,2500,2
TRX-251116-02840,2025-11-16,21:55:00,2025-11-16 21:55:00,6,Sunday,11,1,0,normal,1.0,9000,QRIS,9000,0,2
TRX-251116-02841,2025-11-16,20:32:00,2025-11-16 20:32:00,6,Sunday,11,1,0,normal,1.0,31000,CASH,35000,4000,5
TRX-251116-02842,2025-11-16,12:18:00,2025-11-16 12:18:00,6,Sunday,11,1,0,normal,1.0,13000,TRANSFER,13000,0,2
TRX-251116-02843,2025-11-16,09:23:00,2025-11-16 09:23:00,6,Sunday,11,1,0,normal,1.0,32000,CASH,35000,3000,3
TRX-251116-02844,2025-11-16,16:18:00,2025-11-16 16:18:00,6,Sunday,11,1,0,normal,1.0,3000,EWALLET,3000,0,1
TRX-251116-02845,2025-11-16,09:05:00,2025-11-16 09:05:00,6,Sunday,11,1,0,normal,1.0,28400,CASH,30000,1600,4
TRX-251116-02846,2025-11-16,15:03:00,2025-11-16 15:03:00,6,Sunday,11,1,0,normal,1.0,69000,CASH,70000,1000,3
TRX-251116-02847,2025-11-16,11:12:00,2025-11-16 11:12:00,6,Sunday,11,1,0,normal,1.0,37000,CASH,40000,3000,3
TRX-251116-02848,2025-11-16,10:09:00,2025-11-16 10:09:00,6,Sunday,11,1,0,normal,1.0,111000,QRIS,111000,0,2
TRX-251116-02849,2025-11-16,11:09:00,2025-11-16 11:09:00,6,Sunday,11,1,0,normal,1.0,42000,CASH,45000,3000,2
TRX-251116-02850,2025-11-16,16:02:00,2025-11-16 16:02:00,6,Sunday,11,1,0,normal,1.0,6000,CASH,10000,4000,1
TRX-251116-02851,2025-11-16,13:44:00,2025-11-16 13:44:00,6,Sunday,11,1,0,normal,1.0,44100,CASH,45000,900,2
TRX-251116-02852,2025-11-16,11:55:00,2025-11-16 11:55:00,6,Sunday,11,1,0,normal,1.0,60000,CASH,65000,5000,2
TRX-251116-02853,2025-11-16,17:52:00,2025-11-16 17:52:00,6,Sunday,11,1,0,normal,1.0,12000,CASH,15000,3000,2
TRX-251116-02854,2025-11-16,10:24:00,2025-11-16 10:24:00,6,Sunday,11,1,0,normal,1.0,30700,CASH,35000,4300,2
TRX-251116-02855,2025-11-16,13:08:00,2025-11-16 13:08:00,6,Sunday,11,1,0,normal,1.0,66000,CASH,70000,4000,2
TRX-251117-02856,2025-11-17,17:52:00,2025-11-17 17:52:00,0,Monday,11,0,0,normal,1.0,75900,CASH,80000,4100,5
TRX-251117-02857,2025-11-17,07:53:00,2025-11-17 07:53:00,0,Monday,11,0,0,normal,1.0,62000,CASH,65000,3000,4
TRX-251117-02858,2025-11-17,16:49:00,2025-11-17 16:49:00,0,Monday,11,0,0,normal,1.0,12000,CASH,15000,3000,1
TRX-251117-02859,2025-11-17,21:49:00,2025-11-17 21:49:00,0,Monday,11,0,0,normal,1.0,41000,CASH,45000,4000,3
TRX-251117-02860,2025-11-17,12:50:00,2025-11-17 12:50:00,0,Monday,11,0,0,normal,1.0,24000,TRANSFER,24000,0,3
TRX-251117-02861,2025-11-17,13:07:00,2025-11-17 13:07:00,0,Monday,11,0,0,normal,1.0,60000,CASH,65000,5000,1
TRX-251117-02862,2025-11-17,18:51:00,2025-11-17 18:51:00,0,Monday,11,0,0,normal,1.0,15000,CASH,20000,5000,1
TRX-251117-02863,2025-11-17,16:57:00,2025-11-17 16:57:00,0,Monday,11,0,0,normal,1.0,3000,EWALLET,3000,0,1
TRX-251117-02864,2025-11-17,09:24:00,2025-11-17 09:24:00,0,Monday,11,0,0,normal,1.0,9000,QRIS,9000,0,1
TRX-251117-02865,2025-11-17,10:02:00,2025-11-17 10:02:00,0,Monday,11,0,0,normal,1.0,14000,CASH,15000,1000,2
TRX-251117-02866,2025-11-17,08:01:00,2025-11-17 08:01:00,0,Monday,11,0,0,normal,1.0,16500,QRIS,16500,0,2
TRX-251117-02867,2025-11-17,11:40:00,2025-11-17 11:40:00,0,Monday,11,0,0,normal,1.0,17000,TRANSFER,17000,0,2
TRX-251117-02868,2025-11-17,12:30:00,2025-11-17 12:30:00,0,Monday,11,0,0,normal,1.0,46000,TRANSFER,46000,0,4
TRX-251117-02869,2025-11-17,12:47:00,2025-11-17 12:47:00,0,Monday,11,0,0,normal,1.0,9000,CASH,10000,1000,2
TRX-251117-02870,2025-11-17,09:40:00,2025-11-17 09:40:00,0,Monday,11,0,0,normal,1.0,51000,QRIS,51000,0,3
TRX-251117-02871,2025-11-17,11:22:00,2025-11-17 11:22:00,0,Monday,11,0,0,normal,1.0,24500,CASH,25000,500,2
TRX-251118-02872,2025-11-18,18:23:00,2025-11-18 18:23:00,1,Tuesday,11,0,0,normal,1.0,9000,QRIS,9000,0,1
TRX-251118-02873,2025-11-18,19:06:00,2025-11-18 19:06:00,1,Tuesday,11,0,0,normal,1.0,32400,CASH,35000,2600,5
TRX-251118-02874,2025-11-18,12:45:00,2025-11-18 12:45:00,1,Tuesday,11,0,0,normal,1.0,2000,CASH,5000,3000,1
TRX-251118-02875,2025-11-18,15:05:00,2025-11-18 15:05:00,1,Tuesday,11,0,0,normal,1.0,19100,CASH,20000,900,4
TRX-251118-02876,2025-11-18,18:58:00,2025-11-18 18:58:00,1,Tuesday,11,0,0,normal,1.0,44100,CASH,45000,900,4
TRX-251118-02877,2025-11-18,19:18:00,2025-11-18 19:18:00,1,Tuesday,11,0,0,normal,1.0,194500,CASH,195000,500,5
TRX-251118-02878,2025-11-18,21:37:00,2025-11-18 21:37:00,1,Tuesday,11,0,0,normal,1.0,7000,CASH,10000,3000,2
TRX-251118-02879,2025-11-18,12:18:00,2025-11-18 12:18:00,1,Tuesday,11,0,0,normal,1.0,21000,CASH,25000,4000,3
TRX-251118-02880,2025-11-18,10:35:00,2025-11-18 10:35:00,1,Tuesday,11,0,0,normal,1.0,51000,CASH,55000,4000,2
TRX-251118-02881,2025-11-18,12:42:00,2025-11-18 12:42:00,1,Tuesday,11,0,0,normal,1.0,22000,QRIS,22000,0,2
TRX-251118-02882,2025-11-18,17:56:00,2025-11-18 17:56:00,1,Tuesday,11,0,0,normal,1.0,43000,CASH,45000,2000,2
TRX-251118-02883,2025-11-18,17:55:00,2025-11-18 17:55:00,1,Tuesday,11,0,0,normal,1.0,101000,TRANSFER,101000,0,5
TRX-251119-02884,2025-11-19,14:57:00,2025-11-19 14:57:00,2,Wednesday,11,0,0,normal,1.0,39000,EWALLET,39000,0,2
TRX-251119-02885,2025-11-19,10:43:00,2025-11-19 10:43:00,2,Wednesday,11,0,0,normal,1.0,143000,EWALLET,143000,0,3
TRX-251119-02886,2025-11-19,15:24:00,2025-11-19 15:24:00,2,Wednesday,11,0,0,normal,1.0,3000,CASH,5000,2000,1
TRX-251119-02887,2025-11-19,12:44:00,2025-11-19 12:44:00,2,Wednesday,11,0,0,normal,1.0,71000,CASH,75000,4000,4
TRX-251119-02888,2025-11-19,21:04:00,2025-11-19 21:04:00,2,Wednesday,11,0,0,normal,1.0,39000,QRIS,39000,0,2
TRX-251119-02889,2025-11-19,08:14:00,2025-11-19 08:14:00,2,Wednesday,11,0,0,normal,1.0,3400,CASH,5000,1600,1
TRX-251119-02890,2025-11-19,14:46:00,2025-11-19 14:46:00,2,Wednesday,11,0,0,normal,1.0,126000,CASH,130000,4000,4
TRX-251119-02891,2025-11-19,16:21:00,2025-11-19 16:21:00,2,Wednesday,11,0,0,normal,1.0,20000,TRANSFER,20000,0,3
TRX-251119-02892,2025-11-19,18:01:00,2025-11-19 18:01:00,2,Wednesday,11,0,0,normal,1.0,26500,CASH,30000,3500,3
TRX-251119-02893,2025-11-19,17:46:00,2025-11-19 17:46:00,2,Wednesday,11,0,0,normal,1.0,60000,QRIS,60000,0,3
TRX-251119-02894,2025-11-19,12:32:00,2025-11-19 12:32:00,2,Wednesday,11,0,0,normal,1.0,20700,CASH,25000,4300,4
TRX-251119-02895,2025-11-19,14:31:00,2025-11-19 14:31:00,2,Wednesday,11,0,0,normal,1.0,5000,CASH,10000,5000,2
TRX-251119-02896,2025-11-19,13:30:00,2025-11-19 13:30:00,2,Wednesday,11,0,0,normal,1.0,7000,CASH,10000,3000,2
TRX-251119-02897,2025-11-19,18:53:00,2025-11-19 18:53:00,2,Wednesday,11,0,0,normal,1.0,13000,QRIS,13000,0,4
TRX-251119-02898,2025-11-19,13:59:00,2025-11-19 13:59:00,2,Wednesday,11,0,0,normal,1.0,18000,QRIS,18000,0,3
TRX-251119-02899,2025-11-19,12:37:00,2025-11-19 12:37:00,2,Wednesday,11,0,0,normal,1.0,37000,CASH,40000,3000,4
TRX-251119-02900,2025-11-19,13:27:00,2025-11-19 13:27:00,2,Wednesday,11,0,0,normal,1.0,6000,CASH,10000,4000,2
TRX-251119-02901,2025-11-19,11:41:00,2025-11-19 11:41:00,2,Wednesday,11,0,0,normal,1.0,6000,CASH,10000,4000,1
TRX-251120-02902,2025-11-20,07:36:00,2025-11-20 07:36:00,3,Thursday,11,0,0,normal,1.0,59000,CASH,60000,1000,3
TRX-251120-02903,2025-11-20,16:35:00,2025-11-20 16:35:00,3,Thursday,11,0,0,normal,1.0,46000,CASH,50000,4000,2
TRX-251120-02904,2025-11-20,12:43:00,2025-11-20 12:43:00,3,Thursday,11,0,0,normal,1.0,29950,CASH,30000,50,2
TRX-251120-02905,2025-11-20,18:05:00,2025-11-20 18:05:00,3,Thursday,11,0,0,normal,1.0,90000,CASH,95000,5000,2
TRX-251120-02906,2025-11-20,19:06:00,2025-11-20 19:06:00,3,Thursday,11,0,0,normal,1.0,34000,CASH,35000,1000,5
TRX-251120-02907,2025-11-20,19:22:00,2025-11-20 19:22:00,3,Thursday,11,0,0,normal,1.0,4500,CASH,5000,500,2
TRX-251120-02908,2025-11-20,13:59:00,2025-11-20 13:59:00,3,Thursday,11,0,0,normal,1.0,8000,CASH,10000,2000,1
TRX-251120-02909,2025-11-20,15:56:00,2025-11-20 15:56:00,3,Thursday,11,0,0,normal,1.0,18000,CASH,20000,2000,2
TRX-251120-02910,2025-11-20,16:04:00,2025-11-20 16:04:00,3,Thursday,11,0,0,normal,1.0,60300,TRANSFER,60300,0,2
TRX-251120-02911,2025-11-20,21:49:00,2025-11-20 21:49:00,3,Thursday,11,0,0,normal,1.0,38500,CASH,40000,1500,4
TRX-251120-02912,2025-11-20,14:23:00,2025-11-20 14:23:00,3,Thursday,11,0,0,normal,1.0,15500,CASH,20000,4500,3
TRX-251120-02913,2025-11-20,18:31:00,2025-11-20 18:31:00,3,Thursday,11,0,0,normal,1.0,76000,QRIS,76000,0,4
TRX-251120-02914,2025-11-20,17:51:00,2025-11-20 17:51:00,3,Thursday,11,0,0,normal,1.0,24000,CASH,25000,1000,2
TRX-251120-02915,2025-11-20,21:17:00,2025-11-20 21:17:00,3,Thursday,11,0,0,normal,1.0,37000,CASH,40000,3000,2
TRX-251120-02916,2025-11-20,21:22:00,2025-11-20 21:22:00,3,Thursday,11,0,0,normal,1.0,3000,CASH,5000,2000,1
TRX-251120-02917,2025-11-20,10:34:00,2025-11-20 10:34:00,3,Thursday,11,0,0,normal,1.0,12000,CASH,15000,3000,1
TRX-251121-02918,2025-11-21,14:18:00,2025-11-21 14:18:00,4,Friday,11,0,0,normal,1.0,4000,CASH,5000,1000,1
TRX-251121-02919,2025-11-21,11:48:00,2025-11-21 11:48:00,4,Friday,11,0,0,normal,1.0,73200,CASH,75000,1800,5
TRX-251121-02920,2025-11-21,17:05:00,2025-11-21 17:05:00,4,Friday,11,0,0,normal,1.0,9000,CASH,10000,1000,1
TRX-251121-02921,2025-11-21,10:21:00,2025-11-21 10:21:00,4,Friday,11,0,0,normal,1.0,23000,CASH,25000,2000,3
TRX-251121-02922,2025-11-21,09:22:00,2025-11-21 09:22:00,4,Friday,11,0,0,normal,1.0,8000,CASH,10000,2000,2
TRX-251121-02923,2025-11-21,12:06:00,2025-11-21 12:06:00,4,Friday,11,0,0,normal,1.0,52000,QRIS,52000,0,2
TRX-251121-02924,2025-11-21,16:53:00,2025-11-21 16:53:00,4,Friday,11,0,0,normal,1.0,24000,CASH,25000,1000,1
TRX-251121-02925,2025-11-21,10:54:00,2025-11-21 10:54:00,4,Friday,11,0,0,normal,1.0,66000,CASH,70000,4000,2
TRX-251121-02926,2025-11-21,11:11:00,2025-11-21 11:11:00,4,Friday,11,0,0,normal,1.0,22050,CASH,25000,2950,4
TRX-251121-02927,2025-11-21,11:15:00,2025-11-21 11:15:00,4,Friday,11,0,0,normal,1.0,58000,CASH,60000,2000,3
TRX-251121-02928,2025-11-21,09:53:00,2025-11-21 09:53:00,4,Friday,11,0,0,normal,1.0,74000,CASH,75000,1000,4
TRX-251121-02929,2025-11-21,14:50:00,2025-11-21 14:50:00,4,Friday,11,0,0,normal,1.0,24000,CASH,25000,1000,2
TRX-251121-02930,2025-11-21,09:58:00,2025-11-21 09:58:00,4,Friday,11,0,0,normal,1.0,83000,CASH,85000,2000,4
TRX-251121-02931,2025-11-21,10:34:00,2025-11-21 10:34:00,4,Friday,11,0,0,normal,1.0,56500,CASH,60000,3500,4
TRX-251121-02932,2025-11-21,10:23:00,2025-11-21 10:23:00,4,Friday,11,0,0,normal,1.0,27000,EWALLET,27000,0,3
TRX-251121-02933,2025-11-21,10:24:00,2025-11-21 10:24:00,4,Friday,11,0,0,normal,1.0,4000,CASH,5000,1000,1
TRX-251121-02934,2025-11-21,18:04:00,2025-11-21 18:04:00,4,Friday,11,0,0,normal,1.0,32000,CASH,35000,3000,2
TRX-251121-02935,2025-11-21,08:32:00,2025-11-21 08:32:00,4,Friday,11,0,0,normal,1.0,3000,CASH,5000,2000,1
TRX-251121-02936,2025-11-21,16:36:00,2025-11-21 16:36:00,4,Friday,11,0,0,normal,1.0,23000,CASH,25000,2000,2
TRX-251121-02937,2025-11-21,10:14:00,2025-11-21 10:14:00,4,Friday,11,0,0,normal,1.0,17000,QRIS,17000,0,2
TRX-251121-02938,2025-11-21,14:11:00,2025-11-21 14:11:00,4,Friday,11,0,0,normal,1.0,44700,CASH,45000,300,4
TRX-251122-02939,2025-11-22,07:39:00,2025-11-22 07:39:00,5,Saturday,11,1,0,normal,1.0,28100,CASH,30000,1900,4
TRX-251122-02940,2025-11-22,15:23:00,2025-11-22 15:23:00,5,Saturday,11,1,0,normal,1.0,60000,CASH,65000,5000,1
TRX-251122-02941,2025-11-22,12:08:00,2025-11-22 12:08:00,5,Saturday,11,1,0,normal,1.0,56000,CASH,60000,4000,3
TRX-251122-02942,2025-11-22,21:18:00,2025-11-22 21:18:00,5,Saturday,11,1,0,normal,1.0,59500,CASH,60000,500,4
TRX-251122-02943,2025-11-22,18:43:00,2025-11-22 18:43:00,5,Saturday,11,1,0,normal,1.0,57000,CASH,60000,3000,4
TRX-251122-02944,2025-11-22,11:36:00,2025-11-22 11:36:00,5,Saturday,11,1,0,normal,1.0,22000,CASH,25000,3000,3
TRX-251122-02945,2025-11-22,18:38:00,2025-11-22 18:38:00,5,Saturday,11,1,0,normal,1.0,78500,CASH,80000,1500,3
TRX-251122-02946,2025-11-22,12:06:00,2025-11-22 12:06:00,5,Saturday,11,1,0,normal,1.0,9000,TRANSFER,9000,0,1
TRX-251122-02947,2025-11-22,08:03:00,2025-11-22 08:03:00,5,Saturday,11,1,0,normal,1.0,108000,CASH,110000,2000,5
TRX-251122-02948,2025-11-22,16:50:00,2025-11-22 16:50:00,5,Saturday,11,1,0,normal,1.0,37500,CASH,40000,2500,4
TRX-251122-02949,2025-11-22,10:06:00,2025-11-22 10:06:00,5,Saturday,11,1,0,normal,1.0,82000,CASH,85000,3000,3
TRX-251122-02950,2025-11-22,20:38:00,2025-11-22 20:38:00,5,Saturday,11,1,0,normal,1.0,128500,QRIS,128500,0,5
TRX-251122-02951,2025-11-22,09:04:00,2025-11-22 09:04:00,5,Saturday,11,1,0,normal,1.0,17000,CASH,20000,3000,3
TRX-251122-02952,2025-11-22,15:27:00,2025-11-22 15:27:00,5,Saturday,11,1,0,normal,1.0,43000,CASH,45000,2000,2
TRX-251122-02953,2025-11-22,17:31:00,2025-11-22 17:31:00,5,Saturday,11,1,0,normal,1.0,55000,CASH,60000,5000,3
TRX-251122-02954,2025-11-22,11:21:00,2025-11-22 11:21:00,5,Saturday,11,1,0,normal,1.0,29000,CASH,30000,1000,4
TRX-251123-02955,2025-11-23,12:07:00,2025-11-23 12:07:00,6,Sunday,11,1,0,normal,1.0,46000,CASH,50000,4000,1
TRX-251123-02956,2025-11-23,06:30:00,2025-11-23 06:30:00,6,Sunday,11,1,0,normal,1.0,3000,TRANSFER,3000,0,1
TRX-251123-02957,2025-11-23,15:42:00,2025-11-23 15:42:00,6,Sunday,11,1,0,normal,1.0,204000,CASH,205000,1000,5
TRX-251123-02958,2025-11-23,10:04:00,2025-11-23 10:04:00,6,Sunday,11,1,0,normal,1.0,51750,CASH,55000,3250,3
TRX-251123-02959,2025-11-23,12:36:00,2025-11-23 12:36:00,6,Sunday,11,1,0,normal,1.0,49900,TRANSFER,49900,0,2
TRX-251123-02960,2025-11-23,17:25:00,2025-11-23 17:25:00,6,Sunday,11,1,0,normal,1.0,8000,EWALLET,8000,0,2
TRX-251123-02961,2025-11-23,20:00:00,2025-11-23 20:00:00,6,Sunday,11,1,0,normal,1.0,9000,CASH,10000,1000,2
TRX-251123-02962,2025-11-23,09:02:00,2025-11-23 09:02:00,6,Sunday,11,1,0,normal,1.0,9000,TRANSFER,9000,0,3
TRX-251123-02963,2025-11-23,15:17:00,2025-11-23 15:17:00,6,Sunday,11,1,0,normal,1.0,40000,CASH,45000,5000,4
TRX-251123-02964,2025-11-23,12:39:00,2025-11-23 12:39:00,6,Sunday,11,1,0,normal,1.0,129000,CASH,130000,1000,2
TRX-251123-02965,2025-11-23,18:21:00,2025-11-23 18:21:00,6,Sunday,11,1,0,normal,1.0,31000,CASH,35000,4000,5
TRX-251123-02966,2025-11-23,06:06:00,2025-11-23 06:06:00,6,Sunday,11,1,0,normal,1.0,6000,QRIS,6000,0,1
TRX-251123-02967,2025-11-23,09:24:00,2025-11-23 09:24:00,6,Sunday,11,1,0,normal,1.0,51000,CASH,55000,4000,3
TRX-251123-02968,2025-11-23,18:30:00,2025-11-23 18:30:00,6,Sunday,11,1,0,normal,1.0,99000,CASH,100000,1000,4
TRX-251123-02969,2025-11-23,20:50:00,2025-11-23 20:50:00,6,Sunday,11,1,0,normal,1.0,74000,CASH,75000,1000,2
TRX-251123-02970,2025-11-23,14:42:00,2025-11-23 14:42:00,6,Sunday,11,1,0,normal,1.0,40000,QRIS,40000,0,3
TRX-251123-02971,2025-11-23,12:57:00,2025-11-23 12:57:00,6,Sunday,11,1,0,normal,1.0,3000,CASH,5000,2000,1
TRX-251123-02972,2025-11-23,08:02:00,2025-11-23 08:02:00,6,Sunday,11,1,0,normal,1.0,11000,CASH,15000,4000,3
TRX-251123-02973,2025-11-23,10:00:00,2025-11-23 10:00:00,6,Sunday,11,1,0,normal,1.0,8500,CASH,10000,1500,2
TRX-251123-02974,2025-11-23,18:46:00,2025-11-23 18:46:00,6,Sunday,11,1,0,normal,1.0,18000,CASH,20000,2000,1
TRX-251124-02975,2025-11-24,14:35:00,2025-11-24 14:35:00,0,Monday,11,0,0,normal,1.0,65000,CASH,70000,5000,2
TRX-251124-02976,2025-11-24,09:40:00,2025-11-24 09:40:00,0,Monday,11,0,0,normal,1.0,74000,CASH,75000,1000,3
TRX-251124-02977,2025-11-24,15:33:00,2025-11-24 15:33:00,0,Monday,11,0,0,normal,1.0,90000,CASH,95000,5000,2
TRX-251124-02978,2025-11-24,17:50:00,2025-11-24 17:50:00,0,Monday,11,0,0,normal,1.0,10000,CASH,15000,5000,2
TRX-251124-02979,2025-11-24,13:21:00,2025-11-24 13:21:00,0,Monday,11,0,0,normal,1.0,10000,CASH,15000,5000,3
TRX-251124-02980,2025-11-24,16:08:00,2025-11-24 16:08:00,0,Monday,11,0,0,normal,1.0,12000,CASH,15000,3000,1
TRX-251124-02981,2025-11-24,09:55:00,2025-11-24 09:55:00,0,Monday,11,0,0,normal,1.0,7000,CASH,10000,3000,2
TRX-251124-02982,2025-11-24,10:17:00,2025-11-24 10:17:00,0,Monday,11,0,0,normal,1.0,9000,TRANSFER,9000,0,2
TRX-251124-02983,2025-11-24,09:04:00,2025-11-24 09:04:00,0,Monday,11,0,0,normal,1.0,5000,QRIS,5000,0,1
TRX-251124-02984,2025-11-24,11:41:00,2025-11-24 11:41:00,0,Monday,11,0,0,normal,1.0,12000,CASH,15000,3000,2
TRX-251124-02985,2025-11-24,10:07:00,2025-11-24 10:07:00,0,Monday,11,0,0,normal,1.0,48000,CASH,50000,2000,3
TRX-251124-02986,2025-11-24,19:28:00,2025-11-24 19:28:00,0,Monday,11,0,0,normal,1.0,21000,CASH,25000,4000,2
TRX-251124-02987,2025-11-24,16:51:00,2025-11-24 16:51:00,0,Monday,11,0,0,normal,1.0,8000,CASH,10000,2000,1
TRX-251124-02988,2025-11-24,10:41:00,2025-11-24 10:41:00,0,Monday,11,0,0,normal,1.0,54000,QRIS,54000,0,1
TRX-251124-02989,2025-11-24,19:57:00,2025-11-24 19:57:00,0,Monday,11,0,0,normal,1.0,6500,QRIS,6500,0,2
TRX-251124-02990,2025-11-24,17:05:00,2025-11-24 17:05:00,0,Monday,11,0,0,normal,1.0,15000,CASH,20000,5000,1
TRX-251124-02991,2025-11-24,14:43:00,2025-11-24 14:43:00,0,Monday,11,0,0,normal,1.0,30300,QRIS,30300,0,4
TRX-251125-02992,2025-11-25,10:28:00,2025-11-25 10:28:00,1,Tuesday,11,0,1,normal,1.0,41000,TRANSFER,41000,0,5
TRX-251125-02993,2025-11-25,19:20:00,2025-11-25 19:20:00,1,Tuesday,11,0,1,normal,1.0,27000,CASH,30000,3000,1
TRX-251125-02994,2025-11-25,17:11:00,2025-11-25 17:11:00,1,Tuesday,11,0,1,normal,1.0,31000,EWALLET,31000,0,3
TRX-251125-02995,2025-11-25,08:47:00,2025-11-25 08:47:00,1,Tuesday,11,0,1,normal,1.0,109500,CASH,110000,500,3
TRX-251125-02996,2025-11-25,10:02:00,2025-11-25 10:02:00,1,Tuesday,11,0,1,normal,1.0,28000,CASH,30000,2000,2
TRX-251125-02997,2025-11-25,14:27:00,2025-11-25 14:27:00,1,Tuesday,11,0,1,normal,1.0,7000,CASH,10000,3000,1
TRX-251125-02998,2025-11-25,18:47:00,2025-11-25 18:47:00,1,Tuesday,11,0,1,normal,1.0,68000,CASH,70000,2000,3
TRX-251125-02999,2025-11-25,15:01:00,2025-11-25 15:01:00,1,Tuesday,11,0,1,normal,1.0,18000,CASH,20000,2000,2
TRX-251125-03000,2025-11-25,12:30:00,2025-11-25 12:30:00,1,Tuesday,11,0,1,normal,1.0,36000,CASH,40000,4000,2
TRX-251125-03001,2025-11-25,17:52:00,2025-11-25 17:52:00,1,Tuesday,11,0,1,normal,1.0,81700,CASH,85000,3300,4
TRX-251125-03002,2025-11-25,12:22:00,2025-11-25 12:22:00,1,Tuesday,11,0,1,normal,1.0,33000,CASH,35000,2000,2
TRX-251125-03003,2025-11-25,08:18:00,2025-11-25 08:18:00,1,Tuesday,11,0,1,normal,1.0,6000,CASH,10000,4000,1
TRX-251125-03004,2025-11-25,19:33:00,2025-11-25 19:33:00,1,Tuesday,11,0,1,normal,1.0,2000,QRIS,2000,0,1
TRX-251125-03005,2025-11-25,13:50:00,2025-11-25 13:50:00,1,Tuesday,11,0,1,normal,1.0,17000,CASH,20000,3000,2
TRX-251125-03006,2025-11-25,20:21:00,2025-11-25 20:21:00,1,Tuesday,11,0,1,normal,1.0,6000,QRIS,6000,0,1
TRX-251125-03007,2025-11-25,17:20:00,2025-11-25 17:20:00,1,Tuesday,11,0,1,normal,1.0,21000,CASH,25000,4000,2
TRX-251125-03008,2025-11-25,09:04:00,2025-11-25 09:04:00,1,Tuesday,11,0,1,normal,1.0,3000,CASH,5000,2000,1
TRX-251125-03009,2025-11-25,17:54:00,2025-11-25 17:54:00,1,Tuesday,11,0,1,normal,1.0,13000,CASH,15000,2000,3
TRX-251125-03010,2025-11-25,17:27:00,2025-11-25 17:27:00,1,Tuesday,11,0,1,normal,1.0,11000,CASH,15000,4000,2
TRX-251125-03011,2025-11-25,07:03:00,2025-11-25 07:03:00,1,Tuesday,11,0,1,normal,1.0,200000,CASH,205000,5000,4
TRX-251125-03012,2025-11-25,11:53:00,2025-11-25 11:53:00,1,Tuesday,11,0,1,normal,1.0,33000,TRANSFER,33000,0,3
TRX-251125-03013,2025-11-25,09:27:00,2025-11-25 09:27:00,1,Tuesday,11,0,1,normal,1.0,124000,CASH,125000,1000,3
TRX-251125-03014,2025-11-25,13:28:00,2025-11-25 13:28:00,1,Tuesday,11,0,1,normal,1.0,6000,CASH,10000,4000,1
TRX-251125-03015,2025-11-25,18:42:00,2025-11-25 18:42:00,1,Tuesday,11,0,1,normal,1.0,18000,CASH,20000,2000,2
TRX-251125-03016,2025-11-25,07:15:00,2025-11-25 07:15:00,1,Tuesday,11,0,1,normal,1.0,2000,CASH,5000,3000,1
TRX-251125-03017,2025-11-25,10:33:00,2025-11-25 10:33:00,1,Tuesday,11,0,1,normal,1.0,53400,CASH,55000,1600,3
TRX-251125-03018,2025-11-25,07:10:00,2025-11-25 07:10:00,1,Tuesday,11,0,1,normal,1.0,53000,CASH,55000,2000,3
TRX-251126-03019,2025-11-26,17:29:00,2025-11-26 17:29:00,2,Wednesday,11,0,1,normal,1.0,15000,CASH,20000,5000,2
TRX-251126-03020,2025-11-26,11:55:00,2025-11-26 11:55:00,2,Wednesday,11,0,1,normal,1.0,19000,CASH,20000,1000,3
TRX-251126-03021,2025-11-26,14:46:00,2025-11-26 14:46:00,2,Wednesday,11,0,1,normal,1.0,42500,CASH,45000,2500,4
TRX-251126-03022,2025-11-26,10:27:00,2025-11-26 10:27:00,2,Wednesday,11,0,1,normal,1.0,2000,CASH,5000,3000,1
TRX-251126-03023,2025-11-26,11:07:00,2025-11-26 11:07:00,2,Wednesday,11,0,1,normal,1.0,21500,CASH,25000,3500,3
TRX-251126-03024,2025-11-26,10:08:00,2025-11-26 10:08:00,2,Wednesday,11,0,1,normal,1.0,5000,CASH,10000,5000,1
TRX-251126-03025,2025-11-26,07:36:00,2025-11-26 07:36:00,2,Wednesday,11,0,1,normal,1.0,10500,CASH,15000,4500,2
TRX-251126-03026,2025-11-26,13:13:00,2025-11-26 13:13:00,2,Wednesday,11,0,1,normal,1.0,11000,CASH,15000,4000,2
TRX-251126-03027,2025-11-26,08:42:00,2025-11-26 08:42:00,2,Wednesday,11,0,1,normal,1.0,43000,TRANSFER,43000,0,4
TRX-251126-03028,2025-11-26,16:18:00,2025-11-26 16:18:00,2,Wednesday,11,0,1,normal,1.0,99000,CASH,100000,1000,4
TRX-251126-03029,2025-11-26,11:31:00,2025-11-26 11:31:00,2,Wednesday,11,0,1,normal,1.0,11000,CASH,15000,4000,3
TRX-251126-03030,2025-11-26,15:48:00,2025-11-26 15:48:00,2,Wednesday,11,0,1,normal,1.0,7000,TRANSFER,7000,0,2
TRX-251126-03031,2025-11-26,07:44:00,2025-11-26 07:44:00,2,Wednesday,11,0,1,normal,1.0,15000,CASH,20000,5000,2
TRX-251126-03032,2025-11-26,07:15:00,2025-11-26 07:15:00,2,Wednesday,11,0,1,normal,1.0,3000,CASH,5000,2000,1
TRX-251126-03033,2025-11-26,15:51:00,2025-11-26 15:51:00,2,Wednesday,11,0,1,normal,1.0,22000,CASH,25000,3000,3
TRX-251126-03034,2025-11-26,09:08:00,2025-11-26 09:08:00,2,Wednesday,11,0,1,normal,1.0,40000,CASH,45000,5000,4
TRX-251126-03035,2025-11-26,16:23:00,2025-11-26 16:23:00,2,Wednesday,11,0,1,normal,1.0,61800,CASH,65000,3200,4
TRX-251126-03036,2025-11-26,11:07:00,2025-11-26 11:07:00,2,Wednesday,11,0,1,normal,1.0,25000,CASH,30000,5000,3
TRX-251126-03037,2025-11-26,11:38:00,2025-11-26 11:38:00,2,Wednesday,11,0,1,normal,1.0,10000,CASH,15000,5000,2
TRX-251126-03038,2025-11-26,11:53:00,2025-11-26 11:53:00,2,Wednesday,11,0,1,normal,1.0,61000,CASH,65000,4000,3
TRX-251126-03039,2025-11-26,10:22:00,2025-11-26 10:22:00,2,Wednesday,11,0,1,normal,1.0,22000,CASH,25000,3000,2
TRX-251127-03040,2025-11-27,08:16:00,2025-11-27 08:16:00,3,Thursday,11,0,1,normal,1.0,68000,CASH,70000,2000,1
TRX-251127-03041,2025-11-27,19:49:00,2025-11-27 19:49:00,3,Thursday,11,0,1,normal,1.0,1000,CASH,5000,4000,1
TRX-251127-03042,2025-11-27,15:32:00,2025-11-27 15:32:00,3,Thursday,11,0,1,normal,1.0,24400,CASH,25000,600,4
TRX-251127-03043,2025-11-27,16:22:00,2025-11-27 16:22:00,3,Thursday,11,0,1,normal,1.0,25200,CASH,30000,4800,2
TRX-251127-03044,2025-11-27,19:53:00,2025-11-27 19:53:00,3,Thursday,11,0,1,normal,1.0,54000,CASH,55000,1000,4
TRX-251127-03045,2025-11-27,17:50:00,2025-11-27 17:50:00,3,Thursday,11,0,1,normal,1.0,20550,CASH,25000,4450,2
TRX-251127-03046,2025-11-27,16:27:00,2025-11-27 16:27:00,3,Thursday,11,0,1,normal,1.0,57000,CASH,60000,3000,3
TRX-251127-03047,2025-11-27,17:06:00,2025-11-27 17:06:00,3,Thursday,11,0,1,normal,1.0,9000,QRIS,9000,0,3
TRX-251127-03048,2025-11-27,17:39:00,2025-11-27 17:39:00,3,Thursday,11,0,1,normal,1.0,15000,CASH,20000,5000,2
TRX-251127-03049,2025-11-27,06:12:00,2025-11-27 06:12:00,3,Thursday,11,0,1,normal,1.0,67000,EWALLET,67000,0,5
TRX-251127-03050,2025-11-27,18:28:00,2025-11-27 18:28:00,3,Thursday,11,0,1,normal,1.0,70000,QRIS,70000,0,5
TRX-251127-03051,2025-11-27,10:54:00,2025-11-27 10:54:00,3,Thursday,11,0,1,normal,1.0,5850,CASH,10000,4150,3
TRX-251127-03052,2025-11-27,08:07:00,2025-11-27 08:07:00,3,Thursday,11,0,1,normal,1.0,2500,CASH,5000,2500,2
TRX-251127-03053,2025-11-27,12:53:00,2025-11-27 12:53:00,3,Thursday,11,0,1,normal,1.0,5000,TRANSFER,5000,0,2
TRX-251127-03054,2025-11-27,16:42:00,2025-11-27 16:42:00,3,Thursday,11,0,1,normal,1.0,51000,CASH,55000,4000,2
TRX-251127-03055,2025-11-27,15:18:00,2025-11-27 15:18:00,3,Thursday,11,0,1,normal,1.0,2000,CASH,5000,3000,1
TRX-251127-03056,2025-11-27,18:26:00,2025-11-27 18:26:00,3,Thursday,11,0,1,normal,1.0,79650,CASH,80000,350,4
TRX-251127-03057,2025-11-27,11:25:00,2025-11-27 11:25:00,3,Thursday,11,0,1,normal,1.0,15000,CASH,20000,5000,3
TRX-251127-03058,2025-11-27,18:59:00,2025-11-27 18:59:00,3,Thursday,11,0,1,normal,1.0,2700,CASH,5000,2300,1
TRX-251127-03059,2025-11-27,08:49:00,2025-11-27 08:49:00,3,Thursday,11,0,1,normal,1.0,22725,CASH,25000,2275,2
TRX-251127-03060,2025-11-27,07:54:00,2025-11-27 07:54:00,3,Thursday,11,0,1,normal,1.0,103275,CASH,105000,1725,4
TRX-251127-03061,2025-11-27,12:18:00,2025-11-27 12:18:00,3,Thursday,11,0,1,normal,1.0,25000,CASH,30000,5000,3
TRX-251127-03062,2025-11-27,18:53:00,2025-11-27 18:53:00,3,Thursday,11,0,1,normal,1.0,18500,CASH,20000,1500,4
TRX-251127-03063,2025-11-27,21:57:00,2025-11-27 21:57:00,3,Thursday,11,0,1,normal,1.0,87000,CASH,90000,3000,3
TRX-251127-03064,2025-11-27,10:06:00,2025-11-27 10:06:00,3,Thursday,11,0,1,normal,1.0,16000,CASH,20000,4000,1
TRX-251127-03065,2025-11-27,11:31:00,2025-11-27 11:31:00,3,Thursday,11,0,1,normal,1.0,116900,CASH,120000,3100,4
TRX-251127-03066,2025-11-27,19:42:00,2025-11-27 19:42:00,3,Thursday,11,0,1,normal,1.0,5000,CASH,10000,5000,1
TRX-251127-03067,2025-11-27,11:25:00,2025-11-27 11:25:00,3,Thursday,11,0,1,normal,1.0,10000,CASH,15000,5000,2
TRX-251128-03068,2025-11-28,20:35:00,2025-11-28 20:35:00,4,Friday,11,0,1,normal,1.0,33000,TRANSFER,33000,0,2
TRX-251128-03069,2025-11-28,20:22:00,2025-11-28 20:22:00,4,Friday,11,0,1,normal,1.0,99000,CASH,100000,1000,2
TRX-251128-03070,2025-11-28,20:37:00,2025-11-28 20:37:00,4,Friday,11,0,1,normal,1.0,19000,CASH,20000,1000,3
TRX-251128-03071,2025-11-28,15:47:00,2025-11-28 15:47:00,4,Friday,11,0,1,normal,1.0,99000,CASH,100000,1000,4
TRX-251128-03072,2025-11-28,17:36:00,2025-11-28 17:36:00,4,Friday,11,0,1,normal,1.0,10000,CASH,15000,5000,2
TRX-251128-03073,2025-11-28,14:18:00,2025-11-28 14:18:00,4,Friday,11,0,1,normal,1.0,33000,CASH,35000,2000,2
TRX-251128-03074,2025-11-28,16:40:00,2025-11-28 16:40:00,4,Friday,11,0,1,normal,1.0,98000,CASH,100000,2000,3
TRX-251128-03075,2025-11-28,08:20:00,2025-11-28 08:20:00,4,Friday,11,0,1,normal,1.0,4000,QRIS,4000,0,1
TRX-251128-03076,2025-11-28,12:21:00,2025-11-28 12:21:00,4,Friday,11,0,1,normal,1.0,7500,CASH,10000,2500,2
TRX-251128-03077,2025-11-28,14:38:00,2025-11-28 14:38:00,4,Friday,11,0,1,normal,1.0,46500,CASH,50000,3500,1
TRX-251128-03078,2025-11-28,21:28:00,2025-11-28 21:28:00,4,Friday,11,0,1,normal,1.0,36900,CASH,40000,3100,2
TRX-251128-03079,2025-11-28,06:28:00,2025-11-28 06:28:00,4,Friday,11,0,1,normal,1.0,7000,CASH,10000,3000,2
TRX-251128-03080,2025-11-28,11:48:00,2025-11-28 11:48:00,4,Friday,11,0,1,normal,1.0,35000,CASH,40000,5000,4
TRX-251128-03081,2025-11-28,11:51:00,2025-11-28 11:51:00,4,Friday,11,0,1,normal,1.0,5000,CASH,10000,5000,1
TRX-251128-03082,2025-11-28,17:41:00,2025-11-28 17:41:00,4,Friday,11,0,1,normal,1.0,38000,CASH,40000,2000,4
TRX-251128-03083,2025-11-28,11:20:00,2025-11-28 11:20:00,4,Friday,11,0,1,normal,1.0,18000,EWALLET,18000,0,2
TRX-251128-03084,2025-11-28,21:00:00,2025-11-28 21:00:00,4,Friday,11,0,1,normal,1.0,117000,CASH,120000,3000,5
TRX-251128-03085,2025-11-28,10:15:00,2025-11-28 10:15:00,4,Friday,11,0,1,normal,1.0,26000,QRIS,26000,0,4
TRX-251128-03086,2025-11-28,14:40:00,2025-11-28 14:40:00,4,Friday,11,0,1,normal,1.0,6000,CASH,10000,4000,1
TRX-251128-03087,2025-11-28,09:17:00,2025-11-28 09:17:00,4,Friday,11,0,1,normal,1.0,109500,CASH,110000,500,5
TRX-251128-03088,2025-11-28,09:57:00,2025-11-28 09:57:00,4,Friday,11,0,1,normal,1.0,75000,CASH,80000,5000,4
TRX-251128-03089,2025-11-28,15:11:00,2025-11-28 15:11:00,4,Friday,11,0,1,normal,1.0,8500,EWALLET,8500,0,3
TRX-251128-03090,2025-11-28,21:25:00,2025-11-28 21:25:00,4,Friday,11,0,1,normal,1.0,12000,QRIS,12000,0,2
TRX-251128-03091,2025-11-28,08:34:00,2025-11-28 08:34:00,4,Friday,11,0,1,normal,1.0,9000,TRANSFER,9000,0,2
TRX-251128-03092,2025-11-28,12:01:00,2025-11-28 12:01:00,4,Friday,11,0,1,normal,1.0,17700,CASH,20000,2300,2
TRX-251128-03093,2025-11-28,15:48:00,2025-11-28 15:48:00,4,Friday,11,0,1,normal,1.0,9000,QRIS,9000,0,1
TRX-251128-03094,2025-11-28,09:12:00,2025-11-28 09:12:00,4,Friday,11,0,1,normal,1.0,30000,CASH,35000,5000,1
TRX-251128-03095,2025-11-28,14:58:00,2025-11-28 14:58:00,4,Friday,11,0,1,normal,1.0,8850,CASH,10000,1150,3
TRX-251129-03096,2025-11-29,12:33:00,2025-11-29 12:33:00,5,Saturday,11,1,1,normal,1.0,26000,QRIS,26000,0,3
TRX-251129-03097,2025-11-29,07:30:00,2025-11-29 07:30:00,5,Saturday,11,1,1,normal,1.0,13000,CASH,15000,2000,2
TRX-251129-03098,2025-11-29,15:32:00,2025-11-29 15:32:00,5,Saturday,11,1,1,normal,1.0,22000,CASH,25000,3000,4
TRX-251129-03099,2025-11-29,07:44:00,2025-11-29 07:44:00,5,Saturday,11,1,1,normal,1.0,6000,QRIS,6000,0,1
TRX-251129-03100,2025-11-29,20:33:00,2025-11-29 20:33:00,5,Saturday,11,1,1,normal,1.0,5000,CASH,10000,5000,2
TRX-251129-03101,2025-11-29,18:24:00,2025-11-29 18:24:00,5,Saturday,11,1,1,normal,1.0,10500,QRIS,10500,0,2
TRX-251129-03102,2025-11-29,12:49:00,2025-11-29 12:49:00,5,Saturday,11,1,1,normal,1.0,78000,CASH,80000,2000,2
TRX-251129-03103,2025-11-29,16:28:00,2025-11-29 16:28:00,5,Saturday,11,1,1,normal,1.0,42000,QRIS,42000,0,2
TRX-251129-03104,2025-11-29,09:19:00,2025-11-29 09:19:00,5,Saturday,11,1,1,normal,1.0,16500,CASH,20000,3500,2
TRX-251129-03105,2025-11-29,10:52:00,2025-11-29 10:52:00,5,Saturday,11,1,1,normal,1.0,12000,CASH,15000,3000,1
TRX-251129-03106,2025-11-29,10:57:00,2025-11-29 10:57:00,5,Saturday,11,1,1,normal,1.0,57000,CASH,60000,3000,2
TRX-251129-03107,2025-11-29,16:00:00,2025-11-29 16:00:00,5,Saturday,11,1,1,normal,1.0,32700,CASH,35000,2300,3
TRX-251129-03108,2025-11-29,08:34:00,2025-11-29 08:34:00,5,Saturday,11,1,1,normal,1.0,33000,QRIS,33000,0,2
TRX-251129-03109,2025-11-29,11:47:00,2025-11-29 11:47:00,5,Saturday,11,1,1,normal,1.0,59000,CASH,60000,1000,4
TRX-251129-03110,2025-11-29,16:03:00,2025-11-29 16:03:00,5,Saturday,11,1,1,normal,1.0,22000,QRIS,22000,0,3
TRX-251129-03111,2025-11-29,11:02:00,2025-11-29 11:02:00,5,Saturday,11,1,1,normal,1.0,59000,CASH,60000,1000,4
TRX-251129-03112,2025-11-29,07:48:00,2025-11-29 07:48:00,5,Saturday,11,1,1,normal,1.0,26000,CASH,30000,4000,2
TRX-251129-03113,2025-11-29,07:58:00,2025-11-29 07:58:00,5,Saturday,11,1,1,normal,1.0,105000,CASH,110000,5000,4
TRX-251129-03114,2025-11-29,14:40:00,2025-11-29 14:40:00,5,Saturday,11,1,1,normal,1.0,39000,CASH,40000,1000,2
TRX-251129-03115,2025-11-29,06:03:00,2025-11-29 06:03:00,5,Saturday,11,1,1,normal,1.0,42000,CASH,45000,3000,3
TRX-251129-03116,2025-11-29,07:03:00,2025-11-29 07:03:00,5,Saturday,11,1,1,normal,1.0,15000,CASH,20000,5000,2
TRX-251129-03117,2025-11-29,10:45:00,2025-11-29 10:45:00,5,Saturday,11,1,1,normal,1.0,3000,CASH,5000,2000,1
TRX-251129-03118,2025-11-29,13:17:00,2025-11-29 13:17:00,5,Saturday,11,1,1,normal,1.0,112000,QRIS,112000,0,5
TRX-251129-03119,2025-11-29,08:00:00,2025-11-29 08:00:00,5,Saturday,11,1,1,normal,1.0,92000,CASH,95000,3000,3
TRX-251129-03120,2025-11-29,10:19:00,2025-11-29 10:19:00,5,Saturday,11,1,1,normal,1.0,13000,CASH,15000,2000,2
TRX-251129-03121,2025-11-29,12:08:00,2025-11-29 12:08:00,5,Saturday,11,1,1,normal,1.0,58500,TRANSFER,58500,0,3
TRX-251129-03122,2025-11-29,09:53:00,2025-11-29 09:53:00,5,Saturday,11,1,1,normal,1.0,28700,QRIS,28700,0,3
TRX-251129-03123,2025-11-29,17:22:00,2025-11-29 17:22:00,5,Saturday,11,1,1,normal,1.0,36000,QRIS,36000,0,2
TRX-251130-03124,2025-11-30,18:53:00,2025-11-30 18:53:00,6,Sunday,11,1,1,normal,1.0,49000,CASH,50000,1000,2
TRX-251130-03125,2025-11-30,11:21:00,2025-11-30 11:21:00,6,Sunday,11,1,1,normal,1.0,56550,CASH,60000,3450,2
TRX-251130-03126,2025-11-30,13:04:00,2025-11-30 13:04:00,6,Sunday,11,1,1,normal,1.0,78000,CASH,80000,2000,3
TRX-251130-03127,2025-11-30,17:16:00,2025-11-30 17:16:00,6,Sunday,11,1,1,normal,1.0,3000,TRANSFER,3000,0,1
TRX-251130-03128,2025-11-30,17:06:00,2025-11-30 17:06:00,6,Sunday,11,1,1,normal,1.0,50000,EWALLET,50000,0,5
TRX-251130-03129,2025-11-30,13:42:00,2025-11-30 13:42:00,6,Sunday,11,1,1,normal,1.0,54000,TRANSFER,54000,0,2
TRX-251130-03130,2025-11-30,10:15:00,2025-11-30 10:15:00,6,Sunday,11,1,1,normal,1.0,58500,CASH,60000,1500,2
TRX-251130-03131,2025-11-30,19:07:00,2025-11-30 19:07:00,6,Sunday,11,1,1,normal,1.0,202000,EWALLET,202000,0,5
TRX-251130-03132,2025-11-30,15:43:00,2025-11-30 15:43:00,6,Sunday,11,1,1,normal,1.0,81000,CASH,85000,4000,3
TRX-251130-03133,2025-11-30,17:03:00,2025-11-30 17:03:00,6,Sunday,11,1,1,normal,1.0,21125,CASH,25000,3875,3
TRX-251130-03134,2025-11-30,10:35:00,2025-11-30 10:35:00,6,Sunday,11,1,1,normal,1.0,19000,CASH,20000,1000,3
TRX-251130-03135,2025-11-30,18:07:00,2025-11-30 18:07:00,6,Sunday,11,1,1,normal,1.0,3000,EWALLET,3000,0,1
TRX-251130-03136,2025-11-30,15:10:00,2025-11-30 15:10:00,6,Sunday,11,1,1,normal,1.0,129000,CASH,130000,1000,3
TRX-251130-03137,2025-11-30,21:45:00,2025-11-30 21:45:00,6,Sunday,11,1,1,normal,1.0,6000,QRIS,6000,0,2
TRX-251130-03138,2025-11-30,16:51:00,2025-11-30 16:51:00,6,Sunday,11,1,1,normal,1.0,29000,EWALLET,29000,0,2
TRX-251130-03139,2025-11-30,18:44:00,2025-11-30 18:44:00,6,Sunday,11,1,1,normal,1.0,108000,CASH,110000,2000,5
TRX-251130-03140,2025-11-30,14:12:00,2025-11-30 14:12:00,6,Sunday,11,1,1,normal,1.0,199000,TRANSFER,199000,0,3
TRX-251130-03141,2025-11-30,07:07:00,2025-11-30 07:07:00,6,Sunday,11,1,1,normal,1.0,40200,QRIS,40200,0,2
TRX-251130-03142,2025-11-30,21:56:00,2025-11-30 21:56:00,6,Sunday,11,1,1,normal,1.0,70500,CASH,75000,4500,2
TRX-251130-03143,2025-11-30,09:44:00,2025-11-30 09:44:00,6,Sunday,11,1,1,normal,1.0,58000,CASH,60000,2000,2
TRX-251130-03144,2025-11-30,17:29:00,2025-11-30 17:29:00,6,Sunday,11,1,1,normal,1.0,15000,QRIS,15000,0,2
TRX-251130-03145,2025-11-30,12:14:00,2025-11-30 12:14:00,6,Sunday,11,1,1,normal,1.0,16000,QRIS,16000,0,2
TRX-251130-03146,2025-11-30,13:57:00,2025-11-30 13:57:00,6,Sunday,11,1,1,normal,1.0,28000,CASH,30000,2000,3
TRX-251201-03147,2025-12-01,19:15:00,2025-12-01 19:15:00,0,Monday,12,0,1,normal,1.0,25000,CASH,30000,5000,2
TRX-251201-03148,2025-12-01,18:45:00,2025-12-01 18:45:00,0,Monday,12,0,1,normal,1.0,9000,CASH,10000,1000,1
TRX-251201-03149,2025-12-01,17:11:00,2025-12-01 17:11:00,0,Monday,12,0,1,normal,1.0,24000,CASH,25000,1000,1
TRX-251201-03150,2025-12-01,10:14:00,2025-12-01 10:14:00,0,Monday,12,0,1,normal,1.0,19050,CASH,20000,950,3
TRX-251201-03151,2025-12-01,12:11:00,2025-12-01 12:11:00,0,Monday,12,0,1,normal,1.0,12000,QRIS,12000,0,1
TRX-251201-03152,2025-12-01,19:35:00,2025-12-01 19:35:00,0,Monday,12,0,1,normal,1.0,5000,CASH,10000,5000,2
TRX-251201-03153,2025-12-01,11:23:00,2025-12-01 11:23:00,0,Monday,12,0,1,normal,1.0,103500,CASH,105000,1500,4
TRX-251201-03154,2025-12-01,20:34:00,2025-12-01 20:34:00,0,Monday,12,0,1,normal,1.0,28100,CASH,30000,1900,3
TRX-251201-03155,2025-12-01,11:23:00,2025-12-01 11:23:00,0,Monday,12,0,1,normal,1.0,4000,TRANSFER,4000,0,1
TRX-251201-03156,2025-12-01,20:04:00,2025-12-01 20:04:00,0,Monday,12,0,1,normal,1.0,26750,CASH,30000,3250,4
TRX-251201-03157,2025-12-01,15:31:00,2025-12-01 15:31:00,0,Monday,12,0,1,normal,1.0,15000,CASH,20000,5000,2
TRX-251201-03158,2025-12-01,09:44:00,2025-12-01 09:44:00,0,Monday,12,0,1,normal,1.0,23500,QRIS,23500,0,3
TRX-251201-03159,2025-12-01,06:17:00,2025-12-01 06:17:00,0,Monday,12,0,1,normal,1.0,27100,CASH,30000,2900,3
TRX-251201-03160,2025-12-01,17:19:00,2025-12-01 17:19:00,0,Monday,12,0,1,normal,1.0,31000,CASH,35000,4000,2
TRX-251201-03161,2025-12-01,17:38:00,2025-12-01 17:38:00,0,Monday,12,0,1,normal,1.0,98850,CASH,100000,1150,2
TRX-251201-03162,2025-12-01,19:32:00,2025-12-01 19:32:00,0,Monday,12,0,1,normal,1.0,3000,CASH,5000,2000,1
TRX-251201-03163,2025-12-01,06:02:00,2025-12-01 06:02:00,0,Monday,12,0,1,normal,1.0,80000,CASH,85000,5000,2
TRX-251202-03164,2025-12-02,18:37:00,2025-12-02 18:37:00,1,Tuesday,12,0,1,normal,1.0,19000,EWALLET,19000,0,3
TRX-251202-03165,2025-12-02,08:58:00,2025-12-02 08:58:00,1,Tuesday,12,0,1,normal,1.0,19000,CASH,20000,1000,3
TRX-251202-03166,2025-12-02,09:29:00,2025-12-02 09:29:00,1,Tuesday,12,0,1,normal,1.0,41000,CASH,45000,4000,4
TRX-251202-03167,2025-12-02,17:16:00,2025-12-02 17:16:00,1,Tuesday,12,0,1,normal,1.0,13500,CASH,15000,1500,2
TRX-251202-03168,2025-12-02,18:32:00,2025-12-02 18:32:00,1,Tuesday,12,0,1,normal,1.0,19000,CASH,20000,1000,3
TRX-251202-03169,2025-12-02,12:22:00,2025-12-02 12:22:00,1,Tuesday,12,0,1,normal,1.0,9000,QRIS,9000,0,1
TRX-251202-03170,2025-12-02,11:50:00,2025-12-02 11:50:00,1,Tuesday,12,0,1,normal,1.0,38000,EWALLET,38000,0,3
TRX-251202-03171,2025-12-02,12:57:00,2025-12-02 12:57:00,1,Tuesday,12,0,1,normal,1.0,16000,QRIS,16000,0,2
TRX-251202-03172,2025-12-02,13:00:00,2025-12-02 13:00:00,1,Tuesday,12,0,1,normal,1.0,12000,QRIS,12000,0,3
TRX-251202-03173,2025-12-02,16:32:00,2025-12-02 16:32:00,1,Tuesday,12,0,1,normal,1.0,69000,CASH,70000,1000,3
TRX-251202-03174,2025-12-02,12:09:00,2025-12-02 12:09:00,1,Tuesday,12,0,1,normal,1.0,165000,CASH,170000,5000,5
TRX-251202-03175,2025-12-02,14:47:00,2025-12-02 14:47:00,1,Tuesday,12,0,1,normal,1.0,52850,QRIS,52850,0,3
TRX-251202-03176,2025-12-02,11:55:00,2025-12-02 11:55:00,1,Tuesday,12,0,1,normal,1.0,31500,QRIS,31500,0,5
TRX-251202-03177,2025-12-02,16:52:00,2025-12-02 16:52:00,1,Tuesday,12,0,1,normal,1.0,4500,QRIS,4500,0,2
TRX-251202-03178,2025-12-02,17:30:00,2025-12-02 17:30:00,1,Tuesday,12,0,1,normal,1.0,12950,CASH,15000,2050,2
TRX-251202-03179,2025-12-02,13:15:00,2025-12-02 13:15:00,1,Tuesday,12,0,1,normal,1.0,23500,CASH,25000,1500,3
TRX-251202-03180,2025-12-02,18:47:00,2025-12-02 18:47:00,1,Tuesday,12,0,1,normal,1.0,16500,CASH,20000,3500,5
TRX-251202-03181,2025-12-02,18:33:00,2025-12-02 18:33:00,1,Tuesday,12,0,1,normal,1.0,78000,CASH,80000,2000,4
TRX-251202-03182,2025-12-02,13:19:00,2025-12-02 13:19:00,1,Tuesday,12,0,1,normal,1.0,2000,QRIS,2000,0,1
TRX-251202-03183,2025-12-02,16:44:00,2025-12-02 16:44:00,1,Tuesday,12,0,1,normal,1.0,47000,CASH,50000,3000,3
TRX-251202-03184,2025-12-02,15:33:00,2025-12-02 15:33:00,1,Tuesday,12,0,1,normal,1.0,39000,CASH,40000,1000,2
TRX-251202-03185,2025-12-02,17:45:00,2025-12-02 17:45:00,1,Tuesday,12,0,1,normal,1.0,9000,CASH,10000,1000,3
TRX-251202-03186,2025-12-02,10:26:00,2025-12-02 10:26:00,1,Tuesday,12,0,1,normal,1.0,42000,CASH,45000,3000,3
TRX-251202-03187,2025-12-02,17:21:00,2025-12-02 17:21:00,1,Tuesday,12,0,1,normal,1.0,9500,CASH,10000,500,3
TRX-251202-03188,2025-12-02,09:58:00,2025-12-02 09:58:00,1,Tuesday,12,0,1,normal,1.0,30000,TRANSFER,30000,0,4
TRX-251202-03189,2025-12-02,06:35:00,2025-12-02 06:35:00,1,Tuesday,12,0,1,normal,1.0,8000,CASH,10000,2000,2
TRX-251202-03190,2025-12-02,09:05:00,2025-12-02 09:05:00,1,Tuesday,12,0,1,normal,1.0,13000,CASH,15000,2000,2
TRX-251203-03191,2025-12-03,15:50:00,2025-12-03 15:50:00,2,Wednesday,12,0,1,normal,1.0,107000,CASH,110000,3000,3
TRX-251203-03192,2025-12-03,13:43:00,2025-12-03 13:43:00,2,Wednesday,12,0,1,normal,1.0,84500,CASH,85000,500,4
TRX-251203-03193,2025-12-03,15:09:00,2025-12-03 15:09:00,2,Wednesday,12,0,1,normal,1.0,38000,CASH,40000,2000,3
TRX-251203-03194,2025-12-03,13:28:00,2025-12-03 13:28:00,2,Wednesday,12,0,1,normal,1.0,22000,CASH,25000,3000,2
TRX-251203-03195,2025-12-03,07:42:00,2025-12-03 07:42:00,2,Wednesday,12,0,1,normal,1.0,4000,CASH,5000,1000,1
TRX-251203-03196,2025-12-03,06:58:00,2025-12-03 06:58:00,2,Wednesday,12,0,1,normal,1.0,24000,CASH,25000,1000,1
TRX-251203-03197,2025-12-03,12:42:00,2025-12-03 12:42:00,2,Wednesday,12,0,1,normal,1.0,39500,EWALLET,39500,0,5
TRX-251203-03198,2025-12-03,17:23:00,2025-12-03 17:23:00,2,Wednesday,12,0,1,normal,1.0,4000,QRIS,4000,0,2
TRX-251203-03199,2025-12-03,19:54:00,2025-12-03 19:54:00,2,Wednesday,12,0,1,normal,1.0,135000,QRIS,135000,0,4
TRX-251203-03200,2025-12-03,16:41:00,2025-12-03 16:41:00,2,Wednesday,12,0,1,normal,1.0,7000,CASH,10000,3000,2
TRX-251203-03201,2025-12-03,08:39:00,2025-12-03 08:39:00,2,Wednesday,12,0,1,normal,1.0,10000,TRANSFER,10000,0,3
TRX-251203-03202,2025-12-03,11:14:00,2025-12-03 11:14:00,2,Wednesday,12,0,1,normal,1.0,22000,CASH,25000,3000,3
TRX-251203-03203,2025-12-03,12:45:00,2025-12-03 12:45:00,2,Wednesday,12,0,1,normal,1.0,86000,CASH,90000,4000,4
TRX-251203-03204,2025-12-03,10:41:00,2025-12-03 10:41:00,2,Wednesday,12,0,1,normal,1.0,3000,QRIS,3000,0,1
TRX-251203-03205,2025-12-03,15:42:00,2025-12-03 15:42:00,2,Wednesday,12,0,1,normal,1.0,21000,TRANSFER,21000,0,3
TRX-251203-03206,2025-12-03,13:03:00,2025-12-03 13:03:00,2,Wednesday,12,0,1,normal,1.0,6000,CASH,10000,4000,2
TRX-251203-03207,2025-12-03,15:38:00,2025-12-03 15:38:00,2,Wednesday,12,0,1,normal,1.0,76550,QRIS,76550,0,4
TRX-251203-03208,2025-12-03,15:30:00,2025-12-03 15:30:00,2,Wednesday,12,0,1,normal,1.0,26000,QRIS,26000,0,4
TRX-251203-03209,2025-12-03,15:23:00,2025-12-03 15:23:00,2,Wednesday,12,0,1,normal,1.0,4000,QRIS,4000,0,1
TRX-251203-03210,2025-12-03,16:58:00,2025-12-03 16:58:00,2,Wednesday,12,0,1,normal,1.0,63000,CASH,65000,2000,2
TRX-251204-03211,2025-12-04,07:57:00,2025-12-04 07:57:00,3,Thursday,12,0,1,normal,1.0,80000,QRIS,80000,0,2
TRX-251204-03212,2025-12-04,17:22:00,2025-12-04 17:22:00,3,Thursday,12,0,1,normal,1.0,152000,CASH,155000,3000,5
TRX-251204-03213,2025-12-04,11:02:00,2025-12-04 11:02:00,3,Thursday,12,0,1,normal,1.0,6000,CASH,10000,4000,2
TRX-251204-03214,2025-12-04,17:03:00,2025-12-04 17:03:00,3,Thursday,12,0,1,normal,1.0,121000,CASH,125000,4000,3
TRX-251204-03215,2025-12-04,06:33:00,2025-12-04 06:33:00,3,Thursday,12,0,1,normal,1.0,136000,TRANSFER,136000,0,1
TRX-251204-03216,2025-12-04,12:38:00,2025-12-04 12:38:00,3,Thursday,12,0,1,normal,1.0,19000,CASH,20000,1000,2
TRX-251204-03217,2025-12-04,20:24:00,2025-12-04 20:24:00,3,Thursday,12,0,1,normal,1.0,18000,CASH,20000,2000,2
TRX-251204-03218,2025-12-04,12:47:00,2025-12-04 12:47:00,3,Thursday,12,0,1,normal,1.0,38000,QRIS,38000,0,3
TRX-251204-03219,2025-12-04,15:04:00,2025-12-04 15:04:00,3,Thursday,12,0,1,normal,1.0,15000,CASH,20000,5000,2
TRX-251204-03220,2025-12-04,11:10:00,2025-12-04 11:10:00,3,Thursday,12,0,1,normal,1.0,12000,CASH,15000,3000,1
TRX-251204-03221,2025-12-04,09:26:00,2025-12-04 09:26:00,3,Thursday,12,0,1,normal,1.0,4500,TRANSFER,4500,0,1
TRX-251204-03222,2025-12-04,08:22:00,2025-12-04 08:22:00,3,Thursday,12,0,1,normal,1.0,38000,QRIS,38000,0,5
TRX-251204-03223,2025-12-04,16:33:00,2025-12-04 16:33:00,3,Thursday,12,0,1,normal,1.0,12500,CASH,15000,2500,2
TRX-251204-03224,2025-12-04,08:07:00,2025-12-04 08:07:00,3,Thursday,12,0,1,normal,1.0,15500,CASH,20000,4500,3
TRX-251204-03225,2025-12-04,10:30:00,2025-12-04 10:30:00,3,Thursday,12,0,1,normal,1.0,28000,CASH,30000,2000,2
TRX-251204-03226,2025-12-04,19:04:00,2025-12-04 19:04:00,3,Thursday,12,0,1,normal,1.0,162000,CASH,165000,3000,3
TRX-251204-03227,2025-12-04,09:38:00,2025-12-04 09:38:00,3,Thursday,12,0,1,normal,1.0,1800,TRANSFER,1800,0,1
TRX-251204-03228,2025-12-04,11:07:00,2025-12-04 11:07:00,3,Thursday,12,0,1,normal,1.0,87000,CASH,90000,3000,2
TRX-251204-03229,2025-12-04,19:18:00,2025-12-04 19:18:00,3,Thursday,12,0,1,normal,1.0,20000,CASH,25000,5000,2
TRX-251204-03230,2025-12-04,19:49:00,2025-12-04 19:49:00,3,Thursday,12,0,1,normal,1.0,45000,CASH,50000,5000,4
TRX-251204-03231,2025-12-04,09:45:00,2025-12-04 09:45:00,3,Thursday,12,0,1,normal,1.0,6000,CASH,10000,4000,1
TRX-251204-03232,2025-12-04,15:40:00,2025-12-04 15:40:00,3,Thursday,12,0,1,normal,1.0,90000,QRIS,90000,0,2
TRX-251204-03233,2025-12-04,10:37:00,2025-12-04 10:37:00,3,Thursday,12,0,1,normal,1.0,59500,QRIS,59500,0,5
TRX-251204-03234,2025-12-04,21:42:00,2025-12-04 21:42:00,3,Thursday,12,0,1,normal,1.0,15000,CASH,20000,5000,1
TRX-251204-03235,2025-12-04,20:49:00,2025-12-04 20:49:00,3,Thursday,12,0,1,normal,1.0,33500,CASH,35000,1500,3
TRX-251205-03236,2025-12-05,06:39:00,2025-12-05 06:39:00,4,Friday,12,0,1,normal,1.0,6000,CASH,10000,4000,2
TRX-251205-03237,2025-12-05,17:46:00,2025-12-05 17:46:00,4,Friday,12,0,1,normal,1.0,159000,CASH,160000,1000,5
TRX-251205-03238,2025-12-05,18:23:00,2025-12-05 18:23:00,4,Friday,12,0,1,normal,1.0,24000,CASH,25000,1000,2
TRX-251205-03239,2025-12-05,17:47:00,2025-12-05 17:47:00,4,Friday,12,0,1,normal,1.0,37000,CASH,40000,3000,3
TRX-251205-03240,2025-12-05,10:28:00,2025-12-05 10:28:00,4,Friday,12,0,1,normal,1.0,65000,CASH,70000,5000,3
TRX-251205-03241,2025-12-05,15:19:00,2025-12-05 15:19:00,4,Friday,12,0,1,normal,1.0,1500,CASH,5000,3500,1
TRX-251205-03242,2025-12-05,16:36:00,2025-12-05 16:36:00,4,Friday,12,0,1,normal,1.0,1500,CASH,5000,3500,1
TRX-251205-03243,2025-12-05,10:58:00,2025-12-05 10:58:00,4,Friday,12,0,1,normal,1.0,35000,CASH,40000,5000,3
TRX-251205-03244,2025-12-05,19:30:00,2025-12-05 19:30:00,4,Friday,12,0,1,normal,1.0,15000,CASH,20000,5000,2
TRX-251205-03245,2025-12-05,08:00:00,2025-12-05 08:00:00,4,Friday,12,0,1,normal,1.0,24800,QRIS,24800,0,2
TRX-251205-03246,2025-12-05,09:44:00,2025-12-05 09:44:00,4,Friday,12,0,1,normal,1.0,95000,CASH,100000,5000,4
TRX-251205-03247,2025-12-05,13:09:00,2025-12-05 13:09:00,4,Friday,12,0,1,normal,1.0,15500,CASH,20000,4500,1
TRX-251205-03248,2025-12-05,08:03:00,2025-12-05 08:03:00,4,Friday,12,0,1,normal,1.0,28500,CASH,30000,1500,4
TRX-251205-03249,2025-12-05,12:14:00,2025-12-05 12:14:00,4,Friday,12,0,1,normal,1.0,35500,CASH,40000,4500,3
TRX-251205-03250,2025-12-05,15:08:00,2025-12-05 15:08:00,4,Friday,12,0,1,normal,1.0,64500,CASH,65000,500,3
TRX-251205-03251,2025-12-05,11:44:00,2025-12-05 11:44:00,4,Friday,12,0,1,normal,1.0,79000,QRIS,79000,0,3
TRX-251205-03252,2025-12-05,11:32:00,2025-12-05 11:32:00,4,Friday,12,0,1,normal,1.0,93000,QRIS,93000,0,5
TRX-251205-03253,2025-12-05,15:49:00,2025-12-05 15:49:00,4,Friday,12,0,1,normal,1.0,31000,CASH,35000,4000,1
TRX-251205-03254,2025-12-05,14:17:00,2025-12-05 14:17:00,4,Friday,12,0,1,normal,1.0,25000,CASH,30000,5000,2
TRX-251205-03255,2025-12-05,11:43:00,2025-12-05 11:43:00,4,Friday,12,0,1,normal,1.0,72000,CASH,75000,3000,3
TRX-251206-03256,2025-12-06,20:58:00,2025-12-06 20:58:00,5,Saturday,12,1,0,normal,1.0,24500,CASH,25000,500,3
TRX-251206-03257,2025-12-06,11:59:00,2025-12-06 11:59:00,5,Saturday,12,1,0,normal,1.0,9000,CASH,10000,1000,2
TRX-251206-03258,2025-12-06,12:32:00,2025-12-06 12:32:00,5,Saturday,12,1,0,normal,1.0,27000,QRIS,27000,0,2
TRX-251206-03259,2025-12-06,16:19:00,2025-12-06 16:19:00,5,Saturday,12,1,0,normal,1.0,63000,CASH,65000,2000,2
TRX-251206-03260,2025-12-06,10:14:00,2025-12-06 10:14:00,5,Saturday,12,1,0,normal,1.0,13500,CASH,15000,1500,1
TRX-251206-03261,2025-12-06,09:52:00,2025-12-06 09:52:00,5,Saturday,12,1,0,normal,1.0,2000,QRIS,2000,0,1
TRX-251206-03262,2025-12-06,11:54:00,2025-12-06 11:54:00,5,Saturday,12,1,0,normal,1.0,11000,CASH,15000,4000,2
TRX-251206-03263,2025-12-06,09:57:00,2025-12-06 09:57:00,5,Saturday,12,1,0,normal,1.0,78000,CASH,80000,2000,3
TRX-251206-03264,2025-12-06,07:38:00,2025-12-06 07:38:00,5,Saturday,12,1,0,normal,1.0,17000,QRIS,17000,0,3
TRX-251206-03265,2025-12-06,09:30:00,2025-12-06 09:30:00,5,Saturday,12,1,0,normal,1.0,83000,CASH,85000,2000,3
TRX-251206-03266,2025-12-06,08:22:00,2025-12-06 08:22:00,5,Saturday,12,1,0,normal,1.0,21000,CASH,25000,4000,2
TRX-251206-03267,2025-12-06,18:13:00,2025-12-06 18:13:00,5,Saturday,12,1,0,normal,1.0,18500,CASH,20000,1500,3
TRX-251206-03268,2025-12-06,09:30:00,2025-12-06 09:30:00,5,Saturday,12,1,0,normal,1.0,23000,CASH,25000,2000,2
TRX-251206-03269,2025-12-06,09:00:00,2025-12-06 09:00:00,5,Saturday,12,1,0,normal,1.0,6000,CASH,10000,4000,2
TRX-251206-03270,2025-12-06,13:59:00,2025-12-06 13:59:00,5,Saturday,12,1,0,normal,1.0,2000,CASH,5000,3000,1
TRX-251206-03271,2025-12-06,10:56:00,2025-12-06 10:56:00,5,Saturday,12,1,0,normal,1.0,18000,CASH,20000,2000,2
TRX-251206-03272,2025-12-06,13:07:00,2025-12-06 13:07:00,5,Saturday,12,1,0,normal,1.0,84000,CASH,85000,1000,2
TRX-251206-03273,2025-12-06,15:17:00,2025-12-06 15:17:00,5,Saturday,12,1,0,normal,1.0,33000,CASH,35000,2000,3
TRX-251206-03274,2025-12-06,10:52:00,2025-12-06 10:52:00,5,Saturday,12,1,0,normal,1.0,25000,CASH,30000,5000,3
TRX-251206-03275,2025-12-06,08:45:00,2025-12-06 08:45:00,5,Saturday,12,1,0,normal,1.0,13350,CASH,15000,1650,3
TRX-251207-03276,2025-12-07,20:56:00,2025-12-07 20:56:00,6,Sunday,12,1,0,normal,1.0,7000,CASH,10000,3000,3
TRX-251207-03277,2025-12-07,13:53:00,2025-12-07 13:53:00,6,Sunday,12,1,0,normal,1.0,72000,CASH,75000,3000,3
TRX-251207-03278,2025-12-07,08:31:00,2025-12-07 08:31:00,6,Sunday,12,1,0,normal,1.0,1000,CASH,5000,4000,1
TRX-251207-03279,2025-12-07,17:00:00,2025-12-07 17:00:00,6,Sunday,12,1,0,normal,1.0,13000,CASH,15000,2000,3
TRX-251207-03280,2025-12-07,18:31:00,2025-12-07 18:31:00,6,Sunday,12,1,0,normal,1.0,40000,CASH,45000,5000,3
TRX-251207-03281,2025-12-07,08:50:00,2025-12-07 08:50:00,6,Sunday,12,1,0,normal,1.0,43000,CASH,45000,2000,4
TRX-251207-03282,2025-12-07,19:04:00,2025-12-07 19:04:00,6,Sunday,12,1,0,normal,1.0,3000,CASH,5000,2000,1
TRX-251207-03283,2025-12-07,12:25:00,2025-12-07 12:25:00,6,Sunday,12,1,0,normal,1.0,23000,CASH,25000,2000,2
TRX-251207-03284,2025-12-07,19:07:00,2025-12-07 19:07:00,6,Sunday,12,1,0,normal,1.0,11000,EWALLET,11000,0,2
TRX-251207-03285,2025-12-07,17:37:00,2025-12-07 17:37:00,6,Sunday,12,1,0,normal,1.0,25650,CASH,30000,4350,1
TRX-251207-03286,2025-12-07,11:50:00,2025-12-07 11:50:00,6,Sunday,12,1,0,normal,1.0,21000,CASH,25000,4000,2
TRX-251207-03287,2025-12-07,18:57:00,2025-12-07 18:57:00,6,Sunday,12,1,0,normal,1.0,26000,CASH,30000,4000,3
TRX-251207-03288,2025-12-07,15:52:00,2025-12-07 15:52:00,6,Sunday,12,1,0,normal,1.0,16500,CASH,20000,3500,2
TRX-251207-03289,2025-12-07,16:43:00,2025-12-07 16:43:00,6,Sunday,12,1,0,normal,1.0,37000,CASH,40000,3000,2
TRX-251207-03290,2025-12-07,14:50:00,2025-12-07 14:50:00,6,Sunday,12,1,0,normal,1.0,8000,CASH,10000,2000,2
TRX-251207-03291,2025-12-07,21:48:00,2025-12-07 21:48:00,6,Sunday,12,1,0,normal,1.0,10000,QRIS,10000,0,2
TRX-251207-03292,2025-12-07,11:01:00,2025-12-07 11:01:00,6,Sunday,12,1,0,normal,1.0,66750,CASH,70000,3250,2
TRX-251207-03293,2025-12-07,07:37:00,2025-12-07 07:37:00,6,Sunday,12,1,0,normal,1.0,3000,CASH,5000,2000,1
TRX-251207-03294,2025-12-07,08:14:00,2025-12-07 08:14:00,6,Sunday,12,1,0,normal,1.0,100200,CASH,105000,4800,4
TRX-251207-03295,2025-12-07,15:12:00,2025-12-07 15:12:00,6,Sunday,12,1,0,normal,1.0,138000,CASH,140000,2000,5
TRX-251207-03296,2025-12-07,11:18:00,2025-12-07 11:18:00,6,Sunday,12,1,0,normal,1.0,27000,CASH,30000,3000,1
TRX-251207-03297,2025-12-07,08:28:00,2025-12-07 08:28:00,6,Sunday,12,1,0,normal,1.0,2000,CASH,5000,3000,1
TRX-251208-03298,2025-12-08,17:38:00,2025-12-08 17:38:00,0,Monday,12,0,0,normal,1.0,48000,QRIS,48000,0,3
TRX-251208-03299,2025-12-08,10:22:00,2025-12-08 10:22:00,0,Monday,12,0,0,normal,1.0,7000,CASH,10000,3000,2
TRX-251208-03300,2025-12-08,08:41:00,2025-12-08 08:41:00,0,Monday,12,0,0,normal,1.0,44000,CASH,45000,1000,4
TRX-251208-03301,2025-12-08,12:28:00,2025-12-08 12:28:00,0,Monday,12,0,0,normal,1.0,20000,CASH,25000,5000,2
TRX-251208-03302,2025-12-08,18:39:00,2025-12-08 18:39:00,0,Monday,12,0,0,normal,1.0,17000,EWALLET,17000,0,3
TRX-251208-03303,2025-12-08,15:45:00,2025-12-08 15:45:00,0,Monday,12,0,0,normal,1.0,1000,CASH,5000,4000,1
TRX-251208-03304,2025-12-08,08:55:00,2025-12-08 08:55:00,0,Monday,12,0,0,normal,1.0,29000,QRIS,29000,0,3
TRX-251208-03305,2025-12-08,19:28:00,2025-12-08 19:28:00,0,Monday,12,0,0,normal,1.0,60000,QRIS,60000,0,1
TRX-251208-03306,2025-12-08,15:59:00,2025-12-08 15:59:00,0,Monday,12,0,0,normal,1.0,6000,CASH,10000,4000,1
TRX-251209-03307,2025-12-09,14:30:00,2025-12-09 14:30:00,1,Tuesday,12,0,0,normal,1.0,149000,CASH,150000,1000,3
TRX-251209-03308,2025-12-09,10:56:00,2025-12-09 10:56:00,1,Tuesday,12,0,0,normal,1.0,3000,CASH,5000,2000,1
TRX-251209-03309,2025-12-09,08:33:00,2025-12-09 08:33:00,1,Tuesday,12,0,0,normal,1.0,40175,CASH,45000,4825,3
TRX-251209-03310,2025-12-09,08:49:00,2025-12-09 08:49:00,1,Tuesday,12,0,0,normal,1.0,31000,CASH,35000,4000,4
TRX-251209-03311,2025-12-09,10:48:00,2025-12-09 10:48:00,1,Tuesday,12,0,0,normal,1.0,42000,CASH,45000,3000,3
TRX-251209-03312,2025-12-09,09:58:00,2025-12-09 09:58:00,1,Tuesday,12,0,0,normal,1.0,32000,QRIS,32000,0,4
TRX-251209-03313,2025-12-09,20:38:00,2025-12-09 20:38:00,1,Tuesday,12,0,0,normal,1.0,27000,TRANSFER,27000,0,4
TRX-251209-03314,2025-12-09,08:27:00,2025-12-09 08:27:00,1,Tuesday,12,0,0,normal,1.0,238500,CASH,240000,1500,4
TRX-251209-03315,2025-12-09,16:41:00,2025-12-09 16:41:00,1,Tuesday,12,0,0,normal,1.0,18000,CASH,20000,2000,2
TRX-251209-03316,2025-12-09,07:30:00,2025-12-09 07:30:00,1,Tuesday,12,0,0,normal,1.0,48000,CASH,50000,2000,3
TRX-251209-03317,2025-12-09,16:40:00,2025-12-09 16:40:00,1,Tuesday,12,0,0,normal,1.0,22000,CASH,25000,3000,3
TRX-251209-03318,2025-12-09,17:30:00,2025-12-09 17:30:00,1,Tuesday,12,0,0,normal,1.0,24000,CASH,25000,1000,1
TRX-251209-03319,2025-12-09,11:15:00,2025-12-09 11:15:00,1,Tuesday,12,0,0,normal,1.0,3000,CASH,5000,2000,1
TRX-251209-03320,2025-12-09,10:00:00,2025-12-09 10:00:00,1,Tuesday,12,0,0,normal,1.0,57500,CASH,60000,2500,4
TRX-251209-03321,2025-12-09,17:22:00,2025-12-09 17:22:00,1,Tuesday,12,0,0,normal,1.0,3000,TRANSFER,3000,0,1
TRX-251209-03322,2025-12-09,10:46:00,2025-12-09 10:46:00,1,Tuesday,12,0,0,normal,1.0,45000,TRANSFER,45000,0,2
TRX-251210-03323,2025-12-10,20:06:00,2025-12-10 20:06:00,2,Wednesday,12,0,0,normal,1.0,10000,CASH,15000,5000,1
TRX-251210-03324,2025-12-10,19:40:00,2025-12-10 19:40:00,2,Wednesday,12,0,0,normal,1.0,29000,QRIS,29000,0,4
TRX-251210-03325,2025-12-10,09:42:00,2025-12-10 09:42:00,2,Wednesday,12,0,0,normal,1.0,20250,CASH,25000,4750,4
TRX-251210-03326,2025-12-10,16:13:00,2025-12-10 16:13:00,2,Wednesday,12,0,0,normal,1.0,18000,CASH,20000,2000,3
TRX-251210-03327,2025-12-10,13:45:00,2025-12-10 13:45:00,2,Wednesday,12,0,0,normal,1.0,13000,CASH,15000,2000,2
TRX-251210-03328,2025-12-10,16:19:00,2025-12-10 16:19:00,2,Wednesday,12,0,0,normal,1.0,227500,CASH,230000,2500,3
TRX-251210-03329,2025-12-10,10:21:00,2025-12-10 10:21:00,2,Wednesday,12,0,0,normal,1.0,3000,CASH,5000,2000,1
TRX-251210-03330,2025-12-10,18:21:00,2025-12-10 18:21:00,2,Wednesday,12,0,0,normal,1.0,39000,TRANSFER,39000,0,2
TRX-251210-03331,2025-12-10,16:31:00,2025-12-10 16:31:00,2,Wednesday,12,0,0,normal,1.0,32000,CASH,35000,3000,2
TRX-251210-03332,2025-12-10,11:09:00,2025-12-10 11:09:00,2,Wednesday,12,0,0,normal,1.0,54000,EWALLET,54000,0,2
TRX-251210-03333,2025-12-10,11:06:00,2025-12-10 11:06:00,2,Wednesday,12,0,0,normal,1.0,43000,CASH,45000,2000,3
TRX-251211-03334,2025-12-11,20:53:00,2025-12-11 20:53:00,3,Thursday,12,0,0,normal,1.0,29500,QRIS,29500,0,4
TRX-251211-03335,2025-12-11,18:03:00,2025-12-11 18:03:00,3,Thursday,12,0,0,normal,1.0,59000,CASH,60000,1000,4
TRX-251211-03336,2025-12-11,20:07:00,2025-12-11 20:07:00,3,Thursday,12,0,0,normal,1.0,84000,CASH,85000,1000,2
TRX-251211-03337,2025-12-11,10:04:00,2025-12-11 10:04:00,3,Thursday,12,0,0,normal,1.0,18000,CASH,20000,2000,2
TRX-251211-03338,2025-12-11,17:15:00,2025-12-11 17:15:00,3,Thursday,12,0,0,normal,1.0,25000,CASH,30000,5000,3
TRX-251211-03339,2025-12-11,10:17:00,2025-12-11 10:17:00,3,Thursday,12,0,0,normal,1.0,18250,CASH,20000,1750,2
TRX-251211-03340,2025-12-11,19:20:00,2025-12-11 19:20:00,3,Thursday,12,0,0,normal,1.0,15650,CASH,20000,4350,3
TRX-251211-03341,2025-12-11,17:33:00,2025-12-11 17:33:00,3,Thursday,12,0,0,normal,1.0,233000,CASH,235000,2000,5
TRX-251211-03342,2025-12-11,18:15:00,2025-12-11 18:15:00,3,Thursday,12,0,0,normal,1.0,16500,CASH,20000,3500,2
TRX-251211-03343,2025-12-11,16:13:00,2025-12-11 16:13:00,3,Thursday,12,0,0,normal,1.0,33850,CASH,35000,1150,4
TRX-251211-03344,2025-12-11,18:16:00,2025-12-11 18:16:00,3,Thursday,12,0,0,normal,1.0,17000,CASH,20000,3000,3
TRX-251211-03345,2025-12-11,14:08:00,2025-12-11 14:08:00,3,Thursday,12,0,0,normal,1.0,37000,CASH,40000,3000,4
TRX-251211-03346,2025-12-11,19:15:00,2025-12-11 19:15:00,3,Thursday,12,0,0,normal,1.0,5000,TRANSFER,5000,0,1
TRX-251211-03347,2025-12-11,11:08:00,2025-12-11 11:08:00,3,Thursday,12,0,0,normal,1.0,26000,CASH,30000,4000,3
TRX-251211-03348,2025-12-11,19:47:00,2025-12-11 19:47:00,3,Thursday,12,0,0,normal,1.0,14500,EWALLET,14500,0,3
TRX-251211-03349,2025-12-11,08:38:00,2025-12-11 08:38:00,3,Thursday,12,0,0,normal,1.0,56000,TRANSFER,56000,0,2
TRX-251211-03350,2025-12-11,21:47:00,2025-12-11 21:47:00,3,Thursday,12,0,0,normal,1.0,172500,CASH,175000,2500,3
TRX-251212-03351,2025-12-12,16:26:00,2025-12-12 16:26:00,4,Friday,12,0,0,normal,1.0,143000,QRIS,143000,0,2
TRX-251212-03352,2025-12-12,15:38:00,2025-12-12 15:38:00,4,Friday,12,0,0,normal,1.0,91500,QRIS,91500,0,3
TRX-251212-03353,2025-12-12,15:01:00,2025-12-12 15:01:00,4,Friday,12,0,0,normal,1.0,20000,CASH,25000,5000,2
TRX-251212-03354,2025-12-12,07:18:00,2025-12-12 07:18:00,4,Friday,12,0,0,normal,1.0,36000,CASH,40000,4000,3
TRX-251212-03355,2025-12-12,06:57:00,2025-12-12 06:57:00,4,Friday,12,0,0,normal,1.0,16000,CASH,20000,4000,3
TRX-251212-03356,2025-12-12,17:05:00,2025-12-12 17:05:00,4,Friday,12,0,0,normal,1.0,24000,CASH,25000,1000,4
TRX-251212-03357,2025-12-12,12:53:00,2025-12-12 12:53:00,4,Friday,12,0,0,normal,1.0,33000,TRANSFER,33000,0,4
TRX-251212-03358,2025-12-12,16:57:00,2025-12-12 16:57:00,4,Friday,12,0,0,normal,1.0,17000,CASH,20000,3000,2
TRX-251212-03359,2025-12-12,11:26:00,2025-12-12 11:26:00,4,Friday,12,0,0,normal,1.0,32000,CASH,35000,3000,3
TRX-251212-03360,2025-12-12,20:34:00,2025-12-12 20:34:00,4,Friday,12,0,0,normal,1.0,7000,QRIS,7000,0,2
TRX-251212-03361,2025-12-12,10:47:00,2025-12-12 10:47:00,4,Friday,12,0,0,normal,1.0,51000,QRIS,51000,0,3
TRX-251212-03362,2025-12-12,10:53:00,2025-12-12 10:53:00,4,Friday,12,0,0,normal,1.0,31950,EWALLET,31950,0,2
TRX-251212-03363,2025-12-12,17:34:00,2025-12-12 17:34:00,4,Friday,12,0,0,normal,1.0,13000,QRIS,13000,0,2
TRX-251212-03364,2025-12-12,13:35:00,2025-12-12 13:35:00,4,Friday,12,0,0,normal,1.0,1500,QRIS,1500,0,1
TRX-251212-03365,2025-12-12,16:30:00,2025-12-12 16:30:00,4,Friday,12,0,0,normal,1.0,15600,TRANSFER,15600,0,2
TRX-251212-03366,2025-12-12,08:06:00,2025-12-12 08:06:00,4,Friday,12,0,0,normal,1.0,20000,CASH,25000,5000,4
TRX-251212-03367,2025-12-12,09:23:00,2025-12-12 09:23:00,4,Friday,12,0,0,normal,1.0,9000,CASH,10000,1000,2
TRX-251213-03368,2025-12-13,19:00:00,2025-12-13 19:00:00,5,Saturday,12,1,0,normal,1.0,7500,CASH,10000,2500,3
TRX-251213-03369,2025-12-13,15:42:00,2025-12-13 15:42:00,5,Saturday,12,1,0,normal,1.0,89000,CASH,90000,1000,4
TRX-251213-03370,2025-12-13,07:23:00,2025-12-13 07:23:00,5,Saturday,12,1,0,normal,1.0,67500,CASH,70000,2500,5
TRX-251213-03371,2025-12-13,20:17:00,2025-12-13 20:17:00,5,Saturday,12,1,0,normal,1.0,156000,CASH,160000,4000,4
TRX-251213-03372,2025-12-13,21:01:00,2025-12-13 21:01:00,5,Saturday,12,1,0,normal,1.0,52000,TRANSFER,52000,0,5
TRX-251213-03373,2025-12-13,14:17:00,2025-12-13 14:17:00,5,Saturday,12,1,0,normal,1.0,103000,CASH,105000,2000,4
TRX-251213-03374,2025-12-13,11:34:00,2025-12-13 11:34:00,5,Saturday,12,1,0,normal,1.0,32000,QRIS,32000,0,2
TRX-251213-03375,2025-12-13,13:53:00,2025-12-13 13:53:00,5,Saturday,12,1,0,normal,1.0,18000,CASH,20000,2000,2
TRX-251213-03376,2025-12-13,13:26:00,2025-12-13 13:26:00,5,Saturday,12,1,0,normal,1.0,75000,CASH,80000,5000,5
TRX-251213-03377,2025-12-13,14:30:00,2025-12-13 14:30:00,5,Saturday,12,1,0,normal,1.0,73200,CASH,75000,1800,3
TRX-251213-03378,2025-12-13,20:30:00,2025-12-13 20:30:00,5,Saturday,12,1,0,normal,1.0,16000,CASH,20000,4000,2
TRX-251213-03379,2025-12-13,14:05:00,2025-12-13 14:05:00,5,Saturday,12,1,0,normal,1.0,42000,CASH,45000,3000,2
TRX-251213-03380,2025-12-13,19:02:00,2025-12-13 19:02:00,5,Saturday,12,1,0,normal,1.0,63000,CASH,65000,2000,2
TRX-251213-03381,2025-12-13,15:06:00,2025-12-13 15:06:00,5,Saturday,12,1,0,normal,1.0,76500,CASH,80000,3500,5
TRX-251213-03382,2025-12-13,09:43:00,2025-12-13 09:43:00,5,Saturday,12,1,0,normal,1.0,11000,CASH,15000,4000,2
TRX-251213-03383,2025-12-13,12:30:00,2025-12-13 12:30:00,5,Saturday,12,1,0,normal,1.0,22200,CASH,25000,2800,2
TRX-251213-03384,2025-12-13,17:43:00,2025-12-13 17:43:00,5,Saturday,12,1,0,normal,1.0,32000,CASH,35000,3000,4
TRX-251213-03385,2025-12-13,11:49:00,2025-12-13 11:49:00,5,Saturday,12,1,0,normal,1.0,18500,CASH,20000,1500,3
TRX-251213-03386,2025-12-13,14:17:00,2025-12-13 14:17:00,5,Saturday,12,1,0,normal,1.0,99000,CASH,100000,1000,4
TRX-251213-03387,2025-12-13,18:50:00,2025-12-13 18:50:00,5,Saturday,12,1,0,normal,1.0,15000,QRIS,15000,0,2
TRX-251213-03388,2025-12-13,13:04:00,2025-12-13 13:04:00,5,Saturday,12,1,0,normal,1.0,69500,CASH,70000,500,2
TRX-251213-03389,2025-12-13,15:51:00,2025-12-13 15:51:00,5,Saturday,12,1,0,normal,1.0,12000,CASH,15000,3000,2
TRX-251213-03390,2025-12-13,10:25:00,2025-12-13 10:25:00,5,Saturday,12,1,0,normal,1.0,35450,CASH,40000,4550,2
TRX-251213-03391,2025-12-13,17:32:00,2025-12-13 17:32:00,5,Saturday,12,1,0,normal,1.0,3850,TRANSFER,3850,0,2
TRX-251214-03392,2025-12-14,16:17:00,2025-12-14 16:17:00,6,Sunday,12,1,0,normal,1.0,22500,TRANSFER,22500,0,3
TRX-251214-03393,2025-12-14,21:28:00,2025-12-14 21:28:00,6,Sunday,12,1,0,normal,1.0,6700,CASH,10000,3300,2
TRX-251214-03394,2025-12-14,10:10:00,2025-12-14 10:10:00,6,Sunday,12,1,0,normal,1.0,13000,CASH,15000,2000,2
TRX-251214-03395,2025-12-14,19:00:00,2025-12-14 19:00:00,6,Sunday,12,1,0,normal,1.0,56000,CASH,60000,4000,4
TRX-251214-03396,2025-12-14,18:53:00,2025-12-14 18:53:00,6,Sunday,12,1,0,normal,1.0,86400,QRIS,86400,0,2
TRX-251214-03397,2025-12-14,11:15:00,2025-12-14 11:15:00,6,Sunday,12,1,0,normal,1.0,93500,TRANSFER,93500,0,5
TRX-251214-03398,2025-12-14,13:31:00,2025-12-14 13:31:00,6,Sunday,12,1,0,normal,1.0,30000,CASH,35000,5000,3
TRX-251214-03399,2025-12-14,11:55:00,2025-12-14 11:55:00,6,Sunday,12,1,0,normal,1.0,62000,CASH,65000,3000,2
TRX-251214-03400,2025-12-14,17:21:00,2025-12-14 17:21:00,6,Sunday,12,1,0,normal,1.0,69000,CASH,70000,1000,4
TRX-251214-03401,2025-12-14,13:50:00,2025-12-14 13:50:00,6,Sunday,12,1,0,normal,1.0,90000,CASH,95000,5000,3
TRX-251214-03402,2025-12-14,11:17:00,2025-12-14 11:17:00,6,Sunday,12,1,0,normal,1.0,19800,CASH,20000,200,3
TRX-251214-03403,2025-12-14,18:14:00,2025-12-14 18:14:00,6,Sunday,12,1,0,normal,1.0,13000,QRIS,13000,0,2
TRX-251214-03404,2025-12-14,12:18:00,2025-12-14 12:18:00,6,Sunday,12,1,0,normal,1.0,58000,CASH,60000,2000,1
TRX-251214-03405,2025-12-14,09:58:00,2025-12-14 09:58:00,6,Sunday,12,1,0,normal,1.0,125000,CASH,130000,5000,3
TRX-251214-03406,2025-12-14,15:41:00,2025-12-14 15:41:00,6,Sunday,12,1,0,normal,1.0,53000,CASH,55000,2000,4
TRX-251214-03407,2025-12-14,17:07:00,2025-12-14 17:07:00,6,Sunday,12,1,0,normal,1.0,159000,TRANSFER,159000,0,3
TRX-251215-03408,2025-12-15,19:30:00,2025-12-15 19:30:00,0,Monday,12,0,0,normal,1.0,31000,CASH,35000,4000,4
TRX-251215-03409,2025-12-15,09:23:00,2025-12-15 09:23:00,0,Monday,12,0,0,normal,1.0,6500,CASH,10000,3500,2
TRX-251215-03410,2025-12-15,20:50:00,2025-12-15 20:50:00,0,Monday,12,0,0,normal,1.0,62000,CASH,65000,3000,3
TRX-251215-03411,2025-12-15,17:37:00,2025-12-15 17:37:00,0,Monday,12,0,0,normal,1.0,98500,CASH,100000,1500,3
TRX-251215-03412,2025-12-15,17:55:00,2025-12-15 17:55:00,0,Monday,12,0,0,normal,1.0,30000,CASH,35000,5000,3
TRX-251215-03413,2025-12-15,10:03:00,2025-12-15 10:03:00,0,Monday,12,0,0,normal,1.0,17000,CASH,20000,3000,2
TRX-251215-03414,2025-12-15,11:04:00,2025-12-15 11:04:00,0,Monday,12,0,0,normal,1.0,33000,CASH,35000,2000,2
TRX-251215-03415,2025-12-15,17:24:00,2025-12-15 17:24:00,0,Monday,12,0,0,normal,1.0,38000,CASH,40000,2000,3
TRX-251215-03416,2025-12-15,07:35:00,2025-12-15 07:35:00,0,Monday,12,0,0,normal,1.0,135000,TRANSFER,135000,0,5
TRX-251215-03417,2025-12-15,08:03:00,2025-12-15 08:03:00,0,Monday,12,0,0,normal,1.0,80800,EWALLET,80800,0,4
TRX-251215-03418,2025-12-15,16:20:00,2025-12-15 16:20:00,0,Monday,12,0,0,normal,1.0,190000,TRANSFER,190000,0,3
TRX-251215-03419,2025-12-15,17:18:00,2025-12-15 17:18:00,0,Monday,12,0,0,normal,1.0,61000,CASH,65000,4000,2
TRX-251215-03420,2025-12-15,13:08:00,2025-12-15 13:08:00,0,Monday,12,0,0,normal,1.0,98175,QRIS,98175,0,2
TRX-251215-03421,2025-12-15,11:40:00,2025-12-15 11:40:00,0,Monday,12,0,0,normal,1.0,35000,CASH,40000,5000,4
TRX-251215-03422,2025-12-15,12:32:00,2025-12-15 12:32:00,0,Monday,12,0,0,normal,1.0,72000,CASH,75000,3000,2
TRX-251215-03423,2025-12-15,14:04:00,2025-12-15 14:04:00,0,Monday,12,0,0,normal,1.0,32000,CASH,35000,3000,2
TRX-251215-03424,2025-12-15,13:43:00,2025-12-15 13:43:00,0,Monday,12,0,0,normal,1.0,27500,QRIS,27500,0,4
TRX-251215-03425,2025-12-15,09:45:00,2025-12-15 09:45:00,0,Monday,12,0,0,normal,1.0,170000,CASH,175000,5000,5
TRX-251215-03426,2025-12-15,15:58:00,2025-12-15 15:58:00,0,Monday,12,0,0,normal,1.0,8500,CASH,10000,1500,3
TRX-251216-03427,2025-12-16,12:26:00,2025-12-16 12:26:00,1,Tuesday,12,0,0,normal,1.0,14000,CASH,15000,1000,3
TRX-251216-03428,2025-12-16,08:14:00,2025-12-16 08:14:00,1,Tuesday,12,0,0,normal,1.0,28000,EWALLET,28000,0,4
TRX-251216-03429,2025-12-16,10:26:00,2025-12-16 10:26:00,1,Tuesday,12,0,0,normal,1.0,142000,CASH,145000,3000,3
TRX-251216-03430,2025-12-16,12:35:00,2025-12-16 12:35:00,1,Tuesday,12,0,0,normal,1.0,11000,CASH,15000,4000,3
TRX-251216-03431,2025-12-16,16:33:00,2025-12-16 16:33:00,1,Tuesday,12,0,0,normal,1.0,46700,QRIS,46700,0,3
TRX-251216-03432,2025-12-16,10:53:00,2025-12-16 10:53:00,1,Tuesday,12,0,0,normal,1.0,13000,CASH,15000,2000,2
TRX-251216-03433,2025-12-16,13:30:00,2025-12-16 13:30:00,1,Tuesday,12,0,0,normal,1.0,9500,CASH,10000,500,3
TRX-251216-03434,2025-12-16,21:09:00,2025-12-16 21:09:00,1,Tuesday,12,0,0,normal,1.0,41000,CASH,45000,4000,2
TRX-251216-03435,2025-12-16,13:03:00,2025-12-16 13:03:00,1,Tuesday,12,0,0,normal,1.0,46500,CASH,50000,3500,3
TRX-251217-03436,2025-12-17,13:59:00,2025-12-17 13:59:00,2,Wednesday,12,0,0,normal,1.0,67275,CASH,70000,2725,5
TRX-251217-03437,2025-12-17,18:23:00,2025-12-17 18:23:00,2,Wednesday,12,0,0,normal,1.0,15000,CASH,20000,5000,2
TRX-251217-03438,2025-12-17,09:40:00,2025-12-17 09:40:00,2,Wednesday,12,0,0,normal,1.0,36200,CASH,40000,3800,2
TRX-251217-03439,2025-12-17,10:35:00,2025-12-17 10:35:00,2,Wednesday,12,0,0,normal,1.0,39000,CASH,40000,1000,3
TRX-251217-03440,2025-12-17,10:34:00,2025-12-17 10:34:00,2,Wednesday,12,0,0,normal,1.0,38000,CASH,40000,2000,2
TRX-251217-03441,2025-12-17,12:11:00,2025-12-17 12:11:00,2,Wednesday,12,0,0,normal,1.0,24000,EWALLET,24000,0,1
TRX-251217-03442,2025-12-17,12:46:00,2025-12-17 12:46:00,2,Wednesday,12,0,0,normal,1.0,67000,CASH,70000,3000,2
TRX-251217-03443,2025-12-17,14:46:00,2025-12-17 14:46:00,2,Wednesday,12,0,0,normal,1.0,39000,TRANSFER,39000,0,3
TRX-251217-03444,2025-12-17,19:33:00,2025-12-17 19:33:00,2,Wednesday,12,0,0,normal,1.0,30500,QRIS,30500,0,3
TRX-251217-03445,2025-12-17,08:52:00,2025-12-17 08:52:00,2,Wednesday,12,0,0,normal,1.0,3500,CASH,5000,1500,2
TRX-251217-03446,2025-12-17,20:16:00,2025-12-17 20:16:00,2,Wednesday,12,0,0,normal,1.0,3000,CASH,5000,2000,2
TRX-251217-03447,2025-12-17,15:26:00,2025-12-17 15:26:00,2,Wednesday,12,0,0,normal,1.0,54500,CASH,55000,500,2
TRX-251217-03448,2025-12-17,19:48:00,2025-12-17 19:48:00,2,Wednesday,12,0,0,normal,1.0,15000,CASH,20000,5000,1
TRX-251218-03449,2025-12-18,16:32:00,2025-12-18 16:32:00,3,Thursday,12,0,0,normal,1.0,14000,TRANSFER,14000,0,3
TRX-251218-03450,2025-12-18,15:36:00,2025-12-18 15:36:00,3,Thursday,12,0,0,normal,1.0,22100,CASH,25000,2900,3
TRX-251218-03451,2025-12-18,13:28:00,2025-12-18 13:28:00,3,Thursday,12,0,0,normal,1.0,171000,CASH,175000,4000,3
TRX-251218-03452,2025-12-18,12:09:00,2025-12-18 12:09:00,3,Thursday,12,0,0,normal,1.0,17000,CASH,20000,3000,2
TRX-251218-03453,2025-12-18,07:23:00,2025-12-18 07:23:00,3,Thursday,12,0,0,normal,1.0,39000,CASH,40000,1000,2
TRX-251218-03454,2025-12-18,11:49:00,2025-12-18 11:49:00,3,Thursday,12,0,0,normal,1.0,16500,CASH,20000,3500,3
TRX-251218-03455,2025-12-18,12:52:00,2025-12-18 12:52:00,3,Thursday,12,0,0,normal,1.0,2850,CASH,5000,2150,1
TRX-251218-03456,2025-12-18,06:38:00,2025-12-18 06:38:00,3,Thursday,12,0,0,normal,1.0,9000,QRIS,9000,0,1
TRX-251218-03457,2025-12-18,11:19:00,2025-12-18 11:19:00,3,Thursday,12,0,0,normal,1.0,76500,CASH,80000,3500,4
TRX-251218-03458,2025-12-18,11:52:00,2025-12-18 11:52:00,3,Thursday,12,0,0,normal,1.0,41000,TRANSFER,41000,0,3
TRX-251218-03459,2025-12-18,12:25:00,2025-12-18 12:25:00,3,Thursday,12,0,0,normal,1.0,10000,QRIS,10000,0,2
TRX-251218-03460,2025-12-18,12:58:00,2025-12-18 12:58:00,3,Thursday,12,0,0,normal,1.0,3000,CASH,5000,2000,1
TRX-251218-03461,2025-12-18,06:09:00,2025-12-18 06:09:00,3,Thursday,12,0,0,normal,1.0,16500,CASH,20000,3500,2
TRX-251218-03462,2025-12-18,11:36:00,2025-12-18 11:36:00,3,Thursday,12,0,0,normal,1.0,21000,CASH,25000,4000,3
TRX-251218-03463,2025-12-18,16:16:00,2025-12-18 16:16:00,3,Thursday,12,0,0,normal,1.0,3000,CASH,5000,2000,1
TRX-251218-03464,2025-12-18,19:12:00,2025-12-18 19:12:00,3,Thursday,12,0,0,normal,1.0,91000,CASH,95000,4000,3
TRX-251218-03465,2025-12-18,07:46:00,2025-12-18 07:46:00,3,Thursday,12,0,0,normal,1.0,15000,CASH,20000,5000,1
TRX-251218-03466,2025-12-18,17:53:00,2025-12-18 17:53:00,3,Thursday,12,0,0,normal,1.0,49000,CASH,50000,1000,4
TRX-251218-03467,2025-12-18,17:14:00,2025-12-18 17:14:00,3,Thursday,12,0,0,normal,1.0,36000,CASH,40000,4000,2
TRX-251219-03468,2025-12-19,16:18:00,2025-12-19 16:18:00,4,Friday,12,0,0,normal,1.0,72000,CASH,75000,3000,4
TRX-251219-03469,2025-12-19,10:49:00,2025-12-19 10:49:00,4,Friday,12,0,0,normal,1.0,165800,CASH,170000,4200,2
TRX-251219-03470,2025-12-19,12:18:00,2025-12-19 12:18:00,4,Friday,12,0,0,normal,1.0,4000,CASH,5000,1000,2
TRX-251219-03471,2025-12-19,13:27:00,2025-12-19 13:27:00,4,Friday,12,0,0,normal,1.0,7000,EWALLET,7000,0,2
TRX-251219-03472,2025-12-19,15:00:00,2025-12-19 15:00:00,4,Friday,12,0,0,normal,1.0,60000,CASH,65000,5000,2
TRX-251219-03473,2025-12-19,10:22:00,2025-12-19 10:22:00,4,Friday,12,0,0,normal,1.0,26000,CASH,30000,4000,4
TRX-251219-03474,2025-12-19,08:46:00,2025-12-19 08:46:00,4,Friday,12,0,0,normal,1.0,51000,CASH,55000,4000,2
TRX-251219-03475,2025-12-19,18:39:00,2025-12-19 18:39:00,4,Friday,12,0,0,normal,1.0,4500,EWALLET,4500,0,1
TRX-251219-03476,2025-12-19,14:04:00,2025-12-19 14:04:00,4,Friday,12,0,0,normal,1.0,15000,CASH,20000,5000,3
TRX-251219-03477,2025-12-19,15:49:00,2025-12-19 15:49:00,4,Friday,12,0,0,normal,1.0,105000,CASH,110000,5000,2
TRX-251219-03478,2025-12-19,17:40:00,2025-12-19 17:40:00,4,Friday,12,0,0,normal,1.0,42000,CASH,45000,3000,2
TRX-251219-03479,2025-12-19,19:12:00,2025-12-19 19:12:00,4,Friday,12,0,0,normal,1.0,15000,CASH,20000,5000,1
TRX-251219-03480,2025-12-19,14:16:00,2025-12-19 14:16:00,4,Friday,12,0,0,normal,1.0,45000,CASH,50000,5000,3
TRX-251219-03481,2025-12-19,20:12:00,2025-12-19 20:12:00,4,Friday,12,0,0,normal,1.0,20000,CASH,25000,5000,3
TRX-251219-03482,2025-12-19,14:14:00,2025-12-19 14:14:00,4,Friday,12,0,0,normal,1.0,127500,CASH,130000,2500,4
TRX-251219-03483,2025-12-19,13:18:00,2025-12-19 13:18:00,4,Friday,12,0,0,normal,1.0,5000,EWALLET,5000,0,1
TRX-251219-03484,2025-12-19,11:14:00,2025-12-19 11:14:00,4,Friday,12,0,0,normal,1.0,55000,CASH,60000,5000,2
TRX-251219-03485,2025-12-19,11:31:00,2025-12-19 11:31:00,4,Friday,12,0,0,normal,1.0,21000,QRIS,21000,0,2
TRX-251219-03486,2025-12-19,09:51:00,2025-12-19 09:51:00,4,Friday,12,0,0,normal,1.0,15500,CASH,20000,4500,1
TRX-251220-03487,2025-12-20,17:22:00,2025-12-20 17:22:00,5,Saturday,12,1,0,normal,1.0,18000,CASH,20000,2000,3
TRX-251220-03488,2025-12-20,19:50:00,2025-12-20 19:50:00,5,Saturday,12,1,0,normal,1.0,63000,CASH,65000,2000,2
TRX-251220-03489,2025-12-20,10:46:00,2025-12-20 10:46:00,5,Saturday,12,1,0,normal,1.0,68000,CASH,70000,2000,2
TRX-251220-03490,2025-12-20,17:11:00,2025-12-20 17:11:00,5,Saturday,12,1,0,normal,1.0,3000,CASH,5000,2000,2
TRX-251220-03491,2025-12-20,17:13:00,2025-12-20 17:13:00,5,Saturday,12,1,0,normal,1.0,60000,CASH,65000,5000,3
TRX-251220-03492,2025-12-20,17:07:00,2025-12-20 17:07:00,5,Saturday,12,1,0,normal,1.0,175000,CASH,180000,5000,3
TRX-251220-03493,2025-12-20,10:36:00,2025-12-20 10:36:00,5,Saturday,12,1,0,normal,1.0,77500,CASH,80000,2500,5
TRX-251220-03494,2025-12-20,16:07:00,2025-12-20 16:07:00,5,Saturday,12,1,0,normal,1.0,67500,EWALLET,67500,0,4
TRX-251220-03495,2025-12-20,18:46:00,2025-12-20 18:46:00,5,Saturday,12,1,0,normal,1.0,74000,CASH,75000,1000,2
TRX-251220-03496,2025-12-20,17:00:00,2025-12-20 17:00:00,5,Saturday,12,1,0,normal,1.0,45000,CASH,50000,5000,3
TRX-251220-03497,2025-12-20,09:41:00,2025-12-20 09:41:00,5,Saturday,12,1,0,normal,1.0,32000,CASH,35000,3000,2
TRX-251220-03498,2025-12-20,18:09:00,2025-12-20 18:09:00,5,Saturday,12,1,0,normal,1.0,30000,QRIS,30000,0,2
TRX-251220-03499,2025-12-20,16:55:00,2025-12-20 16:55:00,5,Saturday,12,1,0,normal,1.0,9000,QRIS,9000,0,2
TRX-251220-03500,2025-12-20,17:20:00,2025-12-20 17:20:00,5,Saturday,12,1,0,normal,1.0,9000,CASH,10000,1000,2
TRX-251220-03501,2025-12-20,18:09:00,2025-12-20 18:09:00,5,Saturday,12,1,0,normal,1.0,135000,CASH,140000,5000,3
TRX-251220-03502,2025-12-20,07:27:00,2025-12-20 07:27:00,5,Saturday,12,1,0,normal,1.0,54000,CASH,55000,1000,4
TRX-251220-03503,2025-12-20,12:02:00,2025-12-20 12:02:00,5,Saturday,12,1,0,normal,1.0,129000,CASH,130000,1000,3
TRX-251220-03504,2025-12-20,13:48:00,2025-12-20 13:48:00,5,Saturday,12,1,0,normal,1.0,32000,CASH,35000,3000,2
TRX-251220-03505,2025-12-20,10:22:00,2025-12-20 10:22:00,5,Saturday,12,1,0,normal,1.0,143950,CASH,145000,1050,3
TRX-251220-03506,2025-12-20,15:28:00,2025-12-20 15:28:00,5,Saturday,12,1,0,normal,1.0,4000,CASH,5000,1000,1
TRX-251220-03507,2025-12-20,06:51:00,2025-12-20 06:51:00,5,Saturday,12,1,0,normal,1.0,17500,CASH,20000,2500,4
TRX-251220-03508,2025-12-20,09:18:00,2025-12-20 09:18:00,5,Saturday,12,1,0,normal,1.0,19500,QRIS,19500,0,4
TRX-251220-03509,2025-12-20,17:42:00,2025-12-20 17:42:00,5,Saturday,12,1,0,normal,1.0,10000,CASH,15000,5000,1
TRX-251220-03510,2025-12-20,08:14:00,2025-12-20 08:14:00,5,Saturday,12,1,0,normal,1.0,24000,CASH,25000,1000,1
TRX-251220-03511,2025-12-20,08:15:00,2025-12-20 08:15:00,5,Saturday,12,1,0,normal,1.0,38200,CASH,40000,1800,2
TRX-251220-03512,2025-12-20,10:49:00,2025-12-20 10:49:00,5,Saturday,12,1,0,normal,1.0,39000,CASH,40000,1000,2
TRX-251221-03513,2025-12-21,21:45:00,2025-12-21 21:45:00,6,Sunday,12,1,0,normal,1.0,58000,QRIS,58000,0,3
TRX-251221-03514,2025-12-21,16:52:00,2025-12-21 16:52:00,6,Sunday,12,1,0,normal,1.0,33500,CASH,35000,1500,5
TRX-251221-03515,2025-12-21,07:01:00,2025-12-21 07:01:00,6,Sunday,12,1,0,normal,1.0,8000,CASH,10000,2000,2
TRX-251221-03516,2025-12-21,13:43:00,2025-12-21 13:43:00,6,Sunday,12,1,0,normal,1.0,18000,EWALLET,18000,0,2
TRX-251221-03517,2025-12-21,17:55:00,2025-12-21 17:55:00,6,Sunday,12,1,0,normal,1.0,9500,CASH,10000,500,2
TRX-251221-03518,2025-12-21,19:26:00,2025-12-21 19:26:00,6,Sunday,12,1,0,normal,1.0,9000,CASH,10000,1000,2
TRX-251221-03519,2025-12-21,11:38:00,2025-12-21 11:38:00,6,Sunday,12,1,0,normal,1.0,7000,CASH,10000,3000,2
TRX-251221-03520,2025-12-21,12:48:00,2025-12-21 12:48:00,6,Sunday,12,1,0,normal,1.0,31000,CASH,35000,4000,2
TRX-251221-03521,2025-12-21,15:47:00,2025-12-21 15:47:00,6,Sunday,12,1,0,normal,1.0,9000,CASH,10000,1000,2
TRX-251221-03522,2025-12-21,08:20:00,2025-12-21 08:20:00,6,Sunday,12,1,0,normal,1.0,30000,CASH,35000,5000,3
TRX-251221-03523,2025-12-21,11:15:00,2025-12-21 11:15:00,6,Sunday,12,1,0,normal,1.0,4500,CASH,5000,500,2
TRX-251221-03524,2025-12-21,19:52:00,2025-12-21 19:52:00,6,Sunday,12,1,0,normal,1.0,27000,CASH,30000,3000,2
TRX-251221-03525,2025-12-21,11:47:00,2025-12-21 11:47:00,6,Sunday,12,1,0,normal,1.0,19600,TRANSFER,19600,0,2
TRX-251221-03526,2025-12-21,06:45:00,2025-12-21 06:45:00,6,Sunday,12,1,0,normal,1.0,15000,CASH,20000,5000,2
TRX-251221-03527,2025-12-21,19:02:00,2025-12-21 19:02:00,6,Sunday,12,1,0,normal,1.0,30000,CASH,35000,5000,2
TRX-251221-03528,2025-12-21,09:46:00,2025-12-21 09:46:00,6,Sunday,12,1,0,normal,1.0,22500,CASH,25000,2500,3
TRX-251221-03529,2025-12-21,11:08:00,2025-12-21 11:08:00,6,Sunday,12,1,0,normal,1.0,66000,CASH,70000,4000,4
TRX-251221-03530,2025-12-21,06:49:00,2025-12-21 06:49:00,6,Sunday,12,1,0,normal,1.0,10000,TRANSFER,10000,0,2
TRX-251221-03531,2025-12-21,11:44:00,2025-12-21 11:44:00,6,Sunday,12,1,0,normal,1.0,84000,CASH,85000,1000,2
TRX-251221-03532,2025-12-21,14:55:00,2025-12-21 14:55:00,6,Sunday,12,1,0,normal,1.0,91000,CASH,95000,4000,4
TRX-251221-03533,2025-12-21,18:21:00,2025-12-21 18:21:00,6,Sunday,12,1,0,normal,1.0,2000,QRIS,2000,0,1
TRX-251222-03534,2025-12-22,10:07:00,2025-12-22 10:07:00,0,Monday,12,0,0,normal,1.0,17000,TRANSFER,17000,0,2
TRX-251222-03535,2025-12-22,10:26:00,2025-12-22 10:26:00,0,Monday,12,0,0,normal,1.0,134000,CASH,135000,1000,4
TRX-251222-03536,2025-12-22,15:41:00,2025-12-22 15:41:00,0,Monday,12,0,0,normal,1.0,7000,CASH,10000,3000,2
TRX-251222-03537,2025-12-22,15:04:00,2025-12-22 15:04:00,0,Monday,12,0,0,normal,1.0,24000,CASH,25000,1000,2
TRX-251222-03538,2025-12-22,13:51:00,2025-12-22 13:51:00,0,Monday,12,0,0,normal,1.0,26100,CASH,30000,3900,1
TRX-251222-03539,2025-12-22,15:41:00,2025-12-22 15:41:00,0,Monday,12,0,0,normal,1.0,79000,CASH,80000,1000,5
TRX-251222-03540,2025-12-22,17:33:00,2025-12-22 17:33:00,0,Monday,12,0,0,normal,1.0,41000,CASH,45000,4000,5
TRX-251222-03541,2025-12-22,13:16:00,2025-12-22 13:16:00,0,Monday,12,0,0,normal,1.0,8000,QRIS,8000,0,3
TRX-251222-03542,2025-12-22,18:50:00,2025-12-22 18:50:00,0,Monday,12,0,0,normal,1.0,57650,QRIS,57650,0,5
TRX-251222-03543,2025-12-22,10:07:00,2025-12-22 10:07:00,0,Monday,12,0,0,normal,1.0,118500,CASH,120000,1500,3
TRX-251222-03544,2025-12-22,08:10:00,2025-12-22 08:10:00,0,Monday,12,0,0,normal,1.0,200000,CASH,205000,5000,5
TRX-251222-03545,2025-12-22,14:05:00,2025-12-22 14:05:00,0,Monday,12,0,0,normal,1.0,80000,CASH,85000,5000,4
TRX-251222-03546,2025-12-22,15:14:00,2025-12-22 15:14:00,0,Monday,12,0,0,normal,1.0,36000,EWALLET,36000,0,1
TRX-251222-03547,2025-12-22,16:11:00,2025-12-22 16:11:00,0,Monday,12,0,0,normal,1.0,74700,CASH,75000,300,4
TRX-251222-03548,2025-12-22,18:19:00,2025-12-22 18:19:00,0,Monday,12,0,0,normal,1.0,2000,QRIS,2000,0,1
TRX-251222-03549,2025-12-22,18:15:00,2025-12-22 18:15:00,0,Monday,12,0,0,normal,1.0,46500,CASH,50000,3500,4
TRX-251222-03550,2025-12-22,16:56:00,2025-12-22 16:56:00,0,Monday,12,0,0,normal,1.0,23000,CASH,25000,2000,2
TRX-251223-03551,2025-12-23,11:53:00,2025-12-23 11:53:00,1,Tuesday,12,0,0,holiday,1.3,19000,QRIS,19000,0,3
TRX-251223-03552,2025-12-23,07:25:00,2025-12-23 07:25:00,1,Tuesday,12,0,0,holiday,1.3,88800,CASH,90000,1200,2
TRX-251223-03553,2025-12-23,08:53:00,2025-12-23 08:53:00,1,Tuesday,12,0,0,holiday,1.3,39000,CASH,40000,1000,2
TRX-251223-03554,2025-12-23,16:33:00,2025-12-23 16:33:00,1,Tuesday,12,0,0,holiday,1.3,28650,CASH,30000,1350,4
TRX-251223-03555,2025-12-23,12:15:00,2025-12-23 12:15:00,1,Tuesday,12,0,0,holiday,1.3,17500,QRIS,17500,0,3
TRX-251223-03556,2025-12-23,17:46:00,2025-12-23 17:46:00,1,Tuesday,12,0,0,holiday,1.3,7000,CASH,10000,3000,2
TRX-251223-03557,2025-12-23,09:10:00,2025-12-23 09:10:00,1,Tuesday,12,0,0,holiday,1.3,9000,CASH,10000,1000,1
TRX-251223-03558,2025-12-23,15:25:00,2025-12-23 15:25:00,1,Tuesday,12,0,0,holiday,1.3,20000,CASH,25000,5000,3
TRX-251223-03559,2025-12-23,19:30:00,2025-12-23 19:30:00,1,Tuesday,12,0,0,holiday,1.3,25000,CASH,30000,5000,3
TRX-251223-03560,2025-12-23,17:43:00,2025-12-23 17:43:00,1,Tuesday,12,0,0,holiday,1.3,14000,QRIS,14000,0,2
TRX-251223-03561,2025-12-23,06:56:00,2025-12-23 06:56:00,1,Tuesday,12,0,0,holiday,1.3,5000,TRANSFER,5000,0,1
TRX-251224-03562,2025-12-24,10:50:00,2025-12-24 10:50:00,2,Wednesday,12,0,0,holiday,1.3,13000,CASH,15000,2000,3
TRX-251224-03563,2025-12-24,15:28:00,2025-12-24 15:28:00,2,Wednesday,12,0,0,holiday,1.3,56350,TRANSFER,56350,0,5
TRX-251224-03564,2025-12-24,09:28:00,2025-12-24 09:28:00,2,Wednesday,12,0,0,holiday,1.3,24400,CASH,25000,600,3
TRX-251224-03565,2025-12-24,10:27:00,2025-12-24 10:27:00,2,Wednesday,12,0,0,holiday,1.3,17550,CASH,20000,2450,3
TRX-251224-03566,2025-12-24,19:12:00,2025-12-24 19:12:00,2,Wednesday,12,0,0,holiday,1.3,31000,CASH,35000,4000,2
TRX-251224-03567,2025-12-24,19:31:00,2025-12-24 19:31:00,2,Wednesday,12,0,0,holiday,1.3,66000,CASH,70000,4000,2
TRX-251224-03568,2025-12-24,14:35:00,2025-12-24 14:35:00,2,Wednesday,12,0,0,holiday,1.3,6000,CASH,10000,4000,1
TRX-251224-03569,2025-12-24,12:40:00,2025-12-24 12:40:00,2,Wednesday,12,0,0,holiday,1.3,60500,CASH,65000,4500,5
TRX-251224-03570,2025-12-24,20:30:00,2025-12-24 20:30:00,2,Wednesday,12,0,0,holiday,1.3,6700,CASH,10000,3300,2
TRX-251224-03571,2025-12-24,16:41:00,2025-12-24 16:41:00,2,Wednesday,12,0,0,holiday,1.3,25000,CASH,30000,5000,3
TRX-251224-03572,2025-12-24,12:00:00,2025-12-24 12:00:00,2,Wednesday,12,0,0,holiday,1.3,10000,CASH,15000,5000,1
TRX-251224-03573,2025-12-24,14:54:00,2025-12-24 14:54:00,2,Wednesday,12,0,0,holiday,1.3,57000,CASH,60000,3000,2
TRX-251224-03574,2025-12-24,11:36:00,2025-12-24 11:36:00,2,Wednesday,12,0,0,holiday,1.3,4000,CASH,5000,1000,1
TRX-251224-03575,2025-12-24,14:49:00,2025-12-24 14:49:00,2,Wednesday,12,0,0,holiday,1.3,124500,CASH,125000,500,2
TRX-251224-03576,2025-12-24,13:56:00,2025-12-24 13:56:00,2,Wednesday,12,0,0,holiday,1.3,12000,CASH,15000,3000,1
TRX-251224-03577,2025-12-24,14:01:00,2025-12-24 14:01:00,2,Wednesday,12,0,0,holiday,1.3,9000,CASH,10000,1000,1
TRX-251225-03578,2025-12-25,18:07:00,2025-12-25 18:07:00,3,Thursday,12,0,1,holiday,1.3,17000,CASH,20000,3000,3
TRX-251225-03579,2025-12-25,16:01:00,2025-12-25 16:01:00,3,Thursday,12,0,1,holiday,1.3,21000,CASH,25000,4000,4
TRX-251225-03580,2025-12-25,11:31:00,2025-12-25 11:31:00,3,Thursday,12,0,1,holiday,1.3,23000,CASH,25000,2000,2
TRX-251225-03581,2025-12-25,13:10:00,2025-12-25 13:10:00,3,Thursday,12,0,1,holiday,1.3,87700,CASH,90000,2300,4
TRX-251225-03582,2025-12-25,10:12:00,2025-12-25 10:12:00,3,Thursday,12,0,1,holiday,1.3,6000,CASH,10000,4000,1
TRX-251225-03583,2025-12-25,15:32:00,2025-12-25 15:32:00,3,Thursday,12,0,1,holiday,1.3,110700,CASH,115000,4300,2
TRX-251225-03584,2025-12-25,15:30:00,2025-12-25 15:30:00,3,Thursday,12,0,1,holiday,1.3,21000,CASH,25000,4000,4
TRX-251225-03585,2025-12-25,10:12:00,2025-12-25 10:12:00,3,Thursday,12,0,1,holiday,1.3,51000,QRIS,51000,0,2
TRX-251225-03586,2025-12-25,21:29:00,2025-12-25 21:29:00,3,Thursday,12,0,1,holiday,1.3,36000,CASH,40000,4000,2
TRX-251225-03587,2025-12-25,11:07:00,2025-12-25 11:07:00,3,Thursday,12,0,1,holiday,1.3,28500,QRIS,28500,0,2
TRX-251225-03588,2025-12-25,08:06:00,2025-12-25 08:06:00,3,Thursday,12,0,1,holiday,1.3,12700,CASH,15000,2300,4
TRX-251225-03589,2025-12-25,11:32:00,2025-12-25 11:32:00,3,Thursday,12,0,1,holiday,1.3,23250,CASH,25000,1750,3
TRX-251225-03590,2025-12-25,07:42:00,2025-12-25 07:42:00,3,Thursday,12,0,1,holiday,1.3,12000,CASH,15000,3000,1
TRX-251225-03591,2025-12-25,17:27:00,2025-12-25 17:27:00,3,Thursday,12,0,1,holiday,1.3,3000,CASH,5000,2000,1
TRX-251225-03592,2025-12-25,14:13:00,2025-12-25 14:13:00,3,Thursday,12,0,1,holiday,1.3,18000,CASH,20000,2000,3
TRX-251225-03593,2025-12-25,21:19:00,2025-12-25 21:19:00,3,Thursday,12,0,1,holiday,1.3,92000,QRIS,92000,0,2
TRX-251225-03594,2025-12-25,08:18:00,2025-12-25 08:18:00,3,Thursday,12,0,1,holiday,1.3,21000,CASH,25000,4000,2
TRX-251225-03595,2025-12-25,19:59:00,2025-12-25 19:59:00,3,Thursday,12,0,1,holiday,1.3,58000,CASH,60000,2000,3
TRX-251225-03596,2025-12-25,09:44:00,2025-12-25 09:44:00,3,Thursday,12,0,1,holiday,1.3,16000,CASH,20000,4000,3
TRX-251225-03597,2025-12-25,17:29:00,2025-12-25 17:29:00,3,Thursday,12,0,1,holiday,1.3,6000,CASH,10000,4000,2
TRX-251225-03598,2025-12-25,14:04:00,2025-12-25 14:04:00,3,Thursday,12,0,1,holiday,1.3,15000,CASH,20000,5000,1
TRX-251226-03599,2025-12-26,14:42:00,2025-12-26 14:42:00,4,Friday,12,0,1,holiday,1.3,6000,CASH,10000,4000,2
TRX-251226-03600,2025-12-26,07:35:00,2025-12-26 07:35:00,4,Friday,12,0,1,holiday,1.3,50500,CASH,55000,4500,3
TRX-251226-03601,2025-12-26,13:09:00,2025-12-26 13:09:00,4,Friday,12,0,1,holiday,1.3,9000,CASH,10000,1000,2
TRX-251226-03602,2025-12-26,08:27:00,2025-12-26 08:27:00,4,Friday,12,0,1,holiday,1.3,45000,CASH,50000,5000,3
TRX-251226-03603,2025-12-26,21:17:00,2025-12-26 21:17:00,4,Friday,12,0,1,holiday,1.3,26000,CASH,30000,4000,3
TRX-251226-03604,2025-12-26,17:08:00,2025-12-26 17:08:00,4,Friday,12,0,1,holiday,1.3,3500,CASH,5000,1500,2
TRX-251226-03605,2025-12-26,16:30:00,2025-12-26 16:30:00,4,Friday,12,0,1,holiday,1.3,32000,CASH,35000,3000,5
TRX-251226-03606,2025-12-26,13:04:00,2025-12-26 13:04:00,4,Friday,12,0,1,holiday,1.3,20000,QRIS,20000,0,3
TRX-251226-03607,2025-12-26,17:57:00,2025-12-26 17:57:00,4,Friday,12,0,1,holiday,1.3,12500,CASH,15000,2500,2
TRX-251226-03608,2025-12-26,11:14:00,2025-12-26 11:14:00,4,Friday,12,0,1,holiday,1.3,132000,QRIS,132000,0,2
TRX-251226-03609,2025-12-26,14:10:00,2025-12-26 14:10:00,4,Friday,12,0,1,holiday,1.3,12000,CASH,15000,3000,2
TRX-251226-03610,2025-12-26,18:31:00,2025-12-26 18:31:00,4,Friday,12,0,1,holiday,1.3,24000,CASH,25000,1000,3
TRX-251226-03611,2025-12-26,17:14:00,2025-12-26 17:14:00,4,Friday,12,0,1,holiday,1.3,5000,CASH,10000,5000,2
TRX-251226-03612,2025-12-26,20:19:00,2025-12-26 20:19:00,4,Friday,12,0,1,holiday,1.3,25000,CASH,30000,5000,2
TRX-251226-03613,2025-12-26,11:54:00,2025-12-26 11:54:00,4,Friday,12,0,1,holiday,1.3,27000,QRIS,27000,0,1
TRX-251226-03614,2025-12-26,13:00:00,2025-12-26 13:00:00,4,Friday,12,0,1,holiday,1.3,4000,CASH,5000,1000,2
TRX-251226-03615,2025-12-26,17:37:00,2025-12-26 17:37:00,4,Friday,12,0,1,holiday,1.3,24000,QRIS,24000,0,2
TRX-251226-03616,2025-12-26,14:13:00,2025-12-26 14:13:00,4,Friday,12,0,1,holiday,1.3,175000,CASH,180000,5000,3
TRX-251227-03617,2025-12-27,10:45:00,2025-12-27 10:45:00,5,Saturday,12,1,1,holiday,1.3,37000,CASH,40000,3000,3
TRX-251227-03618,2025-12-27,16:04:00,2025-12-27 16:04:00,5,Saturday,12,1,1,holiday,1.3,21000,CASH,25000,4000,3
TRX-251227-03619,2025-12-27,13:18:00,2025-12-27 13:18:00,5,Saturday,12,1,1,holiday,1.3,9000,QRIS,9000,0,2
TRX-251227-03620,2025-12-27,17:16:00,2025-12-27 17:16:00,5,Saturday,12,1,1,holiday,1.3,100500,CASH,105000,4500,2
TRX-251227-03621,2025-12-27,14:10:00,2025-12-27 14:10:00,5,Saturday,12,1,1,holiday,1.3,83000,CASH,85000,2000,4
TRX-251227-03622,2025-12-27,07:06:00,2025-12-27 07:06:00,5,Saturday,12,1,1,holiday,1.3,21500,CASH,25000,3500,2
TRX-251227-03623,2025-12-27,17:07:00,2025-12-27 17:07:00,5,Saturday,12,1,1,holiday,1.3,20000,CASH,25000,5000,3
TRX-251227-03624,2025-12-27,08:10:00,2025-12-27 08:10:00,5,Saturday,12,1,1,holiday,1.3,6000,EWALLET,6000,0,1
TRX-251227-03625,2025-12-27,12:39:00,2025-12-27 12:39:00,5,Saturday,12,1,1,holiday,1.3,35000,CASH,40000,5000,3
TRX-251227-03626,2025-12-27,20:22:00,2025-12-27 20:22:00,5,Saturday,12,1,1,holiday,1.3,90000,CASH,95000,5000,2
TRX-251227-03627,2025-12-27,08:25:00,2025-12-27 08:25:00,5,Saturday,12,1,1,holiday,1.3,12000,CASH,15000,3000,2
TRX-251227-03628,2025-12-27,09:08:00,2025-12-27 09:08:00,5,Saturday,12,1,1,holiday,1.3,7000,CASH,10000,3000,2
TRX-251227-03629,2025-12-27,21:51:00,2025-12-27 21:51:00,5,Saturday,12,1,1,holiday,1.3,1900,CASH,5000,3100,1
TRX-251227-03630,2025-12-27,14:39:00,2025-12-27 14:39:00,5,Saturday,12,1,1,holiday,1.3,81000,CASH,85000,4000,4
TRX-251227-03631,2025-12-27,14:53:00,2025-12-27 14:53:00,5,Saturday,12,1,1,holiday,1.3,27000,CASH,30000,3000,3
TRX-251227-03632,2025-12-27,16:20:00,2025-12-27 16:20:00,5,Saturday,12,1,1,holiday,1.3,16000,CASH,20000,4000,3
TRX-251227-03633,2025-12-27,11:21:00,2025-12-27 11:21:00,5,Saturday,12,1,1,holiday,1.3,38000,CASH,40000,2000,3
TRX-251227-03634,2025-12-27,08:39:00,2025-12-27 08:39:00,5,Saturday,12,1,1,holiday,1.3,23000,QRIS,23000,0,2
TRX-251227-03635,2025-12-27,07:20:00,2025-12-27 07:20:00,5,Saturday,12,1,1,holiday,1.3,8500,CASH,10000,1500,2
TRX-251227-03636,2025-12-27,13:00:00,2025-12-27 13:00:00,5,Saturday,12,1,1,holiday,1.3,66500,CASH,70000,3500,4
TRX-251227-03637,2025-12-27,21:44:00,2025-12-27 21:44:00,5,Saturday,12,1,1,holiday,1.3,9000,EWALLET,9000,0,2
TRX-251227-03638,2025-12-27,17:47:00,2025-12-27 17:47:00,5,Saturday,12,1,1,holiday,1.3,76400,QRIS,76400,0,4
TRX-251227-03639,2025-12-27,15:26:00,2025-12-27 15:26:00,5,Saturday,12,1,1,holiday,1.3,10000,CASH,15000,5000,2
TRX-251227-03640,2025-12-27,10:19:00,2025-12-27 10:19:00,5,Saturday,12,1,1,holiday,1.3,7000,CASH,10000,3000,2
TRX-251227-03641,2025-12-27,13:10:00,2025-12-27 13:10:00,5,Saturday,12,1,1,holiday,1.3,27000,CASH,30000,3000,1
TRX-251227-03642,2025-12-27,14:15:00,2025-12-27 14:15:00,5,Saturday,12,1,1,holiday,1.3,109750,CASH,110000,250,4
TRX-251227-03643,2025-12-27,15:02:00,2025-12-27 15:02:00,5,Saturday,12,1,1,holiday,1.3,30000,QRIS,30000,0,5
TRX-251227-03644,2025-12-27,12:54:00,2025-12-27 12:54:00,5,Saturday,12,1,1,holiday,1.3,4000,CASH,5000,1000,1
TRX-251227-03645,2025-12-27,18:47:00,2025-12-27 18:47:00,5,Saturday,12,1,1,holiday,1.3,15000,QRIS,15000,0,3
TRX-251227-03646,2025-12-27,20:05:00,2025-12-27 20:05:00,5,Saturday,12,1,1,holiday,1.3,39000,CASH,40000,1000,2
TRX-251227-03647,2025-12-27,17:18:00,2025-12-27 17:18:00,5,Saturday,12,1,1,holiday,1.3,3000,CASH,5000,2000,1
TRX-251227-03648,2025-12-27,19:31:00,2025-12-27 19:31:00,5,Saturday,12,1,1,holiday,1.3,78000,CASH,80000,2000,3
TRX-251227-03649,2025-12-27,18:51:00,2025-12-27 18:51:00,5,Saturday,12,1,1,holiday,1.3,3000,CASH,5000,2000,1
TRX-251227-03650,2025-12-27,16:27:00,2025-12-27 16:27:00,5,Saturday,12,1,1,holiday,1.3,51000,CASH,55000,4000,2
TRX-251227-03651,2025-12-27,19:07:00,2025-12-27 19:07:00,5,Saturday,12,1,1,holiday,1.3,39000,QRIS,39000,0,4
TRX-251228-03652,2025-12-28,13:32:00,2025-12-28 13:32:00,6,Sunday,12,1,1,normal,1.0,5000,QRIS,5000,0,1
TRX-251228-03653,2025-12-28,17:50:00,2025-12-28 17:50:00,6,Sunday,12,1,1,normal,1.0,48000,CASH,50000,2000,2
TRX-251228-03654,2025-12-28,17:01:00,2025-12-28 17:01:00,6,Sunday,12,1,1,normal,1.0,5000,CASH,10000,5000,1
TRX-251228-03655,2025-12-28,16:20:00,2025-12-28 16:20:00,6,Sunday,12,1,1,normal,1.0,12000,CASH,15000,3000,2
TRX-251228-03656,2025-12-28,17:49:00,2025-12-28 17:49:00,6,Sunday,12,1,1,normal,1.0,24000,QRIS,24000,0,3
TRX-251228-03657,2025-12-28,10:57:00,2025-12-28 10:57:00,6,Sunday,12,1,1,normal,1.0,66000,CASH,70000,4000,4
TRX-251228-03658,2025-12-28,13:00:00,2025-12-28 13:00:00,6,Sunday,12,1,1,normal,1.0,62000,QRIS,62000,0,4
TRX-251228-03659,2025-12-28,16:49:00,2025-12-28 16:49:00,6,Sunday,12,1,1,normal,1.0,18000,CASH,20000,2000,2
TRX-251228-03660,2025-12-28,17:46:00,2025-12-28 17:46:00,6,Sunday,12,1,1,normal,1.0,89000,CASH,90000,1000,4
TRX-251228-03661,2025-12-28,12:58:00,2025-12-28 12:58:00,6,Sunday,12,1,1,normal,1.0,11500,CASH,15000,3500,2
TRX-251228-03662,2025-12-28,13:38:00,2025-12-28 13:38:00,6,Sunday,12,1,1,normal,1.0,30000,CASH,35000,5000,2
TRX-251228-03663,2025-12-28,18:43:00,2025-12-28 18:43:00,6,Sunday,12,1,1,normal,1.0,34000,CASH,35000,1000,3
TRX-251228-03664,2025-12-28,16:00:00,2025-12-28 16:00:00,6,Sunday,12,1,1,normal,1.0,21850,CASH,25000,3150,4
TRX-251228-03665,2025-12-28,21:58:00,2025-12-28 21:58:00,6,Sunday,12,1,1,normal,1.0,10800,QRIS,10800,0,1
TRX-251228-03666,2025-12-28,21:13:00,2025-12-28 21:13:00,6,Sunday,12,1,1,normal,1.0,79000,CASH,80000,1000,3
TRX-251228-03667,2025-12-28,19:17:00,2025-12-28 19:17:00,6,Sunday,12,1,1,normal,1.0,4500,CASH,5000,500,1
TRX-251228-03668,2025-12-28,14:39:00,2025-12-28 14:39:00,6,Sunday,12,1,1,normal,1.0,121000,CASH,125000,4000,3
TRX-251228-03669,2025-12-28,18:16:00,2025-12-28 18:16:00,6,Sunday,12,1,1,normal,1.0,50550,CASH,55000,4450,5
TRX-251228-03670,2025-12-28,08:43:00,2025-12-28 08:43:00,6,Sunday,12,1,1,normal,1.0,80000,CASH,85000,5000,5
TRX-251228-03671,2025-12-28,11:44:00,2025-12-28 11:44:00,6,Sunday,12,1,1,normal,1.0,82500,CASH,85000,2500,2
TRX-251228-03672,2025-12-28,13:13:00,2025-12-28 13:13:00,6,Sunday,12,1,1,normal,1.0,6000,CASH,10000,4000,1
TRX-251228-03673,2025-12-28,13:02:00,2025-12-28 13:02:00,6,Sunday,12,1,1,normal,1.0,32000,CASH,35000,3000,2
TRX-251228-03674,2025-12-28,15:04:00,2025-12-28 15:04:00,6,Sunday,12,1,1,normal,1.0,109800,CASH,110000,200,2
TRX-251228-03675,2025-12-28,20:34:00,2025-12-28 20:34:00,6,Sunday,12,1,1,normal,1.0,85500,CASH,90000,4500,3
TRX-251228-03676,2025-12-28,11:48:00,2025-12-28 11:48:00,6,Sunday,12,1,1,normal,1.0,17000,QRIS,17000,0,2
TRX-251228-03677,2025-12-28,15:46:00,2025-12-28 15:46:00,6,Sunday,12,1,1,normal,1.0,82500,CASH,85000,2500,4
TRX-251228-03678,2025-12-28,12:10:00,2025-12-28 12:10:00,6,Sunday,12,1,1,normal,1.0,86000,CASH,90000,4000,2
TRX-251228-03679,2025-12-28,18:11:00,2025-12-28 18:11:00,6,Sunday,12,1,1,normal,1.0,1500,CASH,5000,3500,1
TRX-251228-03680,2025-12-28,17:22:00,2025-12-28 17:22:00,6,Sunday,12,1,1,normal,1.0,10500,CASH,15000,4500,2
TRX-251228-03681,2025-12-28,12:33:00,2025-12-28 12:33:00,6,Sunday,12,1,1,normal,1.0,12000,CASH,15000,3000,1
TRX-251228-03682,2025-12-28,16:03:00,2025-12-28 16:03:00,6,Sunday,12,1,1,normal,1.0,5000,CASH,10000,5000,2
TRX-251228-03683,2025-12-28,10:01:00,2025-12-28 10:01:00,6,Sunday,12,1,1,normal,1.0,33000,CASH,35000,2000,2
TRX-251229-03684,2025-12-29,13:27:00,2025-12-29 13:27:00,0,Monday,12,0,1,normal,1.0,51500,CASH,55000,3500,4
TRX-251229-03685,2025-12-29,12:44:00,2025-12-29 12:44:00,0,Monday,12,0,1,normal,1.0,123000,QRIS,123000,0,2
TRX-251229-03686,2025-12-29,19:14:00,2025-12-29 19:14:00,0,Monday,12,0,1,normal,1.0,24000,CASH,25000,1000,5
TRX-251229-03687,2025-12-29,13:15:00,2025-12-29 13:15:00,0,Monday,12,0,1,normal,1.0,6000,CASH,10000,4000,2
TRX-251229-03688,2025-12-29,09:29:00,2025-12-29 09:29:00,0,Monday,12,0,1,normal,1.0,25000,CASH,30000,5000,2
TRX-251229-03689,2025-12-29,18:23:00,2025-12-29 18:23:00,0,Monday,12,0,1,normal,1.0,9000,CASH,10000,1000,1
TRX-251229-03690,2025-12-29,16:15:00,2025-12-29 16:15:00,0,Monday,12,0,1,normal,1.0,99000,CASH,100000,1000,3
TRX-251229-03691,2025-12-29,08:41:00,2025-12-29 08:41:00,0,Monday,12,0,1,normal,1.0,129000,CASH,130000,1000,5
TRX-251229-03692,2025-12-29,16:43:00,2025-12-29 16:43:00,0,Monday,12,0,1,normal,1.0,13000,QRIS,13000,0,2
TRX-251229-03693,2025-12-29,15:58:00,2025-12-29 15:58:00,0,Monday,12,0,1,normal,1.0,47500,CASH,50000,2500,5
TRX-251229-03694,2025-12-29,10:12:00,2025-12-29 10:12:00,0,Monday,12,0,1,normal,1.0,66000,CASH,70000,4000,2
TRX-251229-03695,2025-12-29,15:58:00,2025-12-29 15:58:00,0,Monday,12,0,1,normal,1.0,38000,CASH,40000,2000,4
TRX-251229-03696,2025-12-29,13:08:00,2025-12-29 13:08:00,0,Monday,12,0,1,normal,1.0,31000,CASH,35000,4000,3
TRX-251229-03697,2025-12-29,16:35:00,2025-12-29 16:35:00,0,Monday,12,0,1,normal,1.0,46000,QRIS,46000,0,3
TRX-251229-03698,2025-12-29,14:08:00,2025-12-29 14:08:00,0,Monday,12,0,1,normal,1.0,86925,EWALLET,86925,0,3
TRX-251229-03699,2025-12-29,21:27:00,2025-12-29 21:27:00,0,Monday,12,0,1,normal,1.0,15000,CASH,20000,5000,2
TRX-251229-03700,2025-12-29,08:37:00,2025-12-29 08:37:00,0,Monday,12,0,1,normal,1.0,12000,CASH,15000,3000,2
TRX-251229-03701,2025-12-29,10:29:00,2025-12-29 10:29:00,0,Monday,12,0,1,normal,1.0,18000,CASH,20000,2000,1
TRX-251229-03702,2025-12-29,19:16:00,2025-12-29 19:16:00,0,Monday,12,0,1,normal,1.0,33000,CASH,35000,2000,3
TRX-251229-03703,2025-12-29,12:31:00,2025-12-29 12:31:00,0,Monday,12,0,1,normal,1.0,28000,CASH,30000,2000,2
TRX-251229-03704,2025-12-29,10:51:00,2025-12-29 10:51:00,0,Monday,12,0,1,normal,1.0,51500,CASH,55000,3500,4
TRX-251229-03705,2025-12-29,17:41:00,2025-12-29 17:41:00,0,Monday,12,0,1,normal,1.0,36000,CASH,40000,4000,1
TRX-251229-03706,2025-12-29,14:42:00,2025-12-29 14:42:00,0,Monday,12,0,1,normal,1.0,33000,QRIS,33000,0,3
TRX-251229-03707,2025-12-29,16:08:00,2025-12-29 16:08:00,0,Monday,12,0,1,normal,1.0,14000,EWALLET,14000,0,2
TRX-251229-03708,2025-12-29,11:52:00,2025-12-29 11:52:00,0,Monday,12,0,1,normal,1.0,237700,CASH,240000,2300,4
TRX-251229-03709,2025-12-29,17:10:00,2025-12-29 17:10:00,0,Monday,12,0,1,normal,1.0,46650,CASH,50000,3350,3
TRX-251229-03710,2025-12-29,10:08:00,2025-12-29 10:08:00,0,Monday,12,0,1,normal,1.0,67500,TRANSFER,67500,0,3
TRX-251230-03711,2025-12-30,11:34:00,2025-12-30 11:34:00,1,Tuesday,12,0,1,holiday,1.3,10000,QRIS,10000,0,1
TRX-251230-03712,2025-12-30,06:15:00,2025-12-30 06:15:00,1,Tuesday,12,0,1,holiday,1.3,5000,CASH,10000,5000,1
TRX-251230-03713,2025-12-30,12:33:00,2025-12-30 12:33:00,1,Tuesday,12,0,1,holiday,1.3,13000,CASH,15000,2000,2
TRX-251230-03714,2025-12-30,07:54:00,2025-12-30 07:54:00,1,Tuesday,12,0,1,holiday,1.3,46000,TRANSFER,46000,0,3
TRX-251230-03715,2025-12-30,10:22:00,2025-12-30 10:22:00,1,Tuesday,12,0,1,holiday,1.3,132000,CASH,135000,3000,4
TRX-251230-03716,2025-12-30,18:09:00,2025-12-30 18:09:00,1,Tuesday,12,0,1,holiday,1.3,17000,CASH,20000,3000,3
TRX-251230-03717,2025-12-30,14:41:00,2025-12-30 14:41:00,1,Tuesday,12,0,1,holiday,1.3,42000,CASH,45000,3000,3
TRX-251230-03718,2025-12-30,12:09:00,2025-12-30 12:09:00,1,Tuesday,12,0,1,holiday,1.3,22800,QRIS,22800,0,2
TRX-251230-03719,2025-12-30,20:35:00,2025-12-30 20:35:00,1,Tuesday,12,0,1,holiday,1.3,48000,CASH,50000,2000,2
TRX-251230-03720,2025-12-30,07:50:00,2025-12-30 07:50:00,1,Tuesday,12,0,1,holiday,1.3,21500,CASH,25000,3500,4
TRX-251230-03721,2025-12-30,10:54:00,2025-12-30 10:54:00,1,Tuesday,12,0,1,holiday,1.3,84000,CASH,85000,1000,2
TRX-251230-03722,2025-12-30,11:33:00,2025-12-30 11:33:00,1,Tuesday,12,0,1,holiday,1.3,64000,CASH,65000,1000,2
TRX-251230-03723,2025-12-30,19:33:00,2025-12-30 19:33:00,1,Tuesday,12,0,1,holiday,1.3,149000,EWALLET,149000,0,5
TRX-251230-03724,2025-12-30,16:20:00,2025-12-30 16:20:00,1,Tuesday,12,0,1,holiday,1.3,24000,CASH,25000,1000,1
TRX-251230-03725,2025-12-30,19:48:00,2025-12-30 19:48:00,1,Tuesday,12,0,1,holiday,1.3,25900,CASH,30000,4100,2
TRX-251230-03726,2025-12-30,11:41:00,2025-12-30 11:41:00,1,Tuesday,12,0,1,holiday,1.3,13900,CASH,15000,1100,3
TRX-251230-03727,2025-12-30,20:22:00,2025-12-30 20:22:00,1,Tuesday,12,0,1,holiday,1.3,36000,CASH,40000,4000,1
TRX-251230-03728,2025-12-30,11:17:00,2025-12-30 11:17:00,1,Tuesday,12,0,1,holiday,1.3,29000,CASH,30000,1000,4
TRX-251230-03729,2025-12-30,14:21:00,2025-12-30 14:21:00,1,Tuesday,12,0,1,holiday,1.3,14000,TRANSFER,14000,0,2
TRX-251230-03730,2025-12-30,18:15:00,2025-12-30 18:15:00,1,Tuesday,12,0,1,holiday,1.3,51000,CASH,55000,4000,2
TRX-251230-03731,2025-12-30,16:10:00,2025-12-30 16:10:00,1,Tuesday,12,0,1,holiday,1.3,19000,CASH,20000,1000,2
TRX-251230-03732,2025-12-30,21:49:00,2025-12-30 21:49:00,1,Tuesday,12,0,1,holiday,1.3,7000,CASH,10000,3000,3
TRX-251230-03733,2025-12-30,12:34:00,2025-12-30 12:34:00,1,Tuesday,12,0,1,holiday,1.3,81000,CASH,85000,4000,2
TRX-251230-03734,2025-12-30,11:32:00,2025-12-30 11:32:00,1,Tuesday,12,0,1,holiday,1.3,26000,CASH,30000,4000,2
TRX-251230-03735,2025-12-30,10:28:00,2025-12-30 10:28:00,1,Tuesday,12,0,1,holiday,1.3,50000,EWALLET,50000,0,3
TRX-251230-03736,2025-12-30,11:47:00,2025-12-30 11:47:00,1,Tuesday,12,0,1,holiday,1.3,10000,CASH,15000,5000,2
TRX-251230-03737,2025-12-30,15:41:00,2025-12-30 15:41:00,1,Tuesday,12,0,1,holiday,1.3,108000,CASH,110000,2000,1
TRX-251230-03738,2025-12-30,11:36:00,2025-12-30 11:36:00,1,Tuesday,12,0,1,holiday,1.3,84000,CASH,85000,1000,2
TRX-251230-03739,2025-12-30,15:39:00,2025-12-30 15:39:00,1,Tuesday,12,0,1,holiday,1.3,6000,CASH,10000,4000,2
TRX-251231-03740,2025-12-31,20:12:00,2025-12-31 20:12:00,2,Wednesday,12,0,1,holiday,1.3,85000,EWALLET,85000,0,2
TRX-251231-03741,2025-12-31,21:14:00,2025-12-31 21:14:00,2,Wednesday,12,0,1,holiday,1.3,32000,CASH,35000,3000,2
TRX-251231-03742,2025-12-31,13:37:00,2025-12-31 13:37:00,2,Wednesday,12,0,1,holiday,1.3,10000,CASH,15000,5000,2
TRX-251231-03743,2025-12-31,12:46:00,2025-12-31 12:46:00,2,Wednesday,12,0,1,holiday,1.3,90000,CASH,95000,5000,2
TRX-251231-03744,2025-12-31,19:28:00,2025-12-31 19:28:00,2,Wednesday,12,0,1,holiday,1.3,66500,CASH,70000,3500,4
TRX-251231-03745,2025-12-31,14:59:00,2025-12-31 14:59:00,2,Wednesday,12,0,1,holiday,1.3,21000,QRIS,21000,0,2
TRX-251231-03746,2025-12-31,18:40:00,2025-12-31 18:40:00,2,Wednesday,12,0,1,holiday,1.3,5000,CASH,10000,5000,2
TRX-251231-03747,2025-12-31,16:22:00,2025-12-31 16:22:00,2,Wednesday,12,0,1,holiday,1.3,15000,CASH,20000,5000,3
TRX-251231-03748,2025-12-31,20:11:00,2025-12-31 20:11:00,2,Wednesday,12,0,1,holiday,1.3,10000,TRANSFER,10000,0,2
TRX-251231-03749,2025-12-31,17:21:00,2025-12-31 17:21:00,2,Wednesday,12,0,1,holiday,1.3,2000,CASH,5000,3000,1
TRX-251231-03750,2025-12-31,09:44:00,2025-12-31 09:44:00,2,Wednesday,12,0,1,holiday,1.3,6000,CASH,10000,4000,1
TRX-251231-03751,2025-12-31,09:47:00,2025-12-31 09:47:00,2,Wednesday,12,0,1,holiday,1.3,3000,CASH,5000,2000,1
TRX-251231-03752,2025-12-31,10:18:00,2025-12-31 10:18:00,2,Wednesday,12,0,1,holiday,1.3,42000,CASH,45000,3000,2
TRX-251231-03753,2025-12-31,10:46:00,2025-12-31 10:46:00,2,Wednesday,12,0,1,holiday,1.3,69000,CASH,70000,1000,2
TRX-251231-03754,2025-12-31,11:06:00,2025-12-31 11:06:00,2,Wednesday,12,0,1,holiday,1.3,81000,CASH,85000,4000,2
TRX-251231-03755,2025-12-31,13:41:00,2025-12-31 13:41:00,2,Wednesday,12,0,1,holiday,1.3,10000,CASH,15000,5000,2
TRX-251231-03756,2025-12-31,12:40:00,2025-12-31 12:40:00,2,Wednesday,12,0,1,holiday,1.3,88000,CASH,90000,2000,3
TRX-251231-03757,2025-12-31,19:02:00,2025-12-31 19:02:00,2,Wednesday,12,0,1,holiday,1.3,16000,CASH,20000,4000,4
TRX-251231-03758,2025-12-31,07:23:00,2025-12-31 07:23:00,2,Wednesday,12,0,1,holiday,1.3,8000,CASH,10000,2000,2
TRX-251231-03759,2025-12-31,11:35:00,2025-12-31 11:35:00,2,Wednesday,12,0,1,holiday,1.3,4000,CASH,5000,1000,1
TRX-251231-03760,2025-12-31,17:19:00,2025-12-31 17:19:00,2,Wednesday,12,0,1,holiday,1.3,51000,CASH,55000,4000,3
TRX-251231-03761,2025-12-31,13:47:00,2025-12-31 13:47:00,2,Wednesday,12,0,1,holiday,1.3,45200,CASH,50000,4800,4
TRX-251231-03762,2025-12-31,17:40:00,2025-12-31 17:40:00,2,Wednesday,12,0,1,holiday,1.3,68000,QRIS,68000,0,4
TRX-251231-03763,2025-12-31,16:36:00,2025-12-31 16:36:00,2,Wednesday,12,0,1,holiday,1.3,36000,CASH,40000,4000,1
TRX-251231-03764,2025-12-31,08:54:00,2025-12-31 08:54:00,2,Wednesday,12,0,1,holiday,1.3,13000,CASH,15000,2000,2
TRX-251231-03765,2025-12-31,09:03:00,2025-12-31 09:03:00,2,Wednesday,12,0,1,holiday,1.3,23850,CASH,25000,1150,3
TRX-251231-03766,2025-12-31,11:09:00,2025-12-31 11:09:00,2,Wednesday,12,0,1,holiday,1.3,11000,CASH,15000,4000,2
TRX-251231-03767,2025-12-31,07:12:00,2025-12-31 07:12:00,2,Wednesday,12,0,1,holiday,1.3,54000,CASH,55000,1000,1
TRX-260101-03768,2026-01-01,10:03:00,2026-01-01 10:03:00,3,Thursday,1,0,1,holiday,1.3,100000,CASH,105000,5000,3
TRX-260101-03769,2026-01-01,12:37:00,2026-01-01 12:37:00,3,Thursday,1,0,1,holiday,1.3,31000,CASH,35000,4000,2
TRX-260101-03770,2026-01-01,17:57:00,2026-01-01 17:57:00,3,Thursday,1,0,1,holiday,1.3,33500,CASH,35000,1500,4
TRX-260101-03771,2026-01-01,07:31:00,2026-01-01 07:31:00,3,Thursday,1,0,1,holiday,1.3,76000,CASH,80000,4000,4
TRX-260101-03772,2026-01-01,15:45:00,2026-01-01 15:45:00,3,Thursday,1,0,1,holiday,1.3,58500,CASH,60000,1500,2
TRX-260101-03773,2026-01-01,12:38:00,2026-01-01 12:38:00,3,Thursday,1,0,1,holiday,1.3,3000,CASH,5000,2000,1
TRX-260101-03774,2026-01-01,17:12:00,2026-01-01 17:12:00,3,Thursday,1,0,1,holiday,1.3,32100,CASH,35000,2900,2
TRX-260101-03775,2026-01-01,18:18:00,2026-01-01 18:18:00,3,Thursday,1,0,1,holiday,1.3,71100,CASH,75000,3900,5
TRX-260101-03776,2026-01-01,15:14:00,2026-01-01 15:14:00,3,Thursday,1,0,1,holiday,1.3,67000,CASH,70000,3000,4
TRX-260101-03777,2026-01-01,19:55:00,2026-01-01 19:55:00,3,Thursday,1,0,1,holiday,1.3,46500,CASH,50000,3500,2
TRX-260101-03778,2026-01-01,19:01:00,2026-01-01 19:01:00,3,Thursday,1,0,1,holiday,1.3,18000,CASH,20000,2000,2
TRX-260101-03779,2026-01-01,16:11:00,2026-01-01 16:11:00,3,Thursday,1,0,1,holiday,1.3,32700,CASH,35000,2300,2
TRX-260101-03780,2026-01-01,19:04:00,2026-01-01 19:04:00,3,Thursday,1,0,1,holiday,1.3,13000,CASH,15000,2000,3
TRX-260101-03781,2026-01-01,14:47:00,2026-01-01 14:47:00,3,Thursday,1,0,1,holiday,1.3,41000,CASH,45000,4000,2
TRX-260101-03782,2026-01-01,13:55:00,2026-01-01 13:55:00,3,Thursday,1,0,1,holiday,1.3,193000,QRIS,193000,0,5
TRX-260101-03783,2026-01-01,11:04:00,2026-01-01 11:04:00,3,Thursday,1,0,1,holiday,1.3,48000,CASH,50000,2000,1
TRX-260101-03784,2026-01-01,17:59:00,2026-01-01 17:59:00,3,Thursday,1,0,1,holiday,1.3,34000,CASH,35000,1000,3
TRX-260101-03785,2026-01-01,11:12:00,2026-01-01 11:12:00,3,Thursday,1,0,1,holiday,1.3,84000,EWALLET,84000,0,4
TRX-260101-03786,2026-01-01,10:04:00,2026-01-01 10:04:00,3,Thursday,1,0,1,holiday,1.3,35000,CASH,40000,5000,2
TRX-260101-03787,2026-01-01,12:15:00,2026-01-01 12:15:00,3,Thursday,1,0,1,holiday,1.3,121500,CASH,125000,3500,3
TRX-260101-03788,2026-01-01,17:17:00,2026-01-01 17:17:00,3,Thursday,1,0,1,holiday,1.3,124000,CASH,125000,1000,3
TRX-260101-03789,2026-01-01,07:42:00,2026-01-01 07:42:00,3,Thursday,1,0,1,holiday,1.3,32700,CASH,35000,2300,3
TRX-260101-03790,2026-01-01,15:19:00,2026-01-01 15:19:00,3,Thursday,1,0,1,holiday,1.3,61500,CASH,65000,3500,4
TRX-260101-03791,2026-01-01,17:51:00,2026-01-01 17:51:00,3,Thursday,1,0,1,holiday,1.3,17400,CASH,20000,2600,2
TRX-260101-03792,2026-01-01,08:04:00,2026-01-01 08:04:00,3,Thursday,1,0,1,holiday,1.3,36000,QRIS,36000,0,1
TRX-260101-03793,2026-01-01,07:22:00,2026-01-01 07:22:00,3,Thursday,1,0,1,holiday,1.3,71000,CASH,75000,4000,2
TRX-260102-03794,2026-01-02,20:22:00,2026-01-02 20:22:00,4,Friday,1,0,1,holiday,1.3,7200,TRANSFER,7200,0,1
TRX-260102-03795,2026-01-02,08:46:00,2026-01-02 08:46:00,4,Friday,1,0,1,holiday,1.3,1500,CASH,5000,3500,1
TRX-260102-03796,2026-01-02,10:24:00,2026-01-02 10:24:00,4,Friday,1,0,1,holiday,1.3,1500,CASH,5000,3500,1
TRX-260102-03797,2026-01-02,09:46:00,2026-01-02 09:46:00,4,Friday,1,0,1,holiday,1.3,6000,CASH,10000,4000,2
TRX-260102-03798,2026-01-02,12:20:00,2026-01-02 12:20:00,4,Friday,1,0,1,holiday,1.3,8000,CASH,10000,2000,1
TRX-260102-03799,2026-01-02,11:07:00,2026-01-02 11:07:00,4,Friday,1,0,1,holiday,1.3,23500,CASH,25000,1500,3
TRX-260102-03800,2026-01-02,09:59:00,2026-01-02 09:59:00,4,Friday,1,0,1,holiday,1.3,1000,CASH,5000,4000,1
TRX-260102-03801,2026-01-02,16:08:00,2026-01-02 16:08:00,4,Friday,1,0,1,holiday,1.3,4275,CASH,5000,725,2
TRX-260102-03802,2026-01-02,10:04:00,2026-01-02 10:04:00,4,Friday,1,0,1,holiday,1.3,15000,QRIS,15000,0,3
TRX-260102-03803,2026-01-02,12:45:00,2026-01-02 12:45:00,4,Friday,1,0,1,holiday,1.3,3000,CASH,5000,2000,1
TRX-260102-03804,2026-01-02,09:33:00,2026-01-02 09:33:00,4,Friday,1,0,1,holiday,1.3,55000,CASH,60000,5000,2
TRX-260102-03805,2026-01-02,10:12:00,2026-01-02 10:12:00,4,Friday,1,0,1,holiday,1.3,23000,CASH,25000,2000,2
TRX-260102-03806,2026-01-02,12:38:00,2026-01-02 12:38:00,4,Friday,1,0,1,holiday,1.3,92000,CASH,95000,3000,3
TRX-260102-03807,2026-01-02,18:12:00,2026-01-02 18:12:00,4,Friday,1,0,1,holiday,1.3,9000,CASH,10000,1000,1
TRX-260102-03808,2026-01-02,12:29:00,2026-01-02 12:29:00,4,Friday,1,0,1,holiday,1.3,240000,CASH,245000,5000,2
TRX-260102-03809,2026-01-02,08:44:00,2026-01-02 08:44:00,4,Friday,1,0,1,holiday,1.3,15100,CASH,20000,4900,4
TRX-260102-03810,2026-01-02,18:58:00,2026-01-02 18:58:00,4,Friday,1,0,1,holiday,1.3,13000,CASH,15000,2000,2
TRX-260102-03811,2026-01-02,16:58:00,2026-01-02 16:58:00,4,Friday,1,0,1,holiday,1.3,14850,EWALLET,14850,0,3
TRX-260102-03812,2026-01-02,20:30:00,2026-01-02 20:30:00,4,Friday,1,0,1,holiday,1.3,7000,CASH,10000,3000,2
TRX-260102-03813,2026-01-02,15:41:00,2026-01-02 15:41:00,4,Friday,1,0,1,holiday,1.3,24150,QRIS,24150,0,3
TRX-260102-03814,2026-01-02,10:26:00,2026-01-02 10:26:00,4,Friday,1,0,1,holiday,1.3,96000,QRIS,96000,0,3
TRX-260102-03815,2026-01-02,18:37:00,2026-01-02 18:37:00,4,Friday,1,0,1,holiday,1.3,36800,CASH,40000,3200,3
TRX-260102-03816,2026-01-02,20:28:00,2026-01-02 20:28:00,4,Friday,1,0,1,holiday,1.3,19000,CASH,20000,1000,2
TRX-260102-03817,2026-01-02,12:33:00,2026-01-02 12:33:00,4,Friday,1,0,1,holiday,1.3,27500,TRANSFER,27500,0,2
TRX-260102-03818,2026-01-02,20:49:00,2026-01-02 20:49:00,4,Friday,1,0,1,holiday,1.3,15000,EWALLET,15000,0,1
TRX-260102-03819,2026-01-02,10:52:00,2026-01-02 10:52:00,4,Friday,1,0,1,holiday,1.3,30000,QRIS,30000,0,2
TRX-260102-03820,2026-01-02,09:11:00,2026-01-02 09:11:00,4,Friday,1,0,1,holiday,1.3,83000,CASH,85000,2000,3
TRX-260102-03821,2026-01-02,18:56:00,2026-01-02 18:56:00,4,Friday,1,0,1,holiday,1.3,3500,QRIS,3500,0,2
TRX-260103-03822,2026-01-03,09:59:00,2026-01-03 09:59:00,5,Saturday,1,1,1,holiday,1.3,68000,CASH,70000,2000,1
TRX-260103-03823,2026-01-03,17:45:00,2026-01-03 17:45:00,5,Saturday,1,1,1,holiday,1.3,850,CASH,5000,4150,1
TRX-260103-03824,2026-01-03,09:55:00,2026-01-03 09:55:00,5,Saturday,1,1,1,holiday,1.3,12000,CASH,15000,3000,1
TRX-260103-03825,2026-01-03,12:38:00,2026-01-03 12:38:00,5,Saturday,1,1,1,holiday,1.3,39000,CASH,40000,1000,3
TRX-260103-03826,2026-01-03,12:19:00,2026-01-03 12:19:00,5,Saturday,1,1,1,holiday,1.3,18000,QRIS,18000,0,2
TRX-260103-03827,2026-01-03,08:41:00,2026-01-03 08:41:00,5,Saturday,1,1,1,holiday,1.3,36000,EWALLET,36000,0,1
TRX-260103-03828,2026-01-03,09:06:00,2026-01-03 09:06:00,5,Saturday,1,1,1,holiday,1.3,13600,CASH,15000,1400,1
TRX-260103-03829,2026-01-03,12:47:00,2026-01-03 12:47:00,5,Saturday,1,1,1,holiday,1.3,45000,CASH,50000,5000,4
TRX-260103-03830,2026-01-03,15:57:00,2026-01-03 15:57:00,5,Saturday,1,1,1,holiday,1.3,27000,EWALLET,27000,0,2
TRX-260103-03831,2026-01-03,09:34:00,2026-01-03 09:34:00,5,Saturday,1,1,1,holiday,1.3,15000,CASH,20000,5000,2
TRX-260103-03832,2026-01-03,16:28:00,2026-01-03 16:28:00,5,Saturday,1,1,1,holiday,1.3,76000,CASH,80000,4000,5
TRX-260103-03833,2026-01-03,06:10:00,2026-01-03 06:10:00,5,Saturday,1,1,1,holiday,1.3,16000,CASH,20000,4000,2
TRX-260103-03834,2026-01-03,20:05:00,2026-01-03 20:05:00,5,Saturday,1,1,1,holiday,1.3,7250,CASH,10000,2750,2
TRX-260103-03835,2026-01-03,19:26:00,2026-01-03 19:26:00,5,Saturday,1,1,1,holiday,1.3,15500,TRANSFER,15500,0,1
TRX-260103-03836,2026-01-03,19:28:00,2026-01-03 19:28:00,5,Saturday,1,1,1,holiday,1.3,44000,QRIS,44000,0,3
TRX-260103-03837,2026-01-03,19:40:00,2026-01-03 19:40:00,5,Saturday,1,1,1,holiday,1.3,85000,CASH,90000,5000,3
TRX-260103-03838,2026-01-03,20:24:00,2026-01-03 20:24:00,5,Saturday,1,1,1,holiday,1.3,42175,CASH,45000,2825,3
TRX-260103-03839,2026-01-03,14:57:00,2026-01-03 14:57:00,5,Saturday,1,1,1,holiday,1.3,42000,CASH,45000,3000,2
TRX-260103-03840,2026-01-03,15:50:00,2026-01-03 15:50:00,5,Saturday,1,1,1,holiday,1.3,28000,CASH,30000,2000,2
TRX-260103-03841,2026-01-03,18:58:00,2026-01-03 18:58:00,5,Saturday,1,1,1,holiday,1.3,120000,CASH,125000,5000,5
TRX-260103-03842,2026-01-03,16:09:00,2026-01-03 16:09:00,5,Saturday,1,1,1,holiday,1.3,97000,CASH,100000,3000,4
TRX-260103-03843,2026-01-03,18:21:00,2026-01-03 18:21:00,5,Saturday,1,1,1,holiday,1.3,3000,CASH,5000,2000,1
TRX-260103-03844,2026-01-03,19:40:00,2026-01-03 19:40:00,5,Saturday,1,1,1,holiday,1.3,92000,CASH,95000,3000,3
TRX-260103-03845,2026-01-03,08:22:00,2026-01-03 08:22:00,5,Saturday,1,1,1,holiday,1.3,45000,CASH,50000,5000,4
TRX-260103-03846,2026-01-03,12:34:00,2026-01-03 12:34:00,5,Saturday,1,1,1,holiday,1.3,9000,CASH,10000,1000,2
TRX-260103-03847,2026-01-03,08:55:00,2026-01-03 08:55:00,5,Saturday,1,1,1,holiday,1.3,50000,CASH,55000,5000,5
TRX-260103-03848,2026-01-03,19:53:00,2026-01-03 19:53:00,5,Saturday,1,1,1,holiday,1.3,135000,CASH,140000,5000,1
TRX-260103-03849,2026-01-03,13:21:00,2026-01-03 13:21:00,5,Saturday,1,1,1,holiday,1.3,13000,EWALLET,13000,0,2
TRX-260103-03850,2026-01-03,10:56:00,2026-01-03 10:56:00,5,Saturday,1,1,1,holiday,1.3,3000,CASH,5000,2000,1
TRX-260103-03851,2026-01-03,18:41:00,2026-01-03 18:41:00,5,Saturday,1,1,1,holiday,1.3,60900,CASH,65000,4100,4
TRX-260103-03852,2026-01-03,17:36:00,2026-01-03 17:36:00,5,Saturday,1,1,1,holiday,1.3,30000,CASH,35000,5000,2
TRX-260103-03853,2026-01-03,07:37:00,2026-01-03 07:37:00,5,Saturday,1,1,1,holiday,1.3,62500,CASH,65000,2500,2
TRX-260103-03854,2026-01-03,15:49:00,2026-01-03 15:49:00,5,Saturday,1,1,1,holiday,1.3,52500,CASH,55000,2500,3
TRX-260103-03855,2026-01-03,13:21:00,2026-01-03 13:21:00,5,Saturday,1,1,1,holiday,1.3,29500,CASH,30000,500,5
TRX-260103-03856,2026-01-03,11:17:00,2026-01-03 11:17:00,5,Saturday,1,1,1,holiday,1.3,21000,QRIS,21000,0,3
TRX-260103-03857,2026-01-03,17:40:00,2026-01-03 17:40:00,5,Saturday,1,1,1,holiday,1.3,67500,CASH,70000,2500,3
TRX-260104-03858,2026-01-04,13:07:00,2026-01-04 13:07:00,6,Sunday,1,1,1,normal,1.0,57000,QRIS,57000,0,2
TRX-260104-03859,2026-01-04,12:04:00,2026-01-04 12:04:00,6,Sunday,1,1,1,normal,1.0,15650,CASH,20000,4350,3
TRX-260104-03860,2026-01-04,14:53:00,2026-01-04 14:53:00,6,Sunday,1,1,1,normal,1.0,9000,QRIS,9000,0,1
TRX-260104-03861,2026-01-04,11:43:00,2026-01-04 11:43:00,6,Sunday,1,1,1,normal,1.0,78000,CASH,80000,2000,3
TRX-260104-03862,2026-01-04,11:36:00,2026-01-04 11:36:00,6,Sunday,1,1,1,normal,1.0,36000,CASH,40000,4000,4
TRX-260104-03863,2026-01-04,13:09:00,2026-01-04 13:09:00,6,Sunday,1,1,1,normal,1.0,78000,CASH,80000,2000,2
TRX-260104-03864,2026-01-04,07:39:00,2026-01-04 07:39:00,6,Sunday,1,1,1,normal,1.0,22000,CASH,25000,3000,2
TRX-260104-03865,2026-01-04,18:48:00,2026-01-04 18:48:00,6,Sunday,1,1,1,normal,1.0,12000,QRIS,12000,0,1
TRX-260104-03866,2026-01-04,09:04:00,2026-01-04 09:04:00,6,Sunday,1,1,1,normal,1.0,19000,QRIS,19000,0,3
TRX-260104-03867,2026-01-04,15:52:00,2026-01-04 15:52:00,6,Sunday,1,1,1,normal,1.0,15700,CASH,20000,4300,3
TRX-260104-03868,2026-01-04,20:15:00,2026-01-04 20:15:00,6,Sunday,1,1,1,normal,1.0,31000,EWALLET,31000,0,2
TRX-260104-03869,2026-01-04,11:25:00,2026-01-04 11:25:00,6,Sunday,1,1,1,normal,1.0,7000,CASH,10000,3000,2
TRX-260104-03870,2026-01-04,17:30:00,2026-01-04 17:30:00,6,Sunday,1,1,1,normal,1.0,3000,QRIS,3000,0,1
TRX-260104-03871,2026-01-04,16:08:00,2026-01-04 16:08:00,6,Sunday,1,1,1,normal,1.0,24000,QRIS,24000,0,2
TRX-260104-03872,2026-01-04,19:12:00,2026-01-04 19:12:00,6,Sunday,1,1,1,normal,1.0,18000,EWALLET,18000,0,4
TRX-260104-03873,2026-01-04,13:07:00,2026-01-04 13:07:00,6,Sunday,1,1,1,normal,1.0,9000,TRANSFER,9000,0,1
TRX-260104-03874,2026-01-04,18:48:00,2026-01-04 18:48:00,6,Sunday,1,1,1,normal,1.0,55500,QRIS,55500,0,2
TRX-260104-03875,2026-01-04,09:39:00,2026-01-04 09:39:00,6,Sunday,1,1,1,normal,1.0,22000,CASH,25000,3000,3
TRX-260104-03876,2026-01-04,19:03:00,2026-01-04 19:03:00,6,Sunday,1,1,1,normal,1.0,19750,CASH,20000,250,3
TRX-260104-03877,2026-01-04,18:38:00,2026-01-04 18:38:00,6,Sunday,1,1,1,normal,1.0,54000,TRANSFER,54000,0,4
TRX-260104-03878,2026-01-04,17:24:00,2026-01-04 17:24:00,6,Sunday,1,1,1,normal,1.0,97500,QRIS,97500,0,3
TRX-260104-03879,2026-01-04,08:44:00,2026-01-04 08:44:00,6,Sunday,1,1,1,normal,1.0,78000,CASH,80000,2000,4
TRX-260104-03880,2026-01-04,11:40:00,2026-01-04 11:40:00,6,Sunday,1,1,1,normal,1.0,45000,CASH,50000,5000,2
TRX-260104-03881,2026-01-04,21:39:00,2026-01-04 21:39:00,6,Sunday,1,1,1,normal,1.0,40700,CASH,45000,4300,3
TRX-260104-03882,2026-01-04,16:50:00,2026-01-04 16:50:00,6,Sunday,1,1,1,normal,1.0,33000,QRIS,33000,0,2
TRX-260104-03883,2026-01-04,08:57:00,2026-01-04 08:57:00,6,Sunday,1,1,1,normal,1.0,53000,CASH,55000,2000,5
TRX-260104-03884,2026-01-04,11:21:00,2026-01-04 11:21:00,6,Sunday,1,1,1,normal,1.0,35000,CASH,40000,5000,2
TRX-260104-03885,2026-01-04,09:19:00,2026-01-04 09:19:00,6,Sunday,1,1,1,normal,1.0,38000,CASH,40000,2000,3
TRX-260104-03886,2026-01-04,10:17:00,2026-01-04 10:17:00,6,Sunday,1,1,1,normal,1.0,48000,CASH,50000,2000,3
TRX-260104-03887,2026-01-04,16:28:00,2026-01-04 16:28:00,6,Sunday,1,1,1,normal,1.0,66000,CASH,70000,4000,4
TRX-260104-03888,2026-01-04,12:28:00,2026-01-04 12:28:00,6,Sunday,1,1,1,normal,1.0,51000,CASH,55000,4000,3
TRX-260104-03889,2026-01-04,07:44:00,2026-01-04 07:44:00,6,Sunday,1,1,1,normal,1.0,49000,CASH,50000,1000,5
TRX-260105-03890,2026-01-05,13:13:00,2026-01-05 13:13:00,0,Monday,1,0,1,normal,1.0,15000,CASH,20000,5000,2
TRX-260105-03891,2026-01-05,11:22:00,2026-01-05 11:22:00,0,Monday,1,0,1,normal,1.0,64800,CASH,65000,200,2
TRX-260105-03892,2026-01-05,11:41:00,2026-01-05 11:41:00,0,Monday,1,0,1,normal,1.0,12000,CASH,15000,3000,1
TRX-260105-03893,2026-01-05,10:54:00,2026-01-05 10:54:00,0,Monday,1,0,1,normal,1.0,220000,EWALLET,220000,0,3
TRX-260105-03894,2026-01-05,09:12:00,2026-01-05 09:12:00,0,Monday,1,0,1,normal,1.0,18000,CASH,20000,2000,3
TRX-260105-03895,2026-01-05,18:27:00,2026-01-05 18:27:00,0,Monday,1,0,1,normal,1.0,12000,TRANSFER,12000,0,1
TRX-260105-03896,2026-01-05,16:46:00,2026-01-05 16:46:00,0,Monday,1,0,1,normal,1.0,107000,CASH,110000,3000,4
TRX-260105-03897,2026-01-05,10:16:00,2026-01-05 10:16:00,0,Monday,1,0,1,normal,1.0,28000,TRANSFER,28000,0,4
TRX-260105-03898,2026-01-05,16:40:00,2026-01-05 16:40:00,0,Monday,1,0,1,normal,1.0,3000,CASH,5000,2000,1
TRX-260105-03899,2026-01-05,06:26:00,2026-01-05 06:26:00,0,Monday,1,0,1,normal,1.0,20000,CASH,25000,5000,2
TRX-260105-03900,2026-01-05,14:41:00,2026-01-05 14:41:00,0,Monday,1,0,1,normal,1.0,25800,CASH,30000,4200,4
TRX-260105-03901,2026-01-05,13:55:00,2026-01-05 13:55:00,0,Monday,1,0,1,normal,1.0,64000,CASH,65000,1000,3
TRX-260106-03902,2026-01-06,12:21:00,2026-01-06 12:21:00,1,Tuesday,1,0,0,normal,1.0,77500,TRANSFER,77500,0,4
TRX-260106-03903,2026-01-06,15:47:00,2026-01-06 15:47:00,1,Tuesday,1,0,0,normal,1.0,45000,CASH,50000,5000,4
TRX-260106-03904,2026-01-06,09:19:00,2026-01-06 09:19:00,1,Tuesday,1,0,0,normal,1.0,3000,CASH,5000,2000,1
TRX-260106-03905,2026-01-06,14:42:00,2026-01-06 14:42:00,1,Tuesday,1,0,0,normal,1.0,14000,CASH,15000,1000,2
TRX-260106-03906,2026-01-06,16:46:00,2026-01-06 16:46:00,1,Tuesday,1,0,0,normal,1.0,42500,QRIS,42500,0,2
TRX-260106-03907,2026-01-06,11:48:00,2026-01-06 11:48:00,1,Tuesday,1,0,0,normal,1.0,44000,CASH,45000,1000,3
TRX-260106-03908,2026-01-06,18:11:00,2026-01-06 18:11:00,1,Tuesday,1,0,0,normal,1.0,8000,CASH,10000,2000,1
TRX-260106-03909,2026-01-06,07:54:00,2026-01-06 07:54:00,1,Tuesday,1,0,0,normal,1.0,57000,CASH,60000,3000,2
TRX-260106-03910,2026-01-06,12:47:00,2026-01-06 12:47:00,1,Tuesday,1,0,0,normal,1.0,13500,CASH,15000,1500,2
TRX-260106-03911,2026-01-06,09:25:00,2026-01-06 09:25:00,1,Tuesday,1,0,0,normal,1.0,14000,CASH,15000,1000,3
TRX-260106-03912,2026-01-06,16:45:00,2026-01-06 16:45:00,1,Tuesday,1,0,0,normal,1.0,6000,CASH,10000,4000,2
TRX-260106-03913,2026-01-06,13:03:00,2026-01-06 13:03:00,1,Tuesday,1,0,0,normal,1.0,64000,CASH,65000,1000,3
TRX-260106-03914,2026-01-06,09:44:00,2026-01-06 09:44:00,1,Tuesday,1,0,0,normal,1.0,36000,CASH,40000,4000,2
TRX-260106-03915,2026-01-06,10:07:00,2026-01-06 10:07:00,1,Tuesday,1,0,0,normal,1.0,55000,EWALLET,55000,0,2
TRX-260106-03916,2026-01-06,11:56:00,2026-01-06 11:56:00,1,Tuesday,1,0,0,normal,1.0,9500,CASH,10000,500,2
TRX-260106-03917,2026-01-06,17:07:00,2026-01-06 17:07:00,1,Tuesday,1,0,0,normal,1.0,28500,CASH,30000,1500,2
TRX-260107-03918,2026-01-07,06:25:00,2026-01-07 06:25:00,2,Wednesday,1,0,0,normal,1.0,8000,CASH,10000,2000,2
TRX-260107-03919,2026-01-07,17:47:00,2026-01-07 17:47:00,2,Wednesday,1,0,0,normal,1.0,25200,CASH,30000,4800,3
TRX-260107-03920,2026-01-07,08:52:00,2026-01-07 08:52:00,2,Wednesday,1,0,0,normal,1.0,210000,CASH,215000,5000,4
TRX-260107-03921,2026-01-07,12:03:00,2026-01-07 12:03:00,2,Wednesday,1,0,0,normal,1.0,60000,EWALLET,60000,0,2
TRX-260107-03922,2026-01-07,14:47:00,2026-01-07 14:47:00,2,Wednesday,1,0,0,normal,1.0,14000,QRIS,14000,0,2
TRX-260107-03923,2026-01-07,11:44:00,2026-01-07 11:44:00,2,Wednesday,1,0,0,normal,1.0,5000,CASH,10000,5000,1
TRX-260107-03924,2026-01-07,08:33:00,2026-01-07 08:33:00,2,Wednesday,1,0,0,normal,1.0,40000,CASH,45000,5000,4
TRX-260107-03925,2026-01-07,18:46:00,2026-01-07 18:46:00,2,Wednesday,1,0,0,normal,1.0,61000,QRIS,61000,0,2
TRX-260107-03926,2026-01-07,20:01:00,2026-01-07 20:01:00,2,Wednesday,1,0,0,normal,1.0,39000,CASH,40000,1000,5
TRX-260107-03927,2026-01-07,16:40:00,2026-01-07 16:40:00,2,Wednesday,1,0,0,normal,1.0,9000,CASH,10000,1000,2
TRX-260107-03928,2026-01-07,12:58:00,2026-01-07 12:58:00,2,Wednesday,1,0,0,normal,1.0,16400,CASH,20000,3600,2
TRX-260107-03929,2026-01-07,07:04:00,2026-01-07 07:04:00,2,Wednesday,1,0,0,normal,1.0,4000,CASH,5000,1000,1
TRX-260107-03930,2026-01-07,11:45:00,2026-01-07 11:45:00,2,Wednesday,1,0,0,normal,1.0,3000,CASH,5000,2000,1
TRX-260107-03931,2026-01-07,12:39:00,2026-01-07 12:39:00,2,Wednesday,1,0,0,normal,1.0,4500,CASH,5000,500,2
TRX-260107-03932,2026-01-07,15:24:00,2026-01-07 15:24:00,2,Wednesday,1,0,0,normal,1.0,12000,CASH,15000,3000,3
TRX-260107-03933,2026-01-07,16:49:00,2026-01-07 16:49:00,2,Wednesday,1,0,0,normal,1.0,65850,CASH,70000,4150,5
TRX-260107-03934,2026-01-07,11:50:00,2026-01-07 11:50:00,2,Wednesday,1,0,0,normal,1.0,10000,QRIS,10000,0,2
TRX-260107-03935,2026-01-07,11:37:00,2026-01-07 11:37:00,2,Wednesday,1,0,0,normal,1.0,23000,CASH,25000,2000,3
TRX-260108-03936,2026-01-08,10:50:00,2026-01-08 10:50:00,3,Thursday,1,0,0,normal,1.0,19500,CASH,20000,500,3
TRX-260108-03937,2026-01-08,12:59:00,2026-01-08 12:59:00,3,Thursday,1,0,0,normal,1.0,90000,CASH,95000,5000,2
TRX-260108-03938,2026-01-08,18:28:00,2026-01-08 18:28:00,3,Thursday,1,0,0,normal,1.0,49000,CASH,50000,1000,5
TRX-260108-03939,2026-01-08,07:18:00,2026-01-08 07:18:00,3,Thursday,1,0,0,normal,1.0,27700,CASH,30000,2300,4
TRX-260108-03940,2026-01-08,17:20:00,2026-01-08 17:20:00,3,Thursday,1,0,0,normal,1.0,33000,CASH,35000,2000,3
TRX-260108-03941,2026-01-08,15:47:00,2026-01-08 15:47:00,3,Thursday,1,0,0,normal,1.0,49000,CASH,50000,1000,4
TRX-260108-03942,2026-01-08,09:29:00,2026-01-08 09:29:00,3,Thursday,1,0,0,normal,1.0,72000,CASH,75000,3000,4
TRX-260108-03943,2026-01-08,16:49:00,2026-01-08 16:49:00,3,Thursday,1,0,0,normal,1.0,18000,CASH,20000,2000,2
TRX-260108-03944,2026-01-08,15:58:00,2026-01-08 15:58:00,3,Thursday,1,0,0,normal,1.0,46000,CASH,50000,4000,2
TRX-260109-03945,2026-01-09,13:21:00,2026-01-09 13:21:00,4,Friday,1,0,0,normal,1.0,9000,CASH,10000,1000,1
TRX-260109-03946,2026-01-09,20:04:00,2026-01-09 20:04:00,4,Friday,1,0,0,normal,1.0,28000,CASH,30000,2000,2
TRX-260109-03947,2026-01-09,10:35:00,2026-01-09 10:35:00,4,Friday,1,0,0,normal,1.0,5500,TRANSFER,5500,0,2
TRX-260109-03948,2026-01-09,16:55:00,2026-01-09 16:55:00,4,Friday,1,0,0,normal,1.0,83000,CASH,85000,2000,5
TRX-260109-03949,2026-01-09,18:07:00,2026-01-09 18:07:00,4,Friday,1,0,0,normal,1.0,30000,CASH,35000,5000,2
TRX-260109-03950,2026-01-09,06:37:00,2026-01-09 06:37:00,4,Friday,1,0,0,normal,1.0,28000,CASH,30000,2000,2
TRX-260109-03951,2026-01-09,16:42:00,2026-01-09 16:42:00,4,Friday,1,0,0,normal,1.0,72000,CASH,75000,3000,4
TRX-260109-03952,2026-01-09,18:14:00,2026-01-09 18:14:00,4,Friday,1,0,0,normal,1.0,39000,CASH,40000,1000,2
TRX-260109-03953,2026-01-09,18:47:00,2026-01-09 18:47:00,4,Friday,1,0,0,normal,1.0,28500,CASH,30000,1500,4
TRX-260109-03954,2026-01-09,21:53:00,2026-01-09 21:53:00,4,Friday,1,0,0,normal,1.0,15000,CASH,20000,5000,2
TRX-260109-03955,2026-01-09,18:01:00,2026-01-09 18:01:00,4,Friday,1,0,0,normal,1.0,98500,CASH,100000,1500,3
TRX-260109-03956,2026-01-09,09:23:00,2026-01-09 09:23:00,4,Friday,1,0,0,normal,1.0,14000,CASH,15000,1000,3
TRX-260109-03957,2026-01-09,10:20:00,2026-01-09 10:20:00,4,Friday,1,0,0,normal,1.0,9000,CASH,10000,1000,1
TRX-260109-03958,2026-01-09,09:59:00,2026-01-09 09:59:00,4,Friday,1,0,0,normal,1.0,103000,EWALLET,103000,0,5
TRX-260110-03959,2026-01-10,17:47:00,2026-01-10 17:47:00,5,Saturday,1,1,0,normal,1.0,35000,CASH,40000,5000,5
TRX-260110-03960,2026-01-10,15:05:00,2026-01-10 15:05:00,5,Saturday,1,1,0,normal,1.0,39000,CASH,40000,1000,3
TRX-260110-03961,2026-01-10,17:24:00,2026-01-10 17:24:00,5,Saturday,1,1,0,normal,1.0,39000,QRIS,39000,0,2
TRX-260110-03962,2026-01-10,20:24:00,2026-01-10 20:24:00,5,Saturday,1,1,0,normal,1.0,69700,CASH,70000,300,4
TRX-260110-03963,2026-01-10,09:43:00,2026-01-10 09:43:00,5,Saturday,1,1,0,normal,1.0,5000,QRIS,5000,0,2
TRX-260110-03964,2026-01-10,10:57:00,2026-01-10 10:57:00,5,Saturday,1,1,0,normal,1.0,9000,CASH,10000,1000,2
TRX-260110-03965,2026-01-10,15:30:00,2026-01-10 15:30:00,5,Saturday,1,1,0,normal,1.0,25900,QRIS,25900,0,2
TRX-260110-03966,2026-01-10,12:06:00,2026-01-10 12:06:00,5,Saturday,1,1,0,normal,1.0,6000,TRANSFER,6000,0,1
TRX-260110-03967,2026-01-10,11:32:00,2026-01-10 11:32:00,5,Saturday,1,1,0,normal,1.0,35000,CASH,40000,5000,3
TRX-260110-03968,2026-01-10,16:18:00,2026-01-10 16:18:00,5,Saturday,1,1,0,normal,1.0,90000,CASH,95000,5000,4
TRX-260110-03969,2026-01-10,18:13:00,2026-01-10 18:13:00,5,Saturday,1,1,0,normal,1.0,26000,QRIS,26000,0,2
TRX-260110-03970,2026-01-10,20:44:00,2026-01-10 20:44:00,5,Saturday,1,1,0,normal,1.0,43000,TRANSFER,43000,0,3
TRX-260110-03971,2026-01-10,19:22:00,2026-01-10 19:22:00,5,Saturday,1,1,0,normal,1.0,69000,TRANSFER,69000,0,2
TRX-260110-03972,2026-01-10,08:47:00,2026-01-10 08:47:00,5,Saturday,1,1,0,normal,1.0,8500,CASH,10000,1500,2
TRX-260110-03973,2026-01-10,09:58:00,2026-01-10 09:58:00,5,Saturday,1,1,0,normal,1.0,13000,CASH,15000,2000,2
TRX-260110-03974,2026-01-10,11:15:00,2026-01-10 11:15:00,5,Saturday,1,1,0,normal,1.0,39000,CASH,40000,1000,2
TRX-260110-03975,2026-01-10,16:30:00,2026-01-10 16:30:00,5,Saturday,1,1,0,normal,1.0,2000,TRANSFER,2000,0,1
TRX-260110-03976,2026-01-10,08:06:00,2026-01-10 08:06:00,5,Saturday,1,1,0,normal,1.0,30000,CASH,35000,5000,2
TRX-260110-03977,2026-01-10,21:27:00,2026-01-10 21:27:00,5,Saturday,1,1,0,normal,1.0,24000,CASH,25000,1000,2
TRX-260110-03978,2026-01-10,08:24:00,2026-01-10 08:24:00,5,Saturday,1,1,0,normal,1.0,74750,TRANSFER,74750,0,4
TRX-260110-03979,2026-01-10,08:21:00,2026-01-10 08:21:00,5,Saturday,1,1,0,normal,1.0,74000,CASH,75000,1000,2
TRX-260110-03980,2026-01-10,19:03:00,2026-01-10 19:03:00,5,Saturday,1,1,0,normal,1.0,11000,CASH,15000,4000,2
TRX-260110-03981,2026-01-10,07:18:00,2026-01-10 07:18:00,5,Saturday,1,1,0,normal,1.0,9000,TRANSFER,9000,0,1
TRX-260111-03982,2026-01-11,12:46:00,2026-01-11 12:46:00,6,Sunday,1,1,0,normal,1.0,1000,CASH,5000,4000,1
TRX-260111-03983,2026-01-11,09:07:00,2026-01-11 09:07:00,6,Sunday,1,1,0,normal,1.0,37000,QRIS,37000,0,5
TRX-260111-03984,2026-01-11,11:59:00,2026-01-11 11:59:00,6,Sunday,1,1,0,normal,1.0,11000,CASH,15000,4000,2
TRX-260111-03985,2026-01-11,12:26:00,2026-01-11 12:26:00,6,Sunday,1,1,0,normal,1.0,7000,CASH,10000,3000,2
TRX-260111-03986,2026-01-11,16:38:00,2026-01-11 16:38:00,6,Sunday,1,1,0,normal,1.0,23000,CASH,25000,2000,4
TRX-260111-03987,2026-01-11,07:36:00,2026-01-11 07:36:00,6,Sunday,1,1,0,normal,1.0,100000,CASH,105000,5000,3
TRX-260111-03988,2026-01-11,11:36:00,2026-01-11 11:36:00,6,Sunday,1,1,0,normal,1.0,52000,CASH,55000,3000,3
TRX-260111-03989,2026-01-11,09:23:00,2026-01-11 09:23:00,6,Sunday,1,1,0,normal,1.0,15500,QRIS,15500,0,1
TRX-260111-03990,2026-01-11,13:44:00,2026-01-11 13:44:00,6,Sunday,1,1,0,normal,1.0,73500,CASH,75000,1500,2
TRX-260111-03991,2026-01-11,10:28:00,2026-01-11 10:28:00,6,Sunday,1,1,0,normal,1.0,46000,CASH,50000,4000,4
TRX-260111-03992,2026-01-11,06:10:00,2026-01-11 06:10:00,6,Sunday,1,1,0,normal,1.0,17300,CASH,20000,2700,4
TRX-260111-03993,2026-01-11,08:44:00,2026-01-11 08:44:00,6,Sunday,1,1,0,normal,1.0,18500,CASH,20000,1500,2
TRX-260111-03994,2026-01-11,19:53:00,2026-01-11 19:53:00,6,Sunday,1,1,0,normal,1.0,94600,CASH,95000,400,4
TRX-260111-03995,2026-01-11,11:59:00,2026-01-11 11:59:00,6,Sunday,1,1,0,normal,1.0,20000,CASH,25000,5000,2
TRX-260111-03996,2026-01-11,19:56:00,2026-01-11 19:56:00,6,Sunday,1,1,0,normal,1.0,31500,CASH,35000,3500,3
TRX-260111-03997,2026-01-11,17:25:00,2026-01-11 17:25:00,6,Sunday,1,1,0,normal,1.0,112000,QRIS,112000,0,3
TRX-260111-03998,2026-01-11,08:31:00,2026-01-11 08:31:00,6,Sunday,1,1,0,normal,1.0,72000,CASH,75000,3000,3
TRX-260111-03999,2026-01-11,19:29:00,2026-01-11 19:29:00,6,Sunday,1,1,0,normal,1.0,75000,CASH,80000,5000,1
TRX-260112-04000,2026-01-12,08:24:00,2026-01-12 08:24:00,0,Monday,1,0,0,normal,1.0,83000,EWALLET,83000,0,3
TRX-260112-04001,2026-01-12,16:52:00,2026-01-12 16:52:00,0,Monday,1,0,0,normal,1.0,1000,TRANSFER,1000,0,1
TRX-260112-04002,2026-01-12,19:35:00,2026-01-12 19:35:00,0,Monday,1,0,0,normal,1.0,19000,CASH,20000,1000,2
TRX-260112-04003,2026-01-12,11:38:00,2026-01-12 11:38:00,0,Monday,1,0,0,normal,1.0,46000,TRANSFER,46000,0,4
TRX-260112-04004,2026-01-12,14:25:00,2026-01-12 14:25:00,0,Monday,1,0,0,normal,1.0,15000,CASH,20000,5000,2
TRX-260112-04005,2026-01-12,13:22:00,2026-01-12 13:22:00,0,Monday,1,0,0,normal,1.0,98000,CASH,100000,2000,3
TRX-260112-04006,2026-01-12,10:21:00,2026-01-12 10:21:00,0,Monday,1,0,0,normal,1.0,4500,QRIS,4500,0,2
TRX-260112-04007,2026-01-12,10:33:00,2026-01-12 10:33:00,0,Monday,1,0,0,normal,1.0,26000,QRIS,26000,0,2
TRX-260112-04008,2026-01-12,16:36:00,2026-01-12 16:36:00,0,Monday,1,0,0,normal,1.0,143000,CASH,145000,2000,2
TRX-260112-04009,2026-01-12,09:04:00,2026-01-12 09:04:00,0,Monday,1,0,0,normal,1.0,18000,EWALLET,18000,0,1
TRX-260112-04010,2026-01-12,19:43:00,2026-01-12 19:43:00,0,Monday,1,0,0,normal,1.0,5000,CASH,10000,5000,2
TRX-260112-04011,2026-01-12,11:51:00,2026-01-12 11:51:00,0,Monday,1,0,0,normal,1.0,42000,EWALLET,42000,0,3
TRX-260112-04012,2026-01-12,09:49:00,2026-01-12 09:49:00,0,Monday,1,0,0,normal,1.0,11000,EWALLET,11000,0,2
TRX-260112-04013,2026-01-12,06:17:00,2026-01-12 06:17:00,0,Monday,1,0,0,normal,1.0,18000,CASH,20000,2000,1
TRX-260112-04014,2026-01-12,07:09:00,2026-01-12 07:09:00,0,Monday,1,0,0,normal,1.0,25000,EWALLET,25000,0,4
TRX-260112-04015,2026-01-12,19:47:00,2026-01-12 19:47:00,0,Monday,1,0,0,normal,1.0,17000,CASH,20000,3000,2
TRX-260113-04016,2026-01-13,08:10:00,2026-01-13 08:10:00,1,Tuesday,1,0,0,normal,1.0,15000,CASH,20000,5000,2
TRX-260113-04017,2026-01-13,16:23:00,2026-01-13 16:23:00,1,Tuesday,1,0,0,normal,1.0,25550,CASH,30000,4450,4
TRX-260113-04018,2026-01-13,12:54:00,2026-01-13 12:54:00,1,Tuesday,1,0,0,normal,1.0,60000,CASH,65000,5000,2
TRX-260113-04019,2026-01-13,13:34:00,2026-01-13 13:34:00,1,Tuesday,1,0,0,normal,1.0,6000,CASH,10000,4000,2
TRX-260113-04020,2026-01-13,06:07:00,2026-01-13 06:07:00,1,Tuesday,1,0,0,normal,1.0,25500,CASH,30000,4500,3
TRX-260113-04021,2026-01-13,16:20:00,2026-01-13 16:20:00,1,Tuesday,1,0,0,normal,1.0,13000,CASH,15000,2000,3
TRX-260113-04022,2026-01-13,18:34:00,2026-01-13 18:34:00,1,Tuesday,1,0,0,normal,1.0,1700,CASH,5000,3300,1
TRX-260113-04023,2026-01-13,12:32:00,2026-01-13 12:32:00,1,Tuesday,1,0,0,normal,1.0,13750,CASH,15000,1250,3
TRX-260113-04024,2026-01-13,09:21:00,2026-01-13 09:21:00,1,Tuesday,1,0,0,normal,1.0,6000,CASH,10000,4000,2
TRX-260113-04025,2026-01-13,16:24:00,2026-01-13 16:24:00,1,Tuesday,1,0,0,normal,1.0,31500,CASH,35000,3500,5
TRX-260113-04026,2026-01-13,17:35:00,2026-01-13 17:35:00,1,Tuesday,1,0,0,normal,1.0,180000,CASH,185000,5000,3
TRX-260113-04027,2026-01-13,16:53:00,2026-01-13 16:53:00,1,Tuesday,1,0,0,normal,1.0,28500,CASH,30000,1500,3
TRX-260113-04028,2026-01-13,09:00:00,2026-01-13 09:00:00,1,Tuesday,1,0,0,normal,1.0,66000,CASH,70000,4000,3
TRX-260113-04029,2026-01-13,10:54:00,2026-01-13 10:54:00,1,Tuesday,1,0,0,normal,1.0,108000,CASH,110000,2000,1
TRX-260113-04030,2026-01-13,16:18:00,2026-01-13 16:18:00,1,Tuesday,1,0,0,normal,1.0,10000,QRIS,10000,0,3
TRX-260113-04031,2026-01-13,15:23:00,2026-01-13 15:23:00,1,Tuesday,1,0,0,normal,1.0,38700,CASH,40000,1300,4
TRX-260114-04032,2026-01-14,11:36:00,2026-01-14 11:36:00,2,Wednesday,1,0,0,normal,1.0,2700,CASH,5000,2300,1
TRX-260114-04033,2026-01-14,11:21:00,2026-01-14 11:21:00,2,Wednesday,1,0,0,normal,1.0,36000,CASH,40000,4000,5
TRX-260114-04034,2026-01-14,12:17:00,2026-01-14 12:17:00,2,Wednesday,1,0,0,normal,1.0,1000,QRIS,1000,0,1
TRX-260114-04035,2026-01-14,17:35:00,2026-01-14 17:35:00,2,Wednesday,1,0,0,normal,1.0,6000,QRIS,6000,0,2
TRX-260114-04036,2026-01-14,13:03:00,2026-01-14 13:03:00,2,Wednesday,1,0,0,normal,1.0,28000,CASH,30000,2000,3
TRX-260114-04037,2026-01-14,07:56:00,2026-01-14 07:56:00,2,Wednesday,1,0,0,normal,1.0,51300,CASH,55000,3700,1
TRX-260114-04038,2026-01-14,17:22:00,2026-01-14 17:22:00,2,Wednesday,1,0,0,normal,1.0,90000,CASH,95000,5000,4
TRX-260114-04039,2026-01-14,09:22:00,2026-01-14 09:22:00,2,Wednesday,1,0,0,normal,1.0,157000,CASH,160000,3000,5
TRX-260114-04040,2026-01-14,16:54:00,2026-01-14 16:54:00,2,Wednesday,1,0,0,normal,1.0,29000,CASH,30000,1000,3
TRX-260114-04041,2026-01-14,08:57:00,2026-01-14 08:57:00,2,Wednesday,1,0,0,normal,1.0,22000,QRIS,22000,0,2
TRX-260114-04042,2026-01-14,10:32:00,2026-01-14 10:32:00,2,Wednesday,1,0,0,normal,1.0,51000,QRIS,51000,0,2
TRX-260114-04043,2026-01-14,07:32:00,2026-01-14 07:32:00,2,Wednesday,1,0,0,normal,1.0,49000,CASH,50000,1000,4
TRX-260114-04044,2026-01-14,08:48:00,2026-01-14 08:48:00,2,Wednesday,1,0,0,normal,1.0,16000,CASH,20000,4000,1
TRX-260114-04045,2026-01-14,15:00:00,2026-01-14 15:00:00,2,Wednesday,1,0,0,normal,1.0,20000,CASH,25000,5000,3
TRX-260114-04046,2026-01-14,21:54:00,2026-01-14 21:54:00,2,Wednesday,1,0,0,normal,1.0,42000,CASH,45000,3000,3
TRX-260114-04047,2026-01-14,09:45:00,2026-01-14 09:45:00,2,Wednesday,1,0,0,normal,1.0,22000,CASH,25000,3000,3
TRX-260114-04048,2026-01-14,15:59:00,2026-01-14 15:59:00,2,Wednesday,1,0,0,normal,1.0,65850,CASH,70000,4150,3
TRX-260114-04049,2026-01-14,20:52:00,2026-01-14 20:52:00,2,Wednesday,1,0,0,normal,1.0,136000,QRIS,136000,0,1
TRX-260114-04050,2026-01-14,17:40:00,2026-01-14 17:40:00,2,Wednesday,1,0,0,normal,1.0,4000,QRIS,4000,0,2
TRX-260115-04051,2026-01-15,18:06:00,2026-01-15 18:06:00,3,Thursday,1,0,0,normal,1.0,16000,CASH,20000,4000,2
TRX-260115-04052,2026-01-15,15:52:00,2026-01-15 15:52:00,3,Thursday,1,0,0,normal,1.0,85000,CASH,90000,5000,3
TRX-260115-04053,2026-01-15,09:18:00,2026-01-15 09:18:00,3,Thursday,1,0,0,normal,1.0,16000,CASH,20000,4000,2
TRX-260115-04054,2026-01-15,08:53:00,2026-01-15 08:53:00,3,Thursday,1,0,0,normal,1.0,8000,CASH,10000,2000,1
TRX-260115-04055,2026-01-15,08:18:00,2026-01-15 08:18:00,3,Thursday,1,0,0,normal,1.0,34000,CASH,35000,1000,2
TRX-260115-04056,2026-01-15,11:45:00,2026-01-15 11:45:00,3,Thursday,1,0,0,normal,1.0,38650,CASH,40000,1350,3
TRX-260115-04057,2026-01-15,14:09:00,2026-01-15 14:09:00,3,Thursday,1,0,0,normal,1.0,3000,CASH,5000,2000,1
TRX-260115-04058,2026-01-15,15:31:00,2026-01-15 15:31:00,3,Thursday,1,0,0,normal,1.0,72000,CASH,75000,3000,2
TRX-260115-04059,2026-01-15,17:23:00,2026-01-15 17:23:00,3,Thursday,1,0,0,normal,1.0,18000,CASH,20000,2000,2
TRX-260115-04060,2026-01-15,18:43:00,2026-01-15 18:43:00,3,Thursday,1,0,0,normal,1.0,13000,CASH,15000,2000,2
TRX-260115-04061,2026-01-15,07:19:00,2026-01-15 07:19:00,3,Thursday,1,0,0,normal,1.0,50000,QRIS,50000,0,5
TRX-260115-04062,2026-01-15,08:00:00,2026-01-15 08:00:00,3,Thursday,1,0,0,normal,1.0,60000,CASH,65000,5000,3
TRX-260116-04063,2026-01-16,15:51:00,2026-01-16 15:51:00,4,Friday,1,0,0,normal,1.0,134000,CASH,135000,1000,5
TRX-260116-04064,2026-01-16,13:56:00,2026-01-16 13:56:00,4,Friday,1,0,0,normal,1.0,73000,CASH,75000,2000,3
TRX-260116-04065,2026-01-16,18:12:00,2026-01-16 18:12:00,4,Friday,1,0,0,normal,1.0,82500,CASH,85000,2500,2
TRX-260116-04066,2026-01-16,19:36:00,2026-01-16 19:36:00,4,Friday,1,0,0,normal,1.0,22000,CASH,25000,3000,2
TRX-260116-04067,2026-01-16,15:05:00,2026-01-16 15:05:00,4,Friday,1,0,0,normal,1.0,12000,CASH,15000,3000,3
TRX-260116-04068,2026-01-16,20:19:00,2026-01-16 20:19:00,4,Friday,1,0,0,normal,1.0,4000,CASH,5000,1000,2
TRX-260116-04069,2026-01-16,09:31:00,2026-01-16 09:31:00,4,Friday,1,0,0,normal,1.0,38000,EWALLET,38000,0,3
TRX-260116-04070,2026-01-16,13:10:00,2026-01-16 13:10:00,4,Friday,1,0,0,normal,1.0,82000,CASH,85000,3000,5
TRX-260116-04071,2026-01-16,12:54:00,2026-01-16 12:54:00,4,Friday,1,0,0,normal,1.0,38800,CASH,40000,1200,5
TRX-260116-04072,2026-01-16,06:24:00,2026-01-16 06:24:00,4,Friday,1,0,0,normal,1.0,20000,QRIS,20000,0,3
TRX-260116-04073,2026-01-16,18:05:00,2026-01-16 18:05:00,4,Friday,1,0,0,normal,1.0,67000,CASH,70000,3000,3
TRX-260116-04074,2026-01-16,09:26:00,2026-01-16 09:26:00,4,Friday,1,0,0,normal,1.0,47000,CASH,50000,3000,2
TRX-260117-04075,2026-01-17,17:03:00,2026-01-17 17:03:00,5,Saturday,1,1,0,normal,1.0,12000,CASH,15000,3000,2
TRX-260117-04076,2026-01-17,09:22:00,2026-01-17 09:22:00,5,Saturday,1,1,0,normal,1.0,14000,CASH,15000,1000,2
TRX-260117-04077,2026-01-17,16:17:00,2026-01-17 16:17:00,5,Saturday,1,1,0,normal,1.0,17000,CASH,20000,3000,2
TRX-260117-04078,2026-01-17,10:21:00,2026-01-17 10:21:00,5,Saturday,1,1,0,normal,1.0,12000,QRIS,12000,0,2
TRX-260117-04079,2026-01-17,10:27:00,2026-01-17 10:27:00,5,Saturday,1,1,0,normal,1.0,13000,CASH,15000,2000,2
TRX-260117-04080,2026-01-17,12:00:00,2026-01-17 12:00:00,5,Saturday,1,1,0,normal,1.0,12000,TRANSFER,12000,0,2
TRX-260117-04081,2026-01-17,11:50:00,2026-01-17 11:50:00,5,Saturday,1,1,0,normal,1.0,7500,CASH,10000,2500,2
TRX-260117-04082,2026-01-17,15:41:00,2026-01-17 15:41:00,5,Saturday,1,1,0,normal,1.0,91000,CASH,95000,4000,5
TRX-260117-04083,2026-01-17,08:47:00,2026-01-17 08:47:00,5,Saturday,1,1,0,normal,1.0,7275,CASH,10000,2725,3
TRX-260117-04084,2026-01-17,07:33:00,2026-01-17 07:33:00,5,Saturday,1,1,0,normal,1.0,54000,CASH,55000,1000,1
TRX-260117-04085,2026-01-17,11:22:00,2026-01-17 11:22:00,5,Saturday,1,1,0,normal,1.0,53000,CASH,55000,2000,4
TRX-260117-04086,2026-01-17,15:41:00,2026-01-17 15:41:00,5,Saturday,1,1,0,normal,1.0,143000,CASH,145000,2000,4
TRX-260117-04087,2026-01-17,18:55:00,2026-01-17 18:55:00,5,Saturday,1,1,0,normal,1.0,10000,QRIS,10000,0,2
TRX-260117-04088,2026-01-17,14:25:00,2026-01-17 14:25:00,5,Saturday,1,1,0,normal,1.0,134000,QRIS,134000,0,5
TRX-260117-04089,2026-01-17,13:10:00,2026-01-17 13:10:00,5,Saturday,1,1,0,normal,1.0,56500,CASH,60000,3500,2
TRX-260117-04090,2026-01-17,15:24:00,2026-01-17 15:24:00,5,Saturday,1,1,0,normal,1.0,7000,QRIS,7000,0,2
TRX-260117-04091,2026-01-17,14:15:00,2026-01-17 14:15:00,5,Saturday,1,1,0,normal,1.0,44000,CASH,45000,1000,2
TRX-260117-04092,2026-01-17,20:10:00,2026-01-17 20:10:00,5,Saturday,1,1,0,normal,1.0,86000,CASH,90000,4000,3
TRX-260117-04093,2026-01-17,17:49:00,2026-01-17 17:49:00,5,Saturday,1,1,0,normal,1.0,131500,CASH,135000,3500,4
TRX-260117-04094,2026-01-17,18:37:00,2026-01-17 18:37:00,5,Saturday,1,1,0,normal,1.0,1500,QRIS,1500,0,1
TRX-260118-04095,2026-01-18,21:51:00,2026-01-18 21:51:00,6,Sunday,1,1,0,normal,1.0,17000,CASH,20000,3000,2
TRX-260118-04096,2026-01-18,15:41:00,2026-01-18 15:41:00,6,Sunday,1,1,0,normal,1.0,39500,CASH,40000,500,3
TRX-260118-04097,2026-01-18,14:24:00,2026-01-18 14:24:00,6,Sunday,1,1,0,normal,1.0,27000,CASH,30000,3000,1
TRX-260118-04098,2026-01-18,06:03:00,2026-01-18 06:03:00,6,Sunday,1,1,0,normal,1.0,27000,CASH,30000,3000,3
TRX-260118-04099,2026-01-18,18:02:00,2026-01-18 18:02:00,6,Sunday,1,1,0,normal,1.0,4500,CASH,5000,500,1
TRX-260118-04100,2026-01-18,08:24:00,2026-01-18 08:24:00,6,Sunday,1,1,0,normal,1.0,37000,QRIS,37000,0,3
TRX-260118-04101,2026-01-18,08:39:00,2026-01-18 08:39:00,6,Sunday,1,1,0,normal,1.0,9000,QRIS,9000,0,2
TRX-260118-04102,2026-01-18,11:36:00,2026-01-18 11:36:00,6,Sunday,1,1,0,normal,1.0,19000,TRANSFER,19000,0,2
TRX-260118-04103,2026-01-18,09:04:00,2026-01-18 09:04:00,6,Sunday,1,1,0,normal,1.0,23250,QRIS,23250,0,4
TRX-260118-04104,2026-01-18,18:42:00,2026-01-18 18:42:00,6,Sunday,1,1,0,normal,1.0,79400,CASH,80000,600,5
TRX-260118-04105,2026-01-18,09:07:00,2026-01-18 09:07:00,6,Sunday,1,1,0,normal,1.0,58000,TRANSFER,58000,0,3
TRX-260118-04106,2026-01-18,15:40:00,2026-01-18 15:40:00,6,Sunday,1,1,0,normal,1.0,8000,QRIS,8000,0,1
TRX-260118-04107,2026-01-18,17:52:00,2026-01-18 17:52:00,6,Sunday,1,1,0,normal,1.0,13000,CASH,15000,2000,2
TRX-260118-04108,2026-01-18,07:58:00,2026-01-18 07:58:00,6,Sunday,1,1,0,normal,1.0,55500,CASH,60000,4500,4
TRX-260118-04109,2026-01-18,18:41:00,2026-01-18 18:41:00,6,Sunday,1,1,0,normal,1.0,14000,EWALLET,14000,0,2
TRX-260118-04110,2026-01-18,11:38:00,2026-01-18 11:38:00,6,Sunday,1,1,0,normal,1.0,10000,CASH,15000,5000,2
TRX-260118-04111,2026-01-18,13:45:00,2026-01-18 13:45:00,6,Sunday,1,1,0,normal,1.0,68000,CASH,70000,2000,5
TRX-260118-04112,2026-01-18,17:27:00,2026-01-18 17:27:00,6,Sunday,1,1,0,normal,1.0,84000,QRIS,84000,0,5
TRX-260118-04113,2026-01-18,08:19:00,2026-01-18 08:19:00,6,Sunday,1,1,0,normal,1.0,13000,QRIS,13000,0,2
TRX-260118-04114,2026-01-18,14:13:00,2026-01-18 14:13:00,6,Sunday,1,1,0,normal,1.0,8000,QRIS,8000,0,1
TRX-260118-04115,2026-01-18,11:26:00,2026-01-18 11:26:00,6,Sunday,1,1,0,normal,1.0,17000,CASH,20000,3000,3
TRX-260118-04116,2026-01-18,16:42:00,2026-01-18 16:42:00,6,Sunday,1,1,0,normal,1.0,3000,CASH,5000,2000,1
TRX-260119-04117,2026-01-19,10:40:00,2026-01-19 10:40:00,0,Monday,1,0,0,normal,1.0,11000,CASH,15000,4000,2
TRX-260119-04118,2026-01-19,11:05:00,2026-01-19 11:05:00,0,Monday,1,0,0,normal,1.0,6000,CASH,10000,4000,1
TRX-260119-04119,2026-01-19,18:13:00,2026-01-19 18:13:00,0,Monday,1,0,0,normal,1.0,8000,CASH,10000,2000,1
TRX-260119-04120,2026-01-19,14:56:00,2026-01-19 14:56:00,0,Monday,1,0,0,normal,1.0,48400,CASH,50000,1600,3
TRX-260119-04121,2026-01-19,17:08:00,2026-01-19 17:08:00,0,Monday,1,0,0,normal,1.0,3000,CASH,5000,2000,1
TRX-260119-04122,2026-01-19,18:03:00,2026-01-19 18:03:00,0,Monday,1,0,0,normal,1.0,7200,CASH,10000,2800,1
TRX-260119-04123,2026-01-19,13:08:00,2026-01-19 13:08:00,0,Monday,1,0,0,normal,1.0,103000,CASH,105000,2000,4
TRX-260119-04124,2026-01-19,12:47:00,2026-01-19 12:47:00,0,Monday,1,0,0,normal,1.0,39000,CASH,40000,1000,2
TRX-260119-04125,2026-01-19,18:56:00,2026-01-19 18:56:00,0,Monday,1,0,0,normal,1.0,62800,CASH,65000,2200,3
TRX-260120-04126,2026-01-20,10:12:00,2026-01-20 10:12:00,1,Tuesday,1,0,0,normal,1.0,25000,CASH,30000,5000,3
TRX-260120-04127,2026-01-20,19:55:00,2026-01-20 19:55:00,1,Tuesday,1,0,0,normal,1.0,54000,CASH,55000,1000,1
TRX-260120-04128,2026-01-20,15:31:00,2026-01-20 15:31:00,1,Tuesday,1,0,0,normal,1.0,32000,CASH,35000,3000,4
TRX-260120-04129,2026-01-20,11:44:00,2026-01-20 11:44:00,1,Tuesday,1,0,0,normal,1.0,18000,CASH,20000,2000,2
TRX-260120-04130,2026-01-20,08:48:00,2026-01-20 08:48:00,1,Tuesday,1,0,0,normal,1.0,76400,CASH,80000,3600,4
TRX-260120-04131,2026-01-20,09:50:00,2026-01-20 09:50:00,1,Tuesday,1,0,0,normal,1.0,71850,TRANSFER,71850,0,2
TRX-260120-04132,2026-01-20,16:47:00,2026-01-20 16:47:00,1,Tuesday,1,0,0,normal,1.0,19000,CASH,20000,1000,2
TRX-260120-04133,2026-01-20,18:42:00,2026-01-20 18:42:00,1,Tuesday,1,0,0,normal,1.0,13000,CASH,15000,2000,3
TRX-260120-04134,2026-01-20,07:22:00,2026-01-20 07:22:00,1,Tuesday,1,0,0,normal,1.0,12000,CASH,15000,3000,1
TRX-260120-04135,2026-01-20,19:53:00,2026-01-20 19:53:00,1,Tuesday,1,0,0,normal,1.0,21000,CASH,25000,4000,2
TRX-260120-04136,2026-01-20,13:04:00,2026-01-20 13:04:00,1,Tuesday,1,0,0,normal,1.0,14500,CASH,15000,500,2
TRX-260120-04137,2026-01-20,07:22:00,2026-01-20 07:22:00,1,Tuesday,1,0,0,normal,1.0,35000,CASH,40000,5000,4
TRX-260120-04138,2026-01-20,17:00:00,2026-01-20 17:00:00,1,Tuesday,1,0,0,normal,1.0,33000,CASH,35000,2000,3
TRX-260121-04139,2026-01-21,12:28:00,2026-01-21 12:28:00,2,Wednesday,1,0,0,normal,1.0,55000,CASH,60000,5000,3
TRX-260121-04140,2026-01-21,14:54:00,2026-01-21 14:54:00,2,Wednesday,1,0,0,normal,1.0,32000,CASH,35000,3000,3
TRX-260121-04141,2026-01-21,17:45:00,2026-01-21 17:45:00,2,Wednesday,1,0,0,normal,1.0,43400,QRIS,43400,0,3
TRX-260121-04142,2026-01-21,12:10:00,2026-01-21 12:10:00,2,Wednesday,1,0,0,normal,1.0,6000,CASH,10000,4000,2
TRX-260121-04143,2026-01-21,12:12:00,2026-01-21 12:12:00,2,Wednesday,1,0,0,normal,1.0,40000,QRIS,40000,0,3
TRX-260121-04144,2026-01-21,10:59:00,2026-01-21 10:59:00,2,Wednesday,1,0,0,normal,1.0,68500,CASH,70000,1500,4
TRX-260121-04145,2026-01-21,17:50:00,2026-01-21 17:50:00,2,Wednesday,1,0,0,normal,1.0,6000,CASH,10000,4000,2
TRX-260121-04146,2026-01-21,20:15:00,2026-01-21 20:15:00,2,Wednesday,1,0,0,normal,1.0,33000,CASH,35000,2000,3
TRX-260121-04147,2026-01-21,18:01:00,2026-01-21 18:01:00,2,Wednesday,1,0,0,normal,1.0,9000,CASH,10000,1000,2
TRX-260121-04148,2026-01-21,11:09:00,2026-01-21 11:09:00,2,Wednesday,1,0,0,normal,1.0,10500,CASH,15000,4500,2
TRX-260121-04149,2026-01-21,17:16:00,2026-01-21 17:16:00,2,Wednesday,1,0,0,normal,1.0,37000,CASH,40000,3000,2
TRX-260121-04150,2026-01-21,09:27:00,2026-01-21 09:27:00,2,Wednesday,1,0,0,normal,1.0,14950,QRIS,14950,0,3
TRX-260121-04151,2026-01-21,08:40:00,2026-01-21 08:40:00,2,Wednesday,1,0,0,normal,1.0,13000,CASH,15000,2000,2
TRX-260122-04152,2026-01-22,15:51:00,2026-01-22 15:51:00,3,Thursday,1,0,0,normal,1.0,5000,CASH,10000,5000,2
TRX-260122-04153,2026-01-22,08:33:00,2026-01-22 08:33:00,3,Thursday,1,0,0,normal,1.0,85000,EWALLET,85000,0,4
TRX-260122-04154,2026-01-22,09:33:00,2026-01-22 09:33:00,3,Thursday,1,0,0,normal,1.0,23000,QRIS,23000,0,3
TRX-260122-04155,2026-01-22,08:39:00,2026-01-22 08:39:00,3,Thursday,1,0,0,normal,1.0,19500,CASH,20000,500,2
TRX-260122-04156,2026-01-22,09:51:00,2026-01-22 09:51:00,3,Thursday,1,0,0,normal,1.0,10500,CASH,15000,4500,2
TRX-260122-04157,2026-01-22,12:56:00,2026-01-22 12:56:00,3,Thursday,1,0,0,normal,1.0,4000,CASH,5000,1000,2
TRX-260122-04158,2026-01-22,14:12:00,2026-01-22 14:12:00,3,Thursday,1,0,0,normal,1.0,36500,EWALLET,36500,0,2
TRX-260122-04159,2026-01-22,10:00:00,2026-01-22 10:00:00,3,Thursday,1,0,0,normal,1.0,11000,EWALLET,11000,0,3
TRX-260122-04160,2026-01-22,10:09:00,2026-01-22 10:09:00,3,Thursday,1,0,0,normal,1.0,2000,QRIS,2000,0,1
TRX-260122-04161,2026-01-22,14:11:00,2026-01-22 14:11:00,3,Thursday,1,0,0,normal,1.0,6000,CASH,10000,4000,1
TRX-260122-04162,2026-01-22,13:30:00,2026-01-22 13:30:00,3,Thursday,1,0,0,normal,1.0,37000,CASH,40000,3000,2
TRX-260122-04163,2026-01-22,11:03:00,2026-01-22 11:03:00,3,Thursday,1,0,0,normal,1.0,34000,CASH,35000,1000,3
TRX-260123-04164,2026-01-23,11:10:00,2026-01-23 11:10:00,4,Friday,1,0,0,normal,1.0,17000,QRIS,17000,0,2
TRX-260123-04165,2026-01-23,08:27:00,2026-01-23 08:27:00,4,Friday,1,0,0,normal,1.0,19500,CASH,20000,500,2
TRX-260123-04166,2026-01-23,12:26:00,2026-01-23 12:26:00,4,Friday,1,0,0,normal,1.0,10500,CASH,15000,4500,3
TRX-260123-04167,2026-01-23,12:19:00,2026-01-23 12:19:00,4,Friday,1,0,0,normal,1.0,171500,CASH,175000,3500,4
TRX-260123-04168,2026-01-23,19:17:00,2026-01-23 19:17:00,4,Friday,1,0,0,normal,1.0,45000,CASH,50000,5000,1
TRX-260123-04169,2026-01-23,17:07:00,2026-01-23 17:07:00,4,Friday,1,0,0,normal,1.0,65500,CASH,70000,4500,5
TRX-260123-04170,2026-01-23,13:57:00,2026-01-23 13:57:00,4,Friday,1,0,0,normal,1.0,60000,CASH,65000,5000,3
TRX-260123-04171,2026-01-23,13:06:00,2026-01-23 13:06:00,4,Friday,1,0,0,normal,1.0,8500,EWALLET,8500,0,2
TRX-260123-04172,2026-01-23,19:37:00,2026-01-23 19:37:00,4,Friday,1,0,0,normal,1.0,42275,CASH,45000,2725,3
TRX-260124-04173,2026-01-24,13:33:00,2026-01-24 13:33:00,5,Saturday,1,1,0,normal,1.0,126850,CASH,130000,3150,5
TRX-260124-04174,2026-01-24,08:48:00,2026-01-24 08:48:00,5,Saturday,1,1,0,normal,1.0,18000,CASH,20000,2000,2
TRX-260124-04175,2026-01-24,14:38:00,2026-01-24 14:38:00,5,Saturday,1,1,0,normal,1.0,21000,EWALLET,21000,0,2
TRX-260124-04176,2026-01-24,14:50:00,2026-01-24 14:50:00,5,Saturday,1,1,0,normal,1.0,98000,QRIS,98000,0,5
TRX-260124-04177,2026-01-24,20:12:00,2026-01-24 20:12:00,5,Saturday,1,1,0,normal,1.0,36000,CASH,40000,4000,2
TRX-260124-04178,2026-01-24,09:42:00,2026-01-24 09:42:00,5,Saturday,1,1,0,normal,1.0,91000,QRIS,91000,0,4
TRX-260124-04179,2026-01-24,15:02:00,2026-01-24 15:02:00,5,Saturday,1,1,0,normal,1.0,38500,CASH,40000,1500,2
TRX-260124-04180,2026-01-24,10:56:00,2026-01-24 10:56:00,5,Saturday,1,1,0,normal,1.0,9000,CASH,10000,1000,2
TRX-260124-04181,2026-01-24,15:07:00,2026-01-24 15:07:00,5,Saturday,1,1,0,normal,1.0,22500,CASH,25000,2500,4
TRX-260124-04182,2026-01-24,20:39:00,2026-01-24 20:39:00,5,Saturday,1,1,0,normal,1.0,49500,CASH,50000,500,2
TRX-260124-04183,2026-01-24,19:57:00,2026-01-24 19:57:00,5,Saturday,1,1,0,normal,1.0,25500,TRANSFER,25500,0,2
TRX-260124-04184,2026-01-24,16:42:00,2026-01-24 16:42:00,5,Saturday,1,1,0,normal,1.0,36000,CASH,40000,4000,4
TRX-260124-04185,2026-01-24,12:59:00,2026-01-24 12:59:00,5,Saturday,1,1,0,normal,1.0,28000,CASH,30000,2000,3
TRX-260124-04186,2026-01-24,16:29:00,2026-01-24 16:29:00,5,Saturday,1,1,0,normal,1.0,36000,CASH,40000,4000,1
TRX-260124-04187,2026-01-24,16:38:00,2026-01-24 16:38:00,5,Saturday,1,1,0,normal,1.0,57950,QRIS,57950,0,4
TRX-260124-04188,2026-01-24,09:32:00,2026-01-24 09:32:00,5,Saturday,1,1,0,normal,1.0,215800,CASH,220000,4200,5
TRX-260124-04189,2026-01-24,16:52:00,2026-01-24 16:52:00,5,Saturday,1,1,0,normal,1.0,49000,CASH,50000,1000,3
TRX-260124-04190,2026-01-24,13:01:00,2026-01-24 13:01:00,5,Saturday,1,1,0,normal,1.0,18000,CASH,20000,2000,3
TRX-260124-04191,2026-01-24,19:13:00,2026-01-24 19:13:00,5,Saturday,1,1,0,normal,1.0,6000,CASH,10000,4000,1
TRX-260125-04192,2026-01-25,10:09:00,2026-01-25 10:09:00,6,Sunday,1,1,1,normal,1.0,13000,CASH,15000,2000,2
TRX-260125-04193,2026-01-25,18:46:00,2026-01-25 18:46:00,6,Sunday,1,1,1,normal,1.0,24500,CASH,25000,500,4
TRX-260125-04194,2026-01-25,13:27:00,2026-01-25 13:27:00,6,Sunday,1,1,1,normal,1.0,14000,CASH,15000,1000,1
TRX-260125-04195,2026-01-25,13:04:00,2026-01-25 13:04:00,6,Sunday,1,1,1,normal,1.0,9000,CASH,10000,1000,1
TRX-260125-04196,2026-01-25,16:27:00,2026-01-25 16:27:00,6,Sunday,1,1,1,normal,1.0,36000,CASH,40000,4000,1
TRX-260125-04197,2026-01-25,13:15:00,2026-01-25 13:15:00,6,Sunday,1,1,1,normal,1.0,7000,QRIS,7000,0,2
TRX-260125-04198,2026-01-25,12:27:00,2026-01-25 12:27:00,6,Sunday,1,1,1,normal,1.0,27000,CASH,30000,3000,3
TRX-260125-04199,2026-01-25,20:06:00,2026-01-25 20:06:00,6,Sunday,1,1,1,normal,1.0,35000,QRIS,35000,0,4
TRX-260125-04200,2026-01-25,15:33:00,2026-01-25 15:33:00,6,Sunday,1,1,1,normal,1.0,4500,CASH,5000,500,1
TRX-260125-04201,2026-01-25,16:59:00,2026-01-25 16:59:00,6,Sunday,1,1,1,normal,1.0,14000,QRIS,14000,0,2
TRX-260125-04202,2026-01-25,21:09:00,2026-01-25 21:09:00,6,Sunday,1,1,1,normal,1.0,18000,CASH,20000,2000,2
TRX-260125-04203,2026-01-25,18:34:00,2026-01-25 18:34:00,6,Sunday,1,1,1,normal,1.0,26500,CASH,30000,3500,4
TRX-260125-04204,2026-01-25,19:14:00,2026-01-25 19:14:00,6,Sunday,1,1,1,normal,1.0,33000,CASH,35000,2000,2
TRX-260125-04205,2026-01-25,07:15:00,2026-01-25 07:15:00,6,Sunday,1,1,1,normal,1.0,58000,CASH,60000,2000,2
TRX-260125-04206,2026-01-25,15:39:00,2026-01-25 15:39:00,6,Sunday,1,1,1,normal,1.0,6000,CASH,10000,4000,2
TRX-260125-04207,2026-01-25,10:25:00,2026-01-25 10:25:00,6,Sunday,1,1,1,normal,1.0,7800,CASH,10000,2200,3
TRX-260125-04208,2026-01-25,13:45:00,2026-01-25 13:45:00,6,Sunday,1,1,1,normal,1.0,317000,CASH,320000,3000,3
TRX-260125-04209,2026-01-25,17:17:00,2026-01-25 17:17:00,6,Sunday,1,1,1,normal,1.0,50000,CASH,55000,5000,3
TRX-260125-04210,2026-01-25,15:23:00,2026-01-25 15:23:00,6,Sunday,1,1,1,normal,1.0,8000,CASH,10000,2000,2
TRX-260125-04211,2026-01-25,17:31:00,2026-01-25 17:31:00,6,Sunday,1,1,1,normal,1.0,19000,CASH,20000,1000,2
TRX-260125-04212,2026-01-25,19:46:00,2026-01-25 19:46:00,6,Sunday,1,1,1,normal,1.0,17000,TRANSFER,17000,0,3
TRX-260125-04213,2026-01-25,13:26:00,2026-01-25 13:26:00,6,Sunday,1,1,1,normal,1.0,47000,CASH,50000,3000,4
TRX-260125-04214,2026-01-25,16:07:00,2026-01-25 16:07:00,6,Sunday,1,1,1,normal,1.0,44350,CASH,45000,650,5
TRX-260125-04215,2026-01-25,18:57:00,2026-01-25 18:57:00,6,Sunday,1,1,1,normal,1.0,19000,CASH,20000,1000,3
TRX-260125-04216,2026-01-25,15:17:00,2026-01-25 15:17:00,6,Sunday,1,1,1,normal,1.0,18000,CASH,20000,2000,4
TRX-260125-04217,2026-01-25,19:30:00,2026-01-25 19:30:00,6,Sunday,1,1,1,normal,1.0,30000,CASH,35000,5000,1
TRX-260125-04218,2026-01-25,08:53:00,2026-01-25 08:53:00,6,Sunday,1,1,1,normal,1.0,9000,CASH,10000,1000,2
TRX-260125-04219,2026-01-25,07:51:00,2026-01-25 07:51:00,6,Sunday,1,1,1,normal,1.0,10500,CASH,15000,4500,3
TRX-260125-04220,2026-01-25,14:56:00,2026-01-25 14:56:00,6,Sunday,1,1,1,normal,1.0,78550,CASH,80000,1450,5
TRX-260126-04221,2026-01-26,08:06:00,2026-01-26 08:06:00,0,Monday,1,0,1,normal,1.0,9000,CASH,10000,1000,1
TRX-260126-04222,2026-01-26,21:36:00,2026-01-26 21:36:00,0,Monday,1,0,1,normal,1.0,21500,CASH,25000,3500,2
TRX-260126-04223,2026-01-26,14:53:00,2026-01-26 14:53:00,0,Monday,1,0,1,normal,1.0,9000,CASH,10000,1000,2
TRX-260126-04224,2026-01-26,20:16:00,2026-01-26 20:16:00,0,Monday,1,0,1,normal,1.0,13650,CASH,15000,1350,3
TRX-260126-04225,2026-01-26,21:17:00,2026-01-26 21:17:00,0,Monday,1,0,1,normal,1.0,26000,CASH,30000,4000,3
TRX-260126-04226,2026-01-26,15:55:00,2026-01-26 15:55:00,0,Monday,1,0,1,normal,1.0,1000,QRIS,1000,0,1
TRX-260126-04227,2026-01-26,06:32:00,2026-01-26 06:32:00,0,Monday,1,0,1,normal,1.0,69000,QRIS,69000,0,4
TRX-260126-04228,2026-01-26,13:56:00,2026-01-26 13:56:00,0,Monday,1,0,1,normal,1.0,53000,CASH,55000,2000,3
TRX-260126-04229,2026-01-26,15:01:00,2026-01-26 15:01:00,0,Monday,1,0,1,normal,1.0,6000,QRIS,6000,0,1
TRX-260126-04230,2026-01-26,17:19:00,2026-01-26 17:19:00,0,Monday,1,0,1,normal,1.0,16000,CASH,20000,4000,2
TRX-260126-04231,2026-01-26,12:43:00,2026-01-26 12:43:00,0,Monday,1,0,1,normal,1.0,4500,CASH,5000,500,1
TRX-260126-04232,2026-01-26,17:54:00,2026-01-26 17:54:00,0,Monday,1,0,1,normal,1.0,244000,CASH,245000,1000,4
TRX-260126-04233,2026-01-26,19:32:00,2026-01-26 19:32:00,0,Monday,1,0,1,normal,1.0,27000,CASH,30000,3000,2
TRX-260126-04234,2026-01-26,14:47:00,2026-01-26 14:47:00,0,Monday,1,0,1,normal,1.0,100000,CASH,105000,5000,3
TRX-260126-04235,2026-01-26,11:53:00,2026-01-26 11:53:00,0,Monday,1,0,1,normal,1.0,50000,QRIS,50000,0,2
TRX-260126-04236,2026-01-26,20:29:00,2026-01-26 20:29:00,0,Monday,1,0,1,normal,1.0,145500,CASH,150000,4500,3
TRX-260126-04237,2026-01-26,14:33:00,2026-01-26 14:33:00,0,Monday,1,0,1,normal,1.0,49000,QRIS,49000,0,4
TRX-260126-04238,2026-01-26,06:53:00,2026-01-26 06:53:00,0,Monday,1,0,1,normal,1.0,8000,TRANSFER,8000,0,2
TRX-260126-04239,2026-01-26,11:21:00,2026-01-26 11:21:00,0,Monday,1,0,1,normal,1.0,39000,CASH,40000,1000,2
TRX-260126-04240,2026-01-26,19:39:00,2026-01-26 19:39:00,0,Monday,1,0,1,normal,1.0,15000,QRIS,15000,0,2
TRX-260127-04241,2026-01-27,12:17:00,2026-01-27 12:17:00,1,Tuesday,1,0,1,normal,1.0,55000,CASH,60000,5000,3
TRX-260127-04242,2026-01-27,20:42:00,2026-01-27 20:42:00,1,Tuesday,1,0,1,normal,1.0,21000,CASH,25000,4000,2
TRX-260127-04243,2026-01-27,08:06:00,2026-01-27 08:06:00,1,Tuesday,1,0,1,normal,1.0,31000,CASH,35000,4000,5
TRX-260127-04244,2026-01-27,16:55:00,2026-01-27 16:55:00,1,Tuesday,1,0,1,normal,1.0,6000,CASH,10000,4000,1
TRX-260127-04245,2026-01-27,21:59:00,2026-01-27 21:59:00,1,Tuesday,1,0,1,normal,1.0,44000,CASH,45000,1000,3
TRX-260127-04246,2026-01-27,09:30:00,2026-01-27 09:30:00,1,Tuesday,1,0,1,normal,1.0,33000,CASH,35000,2000,2
TRX-260127-04247,2026-01-27,07:07:00,2026-01-27 07:07:00,1,Tuesday,1,0,1,normal,1.0,14000,CASH,15000,1000,2
TRX-260127-04248,2026-01-27,15:42:00,2026-01-27 15:42:00,1,Tuesday,1,0,1,normal,1.0,6000,TRANSFER,6000,0,1
TRX-260127-04249,2026-01-27,11:16:00,2026-01-27 11:16:00,1,Tuesday,1,0,1,normal,1.0,1500,QRIS,1500,0,1
TRX-260127-04250,2026-01-27,19:41:00,2026-01-27 19:41:00,1,Tuesday,1,0,1,normal,1.0,69000,CASH,70000,1000,3
TRX-260127-04251,2026-01-27,12:06:00,2026-01-27 12:06:00,1,Tuesday,1,0,1,normal,1.0,13500,CASH,15000,1500,2
TRX-260127-04252,2026-01-27,13:57:00,2026-01-27 13:57:00,1,Tuesday,1,0,1,normal,1.0,99800,CASH,100000,200,4
TRX-260127-04253,2026-01-27,15:06:00,2026-01-27 15:06:00,1,Tuesday,1,0,1,normal,1.0,51000,CASH,55000,4000,2
TRX-260127-04254,2026-01-27,07:55:00,2026-01-27 07:55:00,1,Tuesday,1,0,1,normal,1.0,8400,CASH,10000,1600,2
TRX-260127-04255,2026-01-27,19:24:00,2026-01-27 19:24:00,1,Tuesday,1,0,1,normal,1.0,22500,CASH,25000,2500,3
TRX-260128-04256,2026-01-28,10:00:00,2026-01-28 10:00:00,2,Wednesday,1,0,1,normal,1.0,33000,CASH,35000,2000,2
TRX-260128-04257,2026-01-28,13:53:00,2026-01-28 13:53:00,2,Wednesday,1,0,1,normal,1.0,29000,CASH,30000,1000,3
TRX-260128-04258,2026-01-28,13:53:00,2026-01-28 13:53:00,2,Wednesday,1,0,1,normal,1.0,88000,QRIS,88000,0,2
TRX-260128-04259,2026-01-28,07:29:00,2026-01-28 07:29:00,2,Wednesday,1,0,1,normal,1.0,8000,CASH,10000,2000,2
TRX-260128-04260,2026-01-28,07:50:00,2026-01-28 07:50:00,2,Wednesday,1,0,1,normal,1.0,14000,CASH,15000,1000,4
TRX-260128-04261,2026-01-28,16:52:00,2026-01-28 16:52:00,2,Wednesday,1,0,1,normal,1.0,31000,CASH,35000,4000,1
TRX-260128-04262,2026-01-28,10:00:00,2026-01-28 10:00:00,2,Wednesday,1,0,1,normal,1.0,22000,TRANSFER,22000,0,3
TRX-260128-04263,2026-01-28,11:19:00,2026-01-28 11:19:00,2,Wednesday,1,0,1,normal,1.0,35650,CASH,40000,4350,3
TRX-260128-04264,2026-01-28,16:10:00,2026-01-28 16:10:00,2,Wednesday,1,0,1,normal,1.0,25000,CASH,30000,5000,2
TRX-260128-04265,2026-01-28,15:23:00,2026-01-28 15:23:00,2,Wednesday,1,0,1,normal,1.0,76000,CASH,80000,4000,4
TRX-260128-04266,2026-01-28,17:32:00,2026-01-28 17:32:00,2,Wednesday,1,0,1,normal,1.0,17000,CASH,20000,3000,3
TRX-260128-04267,2026-01-28,08:08:00,2026-01-28 08:08:00,2,Wednesday,1,0,1,normal,1.0,53000,EWALLET,53000,0,3
TRX-260128-04268,2026-01-28,10:32:00,2026-01-28 10:32:00,2,Wednesday,1,0,1,normal,1.0,10000,QRIS,10000,0,2
TRX-260128-04269,2026-01-28,17:14:00,2026-01-28 17:14:00,2,Wednesday,1,0,1,normal,1.0,33500,CASH,35000,1500,3
TRX-260128-04270,2026-01-28,10:48:00,2026-01-28 10:48:00,2,Wednesday,1,0,1,normal,1.0,9000,CASH,10000,1000,2
TRX-260128-04271,2026-01-28,06:50:00,2026-01-28 06:50:00,2,Wednesday,1,0,1,normal,1.0,105000,CASH,110000,5000,2
TRX-260128-04272,2026-01-28,08:22:00,2026-01-28 08:22:00,2,Wednesday,1,0,1,normal,1.0,9000,CASH,10000,1000,2
TRX-260128-04273,2026-01-28,06:11:00,2026-01-28 06:11:00,2,Wednesday,1,0,1,normal,1.0,74000,CASH,75000,1000,4
TRX-260128-04274,2026-01-28,08:10:00,2026-01-28 08:10:00,2,Wednesday,1,0,1,normal,1.0,18000,CASH,20000,2000,2
TRX-260128-04275,2026-01-28,13:21:00,2026-01-28 13:21:00,2,Wednesday,1,0,1,normal,1.0,39700,CASH,40000,300,3
TRX-260128-04276,2026-01-28,17:06:00,2026-01-28 17:06:00,2,Wednesday,1,0,1,normal,1.0,7000,CASH,10000,3000,2
TRX-260129-04277,2026-01-29,15:02:00,2026-01-29 15:02:00,3,Thursday,1,0,1,normal,1.0,15500,CASH,20000,4500,2
TRX-260129-04278,2026-01-29,10:12:00,2026-01-29 10:12:00,3,Thursday,1,0,1,normal,1.0,28000,CASH,30000,2000,3
TRX-260129-04279,2026-01-29,19:56:00,2026-01-29 19:56:00,3,Thursday,1,0,1,normal,1.0,34000,CASH,35000,1000,2
TRX-260129-04280,2026-01-29,13:05:00,2026-01-29 13:05:00,3,Thursday,1,0,1,normal,1.0,94500,CASH,95000,500,3
TRX-260129-04281,2026-01-29,21:41:00,2026-01-29 21:41:00,3,Thursday,1,0,1,normal,1.0,10000,CASH,15000,5000,1
TRX-260129-04282,2026-01-29,16:17:00,2026-01-29 16:17:00,3,Thursday,1,0,1,normal,1.0,10050,CASH,15000,4950,2
TRX-260129-04283,2026-01-29,08:54:00,2026-01-29 08:54:00,3,Thursday,1,0,1,normal,1.0,22000,CASH,25000,3000,5
TRX-260129-04284,2026-01-29,14:52:00,2026-01-29 14:52:00,3,Thursday,1,0,1,normal,1.0,19000,CASH,20000,1000,3
TRX-260129-04285,2026-01-29,16:16:00,2026-01-29 16:16:00,3,Thursday,1,0,1,normal,1.0,10850,QRIS,10850,0,3
TRX-260129-04286,2026-01-29,16:42:00,2026-01-29 16:42:00,3,Thursday,1,0,1,normal,1.0,39500,CASH,40000,500,4
TRX-260129-04287,2026-01-29,19:12:00,2026-01-29 19:12:00,3,Thursday,1,0,1,normal,1.0,27000,QRIS,27000,0,1
TRX-260129-04288,2026-01-29,11:55:00,2026-01-29 11:55:00,3,Thursday,1,0,1,normal,1.0,167600,CASH,170000,2400,5
TRX-260129-04289,2026-01-29,20:47:00,2026-01-29 20:47:00,3,Thursday,1,0,1,normal,1.0,129200,QRIS,129200,0,1
TRX-260129-04290,2026-01-29,16:43:00,2026-01-29 16:43:00,3,Thursday,1,0,1,normal,1.0,81000,EWALLET,81000,0,2
TRX-260129-04291,2026-01-29,19:10:00,2026-01-29 19:10:00,3,Thursday,1,0,1,normal,1.0,46400,CASH,50000,3600,3
TRX-260129-04292,2026-01-29,08:01:00,2026-01-29 08:01:00,3,Thursday,1,0,1,normal,1.0,69000,CASH,70000,1000,3
TRX-260129-04293,2026-01-29,16:48:00,2026-01-29 16:48:00,3,Thursday,1,0,1,normal,1.0,6500,CASH,10000,3500,3
TRX-260129-04294,2026-01-29,21:24:00,2026-01-29 21:24:00,3,Thursday,1,0,1,normal,1.0,6500,QRIS,6500,0,2
TRX-260129-04295,2026-01-29,15:53:00,2026-01-29 15:53:00,3,Thursday,1,0,1,normal,1.0,34000,CASH,35000,1000,2
TRX-260130-04296,2026-01-30,08:21:00,2026-01-30 08:21:00,4,Friday,1,0,1,normal,1.0,27100,QRIS,27100,0,3
TRX-260130-04297,2026-01-30,10:48:00,2026-01-30 10:48:00,4,Friday,1,0,1,normal,1.0,6500,QRIS,6500,0,2
TRX-260130-04298,2026-01-30,11:15:00,2026-01-30 11:15:00,4,Friday,1,0,1,normal,1.0,222000,CASH,225000,3000,2
TRX-260130-04299,2026-01-30,17:58:00,2026-01-30 17:58:00,4,Friday,1,0,1,normal,1.0,34000,CASH,35000,1000,4
TRX-260130-04300,2026-01-30,11:56:00,2026-01-30 11:56:00,4,Friday,1,0,1,normal,1.0,6000,CASH,10000,4000,2
TRX-260130-04301,2026-01-30,08:04:00,2026-01-30 08:04:00,4,Friday,1,0,1,normal,1.0,14000,QRIS,14000,0,2
TRX-260130-04302,2026-01-30,12:58:00,2026-01-30 12:58:00,4,Friday,1,0,1,normal,1.0,14000,CASH,15000,1000,3
TRX-260130-04303,2026-01-30,13:20:00,2026-01-30 13:20:00,4,Friday,1,0,1,normal,1.0,5000,CASH,10000,5000,2
TRX-260130-04304,2026-01-30,13:35:00,2026-01-30 13:35:00,4,Friday,1,0,1,normal,1.0,35100,CASH,40000,4900,2
TRX-260130-04305,2026-01-30,10:09:00,2026-01-30 10:09:00,4,Friday,1,0,1,normal,1.0,23600,CASH,25000,1400,2
TRX-260130-04306,2026-01-30,10:56:00,2026-01-30 10:56:00,4,Friday,1,0,1,normal,1.0,58500,TRANSFER,58500,0,5
TRX-260130-04307,2026-01-30,19:10:00,2026-01-30 19:10:00,4,Friday,1,0,1,normal,1.0,15000,TRANSFER,15000,0,2
TRX-260130-04308,2026-01-30,10:31:00,2026-01-30 10:31:00,4,Friday,1,0,1,normal,1.0,26000,CASH,30000,4000,2
TRX-260130-04309,2026-01-30,19:24:00,2026-01-30 19:24:00,4,Friday,1,0,1,normal,1.0,16000,CASH,20000,4000,3
TRX-260130-04310,2026-01-30,14:08:00,2026-01-30 14:08:00,4,Friday,1,0,1,normal,1.0,99000,QRIS,99000,0,4
TRX-260130-04311,2026-01-30,17:22:00,2026-01-30 17:22:00,4,Friday,1,0,1,normal,1.0,15000,CASH,20000,5000,2
TRX-260130-04312,2026-01-30,09:01:00,2026-01-30 09:01:00,4,Friday,1,0,1,normal,1.0,11000,CASH,15000,4000,2
TRX-260130-04313,2026-01-30,14:24:00,2026-01-30 14:24:00,4,Friday,1,0,1,normal,1.0,54000,CASH,55000,1000,2
TRX-260130-04314,2026-01-30,14:02:00,2026-01-30 14:02:00,4,Friday,1,0,1,normal,1.0,179700,QRIS,179700,0,5
TRX-260130-04315,2026-01-30,10:53:00,2026-01-30 10:53:00,4,Friday,1,0,1,normal,1.0,107000,CASH,110000,3000,4
TRX-260130-04316,2026-01-30,13:09:00,2026-01-30 13:09:00,4,Friday,1,0,1,normal,1.0,9000,CASH,10000,1000,2
TRX-260130-04317,2026-01-30,08:44:00,2026-01-30 08:44:00,4,Friday,1,0,1,normal,1.0,12000,QRIS,12000,0,1
TRX-260130-04318,2026-01-30,17:58:00,2026-01-30 17:58:00,4,Friday,1,0,1,normal,1.0,89000,EWALLET,89000,0,4
TRX-260131-04319,2026-01-31,12:55:00,2026-01-31 12:55:00,5,Saturday,1,1,1,normal,1.0,22400,QRIS,22400,0,4
TRX-260131-04320,2026-01-31,20:35:00,2026-01-31 20:35:00,5,Saturday,1,1,1,normal,1.0,8850,CASH,10000,1150,3
TRX-260131-04321,2026-01-31,13:15:00,2026-01-31 13:15:00,5,Saturday,1,1,1,normal,1.0,67000,CASH,70000,3000,4
TRX-260131-04322,2026-01-31,21:48:00,2026-01-31 21:48:00,5,Saturday,1,1,1,normal,1.0,32500,CASH,35000,2500,5
TRX-260131-04323,2026-01-31,08:50:00,2026-01-31 08:50:00,5,Saturday,1,1,1,normal,1.0,62000,EWALLET,62000,0,2
TRX-260131-04324,2026-01-31,17:49:00,2026-01-31 17:49:00,5,Saturday,1,1,1,normal,1.0,3500,CASH,5000,1500,2
TRX-260131-04325,2026-01-31,06:57:00,2026-01-31 06:57:00,5,Saturday,1,1,1,normal,1.0,36000,CASH,40000,4000,3
TRX-260131-04326,2026-01-31,11:23:00,2026-01-31 11:23:00,5,Saturday,1,1,1,normal,1.0,26000,CASH,30000,4000,4
TRX-260131-04327,2026-01-31,13:52:00,2026-01-31 13:52:00,5,Saturday,1,1,1,normal,1.0,21000,QRIS,21000,0,2
TRX-260131-04328,2026-01-31,08:21:00,2026-01-31 08:21:00,5,Saturday,1,1,1,normal,1.0,4000,CASH,5000,1000,1
TRX-260131-04329,2026-01-31,14:58:00,2026-01-31 14:58:00,5,Saturday,1,1,1,normal,1.0,1500,CASH,5000,3500,1
TRX-260131-04330,2026-01-31,17:23:00,2026-01-31 17:23:00,5,Saturday,1,1,1,normal,1.0,6000,EWALLET,6000,0,2
TRX-260131-04331,2026-01-31,20:34:00,2026-01-31 20:34:00,5,Saturday,1,1,1,normal,1.0,6000,CASH,10000,4000,1
TRX-260131-04332,2026-01-31,12:52:00,2026-01-31 12:52:00,5,Saturday,1,1,1,normal,1.0,42000,CASH,45000,3000,2
TRX-260131-04333,2026-01-31,10:29:00,2026-01-31 10:29:00,5,Saturday,1,1,1,normal,1.0,48000,CASH,50000,2000,3
TRX-260131-04334,2026-01-31,07:05:00,2026-01-31 07:05:00,5,Saturday,1,1,1,normal,1.0,2000,CASH,5000,3000,1
TRX-260131-04335,2026-01-31,06:40:00,2026-01-31 06:40:00,5,Saturday,1,1,1,normal,1.0,14000,CASH,15000,1000,3
TRX-260131-04336,2026-01-31,18:19:00,2026-01-31 18:19:00,5,Saturday,1,1,1,normal,1.0,20500,CASH,25000,4500,3
TRX-260131-04337,2026-01-31,19:48:00,2026-01-31 19:48:00,5,Saturday,1,1,1,normal,1.0,15500,CASH,20000,4500,1
TRX-260131-04338,2026-01-31,17:14:00,2026-01-31 17:14:00,5,Saturday,1,1,1,normal,1.0,33550,CASH,35000,1450,2
TRX-260131-04339,2026-01-31,12:24:00,2026-01-31 12:24:00,5,Saturday,1,1,1,normal,1.0,264000,CASH,265000,1000,4
TRX-260131-04340,2026-01-31,07:38:00,2026-01-31 07:38:00,5,Saturday,1,1,1,normal,1.0,34000,QRIS,34000,0,3
TRX-260131-04341,2026-01-31,10:16:00,2026-01-31 10:16:00,5,Saturday,1,1,1,normal,1.0,12000,CASH,15000,3000,1
TRX-260131-04342,2026-01-31,13:05:00,2026-01-31 13:05:00,5,Saturday,1,1,1,normal,1.0,22500,CASH,25000,2500,4
TRX-260131-04343,2026-01-31,13:44:00,2026-01-31 13:44:00,5,Saturday,1,1,1,normal,1.0,8000,CASH,10000,2000,2
TRX-260131-04344,2026-01-31,14:24:00,2026-01-31 14:24:00,5,Saturday,1,1,1,normal,1.0,9000,CASH,10000,1000,2
TRX-260131-04345,2026-01-31,20:46:00,2026-01-31 20:46:00,5,Saturday,1,1,1,normal,1.0,39000,CASH,40000,1000,2
TRX-260131-04346,2026-01-31,19:10:00,2026-01-31 19:10:00,5,Saturday,1,1,1,normal,1.0,45500,CASH,50000,4500,4
TRX-260131-04347,2026-01-31,18:08:00,2026-01-31 18:08:00,5,Saturday,1,1,1,normal,1.0,1800,CASH,5000,3200,1
TRX-260131-04348,2026-01-31,15:49:00,2026-01-31 15:49:00,5,Saturday,1,1,1,normal,1.0,12000,CASH,15000,3000,3
TRX-260131-04349,2026-01-31,13:05:00,2026-01-31 13:05:00,5,Saturday,1,1,1,normal,1.0,45000,EWALLET,45000,0,2
TRX-260131-04350,2026-01-31,13:16:00,2026-01-31 13:16:00,5,Saturday,1,1,1,normal,1.0,13000,CASH,15000,2000,3
TRX-260131-04351,2026-01-31,10:09:00,2026-01-31 10:09:00,5,Saturday,1,1,1,normal,1.0,50000,CASH,55000,5000,2
TRX-260131-04352,2026-01-31,06:45:00,2026-01-31 06:45:00,5,Saturday,1,1,1,normal,1.0,36500,QRIS,36500,0,2
TRX-260131-04353,2026-01-31,18:26:00,2026-01-31 18:26:00,5,Saturday,1,1,1,normal,1.0,23000,QRIS,23000,0,2
TRX-260131-04354,2026-01-31,19:27:00,2026-01-31 19:27:00,5,Saturday,1,1,1,normal,1.0,72000,CASH,75000,3000,2
TRX-260201-04355,2026-02-01,15:09:00,2026-02-01 15:09:00,6,Sunday,2,1,1,normal,1.0,211000,CASH,215000,4000,3
TRX-260201-04356,2026-02-01,09:33:00,2026-02-01 09:33:00,6,Sunday,2,1,1,normal,1.0,8000,CASH,10000,2000,2
TRX-260201-04357,2026-02-01,16:24:00,2026-02-01 16:24:00,6,Sunday,2,1,1,normal,1.0,67500,CASH,70000,2500,4
TRX-260201-04358,2026-02-01,18:45:00,2026-02-01 18:45:00,6,Sunday,2,1,1,normal,1.0,40000,CASH,45000,5000,3
TRX-260201-04359,2026-02-01,18:02:00,2026-02-01 18:02:00,6,Sunday,2,1,1,normal,1.0,3600,CASH,5000,1400,1
TRX-260201-04360,2026-02-01,09:18:00,2026-02-01 09:18:00,6,Sunday,2,1,1,normal,1.0,143000,QRIS,143000,0,3
TRX-260201-04361,2026-02-01,11:01:00,2026-02-01 11:01:00,6,Sunday,2,1,1,normal,1.0,10000,CASH,15000,5000,1
TRX-260201-04362,2026-02-01,07:58:00,2026-02-01 07:58:00,6,Sunday,2,1,1,normal,1.0,23000,CASH,25000,2000,2
TRX-260201-04363,2026-02-01,14:19:00,2026-02-01 14:19:00,6,Sunday,2,1,1,normal,1.0,17600,CASH,20000,2400,2
TRX-260201-04364,2026-02-01,09:30:00,2026-02-01 09:30:00,6,Sunday,2,1,1,normal,1.0,44550,CASH,45000,450,3
TRX-260201-04365,2026-02-01,15:15:00,2026-02-01 15:15:00,6,Sunday,2,1,1,normal,1.0,14000,CASH,15000,1000,2
TRX-260201-04366,2026-02-01,07:47:00,2026-02-01 07:47:00,6,Sunday,2,1,1,normal,1.0,70500,CASH,75000,4500,5
TRX-260201-04367,2026-02-01,15:59:00,2026-02-01 15:59:00,6,Sunday,2,1,1,normal,1.0,35000,CASH,40000,5000,4
TRX-260201-04368,2026-02-01,12:10:00,2026-02-01 12:10:00,6,Sunday,2,1,1,normal,1.0,78000,CASH,80000,2000,2
TRX-260201-04369,2026-02-01,11:48:00,2026-02-01 11:48:00,6,Sunday,2,1,1,normal,1.0,143500,CASH,145000,1500,5
TRX-260201-04370,2026-02-01,11:09:00,2026-02-01 11:09:00,6,Sunday,2,1,1,normal,1.0,20500,CASH,25000,4500,4
TRX-260201-04371,2026-02-01,13:25:00,2026-02-01 13:25:00,6,Sunday,2,1,1,normal,1.0,38500,CASH,40000,1500,3
TRX-260201-04372,2026-02-01,09:41:00,2026-02-01 09:41:00,6,Sunday,2,1,1,normal,1.0,54000,CASH,55000,1000,2
TRX-260201-04373,2026-02-01,14:13:00,2026-02-01 14:13:00,6,Sunday,2,1,1,normal,1.0,24500,CASH,25000,500,2
TRX-260201-04374,2026-02-01,19:28:00,2026-02-01 19:28:00,6,Sunday,2,1,1,normal,1.0,8000,CASH,10000,2000,2
TRX-260201-04375,2026-02-01,12:19:00,2026-02-01 12:19:00,6,Sunday,2,1,1,normal,1.0,10000,CASH,15000,5000,2
TRX-260201-04376,2026-02-01,18:39:00,2026-02-01 18:39:00,6,Sunday,2,1,1,normal,1.0,14500,CASH,15000,500,3
TRX-260201-04377,2026-02-01,12:16:00,2026-02-01 12:16:00,6,Sunday,2,1,1,normal,1.0,68000,CASH,70000,2000,5
TRX-260201-04378,2026-02-01,21:52:00,2026-02-01 21:52:00,6,Sunday,2,1,1,normal,1.0,55500,CASH,60000,4500,2
TRX-260201-04379,2026-02-01,16:28:00,2026-02-01 16:28:00,6,Sunday,2,1,1,normal,1.0,38700,CASH,40000,1300,3
TRX-260201-04380,2026-02-01,08:13:00,2026-02-01 08:13:00,6,Sunday,2,1,1,normal,1.0,18000,CASH,20000,2000,2
TRX-260201-04381,2026-02-01,08:57:00,2026-02-01 08:57:00,6,Sunday,2,1,1,normal,1.0,1000,CASH,5000,4000,1
TRX-260201-04382,2026-02-01,16:30:00,2026-02-01 16:30:00,6,Sunday,2,1,1,normal,1.0,63000,CASH,65000,2000,3
TRX-260201-04383,2026-02-01,17:31:00,2026-02-01 17:31:00,6,Sunday,2,1,1,normal,1.0,1000,CASH,5000,4000,1
TRX-260201-04384,2026-02-01,07:57:00,2026-02-01 07:57:00,6,Sunday,2,1,1,normal,1.0,77000,CASH,80000,3000,4
TRX-260201-04385,2026-02-01,13:28:00,2026-02-01 13:28:00,6,Sunday,2,1,1,normal,1.0,26000,CASH,30000,4000,5
TRX-260201-04386,2026-02-01,13:02:00,2026-02-01 13:02:00,6,Sunday,2,1,1,normal,1.0,81000,CASH,85000,4000,2
TRX-260202-04387,2026-02-02,10:35:00,2026-02-02 10:35:00,0,Monday,2,0,1,normal,1.0,22000,CASH,25000,3000,2
TRX-260202-04388,2026-02-02,10:24:00,2026-02-02 10:24:00,0,Monday,2,0,1,normal,1.0,37000,CASH,40000,3000,3
TRX-260202-04389,2026-02-02,15:50:00,2026-02-02 15:50:00,0,Monday,2,0,1,normal,1.0,16000,CASH,20000,4000,2
TRX-260202-04390,2026-02-02,15:16:00,2026-02-02 15:16:00,0,Monday,2,0,1,normal,1.0,118400,CASH,120000,1600,5
TRX-260202-04391,2026-02-02,12:21:00,2026-02-02 12:21:00,0,Monday,2,0,1,normal,1.0,54000,CASH,55000,1000,1
TRX-260202-04392,2026-02-02,12:15:00,2026-02-02 12:15:00,0,Monday,2,0,1,normal,1.0,45000,CASH,50000,5000,1
TRX-260202-04393,2026-02-02,07:11:00,2026-02-02 07:11:00,0,Monday,2,0,1,normal,1.0,28000,QRIS,28000,0,2
TRX-260202-04394,2026-02-02,09:48:00,2026-02-02 09:48:00,0,Monday,2,0,1,normal,1.0,36000,EWALLET,36000,0,1
TRX-260202-04395,2026-02-02,08:24:00,2026-02-02 08:24:00,0,Monday,2,0,1,normal,1.0,34300,CASH,35000,700,3
TRX-260202-04396,2026-02-02,13:04:00,2026-02-02 13:04:00,0,Monday,2,0,1,normal,1.0,16000,CASH,20000,4000,3
TRX-260202-04397,2026-02-02,12:16:00,2026-02-02 12:16:00,0,Monday,2,0,1,normal,1.0,72000,CASH,75000,3000,4
TRX-260202-04398,2026-02-02,17:56:00,2026-02-02 17:56:00,0,Monday,2,0,1,normal,1.0,41000,CASH,45000,4000,2
TRX-260202-04399,2026-02-02,11:39:00,2026-02-02 11:39:00,0,Monday,2,0,1,normal,1.0,7000,CASH,10000,3000,2
TRX-260202-04400,2026-02-02,21:32:00,2026-02-02 21:32:00,0,Monday,2,0,1,normal,1.0,25000,CASH,30000,5000,3
TRX-260202-04401,2026-02-02,16:28:00,2026-02-02 16:28:00,0,Monday,2,0,1,normal,1.0,33500,QRIS,33500,0,3
TRX-260202-04402,2026-02-02,20:20:00,2026-02-02 20:20:00,0,Monday,2,0,1,normal,1.0,23000,CASH,25000,2000,3
TRX-260202-04403,2026-02-02,07:19:00,2026-02-02 07:19:00,0,Monday,2,0,1,normal,1.0,14000,CASH,15000,1000,2
TRX-260202-04404,2026-02-02,14:23:00,2026-02-02 14:23:00,0,Monday,2,0,1,normal,1.0,62000,CASH,65000,3000,2
TRX-260202-04405,2026-02-02,09:12:00,2026-02-02 09:12:00,0,Monday,2,0,1,normal,1.0,79000,CASH,80000,1000,3
TRX-260202-04406,2026-02-02,14:28:00,2026-02-02 14:28:00,0,Monday,2,0,1,normal,1.0,47500,CASH,50000,2500,4
TRX-260202-04407,2026-02-02,18:37:00,2026-02-02 18:37:00,0,Monday,2,0,1,normal,1.0,158000,CASH,160000,2000,3
TRX-260202-04408,2026-02-02,12:12:00,2026-02-02 12:12:00,0,Monday,2,0,1,normal,1.0,24250,QRIS,24250,0,3
TRX-260202-04409,2026-02-02,09:03:00,2026-02-02 09:03:00,0,Monday,2,0,1,normal,1.0,9000,CASH,10000,1000,2
TRX-260202-04410,2026-02-02,14:33:00,2026-02-02 14:33:00,0,Monday,2,0,1,normal,1.0,6000,CASH,10000,4000,1
TRX-260202-04411,2026-02-02,06:05:00,2026-02-02 06:05:00,0,Monday,2,0,1,normal,1.0,13000,QRIS,13000,0,2
TRX-260202-04412,2026-02-02,08:31:00,2026-02-02 08:31:00,0,Monday,2,0,1,normal,1.0,45000,CASH,50000,5000,2
TRX-260202-04413,2026-02-02,13:27:00,2026-02-02 13:27:00,0,Monday,2,0,1,normal,1.0,36000,CASH,40000,4000,4
TRX-260202-04414,2026-02-02,17:50:00,2026-02-02 17:50:00,0,Monday,2,0,1,normal,1.0,141000,TRANSFER,141000,0,3
TRX-260202-04415,2026-02-02,17:27:00,2026-02-02 17:27:00,0,Monday,2,0,1,normal,1.0,15500,TRANSFER,15500,0,3
TRX-260203-04416,2026-02-03,06:59:00,2026-02-03 06:59:00,1,Tuesday,2,0,1,normal,1.0,41000,CASH,45000,4000,5
TRX-260203-04417,2026-02-03,16:34:00,2026-02-03 16:34:00,1,Tuesday,2,0,1,normal,1.0,17000,CASH,20000,3000,3
TRX-260203-04418,2026-02-03,10:30:00,2026-02-03 10:30:00,1,Tuesday,2,0,1,normal,1.0,93000,CASH,95000,2000,2
TRX-260203-04419,2026-02-03,06:22:00,2026-02-03 06:22:00,1,Tuesday,2,0,1,normal,1.0,22000,CASH,25000,3000,3
TRX-260203-04420,2026-02-03,11:42:00,2026-02-03 11:42:00,1,Tuesday,2,0,1,normal,1.0,15500,CASH,20000,4500,3
TRX-260203-04421,2026-02-03,11:33:00,2026-02-03 11:33:00,1,Tuesday,2,0,1,normal,1.0,15500,CASH,20000,4500,1
TRX-260203-04422,2026-02-03,11:44:00,2026-02-03 11:44:00,1,Tuesday,2,0,1,normal,1.0,4000,CASH,5000,1000,2
TRX-260203-04423,2026-02-03,14:17:00,2026-02-03 14:17:00,1,Tuesday,2,0,1,normal,1.0,93000,CASH,95000,2000,2
TRX-260203-04424,2026-02-03,17:57:00,2026-02-03 17:57:00,1,Tuesday,2,0,1,normal,1.0,59000,CASH,60000,1000,3
TRX-260203-04425,2026-02-03,18:28:00,2026-02-03 18:28:00,1,Tuesday,2,0,1,normal,1.0,4000,CASH,5000,1000,2
TRX-260203-04426,2026-02-03,17:52:00,2026-02-03 17:52:00,1,Tuesday,2,0,1,normal,1.0,15500,CASH,20000,4500,3
TRX-260203-04427,2026-02-03,17:46:00,2026-02-03 17:46:00,1,Tuesday,2,0,1,normal,1.0,24600,CASH,25000,400,3
TRX-260203-04428,2026-02-03,08:52:00,2026-02-03 08:52:00,1,Tuesday,2,0,1,normal,1.0,33000,CASH,35000,2000,2
TRX-260203-04429,2026-02-03,11:51:00,2026-02-03 11:51:00,1,Tuesday,2,0,1,normal,1.0,28000,EWALLET,28000,0,2
TRX-260203-04430,2026-02-03,21:08:00,2026-02-03 21:08:00,1,Tuesday,2,0,1,normal,1.0,11000,CASH,15000,4000,3
TRX-260203-04431,2026-02-03,16:51:00,2026-02-03 16:51:00,1,Tuesday,2,0,1,normal,1.0,54000,CASH,55000,1000,3
TRX-260204-04432,2026-02-04,17:03:00,2026-02-04 17:03:00,2,Wednesday,2,0,1,normal,1.0,1000,CASH,5000,4000,1
TRX-260204-04433,2026-02-04,14:29:00,2026-02-04 14:29:00,2,Wednesday,2,0,1,normal,1.0,12825,CASH,15000,2175,2
TRX-260204-04434,2026-02-04,11:14:00,2026-02-04 11:14:00,2,Wednesday,2,0,1,normal,1.0,108000,TRANSFER,108000,0,1
TRX-260204-04435,2026-02-04,19:28:00,2026-02-04 19:28:00,2,Wednesday,2,0,1,normal,1.0,10500,TRANSFER,10500,0,3
TRX-260204-04436,2026-02-04,09:32:00,2026-02-04 09:32:00,2,Wednesday,2,0,1,normal,1.0,54000,CASH,55000,1000,1
TRX-260204-04437,2026-02-04,13:42:00,2026-02-04 13:42:00,2,Wednesday,2,0,1,normal,1.0,68000,CASH,70000,2000,1
TRX-260204-04438,2026-02-04,13:14:00,2026-02-04 13:14:00,2,Wednesday,2,0,1,normal,1.0,9000,QRIS,9000,0,2
TRX-260204-04439,2026-02-04,16:00:00,2026-02-04 16:00:00,2,Wednesday,2,0,1,normal,1.0,87000,QRIS,87000,0,1
TRX-260204-04440,2026-02-04,10:53:00,2026-02-04 10:53:00,2,Wednesday,2,0,1,normal,1.0,190000,CASH,195000,5000,4
TRX-260204-04441,2026-02-04,16:35:00,2026-02-04 16:35:00,2,Wednesday,2,0,1,normal,1.0,26000,CASH,30000,4000,4
TRX-260204-04442,2026-02-04,19:27:00,2026-02-04 19:27:00,2,Wednesday,2,0,1,normal,1.0,52000,CASH,55000,3000,3
TRX-260204-04443,2026-02-04,19:59:00,2026-02-04 19:59:00,2,Wednesday,2,0,1,normal,1.0,91000,CASH,95000,4000,5
TRX-260204-04444,2026-02-04,14:34:00,2026-02-04 14:34:00,2,Wednesday,2,0,1,normal,1.0,21000,CASH,25000,4000,3
TRX-260204-04445,2026-02-04,18:46:00,2026-02-04 18:46:00,2,Wednesday,2,0,1,normal,1.0,37000,QRIS,37000,0,2
TRX-260204-04446,2026-02-04,19:50:00,2026-02-04 19:50:00,2,Wednesday,2,0,1,normal,1.0,60000,QRIS,60000,0,2
TRX-260204-04447,2026-02-04,13:27:00,2026-02-04 13:27:00,2,Wednesday,2,0,1,normal,1.0,14000,CASH,15000,1000,2
TRX-260204-04448,2026-02-04,12:08:00,2026-02-04 12:08:00,2,Wednesday,2,0,1,normal,1.0,62000,CASH,65000,3000,2
TRX-260204-04449,2026-02-04,16:59:00,2026-02-04 16:59:00,2,Wednesday,2,0,1,normal,1.0,8000,QRIS,8000,0,2
TRX-260204-04450,2026-02-04,20:16:00,2026-02-04 20:16:00,2,Wednesday,2,0,1,normal,1.0,220000,CASH,225000,5000,4
TRX-260204-04451,2026-02-04,09:40:00,2026-02-04 09:40:00,2,Wednesday,2,0,1,normal,1.0,29000,QRIS,29000,0,2
TRX-260204-04452,2026-02-04,17:52:00,2026-02-04 17:52:00,2,Wednesday,2,0,1,normal,1.0,15000,CASH,20000,5000,2
TRX-260205-04453,2026-02-05,08:44:00,2026-02-05 08:44:00,3,Thursday,2,0,1,normal,1.0,77000,CASH,80000,3000,3
TRX-260205-04454,2026-02-05,18:19:00,2026-02-05 18:19:00,3,Thursday,2,0,1,normal,1.0,58000,CASH,60000,2000,4
TRX-260205-04455,2026-02-05,10:12:00,2026-02-05 10:12:00,3,Thursday,2,0,1,normal,1.0,28000,QRIS,28000,0,2
TRX-260205-04456,2026-02-05,16:44:00,2026-02-05 16:44:00,3,Thursday,2,0,1,normal,1.0,157000,CASH,160000,3000,4
TRX-260205-04457,2026-02-05,07:43:00,2026-02-05 07:43:00,3,Thursday,2,0,1,normal,1.0,81500,QRIS,81500,0,3
TRX-260205-04458,2026-02-05,19:55:00,2026-02-05 19:55:00,3,Thursday,2,0,1,normal,1.0,55700,CASH,60000,4300,3
TRX-260205-04459,2026-02-05,08:59:00,2026-02-05 08:59:00,3,Thursday,2,0,1,normal,1.0,10000,CASH,15000,5000,3
TRX-260205-04460,2026-02-05,08:11:00,2026-02-05 08:11:00,3,Thursday,2,0,1,normal,1.0,30000,EWALLET,30000,0,5
TRX-260205-04461,2026-02-05,12:01:00,2026-02-05 12:01:00,3,Thursday,2,0,1,normal,1.0,1500,CASH,5000,3500,1
TRX-260205-04462,2026-02-05,11:41:00,2026-02-05 11:41:00,3,Thursday,2,0,1,normal,1.0,7000,CASH,10000,3000,1
TRX-260205-04463,2026-02-05,13:51:00,2026-02-05 13:51:00,3,Thursday,2,0,1,normal,1.0,9000,QRIS,9000,0,1
TRX-260205-04464,2026-02-05,13:06:00,2026-02-05 13:06:00,3,Thursday,2,0,1,normal,1.0,23700,TRANSFER,23700,0,4
TRX-260205-04465,2026-02-05,16:12:00,2026-02-05 16:12:00,3,Thursday,2,0,1,normal,1.0,127250,TRANSFER,127250,0,5
TRX-260205-04466,2026-02-05,16:06:00,2026-02-05 16:06:00,3,Thursday,2,0,1,normal,1.0,40075,QRIS,40075,0,4
TRX-260205-04467,2026-02-05,19:06:00,2026-02-05 19:06:00,3,Thursday,2,0,1,normal,1.0,65500,QRIS,65500,0,4
TRX-260205-04468,2026-02-05,08:44:00,2026-02-05 08:44:00,3,Thursday,2,0,1,normal,1.0,29000,CASH,30000,1000,4
TRX-260205-04469,2026-02-05,10:59:00,2026-02-05 10:59:00,3,Thursday,2,0,1,normal,1.0,30000,CASH,35000,5000,4
TRX-260205-04470,2026-02-05,18:15:00,2026-02-05 18:15:00,3,Thursday,2,0,1,normal,1.0,18000,CASH,20000,2000,2
TRX-260205-04471,2026-02-05,11:10:00,2026-02-05 11:10:00,3,Thursday,2,0,1,normal,1.0,67500,CASH,70000,2500,3
TRX-260205-04472,2026-02-05,07:16:00,2026-02-05 07:16:00,3,Thursday,2,0,1,normal,1.0,1000,CASH,5000,4000,1
TRX-260205-04473,2026-02-05,14:34:00,2026-02-05 14:34:00,3,Thursday,2,0,1,normal,1.0,90000,CASH,95000,5000,3
TRX-260205-04474,2026-02-05,06:33:00,2026-02-05 06:33:00,3,Thursday,2,0,1,normal,1.0,60000,CASH,65000,5000,1
TRX-260205-04475,2026-02-05,16:56:00,2026-02-05 16:56:00,3,Thursday,2,0,1,normal,1.0,16500,TRANSFER,16500,0,2
TRX-260205-04476,2026-02-05,21:35:00,2026-02-05 21:35:00,3,Thursday,2,0,1,normal,1.0,22000,CASH,25000,3000,3
TRX-260205-04477,2026-02-05,13:39:00,2026-02-05 13:39:00,3,Thursday,2,0,1,normal,1.0,4000,CASH,5000,1000,1
TRX-260205-04478,2026-02-05,10:17:00,2026-02-05 10:17:00,3,Thursday,2,0,1,normal,1.0,8500,CASH,10000,1500,1
TRX-260205-04479,2026-02-05,11:48:00,2026-02-05 11:48:00,3,Thursday,2,0,1,normal,1.0,14000,CASH,15000,1000,2
TRX-260205-04480,2026-02-05,17:07:00,2026-02-05 17:07:00,3,Thursday,2,0,1,normal,1.0,88000,CASH,90000,2000,3
TRX-260206-04481,2026-02-06,11:28:00,2026-02-06 11:28:00,4,Friday,2,0,0,normal,1.0,7650,CASH,10000,2350,1
TRX-260206-04482,2026-02-06,12:11:00,2026-02-06 12:11:00,4,Friday,2,0,0,normal,1.0,60000,CASH,65000,5000,2
TRX-260206-04483,2026-02-06,13:18:00,2026-02-06 13:18:00,4,Friday,2,0,0,normal,1.0,23000,CASH,25000,2000,2
TRX-260206-04484,2026-02-06,11:27:00,2026-02-06 11:27:00,4,Friday,2,0,0,normal,1.0,99000,CASH,100000,1000,3
TRX-260206-04485,2026-02-06,09:02:00,2026-02-06 09:02:00,4,Friday,2,0,0,normal,1.0,15000,CASH,20000,5000,2
TRX-260206-04486,2026-02-06,16:31:00,2026-02-06 16:31:00,4,Friday,2,0,0,normal,1.0,48850,QRIS,48850,0,3
TRX-260206-04487,2026-02-06,19:10:00,2026-02-06 19:10:00,4,Friday,2,0,0,normal,1.0,111000,QRIS,111000,0,2
TRX-260206-04488,2026-02-06,19:15:00,2026-02-06 19:15:00,4,Friday,2,0,0,normal,1.0,9000,CASH,10000,1000,2
TRX-260206-04489,2026-02-06,18:19:00,2026-02-06 18:19:00,4,Friday,2,0,0,normal,1.0,64600,CASH,65000,400,1
TRX-260206-04490,2026-02-06,13:34:00,2026-02-06 13:34:00,4,Friday,2,0,0,normal,1.0,12000,CASH,15000,3000,1
TRX-260206-04491,2026-02-06,09:24:00,2026-02-06 09:24:00,4,Friday,2,0,0,normal,1.0,2000,EWALLET,2000,0,1
TRX-260206-04492,2026-02-06,15:43:00,2026-02-06 15:43:00,4,Friday,2,0,0,normal,1.0,4000,TRANSFER,4000,0,1
TRX-260206-04493,2026-02-06,16:32:00,2026-02-06 16:32:00,4,Friday,2,0,0,normal,1.0,63000,EWALLET,63000,0,2
TRX-260207-04494,2026-02-07,08:28:00,2026-02-07 08:28:00,5,Saturday,2,1,0,normal,1.0,3000,QRIS,3000,0,1
TRX-260207-04495,2026-02-07,19:46:00,2026-02-07 19:46:00,5,Saturday,2,1,0,normal,1.0,51000,CASH,55000,4000,2
TRX-260207-04496,2026-02-07,15:27:00,2026-02-07 15:27:00,5,Saturday,2,1,0,normal,1.0,144000,CASH,145000,1000,3
TRX-260207-04497,2026-02-07,08:19:00,2026-02-07 08:19:00,5,Saturday,2,1,0,normal,1.0,118000,QRIS,118000,0,4
TRX-260207-04498,2026-02-07,16:41:00,2026-02-07 16:41:00,5,Saturday,2,1,0,normal,1.0,30600,CASH,35000,4400,2
TRX-260207-04499,2026-02-07,09:25:00,2026-02-07 09:25:00,5,Saturday,2,1,0,normal,1.0,61000,CASH,65000,4000,4
TRX-260207-04500,2026-02-07,12:15:00,2026-02-07 12:15:00,5,Saturday,2,1,0,normal,1.0,50000,CASH,55000,5000,3
TRX-260207-04501,2026-02-07,19:33:00,2026-02-07 19:33:00,5,Saturday,2,1,0,normal,1.0,48000,CASH,50000,2000,4
TRX-260207-04502,2026-02-07,11:07:00,2026-02-07 11:07:00,5,Saturday,2,1,0,normal,1.0,4000,TRANSFER,4000,0,2
TRX-260207-04503,2026-02-07,14:56:00,2026-02-07 14:56:00,5,Saturday,2,1,0,normal,1.0,3000,QRIS,3000,0,1
TRX-260207-04504,2026-02-07,10:17:00,2026-02-07 10:17:00,5,Saturday,2,1,0,normal,1.0,10000,EWALLET,10000,0,2
TRX-260207-04505,2026-02-07,15:32:00,2026-02-07 15:32:00,5,Saturday,2,1,0,normal,1.0,16000,CASH,20000,4000,1
TRX-260207-04506,2026-02-07,08:28:00,2026-02-07 08:28:00,5,Saturday,2,1,0,normal,1.0,34000,CASH,35000,1000,3
TRX-260207-04507,2026-02-07,20:13:00,2026-02-07 20:13:00,5,Saturday,2,1,0,normal,1.0,2850,CASH,5000,2150,1
TRX-260207-04508,2026-02-07,07:00:00,2026-02-07 07:00:00,5,Saturday,2,1,0,normal,1.0,10000,CASH,15000,5000,2
TRX-260208-04509,2026-02-08,12:37:00,2026-02-08 12:37:00,6,Sunday,2,1,0,normal,1.0,17000,CASH,20000,3000,3
TRX-260208-04510,2026-02-08,12:01:00,2026-02-08 12:01:00,6,Sunday,2,1,0,normal,1.0,59500,CASH,60000,500,2
TRX-260208-04511,2026-02-08,11:10:00,2026-02-08 11:10:00,6,Sunday,2,1,0,normal,1.0,26500,CASH,30000,3500,4
TRX-260208-04512,2026-02-08,17:21:00,2026-02-08 17:21:00,6,Sunday,2,1,0,normal,1.0,139000,TRANSFER,139000,0,2
TRX-260208-04513,2026-02-08,13:32:00,2026-02-08 13:32:00,6,Sunday,2,1,0,normal,1.0,241000,CASH,245000,4000,3
TRX-260208-04514,2026-02-08,13:40:00,2026-02-08 13:40:00,6,Sunday,2,1,0,normal,1.0,98000,CASH,100000,2000,4
TRX-260208-04515,2026-02-08,16:10:00,2026-02-08 16:10:00,6,Sunday,2,1,0,normal,1.0,19500,CASH,20000,500,3
TRX-260208-04516,2026-02-08,17:50:00,2026-02-08 17:50:00,6,Sunday,2,1,0,normal,1.0,51500,CASH,55000,3500,5
TRX-260208-04517,2026-02-08,08:25:00,2026-02-08 08:25:00,6,Sunday,2,1,0,normal,1.0,8000,TRANSFER,8000,0,1
TRX-260208-04518,2026-02-08,21:42:00,2026-02-08 21:42:00,6,Sunday,2,1,0,normal,1.0,64500,CASH,65000,500,3
TRX-260208-04519,2026-02-08,09:07:00,2026-02-08 09:07:00,6,Sunday,2,1,0,normal,1.0,36000,CASH,40000,4000,2
TRX-260208-04520,2026-02-08,21:50:00,2026-02-08 21:50:00,6,Sunday,2,1,0,normal,1.0,31000,CASH,35000,4000,3
TRX-260208-04521,2026-02-08,11:37:00,2026-02-08 11:37:00,6,Sunday,2,1,0,normal,1.0,82000,CASH,85000,3000,3
TRX-260208-04522,2026-02-08,12:20:00,2026-02-08 12:20:00,6,Sunday,2,1,0,normal,1.0,2000,CASH,5000,3000,1
TRX-260209-04523,2026-02-09,21:29:00,2026-02-09 21:29:00,0,Monday,2,0,0,normal,1.0,1000,CASH,5000,4000,1
TRX-260209-04524,2026-02-09,16:22:00,2026-02-09 16:22:00,0,Monday,2,0,0,normal,1.0,21000,EWALLET,21000,0,2
TRX-260209-04525,2026-02-09,08:57:00,2026-02-09 08:57:00,0,Monday,2,0,0,normal,1.0,6000,CASH,10000,4000,2
TRX-260209-04526,2026-02-09,18:00:00,2026-02-09 18:00:00,0,Monday,2,0,0,normal,1.0,14000,EWALLET,14000,0,1
TRX-260209-04527,2026-02-09,16:54:00,2026-02-09 16:54:00,0,Monday,2,0,0,normal,1.0,12000,CASH,15000,3000,1
TRX-260209-04528,2026-02-09,16:02:00,2026-02-09 16:02:00,0,Monday,2,0,0,normal,1.0,18000,CASH,20000,2000,2
TRX-260209-04529,2026-02-09,21:50:00,2026-02-09 21:50:00,0,Monday,2,0,0,normal,1.0,10000,CASH,15000,5000,2
TRX-260209-04530,2026-02-09,20:47:00,2026-02-09 20:47:00,0,Monday,2,0,0,normal,1.0,15000,CASH,20000,5000,3
TRX-260209-04531,2026-02-09,09:45:00,2026-02-09 09:45:00,0,Monday,2,0,0,normal,1.0,20800,CASH,25000,4200,4
TRX-260209-04532,2026-02-09,13:29:00,2026-02-09 13:29:00,0,Monday,2,0,0,normal,1.0,1000,QRIS,1000,0,1
TRX-260209-04533,2026-02-09,19:53:00,2026-02-09 19:53:00,0,Monday,2,0,0,normal,1.0,4000,QRIS,4000,0,2
TRX-260209-04534,2026-02-09,09:34:00,2026-02-09 09:34:00,0,Monday,2,0,0,normal,1.0,21500,QRIS,21500,0,3
TRX-260209-04535,2026-02-09,11:23:00,2026-02-09 11:23:00,0,Monday,2,0,0,normal,1.0,75000,CASH,80000,5000,4
TRX-260209-04536,2026-02-09,16:30:00,2026-02-09 16:30:00,0,Monday,2,0,0,normal,1.0,43250,CASH,45000,1750,3
TRX-260209-04537,2026-02-09,09:11:00,2026-02-09 09:11:00,0,Monday,2,0,0,normal,1.0,1500,CASH,5000,3500,1
TRX-260209-04538,2026-02-09,10:13:00,2026-02-09 10:13:00,0,Monday,2,0,0,normal,1.0,7500,CASH,10000,2500,3
TRX-260210-04539,2026-02-10,09:39:00,2026-02-10 09:39:00,1,Tuesday,2,0,0,normal,1.0,71000,QRIS,71000,0,2
TRX-260210-04540,2026-02-10,18:27:00,2026-02-10 18:27:00,1,Tuesday,2,0,0,normal,1.0,117000,QRIS,117000,0,3
TRX-260210-04541,2026-02-10,07:02:00,2026-02-10 07:02:00,1,Tuesday,2,0,0,normal,1.0,7550,CASH,10000,2450,3
TRX-260210-04542,2026-02-10,12:51:00,2026-02-10 12:51:00,1,Tuesday,2,0,0,normal,1.0,41000,CASH,45000,4000,2
TRX-260210-04543,2026-02-10,13:45:00,2026-02-10 13:45:00,1,Tuesday,2,0,0,normal,1.0,34800,CASH,35000,200,4
TRX-260210-04544,2026-02-10,12:29:00,2026-02-10 12:29:00,1,Tuesday,2,0,0,normal,1.0,23000,CASH,25000,2000,2
TRX-260210-04545,2026-02-10,12:48:00,2026-02-10 12:48:00,1,Tuesday,2,0,0,normal,1.0,5000,QRIS,5000,0,1
TRX-260210-04546,2026-02-10,12:37:00,2026-02-10 12:37:00,1,Tuesday,2,0,0,normal,1.0,13000,CASH,15000,2000,2
TRX-260210-04547,2026-02-10,20:35:00,2026-02-10 20:35:00,1,Tuesday,2,0,0,normal,1.0,30000,CASH,35000,5000,2
TRX-260210-04548,2026-02-10,18:50:00,2026-02-10 18:50:00,1,Tuesday,2,0,0,normal,1.0,17000,CASH,20000,3000,2
TRX-260211-04549,2026-02-11,16:11:00,2026-02-11 16:11:00,2,Wednesday,2,0,0,normal,1.0,9000,CASH,10000,1000,1
TRX-260211-04550,2026-02-11,09:45:00,2026-02-11 09:45:00,2,Wednesday,2,0,0,normal,1.0,24000,CASH,25000,1000,1
TRX-260211-04551,2026-02-11,19:08:00,2026-02-11 19:08:00,2,Wednesday,2,0,0,normal,1.0,39000,CASH,40000,1000,2
TRX-260211-04552,2026-02-11,11:59:00,2026-02-11 11:59:00,2,Wednesday,2,0,0,normal,1.0,90200,CASH,95000,4800,4
TRX-260211-04553,2026-02-11,13:01:00,2026-02-11 13:01:00,2,Wednesday,2,0,0,normal,1.0,49000,CASH,50000,1000,2
TRX-260211-04554,2026-02-11,20:13:00,2026-02-11 20:13:00,2,Wednesday,2,0,0,normal,1.0,44000,CASH,45000,1000,3
TRX-260211-04555,2026-02-11,18:13:00,2026-02-11 18:13:00,2,Wednesday,2,0,0,normal,1.0,80500,CASH,85000,4500,4
TRX-260211-04556,2026-02-11,13:32:00,2026-02-11 13:32:00,2,Wednesday,2,0,0,normal,1.0,38000,CASH,40000,2000,2
TRX-260211-04557,2026-02-11,16:56:00,2026-02-11 16:56:00,2,Wednesday,2,0,0,normal,1.0,6000,TRANSFER,6000,0,2
TRX-260211-04558,2026-02-11,11:45:00,2026-02-11 11:45:00,2,Wednesday,2,0,0,normal,1.0,27000,CASH,30000,3000,4
TRX-260211-04559,2026-02-11,09:04:00,2026-02-11 09:04:00,2,Wednesday,2,0,0,normal,1.0,174000,CASH,175000,1000,5
TRX-260211-04560,2026-02-11,16:11:00,2026-02-11 16:11:00,2,Wednesday,2,0,0,normal,1.0,84000,TRANSFER,84000,0,2
TRX-260212-04561,2026-02-12,07:51:00,2026-02-12 07:51:00,3,Thursday,2,0,0,normal,1.0,93500,CASH,95000,1500,4
TRX-260212-04562,2026-02-12,16:18:00,2026-02-12 16:18:00,3,Thursday,2,0,0,normal,1.0,4000,CASH,5000,1000,2
TRX-260212-04563,2026-02-12,19:03:00,2026-02-12 19:03:00,3,Thursday,2,0,0,normal,1.0,15000,CASH,20000,5000,1
TRX-260212-04564,2026-02-12,10:27:00,2026-02-12 10:27:00,3,Thursday,2,0,0,normal,1.0,17550,TRANSFER,17550,0,3
TRX-260212-04565,2026-02-12,17:58:00,2026-02-12 17:58:00,3,Thursday,2,0,0,normal,1.0,36500,QRIS,36500,0,4
TRX-260212-04566,2026-02-12,19:53:00,2026-02-12 19:53:00,3,Thursday,2,0,0,normal,1.0,10800,CASH,15000,4200,2
TRX-260212-04567,2026-02-12,18:46:00,2026-02-12 18:46:00,3,Thursday,2,0,0,normal,1.0,6000,CASH,10000,4000,2
TRX-260212-04568,2026-02-12,09:46:00,2026-02-12 09:46:00,3,Thursday,2,0,0,normal,1.0,157200,CASH,160000,2800,4
TRX-260212-04569,2026-02-12,10:19:00,2026-02-12 10:19:00,3,Thursday,2,0,0,normal,1.0,33500,EWALLET,33500,0,3
TRX-260212-04570,2026-02-12,10:28:00,2026-02-12 10:28:00,3,Thursday,2,0,0,normal,1.0,24000,CASH,25000,1000,1
TRX-260212-04571,2026-02-12,07:55:00,2026-02-12 07:55:00,3,Thursday,2,0,0,normal,1.0,68000,QRIS,68000,0,5
TRX-260212-04572,2026-02-12,13:37:00,2026-02-12 13:37:00,3,Thursday,2,0,0,normal,1.0,9000,CASH,10000,1000,1
TRX-260212-04573,2026-02-12,09:52:00,2026-02-12 09:52:00,3,Thursday,2,0,0,normal,1.0,56000,CASH,60000,4000,2
TRX-260212-04574,2026-02-12,06:32:00,2026-02-12 06:32:00,3,Thursday,2,0,0,normal,1.0,49000,CASH,50000,1000,3
TRX-260212-04575,2026-02-12,08:41:00,2026-02-12 08:41:00,3,Thursday,2,0,0,normal,1.0,40000,CASH,45000,5000,2
TRX-260212-04576,2026-02-12,13:25:00,2026-02-12 13:25:00,3,Thursday,2,0,0,normal,1.0,59000,TRANSFER,59000,0,3
TRX-260212-04577,2026-02-12,18:11:00,2026-02-12 18:11:00,3,Thursday,2,0,0,normal,1.0,20000,CASH,25000,5000,4
TRX-260212-04578,2026-02-12,20:35:00,2026-02-12 20:35:00,3,Thursday,2,0,0,normal,1.0,42000,CASH,45000,3000,2
TRX-260213-04579,2026-02-13,18:23:00,2026-02-13 18:23:00,4,Friday,2,0,0,normal,1.0,12000,TRANSFER,12000,0,3
TRX-260213-04580,2026-02-13,10:47:00,2026-02-13 10:47:00,4,Friday,2,0,0,normal,1.0,140000,QRIS,140000,0,2
TRX-260213-04581,2026-02-13,10:07:00,2026-02-13 10:07:00,4,Friday,2,0,0,normal,1.0,37000,CASH,40000,3000,4
TRX-260213-04582,2026-02-13,13:27:00,2026-02-13 13:27:00,4,Friday,2,0,0,normal,1.0,24000,QRIS,24000,0,1
TRX-260213-04583,2026-02-13,13:11:00,2026-02-13 13:11:00,4,Friday,2,0,0,normal,1.0,58750,CASH,60000,1250,3
TRX-260213-04584,2026-02-13,13:41:00,2026-02-13 13:41:00,4,Friday,2,0,0,normal,1.0,49500,CASH,50000,500,4
TRX-260213-04585,2026-02-13,16:25:00,2026-02-13 16:25:00,4,Friday,2,0,0,normal,1.0,11000,QRIS,11000,0,2
TRX-260213-04586,2026-02-13,17:49:00,2026-02-13 17:49:00,4,Friday,2,0,0,normal,1.0,24000,CASH,25000,1000,2
TRX-260213-04587,2026-02-13,10:19:00,2026-02-13 10:19:00,4,Friday,2,0,0,normal,1.0,17000,QRIS,17000,0,2
TRX-260213-04588,2026-02-13,20:46:00,2026-02-13 20:46:00,4,Friday,2,0,0,normal,1.0,73500,CASH,75000,1500,5
TRX-260213-04589,2026-02-13,08:56:00,2026-02-13 08:56:00,4,Friday,2,0,0,normal,1.0,35000,CASH,40000,5000,3
TRX-260214-04590,2026-02-14,18:27:00,2026-02-14 18:27:00,5,Saturday,2,1,0,normal,1.0,27000,QRIS,27000,0,1
TRX-260214-04591,2026-02-14,09:43:00,2026-02-14 09:43:00,5,Saturday,2,1,0,normal,1.0,20400,CASH,25000,4600,1
TRX-260214-04592,2026-02-14,13:50:00,2026-02-14 13:50:00,5,Saturday,2,1,0,normal,1.0,57000,CASH,60000,3000,3
TRX-260214-04593,2026-02-14,15:13:00,2026-02-14 15:13:00,5,Saturday,2,1,0,normal,1.0,73500,CASH,75000,1500,4
TRX-260214-04594,2026-02-14,18:33:00,2026-02-14 18:33:00,5,Saturday,2,1,0,normal,1.0,117000,CASH,120000,3000,2
TRX-260214-04595,2026-02-14,16:42:00,2026-02-14 16:42:00,5,Saturday,2,1,0,normal,1.0,54000,CASH,55000,1000,2
TRX-260214-04596,2026-02-14,08:37:00,2026-02-14 08:37:00,5,Saturday,2,1,0,normal,1.0,6000,CASH,10000,4000,2
TRX-260214-04597,2026-02-14,10:59:00,2026-02-14 10:59:00,5,Saturday,2,1,0,normal,1.0,23500,CASH,25000,1500,4
TRX-260214-04598,2026-02-14,19:58:00,2026-02-14 19:58:00,5,Saturday,2,1,0,normal,1.0,33000,CASH,35000,2000,3
TRX-260214-04599,2026-02-14,10:55:00,2026-02-14 10:55:00,5,Saturday,2,1,0,normal,1.0,101000,CASH,105000,4000,4
TRX-260214-04600,2026-02-14,14:00:00,2026-02-14 14:00:00,5,Saturday,2,1,0,normal,1.0,17000,CASH,20000,3000,3
TRX-260214-04601,2026-02-14,08:46:00,2026-02-14 08:46:00,5,Saturday,2,1,0,normal,1.0,31000,CASH,35000,4000,4
TRX-260214-04602,2026-02-14,17:03:00,2026-02-14 17:03:00,5,Saturday,2,1,0,normal,1.0,14000,QRIS,14000,0,2
TRX-260214-04603,2026-02-14,17:33:00,2026-02-14 17:33:00,5,Saturday,2,1,0,normal,1.0,2000,TRANSFER,2000,0,1
TRX-260214-04604,2026-02-14,09:34:00,2026-02-14 09:34:00,5,Saturday,2,1,0,normal,1.0,8000,CASH,10000,2000,1
TRX-260214-04605,2026-02-14,09:29:00,2026-02-14 09:29:00,5,Saturday,2,1,0,normal,1.0,16500,CASH,20000,3500,2
TRX-260214-04606,2026-02-14,16:01:00,2026-02-14 16:01:00,5,Saturday,2,1,0,normal,1.0,3000,CASH,5000,2000,1
TRX-260214-04607,2026-02-14,13:18:00,2026-02-14 13:18:00,5,Saturday,2,1,0,normal,1.0,27000,CASH,30000,3000,2
TRX-260214-04608,2026-02-14,15:32:00,2026-02-14 15:32:00,5,Saturday,2,1,0,normal,1.0,79500,CASH,80000,500,3
TRX-260214-04609,2026-02-14,18:18:00,2026-02-14 18:18:00,5,Saturday,2,1,0,normal,1.0,132000,CASH,135000,3000,5
TRX-260214-04610,2026-02-14,15:12:00,2026-02-14 15:12:00,5,Saturday,2,1,0,normal,1.0,3600,CASH,5000,1400,1
TRX-260214-04611,2026-02-14,10:06:00,2026-02-14 10:06:00,5,Saturday,2,1,0,normal,1.0,76800,CASH,80000,3200,4
TRX-260215-04612,2026-02-15,16:36:00,2026-02-15 16:36:00,6,Sunday,2,1,0,normal,1.0,186000,CASH,190000,4000,4
TRX-260215-04613,2026-02-15,14:13:00,2026-02-15 14:13:00,6,Sunday,2,1,0,normal,1.0,41100,CASH,45000,3900,4
TRX-260215-04614,2026-02-15,17:34:00,2026-02-15 17:34:00,6,Sunday,2,1,0,normal,1.0,102000,CASH,105000,3000,2
TRX-260215-04615,2026-02-15,10:17:00,2026-02-15 10:17:00,6,Sunday,2,1,0,normal,1.0,78000,CASH,80000,2000,3
TRX-260215-04616,2026-02-15,17:32:00,2026-02-15 17:32:00,6,Sunday,2,1,0,normal,1.0,39000,CASH,40000,1000,3
TRX-260215-04617,2026-02-15,13:58:00,2026-02-15 13:58:00,6,Sunday,2,1,0,normal,1.0,49000,QRIS,49000,0,3
TRX-260215-04618,2026-02-15,10:04:00,2026-02-15 10:04:00,6,Sunday,2,1,0,normal,1.0,63000,CASH,65000,2000,3
TRX-260215-04619,2026-02-15,15:44:00,2026-02-15 15:44:00,6,Sunday,2,1,0,normal,1.0,49500,TRANSFER,49500,0,2
TRX-260215-04620,2026-02-15,10:48:00,2026-02-15 10:48:00,6,Sunday,2,1,0,normal,1.0,40000,CASH,45000,5000,4
TRX-260215-04621,2026-02-15,08:05:00,2026-02-15 08:05:00,6,Sunday,2,1,0,normal,1.0,18450,QRIS,18450,0,4
TRX-260215-04622,2026-02-15,14:56:00,2026-02-15 14:56:00,6,Sunday,2,1,0,normal,1.0,1000,QRIS,1000,0,1
TRX-260215-04623,2026-02-15,13:16:00,2026-02-15 13:16:00,6,Sunday,2,1,0,normal,1.0,27000,CASH,30000,3000,1
TRX-260215-04624,2026-02-15,09:03:00,2026-02-15 09:03:00,6,Sunday,2,1,0,normal,1.0,21000,CASH,25000,4000,3
TRX-260215-04625,2026-02-15,17:18:00,2026-02-15 17:18:00,6,Sunday,2,1,0,normal,1.0,42000,CASH,45000,3000,3
TRX-260215-04626,2026-02-15,18:29:00,2026-02-15 18:29:00,6,Sunday,2,1,0,normal,1.0,9000,CASH,10000,1000,1
TRX-260215-04627,2026-02-15,10:55:00,2026-02-15 10:55:00,6,Sunday,2,1,0,normal,1.0,2000,CASH,5000,3000,1
TRX-260215-04628,2026-02-15,14:10:00,2026-02-15 14:10:00,6,Sunday,2,1,0,normal,1.0,19000,CASH,20000,1000,2
TRX-260215-04629,2026-02-15,19:34:00,2026-02-15 19:34:00,6,Sunday,2,1,0,normal,1.0,2000,CASH,5000,3000,2
TRX-260215-04630,2026-02-15,20:57:00,2026-02-15 20:57:00,6,Sunday,2,1,0,normal,1.0,21500,CASH,25000,3500,2
TRX-260215-04631,2026-02-15,09:45:00,2026-02-15 09:45:00,6,Sunday,2,1,0,normal,1.0,17000,CASH,20000,3000,2
TRX-260215-04632,2026-02-15,10:14:00,2026-02-15 10:14:00,6,Sunday,2,1,0,normal,1.0,113700,QRIS,113700,0,2
TRX-260215-04633,2026-02-15,16:03:00,2026-02-15 16:03:00,6,Sunday,2,1,0,normal,1.0,20000,CASH,25000,5000,1
TRX-260215-04634,2026-02-15,13:41:00,2026-02-15 13:41:00,6,Sunday,2,1,0,normal,1.0,8000,TRANSFER,8000,0,1
TRX-260216-04635,2026-02-16,13:01:00,2026-02-16 13:01:00,0,Monday,2,0,0,normal,1.0,15000,CASH,20000,5000,2
TRX-260216-04636,2026-02-16,08:31:00,2026-02-16 08:31:00,0,Monday,2,0,0,normal,1.0,86000,QRIS,86000,0,2
TRX-260216-04637,2026-02-16,17:31:00,2026-02-16 17:31:00,0,Monday,2,0,0,normal,1.0,137500,QRIS,137500,0,3
TRX-260216-04638,2026-02-16,11:50:00,2026-02-16 11:50:00,0,Monday,2,0,0,normal,1.0,50000,TRANSFER,50000,0,3
TRX-260216-04639,2026-02-16,10:59:00,2026-02-16 10:59:00,0,Monday,2,0,0,normal,1.0,140500,CASH,145000,4500,4
TRX-260216-04640,2026-02-16,07:58:00,2026-02-16 07:58:00,0,Monday,2,0,0,normal,1.0,23000,QRIS,23000,0,2
TRX-260216-04641,2026-02-16,11:56:00,2026-02-16 11:56:00,0,Monday,2,0,0,normal,1.0,3000,TRANSFER,3000,0,1
TRX-260216-04642,2026-02-16,06:36:00,2026-02-16 06:36:00,0,Monday,2,0,0,normal,1.0,27000,CASH,30000,3000,2
TRX-260216-04643,2026-02-16,13:12:00,2026-02-16 13:12:00,0,Monday,2,0,0,normal,1.0,15700,CASH,20000,4300,3
TRX-260216-04644,2026-02-16,15:54:00,2026-02-16 15:54:00,0,Monday,2,0,0,normal,1.0,38700,CASH,40000,1300,4
TRX-260216-04645,2026-02-16,15:58:00,2026-02-16 15:58:00,0,Monday,2,0,0,normal,1.0,71600,CASH,75000,3400,5
TRX-260216-04646,2026-02-16,21:57:00,2026-02-16 21:57:00,0,Monday,2,0,0,normal,1.0,48000,QRIS,48000,0,1
TRX-260216-04647,2026-02-16,16:12:00,2026-02-16 16:12:00,0,Monday,2,0,0,normal,1.0,32300,CASH,35000,2700,2
TRX-260216-04648,2026-02-16,10:42:00,2026-02-16 10:42:00,0,Monday,2,0,0,normal,1.0,24000,CASH,25000,1000,3
TRX-260216-04649,2026-02-16,09:41:00,2026-02-16 09:41:00,0,Monday,2,0,0,normal,1.0,10000,CASH,15000,5000,1
TRX-260216-04650,2026-02-16,17:26:00,2026-02-16 17:26:00,0,Monday,2,0,0,normal,1.0,114000,CASH,115000,1000,2
TRX-260216-04651,2026-02-16,13:38:00,2026-02-16 13:38:00,0,Monday,2,0,0,normal,1.0,22000,CASH,25000,3000,3
TRX-260216-04652,2026-02-16,17:32:00,2026-02-16 17:32:00,0,Monday,2,0,0,normal,1.0,19000,QRIS,19000,0,3
TRX-260216-04653,2026-02-16,19:59:00,2026-02-16 19:59:00,0,Monday,2,0,0,normal,1.0,51000,QRIS,51000,0,3
TRX-260217-04654,2026-02-17,17:46:00,2026-02-17 17:46:00,1,Tuesday,2,0,0,normal,1.0,7500,CASH,10000,2500,2
TRX-260217-04655,2026-02-17,11:30:00,2026-02-17 11:30:00,1,Tuesday,2,0,0,normal,1.0,54000,CASH,55000,1000,2
TRX-260217-04656,2026-02-17,15:34:00,2026-02-17 15:34:00,1,Tuesday,2,0,0,normal,1.0,29000,CASH,30000,1000,1
TRX-260217-04657,2026-02-17,09:02:00,2026-02-17 09:02:00,1,Tuesday,2,0,0,normal,1.0,22200,CASH,25000,2800,2
TRX-260217-04658,2026-02-17,12:19:00,2026-02-17 12:19:00,1,Tuesday,2,0,0,normal,1.0,13500,CASH,15000,1500,3
TRX-260217-04659,2026-02-17,10:15:00,2026-02-17 10:15:00,1,Tuesday,2,0,0,normal,1.0,27000,CASH,30000,3000,3
TRX-260217-04660,2026-02-17,12:27:00,2026-02-17 12:27:00,1,Tuesday,2,0,0,normal,1.0,13400,TRANSFER,13400,0,2
TRX-260217-04661,2026-02-17,19:00:00,2026-02-17 19:00:00,1,Tuesday,2,0,0,normal,1.0,3000,CASH,5000,2000,1
TRX-260217-04662,2026-02-17,08:35:00,2026-02-17 08:35:00,1,Tuesday,2,0,0,normal,1.0,45000,QRIS,45000,0,1
TRX-260217-04663,2026-02-17,15:45:00,2026-02-17 15:45:00,1,Tuesday,2,0,0,normal,1.0,44000,CASH,45000,1000,3
TRX-260217-04664,2026-02-17,17:22:00,2026-02-17 17:22:00,1,Tuesday,2,0,0,normal,1.0,12000,CASH,15000,3000,1
TRX-260217-04665,2026-02-17,20:23:00,2026-02-17 20:23:00,1,Tuesday,2,0,0,normal,1.0,31000,QRIS,31000,0,2
TRX-260217-04666,2026-02-17,17:58:00,2026-02-17 17:58:00,1,Tuesday,2,0,0,normal,1.0,9000,CASH,10000,1000,1
TRX-260217-04667,2026-02-17,14:07:00,2026-02-17 14:07:00,1,Tuesday,2,0,0,normal,1.0,42900,CASH,45000,2100,3
TRX-260217-04668,2026-02-17,11:36:00,2026-02-17 11:36:00,1,Tuesday,2,0,0,normal,1.0,2000,CASH,5000,3000,1
TRX-260218-04669,2026-02-18,19:13:00,2026-02-18 19:13:00,2,Wednesday,2,0,0,ramadan,1.4,3000,CASH,5000,2000,1
TRX-260218-04670,2026-02-18,08:31:00,2026-02-18 08:31:00,2,Wednesday,2,0,0,ramadan,1.4,14000,EWALLET,14000,0,2
TRX-260218-04671,2026-02-18,14:47:00,2026-02-18 14:47:00,2,Wednesday,2,0,0,ramadan,1.4,48000,CASH,50000,2000,2
TRX-260218-04672,2026-02-18,19:41:00,2026-02-18 19:41:00,2,Wednesday,2,0,0,ramadan,1.4,108000,CASH,110000,2000,1
TRX-260218-04673,2026-02-18,15:53:00,2026-02-18 15:53:00,2,Wednesday,2,0,0,ramadan,1.4,13000,CASH,15000,2000,2
TRX-260218-04674,2026-02-18,14:05:00,2026-02-18 14:05:00,2,Wednesday,2,0,0,ramadan,1.4,54000,CASH,55000,1000,2
TRX-260218-04675,2026-02-18,20:05:00,2026-02-18 20:05:00,2,Wednesday,2,0,0,ramadan,1.4,91000,QRIS,91000,0,4
TRX-260218-04676,2026-02-18,08:08:00,2026-02-18 08:08:00,2,Wednesday,2,0,0,ramadan,1.4,2700,CASH,5000,2300,1
TRX-260218-04677,2026-02-18,08:53:00,2026-02-18 08:53:00,2,Wednesday,2,0,0,ramadan,1.4,20100,CASH,25000,4900,3
TRX-260218-04678,2026-02-18,11:05:00,2026-02-18 11:05:00,2,Wednesday,2,0,0,ramadan,1.4,29000,CASH,30000,1000,1
TRX-260218-04679,2026-02-18,11:21:00,2026-02-18 11:21:00,2,Wednesday,2,0,0,ramadan,1.4,7000,CASH,10000,3000,3
TRX-260218-04680,2026-02-18,08:22:00,2026-02-18 08:22:00,2,Wednesday,2,0,0,ramadan,1.4,78000,QRIS,78000,0,4
TRX-260218-04681,2026-02-18,17:21:00,2026-02-18 17:21:00,2,Wednesday,2,0,0,ramadan,1.4,15500,CASH,20000,4500,4
TRX-260218-04682,2026-02-18,13:02:00,2026-02-18 13:02:00,2,Wednesday,2,0,0,ramadan,1.4,71000,TRANSFER,71000,0,2
TRX-260218-04683,2026-02-18,11:34:00,2026-02-18 11:34:00,2,Wednesday,2,0,0,ramadan,1.4,9000,CASH,10000,1000,2
TRX-260219-04684,2026-02-19,07:55:00,2026-02-19 07:55:00,3,Thursday,2,0,0,ramadan,1.4,33000,CASH,35000,2000,4
TRX-260219-04685,2026-02-19,20:15:00,2026-02-19 20:15:00,3,Thursday,2,0,0,ramadan,1.4,38000,QRIS,38000,0,3
TRX-260219-04686,2026-02-19,18:07:00,2026-02-19 18:07:00,3,Thursday,2,0,0,ramadan,1.4,41000,CASH,45000,4000,3
TRX-260219-04687,2026-02-19,10:42:00,2026-02-19 10:42:00,3,Thursday,2,0,0,ramadan,1.4,57500,TRANSFER,57500,0,3
TRX-260219-04688,2026-02-19,11:10:00,2026-02-19 11:10:00,3,Thursday,2,0,0,ramadan,1.4,8000,CASH,10000,2000,2
TRX-260219-04689,2026-02-19,11:09:00,2026-02-19 11:09:00,3,Thursday,2,0,0,ramadan,1.4,16000,CASH,20000,4000,3
TRX-260219-04690,2026-02-19,09:54:00,2026-02-19 09:54:00,3,Thursday,2,0,0,ramadan,1.4,64000,EWALLET,64000,0,2
TRX-260219-04691,2026-02-19,15:28:00,2026-02-19 15:28:00,3,Thursday,2,0,0,ramadan,1.4,12000,CASH,15000,3000,1
TRX-260219-04692,2026-02-19,16:29:00,2026-02-19 16:29:00,3,Thursday,2,0,0,ramadan,1.4,28000,CASH,30000,2000,4
TRX-260219-04693,2026-02-19,10:46:00,2026-02-19 10:46:00,3,Thursday,2,0,0,ramadan,1.4,81000,EWALLET,81000,0,2
TRX-260219-04694,2026-02-19,12:34:00,2026-02-19 12:34:00,3,Thursday,2,0,0,ramadan,1.4,16000,CASH,20000,4000,2
TRX-260219-04695,2026-02-19,20:39:00,2026-02-19 20:39:00,3,Thursday,2,0,0,ramadan,1.4,62400,CASH,65000,2600,3
TRX-260219-04696,2026-02-19,19:58:00,2026-02-19 19:58:00,3,Thursday,2,0,0,ramadan,1.4,48000,CASH,50000,2000,2
TRX-260219-04697,2026-02-19,09:34:00,2026-02-19 09:34:00,3,Thursday,2,0,0,ramadan,1.4,52500,CASH,55000,2500,2
TRX-260219-04698,2026-02-19,17:23:00,2026-02-19 17:23:00,3,Thursday,2,0,0,ramadan,1.4,45100,CASH,50000,4900,4
TRX-260220-04699,2026-02-20,13:53:00,2026-02-20 13:53:00,4,Friday,2,0,0,ramadan,1.4,1500,CASH,5000,3500,1
TRX-260220-04700,2026-02-20,12:13:00,2026-02-20 12:13:00,4,Friday,2,0,0,ramadan,1.4,50550,CASH,55000,4450,2
TRX-260220-04701,2026-02-20,08:39:00,2026-02-20 08:39:00,4,Friday,2,0,0,ramadan,1.4,36000,QRIS,36000,0,4
TRX-260220-04702,2026-02-20,08:46:00,2026-02-20 08:46:00,4,Friday,2,0,0,ramadan,1.4,6000,CASH,10000,4000,1
TRX-260220-04703,2026-02-20,20:44:00,2026-02-20 20:44:00,4,Friday,2,0,0,ramadan,1.4,27000,CASH,30000,3000,2
TRX-260220-04704,2026-02-20,07:12:00,2026-02-20 07:12:00,4,Friday,2,0,0,ramadan,1.4,167000,CASH,170000,3000,4
TRX-260220-04705,2026-02-20,16:53:00,2026-02-20 16:53:00,4,Friday,2,0,0,ramadan,1.4,116850,QRIS,116850,0,4
TRX-260220-04706,2026-02-20,19:23:00,2026-02-20 19:23:00,4,Friday,2,0,0,ramadan,1.4,75000,CASH,80000,5000,2
TRX-260220-04707,2026-02-20,13:16:00,2026-02-20 13:16:00,4,Friday,2,0,0,ramadan,1.4,48000,CASH,50000,2000,4
TRX-260220-04708,2026-02-20,09:37:00,2026-02-20 09:37:00,4,Friday,2,0,0,ramadan,1.4,54000,CASH,55000,1000,2
TRX-260220-04709,2026-02-20,15:35:00,2026-02-20 15:35:00,4,Friday,2,0,0,ramadan,1.4,2000,QRIS,2000,0,1
TRX-260220-04710,2026-02-20,10:56:00,2026-02-20 10:56:00,4,Friday,2,0,0,ramadan,1.4,11000,CASH,15000,4000,2
TRX-260220-04711,2026-02-20,11:00:00,2026-02-20 11:00:00,4,Friday,2,0,0,ramadan,1.4,81000,CASH,85000,4000,1
TRX-260220-04712,2026-02-20,08:11:00,2026-02-20 08:11:00,4,Friday,2,0,0,ramadan,1.4,63000,QRIS,63000,0,2
TRX-260220-04713,2026-02-20,18:02:00,2026-02-20 18:02:00,4,Friday,2,0,0,ramadan,1.4,62000,CASH,65000,3000,2
TRX-260220-04714,2026-02-20,12:46:00,2026-02-20 12:46:00,4,Friday,2,0,0,ramadan,1.4,21000,CASH,25000,4000,2
TRX-260220-04715,2026-02-20,17:22:00,2026-02-20 17:22:00,4,Friday,2,0,0,ramadan,1.4,103000,CASH,105000,2000,5
TRX-260221-04716,2026-02-21,18:55:00,2026-02-21 18:55:00,5,Saturday,2,1,0,ramadan,1.4,37500,CASH,40000,2500,4
TRX-260221-04717,2026-02-21,06:33:00,2026-02-21 06:33:00,5,Saturday,2,1,0,ramadan,1.4,57650,CASH,60000,2350,3
TRX-260221-04718,2026-02-21,11:40:00,2026-02-21 11:40:00,5,Saturday,2,1,0,ramadan,1.4,72000,EWALLET,72000,0,2
TRX-260221-04719,2026-02-21,16:35:00,2026-02-21 16:35:00,5,Saturday,2,1,0,ramadan,1.4,16000,CASH,20000,4000,2
TRX-260221-04720,2026-02-21,12:34:00,2026-02-21 12:34:00,5,Saturday,2,1,0,ramadan,1.4,57000,CASH,60000,3000,2
TRX-260221-04721,2026-02-21,19:39:00,2026-02-21 19:39:00,5,Saturday,2,1,0,ramadan,1.4,24000,CASH,25000,1000,1
TRX-260221-04722,2026-02-21,08:14:00,2026-02-21 08:14:00,5,Saturday,2,1,0,ramadan,1.4,30000,CASH,35000,5000,3
TRX-260221-04723,2026-02-21,18:09:00,2026-02-21 18:09:00,5,Saturday,2,1,0,ramadan,1.4,45000,CASH,50000,5000,3
TRX-260221-04724,2026-02-21,07:05:00,2026-02-21 07:05:00,5,Saturday,2,1,0,ramadan,1.4,8000,CASH,10000,2000,1
TRX-260221-04725,2026-02-21,17:29:00,2026-02-21 17:29:00,5,Saturday,2,1,0,ramadan,1.4,9000,EWALLET,9000,0,1
TRX-260221-04726,2026-02-21,19:59:00,2026-02-21 19:59:00,5,Saturday,2,1,0,ramadan,1.4,31500,CASH,35000,3500,3
TRX-260221-04727,2026-02-21,16:41:00,2026-02-21 16:41:00,5,Saturday,2,1,0,ramadan,1.4,31000,QRIS,31000,0,3
TRX-260221-04728,2026-02-21,10:19:00,2026-02-21 10:19:00,5,Saturday,2,1,0,ramadan,1.4,17000,CASH,20000,3000,3
TRX-260221-04729,2026-02-21,13:02:00,2026-02-21 13:02:00,5,Saturday,2,1,0,ramadan,1.4,6000,CASH,10000,4000,1
TRX-260221-04730,2026-02-21,08:17:00,2026-02-21 08:17:00,5,Saturday,2,1,0,ramadan,1.4,36000,CASH,40000,4000,3
TRX-260221-04731,2026-02-21,10:37:00,2026-02-21 10:37:00,5,Saturday,2,1,0,ramadan,1.4,12000,QRIS,12000,0,1
TRX-260221-04732,2026-02-21,15:59:00,2026-02-21 15:59:00,5,Saturday,2,1,0,ramadan,1.4,7850,CASH,10000,2150,2
TRX-260221-04733,2026-02-21,16:44:00,2026-02-21 16:44:00,5,Saturday,2,1,0,ramadan,1.4,41000,CASH,45000,4000,3
TRX-260221-04734,2026-02-21,13:34:00,2026-02-21 13:34:00,5,Saturday,2,1,0,ramadan,1.4,6000,CASH,10000,4000,1
TRX-260221-04735,2026-02-21,14:09:00,2026-02-21 14:09:00,5,Saturday,2,1,0,ramadan,1.4,5000,CASH,10000,5000,2
TRX-260221-04736,2026-02-21,11:46:00,2026-02-21 11:46:00,5,Saturday,2,1,0,ramadan,1.4,39000,CASH,40000,1000,3
TRX-260222-04737,2026-02-22,15:42:00,2026-02-22 15:42:00,6,Sunday,2,1,0,ramadan,1.4,42000,CASH,45000,3000,4
TRX-260222-04738,2026-02-22,18:51:00,2026-02-22 18:51:00,6,Sunday,2,1,0,ramadan,1.4,27000,CASH,30000,3000,2
TRX-260222-04739,2026-02-22,10:05:00,2026-02-22 10:05:00,6,Sunday,2,1,0,ramadan,1.4,48500,QRIS,48500,0,3
TRX-260222-04740,2026-02-22,14:22:00,2026-02-22 14:22:00,6,Sunday,2,1,0,ramadan,1.4,44000,QRIS,44000,0,2
TRX-260222-04741,2026-02-22,08:21:00,2026-02-22 08:21:00,6,Sunday,2,1,0,ramadan,1.4,12000,CASH,15000,3000,1
TRX-260222-04742,2026-02-22,10:43:00,2026-02-22 10:43:00,6,Sunday,2,1,0,ramadan,1.4,56000,EWALLET,56000,0,4
TRX-260222-04743,2026-02-22,14:32:00,2026-02-22 14:32:00,6,Sunday,2,1,0,ramadan,1.4,111000,CASH,115000,4000,2
TRX-260222-04744,2026-02-22,20:33:00,2026-02-22 20:33:00,6,Sunday,2,1,0,ramadan,1.4,25200,CASH,30000,4800,3
TRX-260222-04745,2026-02-22,09:09:00,2026-02-22 09:09:00,6,Sunday,2,1,0,ramadan,1.4,7000,EWALLET,7000,0,2
TRX-260222-04746,2026-02-22,13:56:00,2026-02-22 13:56:00,6,Sunday,2,1,0,ramadan,1.4,45000,QRIS,45000,0,3
TRX-260222-04747,2026-02-22,20:47:00,2026-02-22 20:47:00,6,Sunday,2,1,0,ramadan,1.4,78000,CASH,80000,2000,4
TRX-260222-04748,2026-02-22,12:21:00,2026-02-22 12:21:00,6,Sunday,2,1,0,ramadan,1.4,5000,CASH,10000,5000,2
TRX-260222-04749,2026-02-22,11:13:00,2026-02-22 11:13:00,6,Sunday,2,1,0,ramadan,1.4,83400,QRIS,83400,0,3
TRX-260222-04750,2026-02-22,12:07:00,2026-02-22 12:07:00,6,Sunday,2,1,0,ramadan,1.4,32000,CASH,35000,3000,3
TRX-260222-04751,2026-02-22,17:00:00,2026-02-22 17:00:00,6,Sunday,2,1,0,ramadan,1.4,140400,CASH,145000,4600,2
TRX-260222-04752,2026-02-22,16:02:00,2026-02-22 16:02:00,6,Sunday,2,1,0,ramadan,1.4,10000,CASH,15000,5000,2
TRX-260222-04753,2026-02-22,12:45:00,2026-02-22 12:45:00,6,Sunday,2,1,0,ramadan,1.4,16000,QRIS,16000,0,3
TRX-260222-04754,2026-02-22,08:14:00,2026-02-22 08:14:00,6,Sunday,2,1,0,ramadan,1.4,2350,CASH,5000,2650,2
TRX-260222-04755,2026-02-22,17:13:00,2026-02-22 17:13:00,6,Sunday,2,1,0,ramadan,1.4,22000,CASH,25000,3000,2
TRX-260222-04756,2026-02-22,19:13:00,2026-02-22 19:13:00,6,Sunday,2,1,0,ramadan,1.4,82000,CASH,85000,3000,3
TRX-260222-04757,2026-02-22,08:13:00,2026-02-22 08:13:00,6,Sunday,2,1,0,ramadan,1.4,11900,CASH,15000,3100,2
TRX-260222-04758,2026-02-22,20:45:00,2026-02-22 20:45:00,6,Sunday,2,1,0,ramadan,1.4,21000,CASH,25000,4000,2
TRX-260222-04759,2026-02-22,12:27:00,2026-02-22 12:27:00,6,Sunday,2,1,0,ramadan,1.4,34950,CASH,35000,50,3
TRX-260222-04760,2026-02-22,09:15:00,2026-02-22 09:15:00,6,Sunday,2,1,0,ramadan,1.4,51000,CASH,55000,4000,3
TRX-260222-04761,2026-02-22,19:26:00,2026-02-22 19:26:00,6,Sunday,2,1,0,ramadan,1.4,12000,CASH,15000,3000,1
TRX-260222-04762,2026-02-22,08:25:00,2026-02-22 08:25:00,6,Sunday,2,1,0,ramadan,1.4,20000,QRIS,20000,0,3
TRX-260222-04763,2026-02-22,13:45:00,2026-02-22 13:45:00,6,Sunday,2,1,0,ramadan,1.4,57750,CASH,60000,2250,4
TRX-260222-04764,2026-02-22,17:09:00,2026-02-22 17:09:00,6,Sunday,2,1,0,ramadan,1.4,62000,CASH,65000,3000,3
TRX-260222-04765,2026-02-22,08:32:00,2026-02-22 08:32:00,6,Sunday,2,1,0,ramadan,1.4,20550,CASH,25000,4450,4
TRX-260222-04766,2026-02-22,15:32:00,2026-02-22 15:32:00,6,Sunday,2,1,0,ramadan,1.4,56000,CASH,60000,4000,3
TRX-260222-04767,2026-02-22,15:51:00,2026-02-22 15:51:00,6,Sunday,2,1,0,ramadan,1.4,1500,TRANSFER,1500,0,1
TRX-260222-04768,2026-02-22,09:54:00,2026-02-22 09:54:00,6,Sunday,2,1,0,ramadan,1.4,7000,CASH,10000,3000,2
TRX-260222-04769,2026-02-22,18:18:00,2026-02-22 18:18:00,6,Sunday,2,1,0,ramadan,1.4,93000,QRIS,93000,0,2
TRX-260222-04770,2026-02-22,12:44:00,2026-02-22 12:44:00,6,Sunday,2,1,0,ramadan,1.4,85950,CASH,90000,4050,2
TRX-260223-04771,2026-02-23,11:45:00,2026-02-23 11:45:00,0,Monday,2,0,0,ramadan,1.4,28500,QRIS,28500,0,3
TRX-260223-04772,2026-02-23,09:03:00,2026-02-23 09:03:00,0,Monday,2,0,0,ramadan,1.4,13500,CASH,15000,1500,2
TRX-260223-04773,2026-02-23,19:53:00,2026-02-23 19:53:00,0,Monday,2,0,0,ramadan,1.4,34600,CASH,35000,400,3
TRX-260223-04774,2026-02-23,15:21:00,2026-02-23 15:21:00,0,Monday,2,0,0,ramadan,1.4,60500,CASH,65000,4500,3
TRX-260223-04775,2026-02-23,14:52:00,2026-02-23 14:52:00,0,Monday,2,0,0,ramadan,1.4,33000,CASH,35000,2000,2
TRX-260223-04776,2026-02-23,10:12:00,2026-02-23 10:12:00,0,Monday,2,0,0,ramadan,1.4,14850,CASH,15000,150,2
TRX-260223-04777,2026-02-23,10:13:00,2026-02-23 10:13:00,0,Monday,2,0,0,ramadan,1.4,8000,QRIS,8000,0,2
TRX-260223-04778,2026-02-23,18:50:00,2026-02-23 18:50:00,0,Monday,2,0,0,ramadan,1.4,15000,TRANSFER,15000,0,1
TRX-260223-04779,2026-02-23,09:25:00,2026-02-23 09:25:00,0,Monday,2,0,0,ramadan,1.4,41000,CASH,45000,4000,4
TRX-260223-04780,2026-02-23,11:20:00,2026-02-23 11:20:00,0,Monday,2,0,0,ramadan,1.4,7000,CASH,10000,3000,2
TRX-260223-04781,2026-02-23,10:56:00,2026-02-23 10:56:00,0,Monday,2,0,0,ramadan,1.4,24000,TRANSFER,24000,0,1
TRX-260223-04782,2026-02-23,13:23:00,2026-02-23 13:23:00,0,Monday,2,0,0,ramadan,1.4,95000,QRIS,95000,0,3
TRX-260223-04783,2026-02-23,18:17:00,2026-02-23 18:17:00,0,Monday,2,0,0,ramadan,1.4,18500,QRIS,18500,0,3
TRX-260223-04784,2026-02-23,10:33:00,2026-02-23 10:33:00,0,Monday,2,0,0,ramadan,1.4,6000,CASH,10000,4000,2
TRX-260223-04785,2026-02-23,09:40:00,2026-02-23 09:40:00,0,Monday,2,0,0,ramadan,1.4,128000,CASH,130000,2000,3
TRX-260223-04786,2026-02-23,18:49:00,2026-02-23 18:49:00,0,Monday,2,0,0,ramadan,1.4,21000,CASH,25000,4000,3
TRX-260223-04787,2026-02-23,07:29:00,2026-02-23 07:29:00,0,Monday,2,0,0,ramadan,1.4,28500,CASH,30000,1500,3
TRX-260223-04788,2026-02-23,14:51:00,2026-02-23 14:51:00,0,Monday,2,0,0,ramadan,1.4,10000,CASH,15000,5000,2
TRX-260223-04789,2026-02-23,11:14:00,2026-02-23 11:14:00,0,Monday,2,0,0,ramadan,1.4,19000,TRANSFER,19000,0,3
TRX-260223-04790,2026-02-23,08:11:00,2026-02-23 08:11:00,0,Monday,2,0,0,ramadan,1.4,67400,CASH,70000,2600,5
TRX-260223-04791,2026-02-23,10:42:00,2026-02-23 10:42:00,0,Monday,2,0,0,ramadan,1.4,23000,CASH,25000,2000,2
TRX-260223-04792,2026-02-23,15:59:00,2026-02-23 15:59:00,0,Monday,2,0,0,ramadan,1.4,63000,CASH,65000,2000,3
TRX-260223-04793,2026-02-23,10:57:00,2026-02-23 10:57:00,0,Monday,2,0,0,ramadan,1.4,43000,TRANSFER,43000,0,3
TRX-260223-04794,2026-02-23,16:52:00,2026-02-23 16:52:00,0,Monday,2,0,0,ramadan,1.4,12000,QRIS,12000,0,2
TRX-260223-04795,2026-02-23,18:55:00,2026-02-23 18:55:00,0,Monday,2,0,0,ramadan,1.4,46000,CASH,50000,4000,2
TRX-260224-04796,2026-02-24,09:24:00,2026-02-24 09:24:00,1,Tuesday,2,0,0,ramadan,1.4,34600,TRANSFER,34600,0,2
TRX-260224-04797,2026-02-24,06:01:00,2026-02-24 06:01:00,1,Tuesday,2,0,0,ramadan,1.4,3000,CASH,5000,2000,1
TRX-260224-04798,2026-02-24,08:41:00,2026-02-24 08:41:00,1,Tuesday,2,0,0,ramadan,1.4,4000,CASH,5000,1000,2
TRX-260224-04799,2026-02-24,10:32:00,2026-02-24 10:32:00,1,Tuesday,2,0,0,ramadan,1.4,38000,TRANSFER,38000,0,2
TRX-260224-04800,2026-02-24,19:21:00,2026-02-24 19:21:00,1,Tuesday,2,0,0,ramadan,1.4,129500,CASH,130000,500,4
TRX-260224-04801,2026-02-24,14:49:00,2026-02-24 14:49:00,1,Tuesday,2,0,0,ramadan,1.4,4000,QRIS,4000,0,1
TRX-260224-04802,2026-02-24,11:14:00,2026-02-24 11:14:00,1,Tuesday,2,0,0,ramadan,1.4,85000,CASH,90000,5000,2
TRX-260224-04803,2026-02-24,19:52:00,2026-02-24 19:52:00,1,Tuesday,2,0,0,ramadan,1.4,16000,CASH,20000,4000,3
TRX-260224-04804,2026-02-24,19:30:00,2026-02-24 19:30:00,1,Tuesday,2,0,0,ramadan,1.4,90000,CASH,95000,5000,5
TRX-260224-04805,2026-02-24,18:47:00,2026-02-24 18:47:00,1,Tuesday,2,0,0,ramadan,1.4,20000,CASH,25000,5000,3
TRX-260224-04806,2026-02-24,10:17:00,2026-02-24 10:17:00,1,Tuesday,2,0,0,ramadan,1.4,14000,TRANSFER,14000,0,2
TRX-260224-04807,2026-02-24,18:18:00,2026-02-24 18:18:00,1,Tuesday,2,0,0,ramadan,1.4,41000,CASH,45000,4000,4
TRX-260224-04808,2026-02-24,17:48:00,2026-02-24 17:48:00,1,Tuesday,2,0,0,ramadan,1.4,36000,CASH,40000,4000,3
TRX-260224-04809,2026-02-24,17:58:00,2026-02-24 17:58:00,1,Tuesday,2,0,0,ramadan,1.4,19000,CASH,20000,1000,2
TRX-260224-04810,2026-02-24,09:40:00,2026-02-24 09:40:00,1,Tuesday,2,0,0,ramadan,1.4,10000,CASH,15000,5000,2
TRX-260224-04811,2026-02-24,10:42:00,2026-02-24 10:42:00,1,Tuesday,2,0,0,ramadan,1.4,9000,QRIS,9000,0,1
TRX-260224-04812,2026-02-24,21:01:00,2026-02-24 21:01:00,1,Tuesday,2,0,0,ramadan,1.4,17000,CASH,20000,3000,2
TRX-260224-04813,2026-02-24,11:14:00,2026-02-24 11:14:00,1,Tuesday,2,0,0,ramadan,1.4,10000,CASH,15000,5000,2
TRX-260224-04814,2026-02-24,14:51:00,2026-02-24 14:51:00,1,Tuesday,2,0,0,ramadan,1.4,6000,QRIS,6000,0,1
TRX-260224-04815,2026-02-24,10:15:00,2026-02-24 10:15:00,1,Tuesday,2,0,0,ramadan,1.4,6000,CASH,10000,4000,1
TRX-260224-04816,2026-02-24,10:16:00,2026-02-24 10:16:00,1,Tuesday,2,0,0,ramadan,1.4,9000,CASH,10000,1000,3
TRX-260224-04817,2026-02-24,15:51:00,2026-02-24 15:51:00,1,Tuesday,2,0,0,ramadan,1.4,145000,QRIS,145000,0,2
TRX-260224-04818,2026-02-24,16:17:00,2026-02-24 16:17:00,1,Tuesday,2,0,0,ramadan,1.4,4500,CASH,5000,500,2
TRX-260224-04819,2026-02-24,18:47:00,2026-02-24 18:47:00,1,Tuesday,2,0,0,ramadan,1.4,11000,CASH,15000,4000,2
TRX-260224-04820,2026-02-24,18:57:00,2026-02-24 18:57:00,1,Tuesday,2,0,0,ramadan,1.4,9000,CASH,10000,1000,2
TRX-260224-04821,2026-02-24,09:09:00,2026-02-24 09:09:00,1,Tuesday,2,0,0,ramadan,1.4,45000,CASH,50000,5000,1
TRX-260224-04822,2026-02-24,11:17:00,2026-02-24 11:17:00,1,Tuesday,2,0,0,ramadan,1.4,57000,CASH,60000,3000,4
TRX-260224-04823,2026-02-24,12:29:00,2026-02-24 12:29:00,1,Tuesday,2,0,0,ramadan,1.4,10200,CASH,15000,4800,2
TRX-260225-04824,2026-02-25,20:11:00,2026-02-25 20:11:00,2,Wednesday,2,0,1,ramadan,1.4,8000,CASH,10000,2000,2
TRX-260225-04825,2026-02-25,16:23:00,2026-02-25 16:23:00,2,Wednesday,2,0,1,ramadan,1.4,28500,CASH,30000,1500,4
TRX-260225-04826,2026-02-25,16:59:00,2026-02-25 16:59:00,2,Wednesday,2,0,1,ramadan,1.4,3000,QRIS,3000,0,1
TRX-260225-04827,2026-02-25,11:49:00,2026-02-25 11:49:00,2,Wednesday,2,0,1,ramadan,1.4,170000,CASH,175000,5000,4
TRX-260225-04828,2026-02-25,19:41:00,2026-02-25 19:41:00,2,Wednesday,2,0,1,ramadan,1.4,4000,QRIS,4000,0,1
TRX-260225-04829,2026-02-25,15:02:00,2026-02-25 15:02:00,2,Wednesday,2,0,1,ramadan,1.4,115000,CASH,120000,5000,3
TRX-260225-04830,2026-02-25,12:39:00,2026-02-25 12:39:00,2,Wednesday,2,0,1,ramadan,1.4,12900,CASH,15000,2100,2
TRX-260225-04831,2026-02-25,16:17:00,2026-02-25 16:17:00,2,Wednesday,2,0,1,ramadan,1.4,6000,CASH,10000,4000,1
TRX-260225-04832,2026-02-25,08:29:00,2026-02-25 08:29:00,2,Wednesday,2,0,1,ramadan,1.4,60600,CASH,65000,4400,2
TRX-260225-04833,2026-02-25,13:41:00,2026-02-25 13:41:00,2,Wednesday,2,0,1,ramadan,1.4,169350,CASH,170000,650,5
TRX-260225-04834,2026-02-25,11:24:00,2026-02-25 11:24:00,2,Wednesday,2,0,1,ramadan,1.4,52000,CASH,55000,3000,2
TRX-260225-04835,2026-02-25,09:25:00,2026-02-25 09:25:00,2,Wednesday,2,0,1,ramadan,1.4,19000,TRANSFER,19000,0,2
TRX-260225-04836,2026-02-25,09:43:00,2026-02-25 09:43:00,2,Wednesday,2,0,1,ramadan,1.4,62000,CASH,65000,3000,3
TRX-260225-04837,2026-02-25,12:56:00,2026-02-25 12:56:00,2,Wednesday,2,0,1,ramadan,1.4,18000,CASH,20000,2000,2
TRX-260225-04838,2026-02-25,19:01:00,2026-02-25 19:01:00,2,Wednesday,2,0,1,ramadan,1.4,33000,QRIS,33000,0,3
TRX-260225-04839,2026-02-25,12:45:00,2026-02-25 12:45:00,2,Wednesday,2,0,1,ramadan,1.4,10000,QRIS,10000,0,3
TRX-260225-04840,2026-02-25,20:01:00,2026-02-25 20:01:00,2,Wednesday,2,0,1,ramadan,1.4,126750,CASH,130000,3250,5
TRX-260225-04841,2026-02-25,15:06:00,2026-02-25 15:06:00,2,Wednesday,2,0,1,ramadan,1.4,9000,CASH,10000,1000,2
TRX-260225-04842,2026-02-25,06:23:00,2026-02-25 06:23:00,2,Wednesday,2,0,1,ramadan,1.4,1000,CASH,5000,4000,1
TRX-260225-04843,2026-02-25,14:25:00,2026-02-25 14:25:00,2,Wednesday,2,0,1,ramadan,1.4,11000,CASH,15000,4000,2
TRX-260225-04844,2026-02-25,10:19:00,2026-02-25 10:19:00,2,Wednesday,2,0,1,ramadan,1.4,29000,CASH,30000,1000,4
TRX-260225-04845,2026-02-25,17:06:00,2026-02-25 17:06:00,2,Wednesday,2,0,1,ramadan,1.4,71000,CASH,75000,4000,2
TRX-260225-04846,2026-02-25,14:39:00,2026-02-25 14:39:00,2,Wednesday,2,0,1,ramadan,1.4,54000,QRIS,54000,0,2
TRX-260225-04847,2026-02-25,14:08:00,2026-02-25 14:08:00,2,Wednesday,2,0,1,ramadan,1.4,27000,CASH,30000,3000,2
TRX-260225-04848,2026-02-25,12:27:00,2026-02-25 12:27:00,2,Wednesday,2,0,1,ramadan,1.4,9250,CASH,10000,750,3
TRX-260225-04849,2026-02-25,13:54:00,2026-02-25 13:54:00,2,Wednesday,2,0,1,ramadan,1.4,7000,EWALLET,7000,0,2
TRX-260225-04850,2026-02-25,16:39:00,2026-02-25 16:39:00,2,Wednesday,2,0,1,ramadan,1.4,80000,CASH,85000,5000,2
TRX-260225-04851,2026-02-25,17:29:00,2026-02-25 17:29:00,2,Wednesday,2,0,1,ramadan,1.4,5500,CASH,10000,4500,3
TRX-260225-04852,2026-02-25,19:44:00,2026-02-25 19:44:00,2,Wednesday,2,0,1,ramadan,1.4,37500,QRIS,37500,0,2
TRX-260225-04853,2026-02-25,09:13:00,2026-02-25 09:13:00,2,Wednesday,2,0,1,ramadan,1.4,36000,CASH,40000,4000,4
TRX-260225-04854,2026-02-25,15:19:00,2026-02-25 15:19:00,2,Wednesday,2,0,1,ramadan,1.4,33000,CASH,35000,2000,4
TRX-260225-04855,2026-02-25,08:59:00,2026-02-25 08:59:00,2,Wednesday,2,0,1,ramadan,1.4,29000,CASH,30000,1000,2
TRX-260225-04856,2026-02-25,13:44:00,2026-02-25 13:44:00,2,Wednesday,2,0,1,ramadan,1.4,25500,CASH,30000,4500,3
TRX-260225-04857,2026-02-25,08:28:00,2026-02-25 08:28:00,2,Wednesday,2,0,1,ramadan,1.4,38000,CASH,40000,2000,2
TRX-260225-04858,2026-02-25,17:24:00,2026-02-25 17:24:00,2,Wednesday,2,0,1,ramadan,1.4,90000,QRIS,90000,0,2
TRX-260225-04859,2026-02-25,19:35:00,2026-02-25 19:35:00,2,Wednesday,2,0,1,ramadan,1.4,14000,CASH,15000,1000,4
TRX-260225-04860,2026-02-25,12:01:00,2026-02-25 12:01:00,2,Wednesday,2,0,1,ramadan,1.4,12000,CASH,15000,3000,2
TRX-260226-04861,2026-02-26,18:39:00,2026-02-26 18:39:00,3,Thursday,2,0,1,ramadan,1.4,33000,CASH,35000,2000,2
TRX-260226-04862,2026-02-26,11:55:00,2026-02-26 11:55:00,3,Thursday,2,0,1,ramadan,1.4,1500,CASH,5000,3500,1
TRX-260226-04863,2026-02-26,17:34:00,2026-02-26 17:34:00,3,Thursday,2,0,1,ramadan,1.4,47000,CASH,50000,3000,3
TRX-260226-04864,2026-02-26,11:49:00,2026-02-26 11:49:00,3,Thursday,2,0,1,ramadan,1.4,24500,QRIS,24500,0,2
TRX-260226-04865,2026-02-26,12:25:00,2026-02-26 12:25:00,3,Thursday,2,0,1,ramadan,1.4,32000,CASH,35000,3000,2
TRX-260226-04866,2026-02-26,09:09:00,2026-02-26 09:09:00,3,Thursday,2,0,1,ramadan,1.4,81000,CASH,85000,4000,3
TRX-260226-04867,2026-02-26,16:22:00,2026-02-26 16:22:00,3,Thursday,2,0,1,ramadan,1.4,8000,CASH,10000,2000,2
TRX-260226-04868,2026-02-26,18:40:00,2026-02-26 18:40:00,3,Thursday,2,0,1,ramadan,1.4,43000,QRIS,43000,0,4
TRX-260226-04869,2026-02-26,17:54:00,2026-02-26 17:54:00,3,Thursday,2,0,1,ramadan,1.4,36000,QRIS,36000,0,1
TRX-260226-04870,2026-02-26,15:23:00,2026-02-26 15:23:00,3,Thursday,2,0,1,ramadan,1.4,34800,EWALLET,34800,0,3
TRX-260226-04871,2026-02-26,14:57:00,2026-02-26 14:57:00,3,Thursday,2,0,1,ramadan,1.4,18000,CASH,20000,2000,3
TRX-260226-04872,2026-02-26,13:08:00,2026-02-26 13:08:00,3,Thursday,2,0,1,ramadan,1.4,117000,QRIS,117000,0,2
TRX-260226-04873,2026-02-26,10:23:00,2026-02-26 10:23:00,3,Thursday,2,0,1,ramadan,1.4,57000,CASH,60000,3000,2
TRX-260226-04874,2026-02-26,16:19:00,2026-02-26 16:19:00,3,Thursday,2,0,1,ramadan,1.4,22500,CASH,25000,2500,4
TRX-260226-04875,2026-02-26,11:09:00,2026-02-26 11:09:00,3,Thursday,2,0,1,ramadan,1.4,77500,CASH,80000,2500,3
TRX-260226-04876,2026-02-26,16:54:00,2026-02-26 16:54:00,3,Thursday,2,0,1,ramadan,1.4,32500,CASH,35000,2500,3
TRX-260226-04877,2026-02-26,09:19:00,2026-02-26 09:19:00,3,Thursday,2,0,1,ramadan,1.4,32400,TRANSFER,32400,0,1
TRX-260226-04878,2026-02-26,19:06:00,2026-02-26 19:06:00,3,Thursday,2,0,1,ramadan,1.4,24000,CASH,25000,1000,2
TRX-260226-04879,2026-02-26,17:12:00,2026-02-26 17:12:00,3,Thursday,2,0,1,ramadan,1.4,6800,CASH,10000,3200,2
TRX-260226-04880,2026-02-26,21:34:00,2026-02-26 21:34:00,3,Thursday,2,0,1,ramadan,1.4,12000,CASH,15000,3000,1
TRX-260226-04881,2026-02-26,16:24:00,2026-02-26 16:24:00,3,Thursday,2,0,1,ramadan,1.4,8000,CASH,10000,2000,2
TRX-260226-04882,2026-02-26,08:37:00,2026-02-26 08:37:00,3,Thursday,2,0,1,ramadan,1.4,191000,QRIS,191000,0,4
TRX-260226-04883,2026-02-26,16:14:00,2026-02-26 16:14:00,3,Thursday,2,0,1,ramadan,1.4,18500,CASH,20000,1500,3
TRX-260226-04884,2026-02-26,17:15:00,2026-02-26 17:15:00,3,Thursday,2,0,1,ramadan,1.4,8000,CASH,10000,2000,1
TRX-260226-04885,2026-02-26,18:46:00,2026-02-26 18:46:00,3,Thursday,2,0,1,ramadan,1.4,18000,QRIS,18000,0,2
TRX-260226-04886,2026-02-26,19:45:00,2026-02-26 19:45:00,3,Thursday,2,0,1,ramadan,1.4,30000,CASH,35000,5000,3
TRX-260226-04887,2026-02-26,06:25:00,2026-02-26 06:25:00,3,Thursday,2,0,1,ramadan,1.4,53000,CASH,55000,2000,2
TRX-260226-04888,2026-02-26,14:24:00,2026-02-26 14:24:00,3,Thursday,2,0,1,ramadan,1.4,3000,CASH,5000,2000,1
TRX-260226-04889,2026-02-26,20:40:00,2026-02-26 20:40:00,3,Thursday,2,0,1,ramadan,1.4,91700,CASH,95000,3300,4
TRX-260226-04890,2026-02-26,10:18:00,2026-02-26 10:18:00,3,Thursday,2,0,1,ramadan,1.4,12000,CASH,15000,3000,1
TRX-260226-04891,2026-02-26,12:16:00,2026-02-26 12:16:00,3,Thursday,2,0,1,ramadan,1.4,9000,CASH,10000,1000,2
TRX-260226-04892,2026-02-26,16:58:00,2026-02-26 16:58:00,3,Thursday,2,0,1,ramadan,1.4,48000,CASH,50000,2000,2
TRX-260226-04893,2026-02-26,11:50:00,2026-02-26 11:50:00,3,Thursday,2,0,1,ramadan,1.4,32000,TRANSFER,32000,0,3
TRX-260226-04894,2026-02-26,16:11:00,2026-02-26 16:11:00,3,Thursday,2,0,1,ramadan,1.4,39500,CASH,40000,500,3
TRX-260226-04895,2026-02-26,15:53:00,2026-02-26 15:53:00,3,Thursday,2,0,1,ramadan,1.4,88000,CASH,90000,2000,3
TRX-260227-04896,2026-02-27,18:22:00,2026-02-27 18:22:00,4,Friday,2,0,1,ramadan,1.4,213000,TRANSFER,213000,0,2
TRX-260227-04897,2026-02-27,17:59:00,2026-02-27 17:59:00,4,Friday,2,0,1,ramadan,1.4,31500,CASH,35000,3500,2
TRX-260227-04898,2026-02-27,11:25:00,2026-02-27 11:25:00,4,Friday,2,0,1,ramadan,1.4,27600,CASH,30000,2400,2
TRX-260227-04899,2026-02-27,08:50:00,2026-02-27 08:50:00,4,Friday,2,0,1,ramadan,1.4,15500,CASH,20000,4500,1
TRX-260227-04900,2026-02-27,13:30:00,2026-02-27 13:30:00,4,Friday,2,0,1,ramadan,1.4,15000,CASH,20000,5000,1
TRX-260227-04901,2026-02-27,19:09:00,2026-02-27 19:09:00,4,Friday,2,0,1,ramadan,1.4,12000,CASH,15000,3000,3
TRX-260227-04902,2026-02-27,12:08:00,2026-02-27 12:08:00,4,Friday,2,0,1,ramadan,1.4,41000,EWALLET,41000,0,5
TRX-260227-04903,2026-02-27,11:02:00,2026-02-27 11:02:00,4,Friday,2,0,1,ramadan,1.4,3000,QRIS,3000,0,1
TRX-260227-04904,2026-02-27,17:41:00,2026-02-27 17:41:00,4,Friday,2,0,1,ramadan,1.4,9000,CASH,10000,1000,1
TRX-260227-04905,2026-02-27,16:13:00,2026-02-27 16:13:00,4,Friday,2,0,1,ramadan,1.4,9500,CASH,10000,500,3
TRX-260227-04906,2026-02-27,12:47:00,2026-02-27 12:47:00,4,Friday,2,0,1,ramadan,1.4,4500,CASH,5000,500,2
TRX-260227-04907,2026-02-27,18:16:00,2026-02-27 18:16:00,4,Friday,2,0,1,ramadan,1.4,39000,QRIS,39000,0,3
TRX-260227-04908,2026-02-27,19:23:00,2026-02-27 19:23:00,4,Friday,2,0,1,ramadan,1.4,69000,QRIS,69000,0,5
TRX-260227-04909,2026-02-27,10:14:00,2026-02-27 10:14:00,4,Friday,2,0,1,ramadan,1.4,10500,CASH,15000,4500,2
TRX-260227-04910,2026-02-27,17:55:00,2026-02-27 17:55:00,4,Friday,2,0,1,ramadan,1.4,2000,TRANSFER,2000,0,1
TRX-260227-04911,2026-02-27,19:58:00,2026-02-27 19:58:00,4,Friday,2,0,1,ramadan,1.4,7000,CASH,10000,3000,1
TRX-260227-04912,2026-02-27,13:27:00,2026-02-27 13:27:00,4,Friday,2,0,1,ramadan,1.4,79000,CASH,80000,1000,2
TRX-260227-04913,2026-02-27,08:54:00,2026-02-27 08:54:00,4,Friday,2,0,1,ramadan,1.4,52000,CASH,55000,3000,2
TRX-260227-04914,2026-02-27,17:44:00,2026-02-27 17:44:00,4,Friday,2,0,1,ramadan,1.4,1500,CASH,5000,3500,1
TRX-260227-04915,2026-02-27,19:27:00,2026-02-27 19:27:00,4,Friday,2,0,1,ramadan,1.4,16000,QRIS,16000,0,3
TRX-260228-04916,2026-02-28,10:51:00,2026-02-28 10:51:00,5,Saturday,2,1,1,ramadan,1.4,29000,CASH,30000,1000,2
TRX-260228-04917,2026-02-28,11:29:00,2026-02-28 11:29:00,5,Saturday,2,1,1,ramadan,1.4,59000,QRIS,59000,0,4
TRX-260228-04918,2026-02-28,09:05:00,2026-02-28 09:05:00,5,Saturday,2,1,1,ramadan,1.4,24000,CASH,25000,1000,2
TRX-260228-04919,2026-02-28,18:25:00,2026-02-28 18:25:00,5,Saturday,2,1,1,ramadan,1.4,16000,CASH,20000,4000,2
TRX-260228-04920,2026-02-28,18:28:00,2026-02-28 18:28:00,5,Saturday,2,1,1,ramadan,1.4,66000,CASH,70000,4000,2
TRX-260228-04921,2026-02-28,17:05:00,2026-02-28 17:05:00,5,Saturday,2,1,1,ramadan,1.4,18000,CASH,20000,2000,3
TRX-260228-04922,2026-02-28,08:51:00,2026-02-28 08:51:00,5,Saturday,2,1,1,ramadan,1.4,15000,QRIS,15000,0,2
TRX-260228-04923,2026-02-28,15:56:00,2026-02-28 15:56:00,5,Saturday,2,1,1,ramadan,1.4,9000,CASH,10000,1000,2
TRX-260228-04924,2026-02-28,12:32:00,2026-02-28 12:32:00,5,Saturday,2,1,1,ramadan,1.4,16000,QRIS,16000,0,3
TRX-260228-04925,2026-02-28,11:26:00,2026-02-28 11:26:00,5,Saturday,2,1,1,ramadan,1.4,8500,CASH,10000,1500,3
TRX-260228-04926,2026-02-28,12:05:00,2026-02-28 12:05:00,5,Saturday,2,1,1,ramadan,1.4,49500,CASH,50000,500,3
TRX-260228-04927,2026-02-28,16:18:00,2026-02-28 16:18:00,5,Saturday,2,1,1,ramadan,1.4,1000,CASH,5000,4000,1
TRX-260228-04928,2026-02-28,11:00:00,2026-02-28 11:00:00,5,Saturday,2,1,1,ramadan,1.4,33000,TRANSFER,33000,0,2
TRX-260228-04929,2026-02-28,11:44:00,2026-02-28 11:44:00,5,Saturday,2,1,1,ramadan,1.4,114000,CASH,115000,1000,3
TRX-260228-04930,2026-02-28,17:46:00,2026-02-28 17:46:00,5,Saturday,2,1,1,ramadan,1.4,26000,CASH,30000,4000,3
TRX-260228-04931,2026-02-28,20:00:00,2026-02-28 20:00:00,5,Saturday,2,1,1,ramadan,1.4,15000,TRANSFER,15000,0,3
TRX-260228-04932,2026-02-28,16:01:00,2026-02-28 16:01:00,5,Saturday,2,1,1,ramadan,1.4,62000,CASH,65000,3000,4
TRX-260228-04933,2026-02-28,12:23:00,2026-02-28 12:23:00,5,Saturday,2,1,1,ramadan,1.4,104000,CASH,105000,1000,3
TRX-260228-04934,2026-02-28,12:10:00,2026-02-28 12:10:00,5,Saturday,2,1,1,ramadan,1.4,1500,QRIS,1500,0,1
TRX-260228-04935,2026-02-28,07:01:00,2026-02-28 07:01:00,5,Saturday,2,1,1,ramadan,1.4,10200,CASH,15000,4800,1
TRX-260228-04936,2026-02-28,19:53:00,2026-02-28 19:53:00,5,Saturday,2,1,1,ramadan,1.4,12500,CASH,15000,2500,2
TRX-260228-04937,2026-02-28,17:48:00,2026-02-28 17:48:00,5,Saturday,2,1,1,ramadan,1.4,39500,CASH,40000,500,3
TRX-260228-04938,2026-02-28,20:52:00,2026-02-28 20:52:00,5,Saturday,2,1,1,ramadan,1.4,9000,QRIS,9000,0,1
TRX-260228-04939,2026-02-28,10:15:00,2026-02-28 10:15:00,5,Saturday,2,1,1,ramadan,1.4,20700,CASH,25000,4300,3
TRX-260228-04940,2026-02-28,11:51:00,2026-02-28 11:51:00,5,Saturday,2,1,1,ramadan,1.4,193000,CASH,195000,2000,3
TRX-260228-04941,2026-02-28,14:13:00,2026-02-28 14:13:00,5,Saturday,2,1,1,ramadan,1.4,90500,QRIS,90500,0,5
TRX-260228-04942,2026-02-28,17:10:00,2026-02-28 17:10:00,5,Saturday,2,1,1,ramadan,1.4,8000,CASH,10000,2000,2
TRX-260228-04943,2026-02-28,10:10:00,2026-02-28 10:10:00,5,Saturday,2,1,1,ramadan,1.4,24000,EWALLET,24000,0,2
TRX-260228-04944,2026-02-28,11:56:00,2026-02-28 11:56:00,5,Saturday,2,1,1,ramadan,1.4,35000,CASH,40000,5000,3
TRX-260228-04945,2026-02-28,12:57:00,2026-02-28 12:57:00,5,Saturday,2,1,1,ramadan,1.4,63000,CASH,65000,2000,5
TRX-260228-04946,2026-02-28,15:18:00,2026-02-28 15:18:00,5,Saturday,2,1,1,ramadan,1.4,1000,CASH,5000,4000,1
TRX-260228-04947,2026-02-28,17:49:00,2026-02-28 17:49:00,5,Saturday,2,1,1,ramadan,1.4,89000,CASH,90000,1000,2
TRX-260228-04948,2026-02-28,06:31:00,2026-02-28 06:31:00,5,Saturday,2,1,1,ramadan,1.4,27000,CASH,30000,3000,5
TRX-260228-04949,2026-02-28,11:01:00,2026-02-28 11:01:00,5,Saturday,2,1,1,ramadan,1.4,11000,QRIS,11000,0,2
TRX-260228-04950,2026-02-28,12:36:00,2026-02-28 12:36:00,5,Saturday,2,1,1,ramadan,1.4,30000,QRIS,30000,0,4
TRX-260228-04951,2026-02-28,13:24:00,2026-02-28 13:24:00,5,Saturday,2,1,1,ramadan,1.4,39500,CASH,40000,500,5
TRX-260228-04952,2026-02-28,17:40:00,2026-02-28 17:40:00,5,Saturday,2,1,1,ramadan,1.4,16000,CASH,20000,4000,1
TRX-260228-04953,2026-02-28,08:21:00,2026-02-28 08:21:00,5,Saturday,2,1,1,ramadan,1.4,24000,CASH,25000,1000,4
TRX-260228-04954,2026-02-28,14:59:00,2026-02-28 14:59:00,5,Saturday,2,1,1,ramadan,1.4,4500,CASH,5000,500,2
TRX-260228-04955,2026-02-28,13:01:00,2026-02-28 13:01:00,5,Saturday,2,1,1,ramadan,1.4,85700,CASH,90000,4300,3
TRX-260228-04956,2026-02-28,14:23:00,2026-02-28 14:23:00,5,Saturday,2,1,1,ramadan,1.4,12000,EWALLET,12000,0,1
TRX-260228-04957,2026-02-28,09:33:00,2026-02-28 09:33:00,5,Saturday,2,1,1,ramadan,1.4,20000,CASH,25000,5000,2
TRX-260228-04958,2026-02-28,16:51:00,2026-02-28 16:51:00,5,Saturday,2,1,1,ramadan,1.4,16000,CASH,20000,4000,3
TRX-260228-04959,2026-02-28,11:21:00,2026-02-28 11:21:00,5,Saturday,2,1,1,ramadan,1.4,273000,EWALLET,273000,0,5
TRX-260228-04960,2026-02-28,16:25:00,2026-02-28 16:25:00,5,Saturday,2,1,1,ramadan,1.4,73500,QRIS,73500,0,3
TRX-260301-04961,2026-03-01,17:50:00,2026-03-01 17:50:00,6,Sunday,3,1,1,ramadan,1.4,13100,CASH,15000,1900,2
TRX-260301-04962,2026-03-01,19:50:00,2026-03-01 19:50:00,6,Sunday,3,1,1,ramadan,1.4,15000,CASH,20000,5000,2
TRX-260301-04963,2026-03-01,17:12:00,2026-03-01 17:12:00,6,Sunday,3,1,1,ramadan,1.4,135000,CASH,140000,5000,1
TRX-260301-04964,2026-03-01,16:43:00,2026-03-01 16:43:00,6,Sunday,3,1,1,ramadan,1.4,57000,CASH,60000,3000,3
TRX-260301-04965,2026-03-01,15:11:00,2026-03-01 15:11:00,6,Sunday,3,1,1,ramadan,1.4,61500,CASH,65000,3500,2
TRX-260301-04966,2026-03-01,10:33:00,2026-03-01 10:33:00,6,Sunday,3,1,1,ramadan,1.4,33500,QRIS,33500,0,5
TRX-260301-04967,2026-03-01,06:33:00,2026-03-01 06:33:00,6,Sunday,3,1,1,ramadan,1.4,138000,CASH,140000,2000,2
TRX-260301-04968,2026-03-01,15:57:00,2026-03-01 15:57:00,6,Sunday,3,1,1,ramadan,1.4,79000,CASH,80000,1000,3
TRX-260301-04969,2026-03-01,09:15:00,2026-03-01 09:15:00,6,Sunday,3,1,1,ramadan,1.4,9000,CASH,10000,1000,2
TRX-260301-04970,2026-03-01,19:51:00,2026-03-01 19:51:00,6,Sunday,3,1,1,ramadan,1.4,50000,CASH,55000,5000,4
TRX-260301-04971,2026-03-01,12:26:00,2026-03-01 12:26:00,6,Sunday,3,1,1,ramadan,1.4,42000,QRIS,42000,0,2
TRX-260301-04972,2026-03-01,20:31:00,2026-03-01 20:31:00,6,Sunday,3,1,1,ramadan,1.4,6000,CASH,10000,4000,2
TRX-260301-04973,2026-03-01,20:37:00,2026-03-01 20:37:00,6,Sunday,3,1,1,ramadan,1.4,13550,CASH,15000,1450,3
TRX-260301-04974,2026-03-01,13:07:00,2026-03-01 13:07:00,6,Sunday,3,1,1,ramadan,1.4,99300,TRANSFER,99300,0,2
TRX-260301-04975,2026-03-01,11:56:00,2026-03-01 11:56:00,6,Sunday,3,1,1,ramadan,1.4,108000,CASH,110000,2000,3
TRX-260301-04976,2026-03-01,17:54:00,2026-03-01 17:54:00,6,Sunday,3,1,1,ramadan,1.4,57000,CASH,60000,3000,4
TRX-260301-04977,2026-03-01,13:31:00,2026-03-01 13:31:00,6,Sunday,3,1,1,ramadan,1.4,19500,CASH,20000,500,2
TRX-260301-04978,2026-03-01,10:10:00,2026-03-01 10:10:00,6,Sunday,3,1,1,ramadan,1.4,37500,CASH,40000,2500,5
TRX-260301-04979,2026-03-01,16:56:00,2026-03-01 16:56:00,6,Sunday,3,1,1,ramadan,1.4,2000,CASH,5000,3000,1
TRX-260301-04980,2026-03-01,07:44:00,2026-03-01 07:44:00,6,Sunday,3,1,1,ramadan,1.4,17000,CASH,20000,3000,2
TRX-260301-04981,2026-03-01,18:36:00,2026-03-01 18:36:00,6,Sunday,3,1,1,ramadan,1.4,64000,CASH,65000,1000,2
TRX-260301-04982,2026-03-01,17:45:00,2026-03-01 17:45:00,6,Sunday,3,1,1,ramadan,1.4,19000,CASH,20000,1000,4
TRX-260301-04983,2026-03-01,13:15:00,2026-03-01 13:15:00,6,Sunday,3,1,1,ramadan,1.4,76000,CASH,80000,4000,2
TRX-260301-04984,2026-03-01,10:41:00,2026-03-01 10:41:00,6,Sunday,3,1,1,ramadan,1.4,28000,CASH,30000,2000,2
TRX-260301-04985,2026-03-01,08:18:00,2026-03-01 08:18:00,6,Sunday,3,1,1,ramadan,1.4,136000,CASH,140000,4000,1
TRX-260301-04986,2026-03-01,13:46:00,2026-03-01 13:46:00,6,Sunday,3,1,1,ramadan,1.4,107000,CASH,110000,3000,3
TRX-260301-04987,2026-03-01,17:15:00,2026-03-01 17:15:00,6,Sunday,3,1,1,ramadan,1.4,4000,CASH,5000,1000,2
TRX-260301-04988,2026-03-01,17:27:00,2026-03-01 17:27:00,6,Sunday,3,1,1,ramadan,1.4,26000,CASH,30000,4000,3
TRX-260301-04989,2026-03-01,17:00:00,2026-03-01 17:00:00,6,Sunday,3,1,1,ramadan,1.4,27000,CASH,30000,3000,3
TRX-260301-04990,2026-03-01,15:58:00,2026-03-01 15:58:00,6,Sunday,3,1,1,ramadan,1.4,59500,EWALLET,59500,0,2
TRX-260301-04991,2026-03-01,14:17:00,2026-03-01 14:17:00,6,Sunday,3,1,1,ramadan,1.4,20000,CASH,25000,5000,3
TRX-260301-04992,2026-03-01,09:18:00,2026-03-01 09:18:00,6,Sunday,3,1,1,ramadan,1.4,7000,QRIS,7000,0,1
TRX-260301-04993,2026-03-01,07:18:00,2026-03-01 07:18:00,6,Sunday,3,1,1,ramadan,1.4,6000,CASH,10000,4000,1
TRX-260301-04994,2026-03-01,18:10:00,2026-03-01 18:10:00,6,Sunday,3,1,1,ramadan,1.4,3000,CASH,5000,2000,1
TRX-260301-04995,2026-03-01,15:14:00,2026-03-01 15:14:00,6,Sunday,3,1,1,ramadan,1.4,11000,CASH,15000,4000,2
TRX-260301-04996,2026-03-01,11:29:00,2026-03-01 11:29:00,6,Sunday,3,1,1,ramadan,1.4,39000,CASH,40000,1000,3
TRX-260301-04997,2026-03-01,10:47:00,2026-03-01 10:47:00,6,Sunday,3,1,1,ramadan,1.4,6000,CASH,10000,4000,1
TRX-260301-04998,2026-03-01,15:13:00,2026-03-01 15:13:00,6,Sunday,3,1,1,ramadan,1.4,29000,CASH,30000,1000,3
TRX-260301-04999,2026-03-01,11:06:00,2026-03-01 11:06:00,6,Sunday,3,1,1,ramadan,1.4,100000,CASH,105000,5000,4
TRX-260301-05000,2026-03-01,20:19:00,2026-03-01 20:19:00,6,Sunday,3,1,1,ramadan,1.4,46000,CASH,50000,4000,3
TRX-260301-05001,2026-03-01,07:20:00,2026-03-01 07:20:00,6,Sunday,3,1,1,ramadan,1.4,237700,CASH,240000,2300,5
TRX-260301-05002,2026-03-01,13:46:00,2026-03-01 13:46:00,6,Sunday,3,1,1,ramadan,1.4,84500,CASH,85000,500,3
TRX-260301-05003,2026-03-01,07:29:00,2026-03-01 07:29:00,6,Sunday,3,1,1,ramadan,1.4,19000,CASH,20000,1000,2
TRX-260301-05004,2026-03-01,10:12:00,2026-03-01 10:12:00,6,Sunday,3,1,1,ramadan,1.4,31000,CASH,35000,4000,2
TRX-260301-05005,2026-03-01,17:33:00,2026-03-01 17:33:00,6,Sunday,3,1,1,ramadan,1.4,18000,TRANSFER,18000,0,1
TRX-260301-05006,2026-03-01,12:12:00,2026-03-01 12:12:00,6,Sunday,3,1,1,ramadan,1.4,60000,TRANSFER,60000,0,4
TRX-260301-05007,2026-03-01,15:16:00,2026-03-01 15:16:00,6,Sunday,3,1,1,ramadan,1.4,54000,EWALLET,54000,0,2
TRX-260302-05008,2026-03-02,16:43:00,2026-03-02 16:43:00,0,Monday,3,0,1,ramadan,1.4,36000,CASH,40000,4000,1
TRX-260302-05009,2026-03-02,10:31:00,2026-03-02 10:31:00,0,Monday,3,0,1,ramadan,1.4,11100,TRANSFER,11100,0,2
TRX-260302-05010,2026-03-02,14:50:00,2026-03-02 14:50:00,0,Monday,3,0,1,ramadan,1.4,37000,CASH,40000,3000,4
TRX-260302-05011,2026-03-02,20:27:00,2026-03-02 20:27:00,0,Monday,3,0,1,ramadan,1.4,5000,QRIS,5000,0,2
TRX-260302-05012,2026-03-02,17:06:00,2026-03-02 17:06:00,0,Monday,3,0,1,ramadan,1.4,31000,CASH,35000,4000,4
TRX-260302-05013,2026-03-02,10:31:00,2026-03-02 10:31:00,0,Monday,3,0,1,ramadan,1.4,14000,CASH,15000,1000,2
TRX-260302-05014,2026-03-02,10:26:00,2026-03-02 10:26:00,0,Monday,3,0,1,ramadan,1.4,19175,QRIS,19175,0,2
TRX-260302-05015,2026-03-02,14:57:00,2026-03-02 14:57:00,0,Monday,3,0,1,ramadan,1.4,60550,CASH,65000,4450,4
TRX-260302-05016,2026-03-02,19:05:00,2026-03-02 19:05:00,0,Monday,3,0,1,ramadan,1.4,3000,CASH,5000,2000,1
TRX-260302-05017,2026-03-02,17:00:00,2026-03-02 17:00:00,0,Monday,3,0,1,ramadan,1.4,83000,CASH,85000,2000,4
TRX-260302-05018,2026-03-02,18:33:00,2026-03-02 18:33:00,0,Monday,3,0,1,ramadan,1.4,14000,CASH,15000,1000,3
TRX-260302-05019,2026-03-02,10:11:00,2026-03-02 10:11:00,0,Monday,3,0,1,ramadan,1.4,14350,CASH,15000,650,4
TRX-260302-05020,2026-03-02,09:58:00,2026-03-02 09:58:00,0,Monday,3,0,1,ramadan,1.4,34000,EWALLET,34000,0,4
TRX-260302-05021,2026-03-02,09:32:00,2026-03-02 09:32:00,0,Monday,3,0,1,ramadan,1.4,10000,EWALLET,10000,0,2
TRX-260302-05022,2026-03-02,15:04:00,2026-03-02 15:04:00,0,Monday,3,0,1,ramadan,1.4,73000,CASH,75000,2000,5
TRX-260302-05023,2026-03-02,13:47:00,2026-03-02 13:47:00,0,Monday,3,0,1,ramadan,1.4,70000,CASH,75000,5000,5
TRX-260302-05024,2026-03-02,19:38:00,2026-03-02 19:38:00,0,Monday,3,0,1,ramadan,1.4,29500,CASH,30000,500,4
TRX-260302-05025,2026-03-02,11:52:00,2026-03-02 11:52:00,0,Monday,3,0,1,ramadan,1.4,51000,CASH,55000,4000,2
TRX-260302-05026,2026-03-02,10:05:00,2026-03-02 10:05:00,0,Monday,3,0,1,ramadan,1.4,3000,CASH,5000,2000,1
TRX-260302-05027,2026-03-02,21:40:00,2026-03-02 21:40:00,0,Monday,3,0,1,ramadan,1.4,6000,CASH,10000,4000,2
TRX-260302-05028,2026-03-02,14:24:00,2026-03-02 14:24:00,0,Monday,3,0,1,ramadan,1.4,12000,EWALLET,12000,0,1
TRX-260302-05029,2026-03-02,11:04:00,2026-03-02 11:04:00,0,Monday,3,0,1,ramadan,1.4,61000,CASH,65000,4000,2
TRX-260302-05030,2026-03-02,06:05:00,2026-03-02 06:05:00,0,Monday,3,0,1,ramadan,1.4,117000,QRIS,117000,0,2
TRX-260302-05031,2026-03-02,10:03:00,2026-03-02 10:03:00,0,Monday,3,0,1,ramadan,1.4,12000,TRANSFER,12000,0,3
TRX-260302-05032,2026-03-02,11:41:00,2026-03-02 11:41:00,0,Monday,3,0,1,ramadan,1.4,1500,QRIS,1500,0,1
TRX-260302-05033,2026-03-02,06:26:00,2026-03-02 06:26:00,0,Monday,3,0,1,ramadan,1.4,12000,CASH,15000,3000,2
TRX-260303-05034,2026-03-03,12:59:00,2026-03-03 12:59:00,1,Tuesday,3,0,1,ramadan,1.4,54000,CASH,55000,1000,5
TRX-260303-05035,2026-03-03,19:11:00,2026-03-03 19:11:00,1,Tuesday,3,0,1,ramadan,1.4,17000,CASH,20000,3000,3
TRX-260303-05036,2026-03-03,19:06:00,2026-03-03 19:06:00,1,Tuesday,3,0,1,ramadan,1.4,28500,CASH,30000,1500,3
TRX-260303-05037,2026-03-03,17:01:00,2026-03-03 17:01:00,1,Tuesday,3,0,1,ramadan,1.4,25000,CASH,30000,5000,4
TRX-260303-05038,2026-03-03,08:35:00,2026-03-03 08:35:00,1,Tuesday,3,0,1,ramadan,1.4,29000,CASH,30000,1000,4
TRX-260303-05039,2026-03-03,12:03:00,2026-03-03 12:03:00,1,Tuesday,3,0,1,ramadan,1.4,61000,QRIS,61000,0,3
TRX-260303-05040,2026-03-03,19:23:00,2026-03-03 19:23:00,1,Tuesday,3,0,1,ramadan,1.4,1000,CASH,5000,4000,1
TRX-260303-05041,2026-03-03,18:21:00,2026-03-03 18:21:00,1,Tuesday,3,0,1,ramadan,1.4,69000,QRIS,69000,0,5
TRX-260303-05042,2026-03-03,10:03:00,2026-03-03 10:03:00,1,Tuesday,3,0,1,ramadan,1.4,51000,CASH,55000,4000,3
TRX-260303-05043,2026-03-03,06:12:00,2026-03-03 06:12:00,1,Tuesday,3,0,1,ramadan,1.4,3000,CASH,5000,2000,1
TRX-260303-05044,2026-03-03,16:35:00,2026-03-03 16:35:00,1,Tuesday,3,0,1,ramadan,1.4,24000,CASH,25000,1000,1
TRX-260303-05045,2026-03-03,10:57:00,2026-03-03 10:57:00,1,Tuesday,3,0,1,ramadan,1.4,36000,CASH,40000,4000,3
TRX-260303-05046,2026-03-03,20:11:00,2026-03-03 20:11:00,1,Tuesday,3,0,1,ramadan,1.4,3000,CASH,5000,2000,1
TRX-260303-05047,2026-03-03,10:07:00,2026-03-03 10:07:00,1,Tuesday,3,0,1,ramadan,1.4,107000,QRIS,107000,0,5
TRX-260303-05048,2026-03-03,12:10:00,2026-03-03 12:10:00,1,Tuesday,3,0,1,ramadan,1.4,204000,CASH,205000,1000,1
TRX-260303-05049,2026-03-03,17:08:00,2026-03-03 17:08:00,1,Tuesday,3,0,1,ramadan,1.4,10500,CASH,15000,4500,2
TRX-260303-05050,2026-03-03,11:36:00,2026-03-03 11:36:00,1,Tuesday,3,0,1,ramadan,1.4,9500,CASH,10000,500,2
TRX-260303-05051,2026-03-03,16:03:00,2026-03-03 16:03:00,1,Tuesday,3,0,1,ramadan,1.4,215000,CASH,220000,5000,4
TRX-260303-05052,2026-03-03,09:46:00,2026-03-03 09:46:00,1,Tuesday,3,0,1,ramadan,1.4,60400,TRANSFER,60400,0,3
TRX-260303-05053,2026-03-03,09:10:00,2026-03-03 09:10:00,1,Tuesday,3,0,1,ramadan,1.4,141000,EWALLET,141000,0,2
TRX-260303-05054,2026-03-03,17:56:00,2026-03-03 17:56:00,1,Tuesday,3,0,1,ramadan,1.4,66000,CASH,70000,4000,2
TRX-260303-05055,2026-03-03,10:02:00,2026-03-03 10:02:00,1,Tuesday,3,0,1,ramadan,1.4,36200,EWALLET,36200,0,4
TRX-260303-05056,2026-03-03,09:01:00,2026-03-03 09:01:00,1,Tuesday,3,0,1,ramadan,1.4,5000,TRANSFER,5000,0,3
TRX-260303-05057,2026-03-03,17:41:00,2026-03-03 17:41:00,1,Tuesday,3,0,1,ramadan,1.4,28000,EWALLET,28000,0,2
TRX-260303-05058,2026-03-03,13:22:00,2026-03-03 13:22:00,1,Tuesday,3,0,1,ramadan,1.4,15000,CASH,20000,5000,3
TRX-260303-05059,2026-03-03,12:28:00,2026-03-03 12:28:00,1,Tuesday,3,0,1,ramadan,1.4,11000,CASH,15000,4000,2
TRX-260303-05060,2026-03-03,06:26:00,2026-03-03 06:26:00,1,Tuesday,3,0,1,ramadan,1.4,13500,EWALLET,13500,0,2
TRX-260303-05061,2026-03-03,18:34:00,2026-03-03 18:34:00,1,Tuesday,3,0,1,ramadan,1.4,18675,CASH,20000,1325,3
TRX-260303-05062,2026-03-03,09:40:00,2026-03-03 09:40:00,1,Tuesday,3,0,1,ramadan,1.4,7000,CASH,10000,3000,2
TRX-260303-05063,2026-03-03,08:37:00,2026-03-03 08:37:00,1,Tuesday,3,0,1,ramadan,1.4,44400,CASH,45000,600,4
TRX-260303-05064,2026-03-03,09:16:00,2026-03-03 09:16:00,1,Tuesday,3,0,1,ramadan,1.4,10000,EWALLET,10000,0,2
TRX-260303-05065,2026-03-03,12:09:00,2026-03-03 12:09:00,1,Tuesday,3,0,1,ramadan,1.4,19000,QRIS,19000,0,3
TRX-260303-05066,2026-03-03,14:31:00,2026-03-03 14:31:00,1,Tuesday,3,0,1,ramadan,1.4,13500,CASH,15000,1500,1
TRX-260303-05067,2026-03-03,10:18:00,2026-03-03 10:18:00,1,Tuesday,3,0,1,ramadan,1.4,17000,CASH,20000,3000,3
TRX-260303-05068,2026-03-03,08:01:00,2026-03-03 08:01:00,1,Tuesday,3,0,1,ramadan,1.4,60000,CASH,65000,5000,2
TRX-260303-05069,2026-03-03,15:31:00,2026-03-03 15:31:00,1,Tuesday,3,0,1,ramadan,1.4,2000,CASH,5000,3000,1
TRX-260303-05070,2026-03-03,08:47:00,2026-03-03 08:47:00,1,Tuesday,3,0,1,ramadan,1.4,20000,CASH,25000,5000,2
TRX-260304-05071,2026-03-04,16:51:00,2026-03-04 16:51:00,2,Wednesday,3,0,1,ramadan,1.4,62000,CASH,65000,3000,4
TRX-260304-05072,2026-03-04,19:45:00,2026-03-04 19:45:00,2,Wednesday,3,0,1,ramadan,1.4,3000,CASH,5000,2000,1
TRX-260304-05073,2026-03-04,18:08:00,2026-03-04 18:08:00,2,Wednesday,3,0,1,ramadan,1.4,33000,TRANSFER,33000,0,3
TRX-260304-05074,2026-03-04,12:22:00,2026-03-04 12:22:00,2,Wednesday,3,0,1,ramadan,1.4,12000,CASH,15000,3000,1
TRX-260304-05075,2026-03-04,20:45:00,2026-03-04 20:45:00,2,Wednesday,3,0,1,ramadan,1.4,4000,CASH,5000,1000,1
TRX-260304-05076,2026-03-04,21:46:00,2026-03-04 21:46:00,2,Wednesday,3,0,1,ramadan,1.4,40000,EWALLET,40000,0,5
TRX-260304-05077,2026-03-04,06:36:00,2026-03-04 06:36:00,2,Wednesday,3,0,1,ramadan,1.4,33000,CASH,35000,2000,3
TRX-260304-05078,2026-03-04,12:03:00,2026-03-04 12:03:00,2,Wednesday,3,0,1,ramadan,1.4,78000,CASH,80000,2000,2
TRX-260304-05079,2026-03-04,07:29:00,2026-03-04 07:29:00,2,Wednesday,3,0,1,ramadan,1.4,61500,EWALLET,61500,0,5
TRX-260304-05080,2026-03-04,08:44:00,2026-03-04 08:44:00,2,Wednesday,3,0,1,ramadan,1.4,25850,QRIS,25850,0,3
TRX-260304-05081,2026-03-04,17:44:00,2026-03-04 17:44:00,2,Wednesday,3,0,1,ramadan,1.4,55000,TRANSFER,55000,0,3
TRX-260304-05082,2026-03-04,12:20:00,2026-03-04 12:20:00,2,Wednesday,3,0,1,ramadan,1.4,36000,QRIS,36000,0,4
TRX-260304-05083,2026-03-04,10:52:00,2026-03-04 10:52:00,2,Wednesday,3,0,1,ramadan,1.4,18000,CASH,20000,2000,3
TRX-260304-05084,2026-03-04,18:55:00,2026-03-04 18:55:00,2,Wednesday,3,0,1,ramadan,1.4,32650,TRANSFER,32650,0,2
TRX-260304-05085,2026-03-04,11:34:00,2026-03-04 11:34:00,2,Wednesday,3,0,1,ramadan,1.4,14000,CASH,15000,1000,3
TRX-260304-05086,2026-03-04,18:51:00,2026-03-04 18:51:00,2,Wednesday,3,0,1,ramadan,1.4,27500,CASH,30000,2500,4
TRX-260304-05087,2026-03-04,08:14:00,2026-03-04 08:14:00,2,Wednesday,3,0,1,ramadan,1.4,16000,CASH,20000,4000,3
TRX-260304-05088,2026-03-04,14:38:00,2026-03-04 14:38:00,2,Wednesday,3,0,1,ramadan,1.4,17400,CASH,20000,2600,2
TRX-260304-05089,2026-03-04,18:12:00,2026-03-04 18:12:00,2,Wednesday,3,0,1,ramadan,1.4,69000,TRANSFER,69000,0,2
TRX-260304-05090,2026-03-04,13:43:00,2026-03-04 13:43:00,2,Wednesday,3,0,1,ramadan,1.4,24000,CASH,25000,1000,1
TRX-260304-05091,2026-03-04,11:32:00,2026-03-04 11:32:00,2,Wednesday,3,0,1,ramadan,1.4,30500,TRANSFER,30500,0,3
TRX-260304-05092,2026-03-04,15:59:00,2026-03-04 15:59:00,2,Wednesday,3,0,1,ramadan,1.4,7500,CASH,10000,2500,2
TRX-260304-05093,2026-03-04,16:33:00,2026-03-04 16:33:00,2,Wednesday,3,0,1,ramadan,1.4,23000,CASH,25000,2000,2
TRX-260304-05094,2026-03-04,17:47:00,2026-03-04 17:47:00,2,Wednesday,3,0,1,ramadan,1.4,5000,CASH,10000,5000,2
TRX-260304-05095,2026-03-04,09:18:00,2026-03-04 09:18:00,2,Wednesday,3,0,1,ramadan,1.4,19000,QRIS,19000,0,2
TRX-260305-05096,2026-03-05,13:47:00,2026-03-05 13:47:00,3,Thursday,3,0,1,ramadan,1.4,120600,QRIS,120600,0,4
TRX-260305-05097,2026-03-05,19:24:00,2026-03-05 19:24:00,3,Thursday,3,0,1,ramadan,1.4,31000,CASH,35000,4000,2
TRX-260305-05098,2026-03-05,10:47:00,2026-03-05 10:47:00,3,Thursday,3,0,1,ramadan,1.4,11000,QRIS,11000,0,2
TRX-260305-05099,2026-03-05,15:14:00,2026-03-05 15:14:00,3,Thursday,3,0,1,ramadan,1.4,7000,CASH,10000,3000,2
TRX-260305-05100,2026-03-05,15:38:00,2026-03-05 15:38:00,3,Thursday,3,0,1,ramadan,1.4,8000,TRANSFER,8000,0,1
TRX-260305-05101,2026-03-05,13:22:00,2026-03-05 13:22:00,3,Thursday,3,0,1,ramadan,1.4,39000,QRIS,39000,0,3
TRX-260305-05102,2026-03-05,11:11:00,2026-03-05 11:11:00,3,Thursday,3,0,1,ramadan,1.4,11000,TRANSFER,11000,0,2
TRX-260305-05103,2026-03-05,11:58:00,2026-03-05 11:58:00,3,Thursday,3,0,1,ramadan,1.4,6000,CASH,10000,4000,2
TRX-260305-05104,2026-03-05,16:39:00,2026-03-05 16:39:00,3,Thursday,3,0,1,ramadan,1.4,15000,CASH,20000,5000,2
TRX-260305-05105,2026-03-05,13:18:00,2026-03-05 13:18:00,3,Thursday,3,0,1,ramadan,1.4,40000,CASH,45000,5000,3
TRX-260305-05106,2026-03-05,09:32:00,2026-03-05 09:32:00,3,Thursday,3,0,1,ramadan,1.4,55000,CASH,60000,5000,3
TRX-260305-05107,2026-03-05,15:05:00,2026-03-05 15:05:00,3,Thursday,3,0,1,ramadan,1.4,50000,CASH,55000,5000,5
TRX-260305-05108,2026-03-05,12:07:00,2026-03-05 12:07:00,3,Thursday,3,0,1,ramadan,1.4,22500,CASH,25000,2500,4
TRX-260305-05109,2026-03-05,20:00:00,2026-03-05 20:00:00,3,Thursday,3,0,1,ramadan,1.4,49000,QRIS,49000,0,5
TRX-260305-05110,2026-03-05,16:23:00,2026-03-05 16:23:00,3,Thursday,3,0,1,ramadan,1.4,31000,CASH,35000,4000,1
TRX-260305-05111,2026-03-05,18:23:00,2026-03-05 18:23:00,3,Thursday,3,0,1,ramadan,1.4,122000,CASH,125000,3000,3
TRX-260305-05112,2026-03-05,12:50:00,2026-03-05 12:50:00,3,Thursday,3,0,1,ramadan,1.4,9000,CASH,10000,1000,1
TRX-260305-05113,2026-03-05,18:58:00,2026-03-05 18:58:00,3,Thursday,3,0,1,ramadan,1.4,17000,CASH,20000,3000,2
TRX-260305-05114,2026-03-05,09:50:00,2026-03-05 09:50:00,3,Thursday,3,0,1,ramadan,1.4,67000,CASH,70000,3000,4
TRX-260305-05115,2026-03-05,10:13:00,2026-03-05 10:13:00,3,Thursday,3,0,1,ramadan,1.4,18000,CASH,20000,2000,1
TRX-260305-05116,2026-03-05,11:22:00,2026-03-05 11:22:00,3,Thursday,3,0,1,ramadan,1.4,23500,CASH,25000,1500,4
TRX-260305-05117,2026-03-05,14:24:00,2026-03-05 14:24:00,3,Thursday,3,0,1,ramadan,1.4,5000,CASH,10000,5000,2
TRX-260305-05118,2026-03-05,12:45:00,2026-03-05 12:45:00,3,Thursday,3,0,1,ramadan,1.4,12000,CASH,15000,3000,1
TRX-260305-05119,2026-03-05,11:32:00,2026-03-05 11:32:00,3,Thursday,3,0,1,ramadan,1.4,6500,EWALLET,6500,0,2
TRX-260305-05120,2026-03-05,09:32:00,2026-03-05 09:32:00,3,Thursday,3,0,1,ramadan,1.4,21000,CASH,25000,4000,2
TRX-260305-05121,2026-03-05,06:23:00,2026-03-05 06:23:00,3,Thursday,3,0,1,ramadan,1.4,88350,QRIS,88350,0,4
TRX-260305-05122,2026-03-05,15:03:00,2026-03-05 15:03:00,3,Thursday,3,0,1,ramadan,1.4,13500,CASH,15000,1500,2
TRX-260305-05123,2026-03-05,16:14:00,2026-03-05 16:14:00,3,Thursday,3,0,1,ramadan,1.4,25500,CASH,30000,4500,4
TRX-260305-05124,2026-03-05,08:35:00,2026-03-05 08:35:00,3,Thursday,3,0,1,ramadan,1.4,8000,CASH,10000,2000,1
TRX-260305-05125,2026-03-05,10:22:00,2026-03-05 10:22:00,3,Thursday,3,0,1,ramadan,1.4,12000,CASH,15000,3000,2
TRX-260305-05126,2026-03-05,09:48:00,2026-03-05 09:48:00,3,Thursday,3,0,1,ramadan,1.4,155000,CASH,160000,5000,4
TRX-260305-05127,2026-03-05,18:00:00,2026-03-05 18:00:00,3,Thursday,3,0,1,ramadan,1.4,138000,CASH,140000,2000,3
TRX-260305-05128,2026-03-05,14:11:00,2026-03-05 14:11:00,3,Thursday,3,0,1,ramadan,1.4,11200,CASH,15000,3800,2
TRX-260305-05129,2026-03-05,13:36:00,2026-03-05 13:36:00,3,Thursday,3,0,1,ramadan,1.4,20000,CASH,25000,5000,4
TRX-260306-05130,2026-03-06,11:35:00,2026-03-06 11:35:00,4,Friday,3,0,0,pre_lebaran,1.8,66000,QRIS,66000,0,3
TRX-260306-05131,2026-03-06,18:46:00,2026-03-06 18:46:00,4,Friday,3,0,0,pre_lebaran,1.8,76000,CASH,80000,4000,3
TRX-260306-05132,2026-03-06,15:17:00,2026-03-06 15:17:00,4,Friday,3,0,0,pre_lebaran,1.8,6000,QRIS,6000,0,2
TRX-260306-05133,2026-03-06,14:11:00,2026-03-06 14:11:00,4,Friday,3,0,0,pre_lebaran,1.8,44000,QRIS,44000,0,4
TRX-260306-05134,2026-03-06,10:41:00,2026-03-06 10:41:00,4,Friday,3,0,0,pre_lebaran,1.8,75000,CASH,80000,5000,3
TRX-260306-05135,2026-03-06,19:02:00,2026-03-06 19:02:00,4,Friday,3,0,0,pre_lebaran,1.8,80250,QRIS,80250,0,3
TRX-260306-05136,2026-03-06,17:57:00,2026-03-06 17:57:00,4,Friday,3,0,0,pre_lebaran,1.8,29000,CASH,30000,1000,3
TRX-260306-05137,2026-03-06,10:50:00,2026-03-06 10:50:00,4,Friday,3,0,0,pre_lebaran,1.8,13000,QRIS,13000,0,2
TRX-260306-05138,2026-03-06,20:58:00,2026-03-06 20:58:00,4,Friday,3,0,0,pre_lebaran,1.8,33000,QRIS,33000,0,3
TRX-260306-05139,2026-03-06,17:40:00,2026-03-06 17:40:00,4,Friday,3,0,0,pre_lebaran,1.8,42200,QRIS,42200,0,5
TRX-260306-05140,2026-03-06,10:57:00,2026-03-06 10:57:00,4,Friday,3,0,0,pre_lebaran,1.8,18000,CASH,20000,2000,2
TRX-260306-05141,2026-03-06,08:48:00,2026-03-06 08:48:00,4,Friday,3,0,0,pre_lebaran,1.8,12000,CASH,15000,3000,1
TRX-260306-05142,2026-03-06,13:09:00,2026-03-06 13:09:00,4,Friday,3,0,0,pre_lebaran,1.8,6000,QRIS,6000,0,2
TRX-260306-05143,2026-03-06,20:28:00,2026-03-06 20:28:00,4,Friday,3,0,0,pre_lebaran,1.8,9000,QRIS,9000,0,2
TRX-260306-05144,2026-03-06,11:58:00,2026-03-06 11:58:00,4,Friday,3,0,0,pre_lebaran,1.8,12500,CASH,15000,2500,3
TRX-260306-05145,2026-03-06,19:27:00,2026-03-06 19:27:00,4,Friday,3,0,0,pre_lebaran,1.8,19000,QRIS,19000,0,3
TRX-260306-05146,2026-03-06,19:48:00,2026-03-06 19:48:00,4,Friday,3,0,0,pre_lebaran,1.8,9000,QRIS,9000,0,1
TRX-260306-05147,2026-03-06,21:36:00,2026-03-06 21:36:00,4,Friday,3,0,0,pre_lebaran,1.8,98000,CASH,100000,2000,4
TRX-260306-05148,2026-03-06,18:56:00,2026-03-06 18:56:00,4,Friday,3,0,0,pre_lebaran,1.8,36100,QRIS,36100,0,2
TRX-260306-05149,2026-03-06,17:31:00,2026-03-06 17:31:00,4,Friday,3,0,0,pre_lebaran,1.8,110500,CASH,115000,4500,4
TRX-260306-05150,2026-03-06,17:11:00,2026-03-06 17:11:00,4,Friday,3,0,0,pre_lebaran,1.8,66000,QRIS,66000,0,2
TRX-260306-05151,2026-03-06,16:18:00,2026-03-06 16:18:00,4,Friday,3,0,0,pre_lebaran,1.8,160000,CASH,165000,5000,2
TRX-260306-05152,2026-03-06,13:38:00,2026-03-06 13:38:00,4,Friday,3,0,0,pre_lebaran,1.8,28300,CASH,30000,1700,3
TRX-260306-05153,2026-03-06,15:13:00,2026-03-06 15:13:00,4,Friday,3,0,0,pre_lebaran,1.8,50000,CASH,55000,5000,2
TRX-260306-05154,2026-03-06,10:54:00,2026-03-06 10:54:00,4,Friday,3,0,0,pre_lebaran,1.8,57000,CASH,60000,3000,3
TRX-260307-05155,2026-03-07,08:03:00,2026-03-07 08:03:00,5,Saturday,3,1,0,pre_lebaran,1.8,4000,CASH,5000,1000,1
TRX-260307-05156,2026-03-07,19:17:00,2026-03-07 19:17:00,5,Saturday,3,1,0,pre_lebaran,1.8,41550,CASH,45000,3450,3
TRX-260307-05157,2026-03-07,19:48:00,2026-03-07 19:48:00,5,Saturday,3,1,0,pre_lebaran,1.8,81000,CASH,85000,4000,1
TRX-260307-05158,2026-03-07,19:32:00,2026-03-07 19:32:00,5,Saturday,3,1,0,pre_lebaran,1.8,5000,CASH,10000,5000,1
TRX-260307-05159,2026-03-07,10:48:00,2026-03-07 10:48:00,5,Saturday,3,1,0,pre_lebaran,1.8,54000,CASH,55000,1000,3
TRX-260307-05160,2026-03-07,19:33:00,2026-03-07 19:33:00,5,Saturday,3,1,0,pre_lebaran,1.8,53000,CASH,55000,2000,3
TRX-260307-05161,2026-03-07,11:24:00,2026-03-07 11:24:00,5,Saturday,3,1,0,pre_lebaran,1.8,4000,QRIS,4000,0,2
TRX-260307-05162,2026-03-07,20:20:00,2026-03-07 20:20:00,5,Saturday,3,1,0,pre_lebaran,1.8,6000,CASH,10000,4000,1
TRX-260307-05163,2026-03-07,15:32:00,2026-03-07 15:32:00,5,Saturday,3,1,0,pre_lebaran,1.8,63000,CASH,65000,2000,2
TRX-260307-05164,2026-03-07,16:20:00,2026-03-07 16:20:00,5,Saturday,3,1,0,pre_lebaran,1.8,43000,CASH,45000,2000,4
TRX-260307-05165,2026-03-07,12:09:00,2026-03-07 12:09:00,5,Saturday,3,1,0,pre_lebaran,1.8,63050,CASH,65000,1950,5
TRX-260307-05166,2026-03-07,11:01:00,2026-03-07 11:01:00,5,Saturday,3,1,0,pre_lebaran,1.8,109000,CASH,110000,1000,4
TRX-260307-05167,2026-03-07,11:27:00,2026-03-07 11:27:00,5,Saturday,3,1,0,pre_lebaran,1.8,46000,CASH,50000,4000,4
TRX-260307-05168,2026-03-07,08:10:00,2026-03-07 08:10:00,5,Saturday,3,1,0,pre_lebaran,1.8,86500,TRANSFER,86500,0,4
TRX-260307-05169,2026-03-07,17:39:00,2026-03-07 17:39:00,5,Saturday,3,1,0,pre_lebaran,1.8,82000,CASH,85000,3000,2
TRX-260307-05170,2026-03-07,18:51:00,2026-03-07 18:51:00,5,Saturday,3,1,0,pre_lebaran,1.8,50000,TRANSFER,50000,0,3
TRX-260307-05171,2026-03-07,15:18:00,2026-03-07 15:18:00,5,Saturday,3,1,0,pre_lebaran,1.8,25500,CASH,30000,4500,3
TRX-260307-05172,2026-03-07,12:37:00,2026-03-07 12:37:00,5,Saturday,3,1,0,pre_lebaran,1.8,33000,TRANSFER,33000,0,2
TRX-260307-05173,2026-03-07,11:09:00,2026-03-07 11:09:00,5,Saturday,3,1,0,pre_lebaran,1.8,28000,QRIS,28000,0,3
TRX-260307-05174,2026-03-07,08:15:00,2026-03-07 08:15:00,5,Saturday,3,1,0,pre_lebaran,1.8,131000,CASH,135000,4000,4
TRX-260307-05175,2026-03-07,10:04:00,2026-03-07 10:04:00,5,Saturday,3,1,0,pre_lebaran,1.8,12000,CASH,15000,3000,1
TRX-260307-05176,2026-03-07,21:53:00,2026-03-07 21:53:00,5,Saturday,3,1,0,pre_lebaran,1.8,54000,CASH,55000,1000,2
TRX-260307-05177,2026-03-07,17:11:00,2026-03-07 17:11:00,5,Saturday,3,1,0,pre_lebaran,1.8,10000,CASH,15000,5000,3
TRX-260307-05178,2026-03-07,10:14:00,2026-03-07 10:14:00,5,Saturday,3,1,0,pre_lebaran,1.8,7000,CASH,10000,3000,2
TRX-260307-05179,2026-03-07,20:51:00,2026-03-07 20:51:00,5,Saturday,3,1,0,pre_lebaran,1.8,27000,QRIS,27000,0,2
TRX-260307-05180,2026-03-07,19:46:00,2026-03-07 19:46:00,5,Saturday,3,1,0,pre_lebaran,1.8,32000,QRIS,32000,0,2
TRX-260307-05181,2026-03-07,09:34:00,2026-03-07 09:34:00,5,Saturday,3,1,0,pre_lebaran,1.8,4500,CASH,5000,500,2
TRX-260307-05182,2026-03-07,16:52:00,2026-03-07 16:52:00,5,Saturday,3,1,0,pre_lebaran,1.8,31000,CASH,35000,4000,3
TRX-260307-05183,2026-03-07,15:46:00,2026-03-07 15:46:00,5,Saturday,3,1,0,pre_lebaran,1.8,110500,CASH,115000,4500,4
TRX-260307-05184,2026-03-07,18:09:00,2026-03-07 18:09:00,5,Saturday,3,1,0,pre_lebaran,1.8,73500,CASH,75000,1500,4
TRX-260307-05185,2026-03-07,12:48:00,2026-03-07 12:48:00,5,Saturday,3,1,0,pre_lebaran,1.8,64500,CASH,65000,500,3
TRX-260307-05186,2026-03-07,10:29:00,2026-03-07 10:29:00,5,Saturday,3,1,0,pre_lebaran,1.8,14000,TRANSFER,14000,0,3
TRX-260307-05187,2026-03-07,13:53:00,2026-03-07 13:53:00,5,Saturday,3,1,0,pre_lebaran,1.8,25500,CASH,30000,4500,4
TRX-260307-05188,2026-03-07,08:30:00,2026-03-07 08:30:00,5,Saturday,3,1,0,pre_lebaran,1.8,3000,CASH,5000,2000,1
TRX-260307-05189,2026-03-07,16:52:00,2026-03-07 16:52:00,5,Saturday,3,1,0,pre_lebaran,1.8,29000,CASH,30000,1000,3
TRX-260307-05190,2026-03-07,21:01:00,2026-03-07 21:01:00,5,Saturday,3,1,0,pre_lebaran,1.8,38000,CASH,40000,2000,3
TRX-260307-05191,2026-03-07,17:34:00,2026-03-07 17:34:00,5,Saturday,3,1,0,pre_lebaran,1.8,8000,CASH,10000,2000,1
TRX-260307-05192,2026-03-07,20:27:00,2026-03-07 20:27:00,5,Saturday,3,1,0,pre_lebaran,1.8,18000,CASH,20000,2000,3
TRX-260307-05193,2026-03-07,10:22:00,2026-03-07 10:22:00,5,Saturday,3,1,0,pre_lebaran,1.8,40800,TRANSFER,40800,0,5
TRX-260308-05194,2026-03-08,18:49:00,2026-03-08 18:49:00,6,Sunday,3,1,0,pre_lebaran,1.8,30000,CASH,35000,5000,2
TRX-260308-05195,2026-03-08,10:27:00,2026-03-08 10:27:00,6,Sunday,3,1,0,pre_lebaran,1.8,27000,CASH,30000,3000,3
TRX-260308-05196,2026-03-08,14:20:00,2026-03-08 14:20:00,6,Sunday,3,1,0,pre_lebaran,1.8,42000,CASH,45000,3000,4
TRX-260308-05197,2026-03-08,07:53:00,2026-03-08 07:53:00,6,Sunday,3,1,0,pre_lebaran,1.8,30500,CASH,35000,4500,2
TRX-260308-05198,2026-03-08,10:19:00,2026-03-08 10:19:00,6,Sunday,3,1,0,pre_lebaran,1.8,2000,CASH,5000,3000,1
TRX-260308-05199,2026-03-08,17:46:00,2026-03-08 17:46:00,6,Sunday,3,1,0,pre_lebaran,1.8,117000,CASH,120000,3000,2
TRX-260308-05200,2026-03-08,17:56:00,2026-03-08 17:56:00,6,Sunday,3,1,0,pre_lebaran,1.8,3000,CASH,5000,2000,1
TRX-260308-05201,2026-03-08,14:48:00,2026-03-08 14:48:00,6,Sunday,3,1,0,pre_lebaran,1.8,3000,CASH,5000,2000,1
TRX-260308-05202,2026-03-08,12:23:00,2026-03-08 12:23:00,6,Sunday,3,1,0,pre_lebaran,1.8,7000,QRIS,7000,0,2
TRX-260308-05203,2026-03-08,13:14:00,2026-03-08 13:14:00,6,Sunday,3,1,0,pre_lebaran,1.8,56500,QRIS,56500,0,4
TRX-260308-05204,2026-03-08,14:28:00,2026-03-08 14:28:00,6,Sunday,3,1,0,pre_lebaran,1.8,8000,CASH,10000,2000,1
TRX-260308-05205,2026-03-08,17:21:00,2026-03-08 17:21:00,6,Sunday,3,1,0,pre_lebaran,1.8,4500,QRIS,4500,0,2
TRX-260308-05206,2026-03-08,16:01:00,2026-03-08 16:01:00,6,Sunday,3,1,0,pre_lebaran,1.8,17000,CASH,20000,3000,2
TRX-260308-05207,2026-03-08,10:09:00,2026-03-08 10:09:00,6,Sunday,3,1,0,pre_lebaran,1.8,59000,EWALLET,59000,0,2
TRX-260308-05208,2026-03-08,17:16:00,2026-03-08 17:16:00,6,Sunday,3,1,0,pre_lebaran,1.8,53500,CASH,55000,1500,3
TRX-260308-05209,2026-03-08,13:29:00,2026-03-08 13:29:00,6,Sunday,3,1,0,pre_lebaran,1.8,92000,CASH,95000,3000,2
TRX-260308-05210,2026-03-08,10:37:00,2026-03-08 10:37:00,6,Sunday,3,1,0,pre_lebaran,1.8,52500,CASH,55000,2500,3
TRX-260308-05211,2026-03-08,13:43:00,2026-03-08 13:43:00,6,Sunday,3,1,0,pre_lebaran,1.8,55000,CASH,60000,5000,5
TRX-260308-05212,2026-03-08,09:39:00,2026-03-08 09:39:00,6,Sunday,3,1,0,pre_lebaran,1.8,54000,CASH,55000,1000,2
TRX-260308-05213,2026-03-08,11:44:00,2026-03-08 11:44:00,6,Sunday,3,1,0,pre_lebaran,1.8,53000,CASH,55000,2000,4
TRX-260308-05214,2026-03-08,18:52:00,2026-03-08 18:52:00,6,Sunday,3,1,0,pre_lebaran,1.8,2000,CASH,5000,3000,1
TRX-260308-05215,2026-03-08,09:01:00,2026-03-08 09:01:00,6,Sunday,3,1,0,pre_lebaran,1.8,3000,CASH,5000,2000,1
TRX-260308-05216,2026-03-08,10:28:00,2026-03-08 10:28:00,6,Sunday,3,1,0,pre_lebaran,1.8,38000,CASH,40000,2000,4
TRX-260308-05217,2026-03-08,09:35:00,2026-03-08 09:35:00,6,Sunday,3,1,0,pre_lebaran,1.8,11000,QRIS,11000,0,2
TRX-260308-05218,2026-03-08,15:20:00,2026-03-08 15:20:00,6,Sunday,3,1,0,pre_lebaran,1.8,72100,QRIS,72100,0,3
TRX-260308-05219,2026-03-08,09:31:00,2026-03-08 09:31:00,6,Sunday,3,1,0,pre_lebaran,1.8,33000,CASH,35000,2000,3
TRX-260308-05220,2026-03-08,14:00:00,2026-03-08 14:00:00,6,Sunday,3,1,0,pre_lebaran,1.8,23950,QRIS,23950,0,3
TRX-260308-05221,2026-03-08,21:48:00,2026-03-08 21:48:00,6,Sunday,3,1,0,pre_lebaran,1.8,12000,CASH,15000,3000,1
TRX-260308-05222,2026-03-08,19:17:00,2026-03-08 19:17:00,6,Sunday,3,1,0,pre_lebaran,1.8,39000,CASH,40000,1000,3
TRX-260308-05223,2026-03-08,09:16:00,2026-03-08 09:16:00,6,Sunday,3,1,0,pre_lebaran,1.8,5000,CASH,10000,5000,1
TRX-260308-05224,2026-03-08,08:56:00,2026-03-08 08:56:00,6,Sunday,3,1,0,pre_lebaran,1.8,3000,CASH,5000,2000,1
TRX-260308-05225,2026-03-08,18:47:00,2026-03-08 18:47:00,6,Sunday,3,1,0,pre_lebaran,1.8,27000,CASH,30000,3000,2
TRX-260309-05226,2026-03-09,15:43:00,2026-03-09 15:43:00,0,Monday,3,0,0,pre_lebaran,1.8,60000,CASH,65000,5000,1
TRX-260309-05227,2026-03-09,08:11:00,2026-03-09 08:11:00,0,Monday,3,0,0,pre_lebaran,1.8,13000,CASH,15000,2000,2
TRX-260309-05228,2026-03-09,08:44:00,2026-03-09 08:44:00,0,Monday,3,0,0,pre_lebaran,1.8,62000,EWALLET,62000,0,4
TRX-260309-05229,2026-03-09,14:51:00,2026-03-09 14:51:00,0,Monday,3,0,0,pre_lebaran,1.8,24000,CASH,25000,1000,2
TRX-260309-05230,2026-03-09,08:54:00,2026-03-09 08:54:00,0,Monday,3,0,0,pre_lebaran,1.8,19500,CASH,20000,500,3
TRX-260309-05231,2026-03-09,08:17:00,2026-03-09 08:17:00,0,Monday,3,0,0,pre_lebaran,1.8,33000,CASH,35000,2000,3
TRX-260309-05232,2026-03-09,19:35:00,2026-03-09 19:35:00,0,Monday,3,0,0,pre_lebaran,1.8,22000,CASH,25000,3000,3
TRX-260309-05233,2026-03-09,13:27:00,2026-03-09 13:27:00,0,Monday,3,0,0,pre_lebaran,1.8,180000,CASH,185000,5000,4
TRX-260309-05234,2026-03-09,13:45:00,2026-03-09 13:45:00,0,Monday,3,0,0,pre_lebaran,1.8,4000,CASH,5000,1000,1
TRX-260309-05235,2026-03-09,09:52:00,2026-03-09 09:52:00,0,Monday,3,0,0,pre_lebaran,1.8,28500,CASH,30000,1500,4
TRX-260309-05236,2026-03-09,12:02:00,2026-03-09 12:02:00,0,Monday,3,0,0,pre_lebaran,1.8,12000,CASH,15000,3000,2
TRX-260309-05237,2026-03-09,08:11:00,2026-03-09 08:11:00,0,Monday,3,0,0,pre_lebaran,1.8,33400,CASH,35000,1600,4
TRX-260309-05238,2026-03-09,11:03:00,2026-03-09 11:03:00,0,Monday,3,0,0,pre_lebaran,1.8,1000,CASH,5000,4000,1
TRX-260309-05239,2026-03-09,14:33:00,2026-03-09 14:33:00,0,Monday,3,0,0,pre_lebaran,1.8,2000,CASH,5000,3000,1
TRX-260309-05240,2026-03-09,17:34:00,2026-03-09 17:34:00,0,Monday,3,0,0,pre_lebaran,1.8,39000,TRANSFER,39000,0,2
TRX-260309-05241,2026-03-09,17:43:00,2026-03-09 17:43:00,0,Monday,3,0,0,pre_lebaran,1.8,1500,CASH,5000,3500,1
TRX-260309-05242,2026-03-09,08:52:00,2026-03-09 08:52:00,0,Monday,3,0,0,pre_lebaran,1.8,11000,CASH,15000,4000,2
TRX-260309-05243,2026-03-09,12:29:00,2026-03-09 12:29:00,0,Monday,3,0,0,pre_lebaran,1.8,69000,CASH,70000,1000,3
TRX-260309-05244,2026-03-09,10:39:00,2026-03-09 10:39:00,0,Monday,3,0,0,pre_lebaran,1.8,55000,CASH,60000,5000,3
TRX-260309-05245,2026-03-09,10:15:00,2026-03-09 10:15:00,0,Monday,3,0,0,pre_lebaran,1.8,41500,QRIS,41500,0,4
TRX-260309-05246,2026-03-09,16:37:00,2026-03-09 16:37:00,0,Monday,3,0,0,pre_lebaran,1.8,8000,CASH,10000,2000,2
TRX-260309-05247,2026-03-09,12:44:00,2026-03-09 12:44:00,0,Monday,3,0,0,pre_lebaran,1.8,17000,CASH,20000,3000,3
TRX-260309-05248,2026-03-09,19:55:00,2026-03-09 19:55:00,0,Monday,3,0,0,pre_lebaran,1.8,11700,TRANSFER,11700,0,2
TRX-260309-05249,2026-03-09,15:20:00,2026-03-09 15:20:00,0,Monday,3,0,0,pre_lebaran,1.8,69000,CASH,70000,1000,4
TRX-260309-05250,2026-03-09,08:46:00,2026-03-09 08:46:00,0,Monday,3,0,0,pre_lebaran,1.8,105000,QRIS,105000,0,4
TRX-260309-05251,2026-03-09,11:57:00,2026-03-09 11:57:00,0,Monday,3,0,0,pre_lebaran,1.8,31000,CASH,35000,4000,3
TRX-260309-05252,2026-03-09,08:25:00,2026-03-09 08:25:00,0,Monday,3,0,0,pre_lebaran,1.8,81000,QRIS,81000,0,3
TRX-260309-05253,2026-03-09,12:13:00,2026-03-09 12:13:00,0,Monday,3,0,0,pre_lebaran,1.8,9000,CASH,10000,1000,2
TRX-260310-05254,2026-03-10,13:44:00,2026-03-10 13:44:00,1,Tuesday,3,0,0,pre_lebaran,1.8,12000,QRIS,12000,0,1
TRX-260310-05255,2026-03-10,11:43:00,2026-03-10 11:43:00,1,Tuesday,3,0,0,pre_lebaran,1.8,7000,CASH,10000,3000,2
TRX-260310-05256,2026-03-10,08:07:00,2026-03-10 08:07:00,1,Tuesday,3,0,0,pre_lebaran,1.8,6000,QRIS,6000,0,1
TRX-260310-05257,2026-03-10,10:56:00,2026-03-10 10:56:00,1,Tuesday,3,0,0,pre_lebaran,1.8,53000,CASH,55000,2000,5
TRX-260310-05258,2026-03-10,15:04:00,2026-03-10 15:04:00,1,Tuesday,3,0,0,pre_lebaran,1.8,84000,CASH,85000,1000,2
TRX-260310-05259,2026-03-10,20:30:00,2026-03-10 20:30:00,1,Tuesday,3,0,0,pre_lebaran,1.8,66000,CASH,70000,4000,2
TRX-260310-05260,2026-03-10,17:06:00,2026-03-10 17:06:00,1,Tuesday,3,0,0,pre_lebaran,1.8,54000,CASH,55000,1000,2
TRX-260310-05261,2026-03-10,07:43:00,2026-03-10 07:43:00,1,Tuesday,3,0,0,pre_lebaran,1.8,6000,CASH,10000,4000,2
TRX-260310-05262,2026-03-10,20:54:00,2026-03-10 20:54:00,1,Tuesday,3,0,0,pre_lebaran,1.8,3000,QRIS,3000,0,1
TRX-260310-05263,2026-03-10,19:42:00,2026-03-10 19:42:00,1,Tuesday,3,0,0,pre_lebaran,1.8,112000,CASH,115000,3000,2
TRX-260310-05264,2026-03-10,09:29:00,2026-03-10 09:29:00,1,Tuesday,3,0,0,pre_lebaran,1.8,9000,EWALLET,9000,0,2
TRX-260310-05265,2026-03-10,16:53:00,2026-03-10 16:53:00,1,Tuesday,3,0,0,pre_lebaran,1.8,2000,CASH,5000,3000,1
TRX-260310-05266,2026-03-10,19:42:00,2026-03-10 19:42:00,1,Tuesday,3,0,0,pre_lebaran,1.8,9000,CASH,10000,1000,2
TRX-260310-05267,2026-03-10,17:30:00,2026-03-10 17:30:00,1,Tuesday,3,0,0,pre_lebaran,1.8,64500,CASH,65000,500,3
TRX-260310-05268,2026-03-10,16:52:00,2026-03-10 16:52:00,1,Tuesday,3,0,0,pre_lebaran,1.8,70000,CASH,75000,5000,5
TRX-260310-05269,2026-03-10,13:04:00,2026-03-10 13:04:00,1,Tuesday,3,0,0,pre_lebaran,1.8,30500,CASH,35000,4500,4
TRX-260310-05270,2026-03-10,16:34:00,2026-03-10 16:34:00,1,Tuesday,3,0,0,pre_lebaran,1.8,150000,CASH,155000,5000,3
TRX-260310-05271,2026-03-10,15:04:00,2026-03-10 15:04:00,1,Tuesday,3,0,0,pre_lebaran,1.8,6000,TRANSFER,6000,0,1
TRX-260310-05272,2026-03-10,19:33:00,2026-03-10 19:33:00,1,Tuesday,3,0,0,pre_lebaran,1.8,90000,CASH,95000,5000,2
TRX-260310-05273,2026-03-10,12:25:00,2026-03-10 12:25:00,1,Tuesday,3,0,0,pre_lebaran,1.8,12000,CASH,15000,3000,1
TRX-260310-05274,2026-03-10,10:22:00,2026-03-10 10:22:00,1,Tuesday,3,0,0,pre_lebaran,1.8,9000,QRIS,9000,0,2
TRX-260310-05275,2026-03-10,06:35:00,2026-03-10 06:35:00,1,Tuesday,3,0,0,pre_lebaran,1.8,57000,CASH,60000,3000,4
TRX-260310-05276,2026-03-10,13:04:00,2026-03-10 13:04:00,1,Tuesday,3,0,0,pre_lebaran,1.8,91000,CASH,95000,4000,3
TRX-260310-05277,2026-03-10,19:56:00,2026-03-10 19:56:00,1,Tuesday,3,0,0,pre_lebaran,1.8,52500,CASH,55000,2500,3
TRX-260310-05278,2026-03-10,11:43:00,2026-03-10 11:43:00,1,Tuesday,3,0,0,pre_lebaran,1.8,3900,CASH,5000,1100,2
TRX-260310-05279,2026-03-10,09:58:00,2026-03-10 09:58:00,1,Tuesday,3,0,0,pre_lebaran,1.8,6000,CASH,10000,4000,1
TRX-260310-05280,2026-03-10,08:29:00,2026-03-10 08:29:00,1,Tuesday,3,0,0,pre_lebaran,1.8,10000,QRIS,10000,0,2
TRX-260310-05281,2026-03-10,17:21:00,2026-03-10 17:21:00,1,Tuesday,3,0,0,pre_lebaran,1.8,63000,CASH,65000,2000,2
TRX-260310-05282,2026-03-10,10:54:00,2026-03-10 10:54:00,1,Tuesday,3,0,0,pre_lebaran,1.8,5000,CASH,10000,5000,2
TRX-260310-05283,2026-03-10,11:28:00,2026-03-10 11:28:00,1,Tuesday,3,0,0,pre_lebaran,1.8,5000,CASH,10000,5000,1
TRX-260310-05284,2026-03-10,15:52:00,2026-03-10 15:52:00,1,Tuesday,3,0,0,pre_lebaran,1.8,24000,CASH,25000,1000,1
TRX-260310-05285,2026-03-10,15:49:00,2026-03-10 15:49:00,1,Tuesday,3,0,0,pre_lebaran,1.8,12000,CASH,15000,3000,1
TRX-260310-05286,2026-03-10,11:19:00,2026-03-10 11:19:00,1,Tuesday,3,0,0,pre_lebaran,1.8,38350,CASH,40000,1650,4
TRX-260310-05287,2026-03-10,10:58:00,2026-03-10 10:58:00,1,Tuesday,3,0,0,pre_lebaran,1.8,5000,CASH,10000,5000,1
TRX-260310-05288,2026-03-10,19:26:00,2026-03-10 19:26:00,1,Tuesday,3,0,0,pre_lebaran,1.8,12000,CASH,15000,3000,3
TRX-260310-05289,2026-03-10,16:54:00,2026-03-10 16:54:00,1,Tuesday,3,0,0,pre_lebaran,1.8,15000,CASH,20000,5000,2
TRX-260310-05290,2026-03-10,12:02:00,2026-03-10 12:02:00,1,Tuesday,3,0,0,pre_lebaran,1.8,19000,CASH,20000,1000,3
TRX-260311-05291,2026-03-11,06:08:00,2026-03-11 06:08:00,2,Wednesday,3,0,0,pre_lebaran,1.8,6500,EWALLET,6500,0,2
TRX-260311-05292,2026-03-11,17:37:00,2026-03-11 17:37:00,2,Wednesday,3,0,0,pre_lebaran,1.8,8000,QRIS,8000,0,2
TRX-260311-05293,2026-03-11,09:51:00,2026-03-11 09:51:00,2,Wednesday,3,0,0,pre_lebaran,1.8,30350,EWALLET,30350,0,3
TRX-260311-05294,2026-03-11,10:00:00,2026-03-11 10:00:00,2,Wednesday,3,0,0,pre_lebaran,1.8,5000,CASH,10000,5000,2
TRX-260311-05295,2026-03-11,11:33:00,2026-03-11 11:33:00,2,Wednesday,3,0,0,pre_lebaran,1.8,48500,CASH,50000,1500,3
TRX-260311-05296,2026-03-11,14:30:00,2026-03-11 14:30:00,2,Wednesday,3,0,0,pre_lebaran,1.8,55000,QRIS,55000,0,3
TRX-260311-05297,2026-03-11,10:32:00,2026-03-11 10:32:00,2,Wednesday,3,0,0,pre_lebaran,1.8,75000,QRIS,75000,0,3
TRX-260311-05298,2026-03-11,10:36:00,2026-03-11 10:36:00,2,Wednesday,3,0,0,pre_lebaran,1.8,61000,QRIS,61000,0,2
TRX-260311-05299,2026-03-11,06:01:00,2026-03-11 06:01:00,2,Wednesday,3,0,0,pre_lebaran,1.8,57000,CASH,60000,3000,4
TRX-260311-05300,2026-03-11,09:48:00,2026-03-11 09:48:00,2,Wednesday,3,0,0,pre_lebaran,1.8,51000,CASH,55000,4000,2
TRX-260311-05301,2026-03-11,12:58:00,2026-03-11 12:58:00,2,Wednesday,3,0,0,pre_lebaran,1.8,65000,CASH,70000,5000,3
TRX-260311-05302,2026-03-11,11:43:00,2026-03-11 11:43:00,2,Wednesday,3,0,0,pre_lebaran,1.8,26400,CASH,30000,3600,4
TRX-260311-05303,2026-03-11,09:49:00,2026-03-11 09:49:00,2,Wednesday,3,0,0,pre_lebaran,1.8,32000,CASH,35000,3000,3
TRX-260311-05304,2026-03-11,12:46:00,2026-03-11 12:46:00,2,Wednesday,3,0,0,pre_lebaran,1.8,72000,TRANSFER,72000,0,2
TRX-260311-05305,2026-03-11,17:01:00,2026-03-11 17:01:00,2,Wednesday,3,0,0,pre_lebaran,1.8,8000,CASH,10000,2000,2
TRX-260311-05306,2026-03-11,09:49:00,2026-03-11 09:49:00,2,Wednesday,3,0,0,pre_lebaran,1.8,50000,TRANSFER,50000,0,2
TRX-260311-05307,2026-03-11,14:26:00,2026-03-11 14:26:00,2,Wednesday,3,0,0,pre_lebaran,1.8,13000,QRIS,13000,0,2
TRX-260311-05308,2026-03-11,17:17:00,2026-03-11 17:17:00,2,Wednesday,3,0,0,pre_lebaran,1.8,9000,CASH,10000,1000,1
TRX-260311-05309,2026-03-11,18:19:00,2026-03-11 18:19:00,2,Wednesday,3,0,0,pre_lebaran,1.8,42000,CASH,45000,3000,3
TRX-260311-05310,2026-03-11,18:34:00,2026-03-11 18:34:00,2,Wednesday,3,0,0,pre_lebaran,1.8,50000,CASH,55000,5000,3
TRX-260311-05311,2026-03-11,10:45:00,2026-03-11 10:45:00,2,Wednesday,3,0,0,pre_lebaran,1.8,20500,TRANSFER,20500,0,5
TRX-260311-05312,2026-03-11,18:28:00,2026-03-11 18:28:00,2,Wednesday,3,0,0,pre_lebaran,1.8,68000,CASH,70000,2000,5
TRX-260311-05313,2026-03-11,17:56:00,2026-03-11 17:56:00,2,Wednesday,3,0,0,pre_lebaran,1.8,34000,CASH,35000,1000,4
TRX-260311-05314,2026-03-11,16:56:00,2026-03-11 16:56:00,2,Wednesday,3,0,0,pre_lebaran,1.8,81275,CASH,85000,3725,5
TRX-260311-05315,2026-03-11,17:40:00,2026-03-11 17:40:00,2,Wednesday,3,0,0,pre_lebaran,1.8,10000,CASH,15000,5000,2
TRX-260311-05316,2026-03-11,14:26:00,2026-03-11 14:26:00,2,Wednesday,3,0,0,pre_lebaran,1.8,19500,CASH,20000,500,3
TRX-260311-05317,2026-03-11,17:12:00,2026-03-11 17:12:00,2,Wednesday,3,0,0,pre_lebaran,1.8,6000,CASH,10000,4000,2
TRX-260311-05318,2026-03-11,11:35:00,2026-03-11 11:35:00,2,Wednesday,3,0,0,pre_lebaran,1.8,107500,CASH,110000,2500,3
TRX-260311-05319,2026-03-11,13:42:00,2026-03-11 13:42:00,2,Wednesday,3,0,0,pre_lebaran,1.8,11000,CASH,15000,4000,2
TRX-260311-05320,2026-03-11,06:20:00,2026-03-11 06:20:00,2,Wednesday,3,0,0,pre_lebaran,1.8,5000,CASH,10000,5000,1
TRX-260311-05321,2026-03-11,11:18:00,2026-03-11 11:18:00,2,Wednesday,3,0,0,pre_lebaran,1.8,15000,EWALLET,15000,0,2
TRX-260311-05322,2026-03-11,09:18:00,2026-03-11 09:18:00,2,Wednesday,3,0,0,pre_lebaran,1.8,6000,CASH,10000,4000,2
TRX-260311-05323,2026-03-11,11:23:00,2026-03-11 11:23:00,2,Wednesday,3,0,0,pre_lebaran,1.8,39750,CASH,40000,250,4
TRX-260311-05324,2026-03-11,17:22:00,2026-03-11 17:22:00,2,Wednesday,3,0,0,pre_lebaran,1.8,57000,CASH,60000,3000,2
TRX-260311-05325,2026-03-11,10:05:00,2026-03-11 10:05:00,2,Wednesday,3,0,0,pre_lebaran,1.8,48000,CASH,50000,2000,4
TRX-260311-05326,2026-03-11,14:51:00,2026-03-11 14:51:00,2,Wednesday,3,0,0,pre_lebaran,1.8,3000,CASH,5000,2000,1
TRX-260311-05327,2026-03-11,15:27:00,2026-03-11 15:27:00,2,Wednesday,3,0,0,pre_lebaran,1.8,2000,CASH,5000,3000,1
TRX-260311-05328,2026-03-11,13:36:00,2026-03-11 13:36:00,2,Wednesday,3,0,0,pre_lebaran,1.8,12950,EWALLET,12950,0,2
TRX-260312-05329,2026-03-12,16:04:00,2026-03-12 16:04:00,3,Thursday,3,0,0,pre_lebaran,1.8,38800,CASH,40000,1200,4
TRX-260312-05330,2026-03-12,07:19:00,2026-03-12 07:19:00,3,Thursday,3,0,0,pre_lebaran,1.8,12000,CASH,15000,3000,2
TRX-260312-05331,2026-03-12,20:12:00,2026-03-12 20:12:00,3,Thursday,3,0,0,pre_lebaran,1.8,42000,CASH,45000,3000,2
TRX-260312-05332,2026-03-12,20:25:00,2026-03-12 20:25:00,3,Thursday,3,0,0,pre_lebaran,1.8,20000,CASH,25000,5000,3
TRX-260312-05333,2026-03-12,09:06:00,2026-03-12 09:06:00,3,Thursday,3,0,0,pre_lebaran,1.8,73000,CASH,75000,2000,5
TRX-260312-05334,2026-03-12,14:12:00,2026-03-12 14:12:00,3,Thursday,3,0,0,pre_lebaran,1.8,42000,TRANSFER,42000,0,2
TRX-260312-05335,2026-03-12,10:33:00,2026-03-12 10:33:00,3,Thursday,3,0,0,pre_lebaran,1.8,100000,CASH,105000,5000,5
TRX-260312-05336,2026-03-12,10:11:00,2026-03-12 10:11:00,3,Thursday,3,0,0,pre_lebaran,1.8,14800,CASH,15000,200,3
TRX-260312-05337,2026-03-12,11:20:00,2026-03-12 11:20:00,3,Thursday,3,0,0,pre_lebaran,1.8,13000,TRANSFER,13000,0,2
TRX-260312-05338,2026-03-12,17:10:00,2026-03-12 17:10:00,3,Thursday,3,0,0,pre_lebaran,1.8,12000,CASH,15000,3000,3
TRX-260312-05339,2026-03-12,13:22:00,2026-03-12 13:22:00,3,Thursday,3,0,0,pre_lebaran,1.8,143000,QRIS,143000,0,3
TRX-260312-05340,2026-03-12,11:29:00,2026-03-12 11:29:00,3,Thursday,3,0,0,pre_lebaran,1.8,16000,QRIS,16000,0,2
TRX-260312-05341,2026-03-12,11:36:00,2026-03-12 11:36:00,3,Thursday,3,0,0,pre_lebaran,1.8,62000,TRANSFER,62000,0,5
TRX-260312-05342,2026-03-12,18:23:00,2026-03-12 18:23:00,3,Thursday,3,0,0,pre_lebaran,1.8,4900,CASH,5000,100,2
TRX-260312-05343,2026-03-12,17:38:00,2026-03-12 17:38:00,3,Thursday,3,0,0,pre_lebaran,1.8,25500,CASH,30000,4500,2
TRX-260312-05344,2026-03-12,18:35:00,2026-03-12 18:35:00,3,Thursday,3,0,0,pre_lebaran,1.8,27000,CASH,30000,3000,4
TRX-260312-05345,2026-03-12,11:31:00,2026-03-12 11:31:00,3,Thursday,3,0,0,pre_lebaran,1.8,19000,EWALLET,19000,0,3
TRX-260312-05346,2026-03-12,19:26:00,2026-03-12 19:26:00,3,Thursday,3,0,0,pre_lebaran,1.8,72500,CASH,75000,2500,3
TRX-260312-05347,2026-03-12,20:39:00,2026-03-12 20:39:00,3,Thursday,3,0,0,pre_lebaran,1.8,34000,CASH,35000,1000,3
TRX-260312-05348,2026-03-12,11:13:00,2026-03-12 11:13:00,3,Thursday,3,0,0,pre_lebaran,1.8,36000,CASH,40000,4000,1
TRX-260312-05349,2026-03-12,20:47:00,2026-03-12 20:47:00,3,Thursday,3,0,0,pre_lebaran,1.8,8000,CASH,10000,2000,1
TRX-260312-05350,2026-03-12,09:34:00,2026-03-12 09:34:00,3,Thursday,3,0,0,pre_lebaran,1.8,1000,EWALLET,1000,0,1
TRX-260312-05351,2026-03-12,18:54:00,2026-03-12 18:54:00,3,Thursday,3,0,0,pre_lebaran,1.8,141000,QRIS,141000,0,2
TRX-260312-05352,2026-03-12,15:34:00,2026-03-12 15:34:00,3,Thursday,3,0,0,pre_lebaran,1.8,26000,CASH,30000,4000,2
TRX-260312-05353,2026-03-12,14:52:00,2026-03-12 14:52:00,3,Thursday,3,0,0,pre_lebaran,1.8,10150,CASH,15000,4850,3
TRX-260312-05354,2026-03-12,12:01:00,2026-03-12 12:01:00,3,Thursday,3,0,0,pre_lebaran,1.8,12000,EWALLET,12000,0,2
TRX-260312-05355,2026-03-12,08:55:00,2026-03-12 08:55:00,3,Thursday,3,0,0,pre_lebaran,1.8,3000,CASH,5000,2000,1
TRX-260312-05356,2026-03-12,12:46:00,2026-03-12 12:46:00,3,Thursday,3,0,0,pre_lebaran,1.8,27000,CASH,30000,3000,4
TRX-260313-05357,2026-03-13,17:05:00,2026-03-13 17:05:00,4,Friday,3,0,0,pre_lebaran,1.8,13500,CASH,15000,1500,3
TRX-260313-05358,2026-03-13,06:44:00,2026-03-13 06:44:00,4,Friday,3,0,0,pre_lebaran,1.8,10000,CASH,15000,5000,2
TRX-260313-05359,2026-03-13,19:15:00,2026-03-13 19:15:00,4,Friday,3,0,0,pre_lebaran,1.8,72000,TRANSFER,72000,0,5
TRX-260313-05360,2026-03-13,18:03:00,2026-03-13 18:03:00,4,Friday,3,0,0,pre_lebaran,1.8,6000,CASH,10000,4000,1
TRX-260313-05361,2026-03-13,07:22:00,2026-03-13 07:22:00,4,Friday,3,0,0,pre_lebaran,1.8,52000,CASH,55000,3000,3
TRX-260313-05362,2026-03-13,20:04:00,2026-03-13 20:04:00,4,Friday,3,0,0,pre_lebaran,1.8,54500,CASH,55000,500,4
TRX-260313-05363,2026-03-13,19:03:00,2026-03-13 19:03:00,4,Friday,3,0,0,pre_lebaran,1.8,165500,CASH,170000,4500,5
TRX-260313-05364,2026-03-13,11:16:00,2026-03-13 11:16:00,4,Friday,3,0,0,pre_lebaran,1.8,55000,CASH,60000,5000,2
TRX-260313-05365,2026-03-13,14:50:00,2026-03-13 14:50:00,4,Friday,3,0,0,pre_lebaran,1.8,73000,CASH,75000,2000,5
TRX-260313-05366,2026-03-13,20:42:00,2026-03-13 20:42:00,4,Friday,3,0,0,pre_lebaran,1.8,39000,QRIS,39000,0,3
TRX-260313-05367,2026-03-13,11:53:00,2026-03-13 11:53:00,4,Friday,3,0,0,pre_lebaran,1.8,39500,CASH,40000,500,2
TRX-260313-05368,2026-03-13,14:22:00,2026-03-13 14:22:00,4,Friday,3,0,0,pre_lebaran,1.8,27000,CASH,30000,3000,2
TRX-260313-05369,2026-03-13,09:58:00,2026-03-13 09:58:00,4,Friday,3,0,0,pre_lebaran,1.8,89850,CASH,90000,150,2
TRX-260313-05370,2026-03-13,13:58:00,2026-03-13 13:58:00,4,Friday,3,0,0,pre_lebaran,1.8,138000,QRIS,138000,0,2
TRX-260313-05371,2026-03-13,06:29:00,2026-03-13 06:29:00,4,Friday,3,0,0,pre_lebaran,1.8,128000,CASH,130000,2000,5
TRX-260313-05372,2026-03-13,10:37:00,2026-03-13 10:37:00,4,Friday,3,0,0,pre_lebaran,1.8,7000,CASH,10000,3000,2
TRX-260313-05373,2026-03-13,15:44:00,2026-03-13 15:44:00,4,Friday,3,0,0,pre_lebaran,1.8,47000,CASH,50000,3000,3
TRX-260313-05374,2026-03-13,19:36:00,2026-03-13 19:36:00,4,Friday,3,0,0,pre_lebaran,1.8,14000,EWALLET,14000,0,3
TRX-260313-05375,2026-03-13,19:25:00,2026-03-13 19:25:00,4,Friday,3,0,0,pre_lebaran,1.8,3000,CASH,5000,2000,1
TRX-260313-05376,2026-03-13,19:43:00,2026-03-13 19:43:00,4,Friday,3,0,0,pre_lebaran,1.8,29000,CASH,30000,1000,3
TRX-260313-05377,2026-03-13,10:36:00,2026-03-13 10:36:00,4,Friday,3,0,0,pre_lebaran,1.8,1000,TRANSFER,1000,0,1
TRX-260313-05378,2026-03-13,11:52:00,2026-03-13 11:52:00,4,Friday,3,0,0,pre_lebaran,1.8,85650,CASH,90000,4350,4
TRX-260313-05379,2026-03-13,14:59:00,2026-03-13 14:59:00,4,Friday,3,0,0,pre_lebaran,1.8,12000,CASH,15000,3000,2
TRX-260313-05380,2026-03-13,10:28:00,2026-03-13 10:28:00,4,Friday,3,0,0,pre_lebaran,1.8,40500,EWALLET,40500,0,3
TRX-260313-05381,2026-03-13,09:31:00,2026-03-13 09:31:00,4,Friday,3,0,0,pre_lebaran,1.8,97000,CASH,100000,3000,3
TRX-260313-05382,2026-03-13,08:54:00,2026-03-13 08:54:00,4,Friday,3,0,0,pre_lebaran,1.8,30050,CASH,35000,4950,3
TRX-260313-05383,2026-03-13,17:45:00,2026-03-13 17:45:00,4,Friday,3,0,0,pre_lebaran,1.8,3000,TRANSFER,3000,0,2
TRX-260313-05384,2026-03-13,17:58:00,2026-03-13 17:58:00,4,Friday,3,0,0,pre_lebaran,1.8,1500,CASH,5000,3500,1
TRX-260313-05385,2026-03-13,12:09:00,2026-03-13 12:09:00,4,Friday,3,0,0,pre_lebaran,1.8,85500,CASH,90000,4500,4
TRX-260313-05386,2026-03-13,15:45:00,2026-03-13 15:45:00,4,Friday,3,0,0,pre_lebaran,1.8,42000,QRIS,42000,0,4
TRX-260313-05387,2026-03-13,17:28:00,2026-03-13 17:28:00,4,Friday,3,0,0,pre_lebaran,1.8,27800,QRIS,27800,0,3
TRX-260313-05388,2026-03-13,13:05:00,2026-03-13 13:05:00,4,Friday,3,0,0,pre_lebaran,1.8,83000,CASH,85000,2000,5
TRX-260314-05389,2026-03-14,11:01:00,2026-03-14 11:01:00,5,Saturday,3,1,0,pre_lebaran,1.8,30000,CASH,35000,5000,2
TRX-260314-05390,2026-03-14,10:12:00,2026-03-14 10:12:00,5,Saturday,3,1,0,pre_lebaran,1.8,32500,QRIS,32500,0,3
TRX-260314-05391,2026-03-14,10:13:00,2026-03-14 10:13:00,5,Saturday,3,1,0,pre_lebaran,1.8,17000,CASH,20000,3000,2
TRX-260314-05392,2026-03-14,13:28:00,2026-03-14 13:28:00,5,Saturday,3,1,0,pre_lebaran,1.8,8000,CASH,10000,2000,1
TRX-260314-05393,2026-03-14,13:00:00,2026-03-14 13:00:00,5,Saturday,3,1,0,pre_lebaran,1.8,84000,CASH,85000,1000,3
TRX-260314-05394,2026-03-14,10:28:00,2026-03-14 10:28:00,5,Saturday,3,1,0,pre_lebaran,1.8,12000,EWALLET,12000,0,1
TRX-260314-05395,2026-03-14,14:29:00,2026-03-14 14:29:00,5,Saturday,3,1,0,pre_lebaran,1.8,23000,CASH,25000,2000,3
TRX-260314-05396,2026-03-14,07:14:00,2026-03-14 07:14:00,5,Saturday,3,1,0,pre_lebaran,1.8,30000,CASH,35000,5000,1
TRX-260314-05397,2026-03-14,09:58:00,2026-03-14 09:58:00,5,Saturday,3,1,0,pre_lebaran,1.8,4000,CASH,5000,1000,1
TRX-260314-05398,2026-03-14,12:08:00,2026-03-14 12:08:00,5,Saturday,3,1,0,pre_lebaran,1.8,51000,CASH,55000,4000,2
TRX-260314-05399,2026-03-14,18:23:00,2026-03-14 18:23:00,5,Saturday,3,1,0,pre_lebaran,1.8,87500,TRANSFER,87500,0,3
TRX-260314-05400,2026-03-14,11:26:00,2026-03-14 11:26:00,5,Saturday,3,1,0,pre_lebaran,1.8,10000,CASH,15000,5000,2
TRX-260314-05401,2026-03-14,19:04:00,2026-03-14 19:04:00,5,Saturday,3,1,0,pre_lebaran,1.8,9500,CASH,10000,500,2
TRX-260314-05402,2026-03-14,08:39:00,2026-03-14 08:39:00,5,Saturday,3,1,0,pre_lebaran,1.8,24000,CASH,25000,1000,1
TRX-260314-05403,2026-03-14,18:56:00,2026-03-14 18:56:00,5,Saturday,3,1,0,pre_lebaran,1.8,3000,CASH,5000,2000,1
TRX-260314-05404,2026-03-14,17:11:00,2026-03-14 17:11:00,5,Saturday,3,1,0,pre_lebaran,1.8,42000,CASH,45000,3000,4
TRX-260314-05405,2026-03-14,10:09:00,2026-03-14 10:09:00,5,Saturday,3,1,0,pre_lebaran,1.8,6000,CASH,10000,4000,2
TRX-260314-05406,2026-03-14,20:36:00,2026-03-14 20:36:00,5,Saturday,3,1,0,pre_lebaran,1.8,88500,CASH,90000,1500,3
TRX-260314-05407,2026-03-14,08:31:00,2026-03-14 08:31:00,5,Saturday,3,1,0,pre_lebaran,1.8,9000,EWALLET,9000,0,1
TRX-260314-05408,2026-03-14,10:19:00,2026-03-14 10:19:00,5,Saturday,3,1,0,pre_lebaran,1.8,7500,CASH,10000,2500,2
TRX-260314-05409,2026-03-14,11:37:00,2026-03-14 11:37:00,5,Saturday,3,1,0,pre_lebaran,1.8,1500,CASH,5000,3500,1
TRX-260314-05410,2026-03-14,20:10:00,2026-03-14 20:10:00,5,Saturday,3,1,0,pre_lebaran,1.8,3000,EWALLET,3000,0,1
TRX-260314-05411,2026-03-14,14:24:00,2026-03-14 14:24:00,5,Saturday,3,1,0,pre_lebaran,1.8,19000,CASH,20000,1000,3
TRX-260314-05412,2026-03-14,10:06:00,2026-03-14 10:06:00,5,Saturday,3,1,0,pre_lebaran,1.8,56000,CASH,60000,4000,3
TRX-260314-05413,2026-03-14,10:52:00,2026-03-14 10:52:00,5,Saturday,3,1,0,pre_lebaran,1.8,17250,CASH,20000,2750,2
TRX-260314-05414,2026-03-14,07:01:00,2026-03-14 07:01:00,5,Saturday,3,1,0,pre_lebaran,1.8,4000,CASH,5000,1000,2
TRX-260314-05415,2026-03-14,12:31:00,2026-03-14 12:31:00,5,Saturday,3,1,0,pre_lebaran,1.8,23700,CASH,25000,1300,3
TRX-260314-05416,2026-03-14,20:39:00,2026-03-14 20:39:00,5,Saturday,3,1,0,pre_lebaran,1.8,3000,CASH,5000,2000,1
TRX-260314-05417,2026-03-14,16:00:00,2026-03-14 16:00:00,5,Saturday,3,1,0,pre_lebaran,1.8,9000,CASH,10000,1000,1
TRX-260314-05418,2026-03-14,12:07:00,2026-03-14 12:07:00,5,Saturday,3,1,0,pre_lebaran,1.8,6000,CASH,10000,4000,2
TRX-260314-05419,2026-03-14,19:31:00,2026-03-14 19:31:00,5,Saturday,3,1,0,pre_lebaran,1.8,33000,CASH,35000,2000,3
TRX-260314-05420,2026-03-14,14:31:00,2026-03-14 14:31:00,5,Saturday,3,1,0,pre_lebaran,1.8,42000,QRIS,42000,0,2
TRX-260314-05421,2026-03-14,17:16:00,2026-03-14 17:16:00,5,Saturday,3,1,0,pre_lebaran,1.8,16500,CASH,20000,3500,2
TRX-260314-05422,2026-03-14,20:37:00,2026-03-14 20:37:00,5,Saturday,3,1,0,pre_lebaran,1.8,38000,CASH,40000,2000,2
TRX-260314-05423,2026-03-14,09:55:00,2026-03-14 09:55:00,5,Saturday,3,1,0,pre_lebaran,1.8,18200,CASH,20000,1800,2
TRX-260314-05424,2026-03-14,09:28:00,2026-03-14 09:28:00,5,Saturday,3,1,0,pre_lebaran,1.8,36000,TRANSFER,36000,0,2
TRX-260314-05425,2026-03-14,19:52:00,2026-03-14 19:52:00,5,Saturday,3,1,0,pre_lebaran,1.8,49500,CASH,50000,500,2
TRX-260314-05426,2026-03-14,17:36:00,2026-03-14 17:36:00,5,Saturday,3,1,0,pre_lebaran,1.8,20500,CASH,25000,4500,3
TRX-260314-05427,2026-03-14,13:10:00,2026-03-14 13:10:00,5,Saturday,3,1,0,pre_lebaran,1.8,15000,CASH,20000,5000,1
TRX-260314-05428,2026-03-14,15:49:00,2026-03-14 15:49:00,5,Saturday,3,1,0,pre_lebaran,1.8,83000,QRIS,83000,0,2
TRX-260314-05429,2026-03-14,11:05:00,2026-03-14 11:05:00,5,Saturday,3,1,0,pre_lebaran,1.8,14000,CASH,15000,1000,2
TRX-260314-05430,2026-03-14,15:41:00,2026-03-14 15:41:00,5,Saturday,3,1,0,pre_lebaran,1.8,19000,CASH,20000,1000,2
TRX-260314-05431,2026-03-14,10:31:00,2026-03-14 10:31:00,5,Saturday,3,1,0,pre_lebaran,1.8,36000,QRIS,36000,0,2
TRX-260314-05432,2026-03-14,15:57:00,2026-03-14 15:57:00,5,Saturday,3,1,0,pre_lebaran,1.8,2000,EWALLET,2000,0,1
TRX-260314-05433,2026-03-14,18:26:00,2026-03-14 18:26:00,5,Saturday,3,1,0,pre_lebaran,1.8,31500,CASH,35000,3500,2
TRX-260314-05434,2026-03-14,08:55:00,2026-03-14 08:55:00,5,Saturday,3,1,0,pre_lebaran,1.8,51000,CASH,55000,4000,2
TRX-260315-05435,2026-03-15,17:41:00,2026-03-15 17:41:00,6,Sunday,3,1,0,pre_lebaran,1.8,40000,CASH,45000,5000,3
TRX-260315-05436,2026-03-15,09:42:00,2026-03-15 09:42:00,6,Sunday,3,1,0,pre_lebaran,1.8,1350,CASH,5000,3650,1
TRX-260315-05437,2026-03-15,10:52:00,2026-03-15 10:52:00,6,Sunday,3,1,0,pre_lebaran,1.8,36000,EWALLET,36000,0,3
TRX-260315-05438,2026-03-15,16:26:00,2026-03-15 16:26:00,6,Sunday,3,1,0,pre_lebaran,1.8,48500,CASH,50000,1500,2
TRX-260315-05439,2026-03-15,10:38:00,2026-03-15 10:38:00,6,Sunday,3,1,0,pre_lebaran,1.8,8500,CASH,10000,1500,3
TRX-260315-05440,2026-03-15,20:08:00,2026-03-15 20:08:00,6,Sunday,3,1,0,pre_lebaran,1.8,65000,QRIS,65000,0,3
TRX-260315-05441,2026-03-15,17:38:00,2026-03-15 17:38:00,6,Sunday,3,1,0,pre_lebaran,1.8,14000,QRIS,14000,0,2
TRX-260315-05442,2026-03-15,17:48:00,2026-03-15 17:48:00,6,Sunday,3,1,0,pre_lebaran,1.8,3000,CASH,5000,2000,1
TRX-260315-05443,2026-03-15,15:25:00,2026-03-15 15:25:00,6,Sunday,3,1,0,pre_lebaran,1.8,114000,QRIS,114000,0,5
TRX-260315-05444,2026-03-15,15:09:00,2026-03-15 15:09:00,6,Sunday,3,1,0,pre_lebaran,1.8,6000,TRANSFER,6000,0,1
TRX-260315-05445,2026-03-15,15:03:00,2026-03-15 15:03:00,6,Sunday,3,1,0,pre_lebaran,1.8,63800,CASH,65000,1200,3
TRX-260315-05446,2026-03-15,09:36:00,2026-03-15 09:36:00,6,Sunday,3,1,0,pre_lebaran,1.8,30000,CASH,35000,5000,1
TRX-260315-05447,2026-03-15,19:01:00,2026-03-15 19:01:00,6,Sunday,3,1,0,pre_lebaran,1.8,37850,CASH,40000,2150,5
TRX-260315-05448,2026-03-15,06:39:00,2026-03-15 06:39:00,6,Sunday,3,1,0,pre_lebaran,1.8,57000,CASH,60000,3000,5
TRX-260315-05449,2026-03-15,15:51:00,2026-03-15 15:51:00,6,Sunday,3,1,0,pre_lebaran,1.8,76300,CASH,80000,3700,3
TRX-260315-05450,2026-03-15,19:42:00,2026-03-15 19:42:00,6,Sunday,3,1,0,pre_lebaran,1.8,61500,CASH,65000,3500,4
TRX-260315-05451,2026-03-15,10:30:00,2026-03-15 10:30:00,6,Sunday,3,1,0,pre_lebaran,1.8,10000,CASH,15000,5000,1
TRX-260315-05452,2026-03-15,11:30:00,2026-03-15 11:30:00,6,Sunday,3,1,0,pre_lebaran,1.8,80500,EWALLET,80500,0,4
TRX-260315-05453,2026-03-15,17:42:00,2026-03-15 17:42:00,6,Sunday,3,1,0,pre_lebaran,1.8,21000,CASH,25000,4000,4
TRX-260315-05454,2026-03-15,09:10:00,2026-03-15 09:10:00,6,Sunday,3,1,0,pre_lebaran,1.8,9000,CASH,10000,1000,2
TRX-260315-05455,2026-03-15,18:06:00,2026-03-15 18:06:00,6,Sunday,3,1,0,pre_lebaran,1.8,169000,CASH,170000,1000,4
TRX-260315-05456,2026-03-15,18:21:00,2026-03-15 18:21:00,6,Sunday,3,1,0,pre_lebaran,1.8,16800,CASH,20000,3200,3
TRX-260315-05457,2026-03-15,16:51:00,2026-03-15 16:51:00,6,Sunday,3,1,0,pre_lebaran,1.8,10000,CASH,15000,5000,1
TRX-260315-05458,2026-03-15,17:28:00,2026-03-15 17:28:00,6,Sunday,3,1,0,pre_lebaran,1.8,21000,CASH,25000,4000,2
TRX-260315-05459,2026-03-15,09:01:00,2026-03-15 09:01:00,6,Sunday,3,1,0,pre_lebaran,1.8,35000,TRANSFER,35000,0,3
TRX-260315-05460,2026-03-15,10:27:00,2026-03-15 10:27:00,6,Sunday,3,1,0,pre_lebaran,1.8,80500,CASH,85000,4500,4
TRX-260315-05461,2026-03-15,16:07:00,2026-03-15 16:07:00,6,Sunday,3,1,0,pre_lebaran,1.8,2000,QRIS,2000,0,1
TRX-260315-05462,2026-03-15,21:20:00,2026-03-15 21:20:00,6,Sunday,3,1,0,pre_lebaran,1.8,24000,CASH,25000,1000,3
TRX-260315-05463,2026-03-15,13:29:00,2026-03-15 13:29:00,6,Sunday,3,1,0,pre_lebaran,1.8,53000,CASH,55000,2000,3
TRX-260315-05464,2026-03-15,12:35:00,2026-03-15 12:35:00,6,Sunday,3,1,0,pre_lebaran,1.8,74000,TRANSFER,74000,0,5
TRX-260315-05465,2026-03-15,17:14:00,2026-03-15 17:14:00,6,Sunday,3,1,0,pre_lebaran,1.8,50950,QRIS,50950,0,5
TRX-260315-05466,2026-03-15,09:58:00,2026-03-15 09:58:00,6,Sunday,3,1,0,pre_lebaran,1.8,68500,CASH,70000,1500,4
TRX-260315-05467,2026-03-15,11:59:00,2026-03-15 11:59:00,6,Sunday,3,1,0,pre_lebaran,1.8,96000,CASH,100000,4000,4
TRX-260315-05468,2026-03-15,20:08:00,2026-03-15 20:08:00,6,Sunday,3,1,0,pre_lebaran,1.8,64500,EWALLET,64500,0,3
TRX-260315-05469,2026-03-15,18:58:00,2026-03-15 18:58:00,6,Sunday,3,1,0,pre_lebaran,1.8,24000,CASH,25000,1000,2
TRX-260315-05470,2026-03-15,14:28:00,2026-03-15 14:28:00,6,Sunday,3,1,0,pre_lebaran,1.8,158500,CASH,160000,1500,5
TRX-260315-05471,2026-03-15,09:20:00,2026-03-15 09:20:00,6,Sunday,3,1,0,pre_lebaran,1.8,16500,CASH,20000,3500,2
TRX-260315-05472,2026-03-15,07:40:00,2026-03-15 07:40:00,6,Sunday,3,1,0,pre_lebaran,1.8,67900,CASH,70000,2100,3
TRX-260315-05473,2026-03-15,15:17:00,2026-03-15 15:17:00,6,Sunday,3,1,0,pre_lebaran,1.8,52000,CASH,55000,3000,4
TRX-260316-05474,2026-03-16,11:02:00,2026-03-16 11:02:00,0,Monday,3,0,0,pre_lebaran,1.8,29000,CASH,30000,1000,2
TRX-260316-05475,2026-03-16,19:28:00,2026-03-16 19:28:00,0,Monday,3,0,0,pre_lebaran,1.8,71250,EWALLET,71250,0,4
TRX-260316-05476,2026-03-16,08:48:00,2026-03-16 08:48:00,0,Monday,3,0,0,pre_lebaran,1.8,68000,CASH,70000,2000,2
TRX-260316-05477,2026-03-16,09:20:00,2026-03-16 09:20:00,0,Monday,3,0,0,pre_lebaran,1.8,58000,CASH,60000,2000,4
TRX-260316-05478,2026-03-16,08:21:00,2026-03-16 08:21:00,0,Monday,3,0,0,pre_lebaran,1.8,87100,CASH,90000,2900,4
TRX-260316-05479,2026-03-16,16:39:00,2026-03-16 16:39:00,0,Monday,3,0,0,pre_lebaran,1.8,91500,CASH,95000,3500,4
TRX-260316-05480,2026-03-16,15:44:00,2026-03-16 15:44:00,0,Monday,3,0,0,pre_lebaran,1.8,22000,CASH,25000,3000,2
TRX-260316-05481,2026-03-16,18:49:00,2026-03-16 18:49:00,0,Monday,3,0,0,pre_lebaran,1.8,70000,CASH,75000,5000,3
TRX-260316-05482,2026-03-16,16:44:00,2026-03-16 16:44:00,0,Monday,3,0,0,pre_lebaran,1.8,35000,CASH,40000,5000,3
TRX-260316-05483,2026-03-16,11:27:00,2026-03-16 11:27:00,0,Monday,3,0,0,pre_lebaran,1.8,61000,TRANSFER,61000,0,4
TRX-260316-05484,2026-03-16,12:31:00,2026-03-16 12:31:00,0,Monday,3,0,0,pre_lebaran,1.8,11000,CASH,15000,4000,3
TRX-260316-05485,2026-03-16,11:35:00,2026-03-16 11:35:00,0,Monday,3,0,0,pre_lebaran,1.8,37500,QRIS,37500,0,4
TRX-260316-05486,2026-03-16,14:59:00,2026-03-16 14:59:00,0,Monday,3,0,0,pre_lebaran,1.8,26000,CASH,30000,4000,3
TRX-260316-05487,2026-03-16,10:44:00,2026-03-16 10:44:00,0,Monday,3,0,0,pre_lebaran,1.8,27500,CASH,30000,2500,2
TRX-260316-05488,2026-03-16,09:37:00,2026-03-16 09:37:00,0,Monday,3,0,0,pre_lebaran,1.8,35000,TRANSFER,35000,0,3
TRX-260316-05489,2026-03-16,18:19:00,2026-03-16 18:19:00,0,Monday,3,0,0,pre_lebaran,1.8,48750,CASH,50000,1250,2
TRX-260316-05490,2026-03-16,17:42:00,2026-03-16 17:42:00,0,Monday,3,0,0,pre_lebaran,1.8,19000,CASH,20000,1000,3
TRX-260316-05491,2026-03-16,11:48:00,2026-03-16 11:48:00,0,Monday,3,0,0,pre_lebaran,1.8,24000,CASH,25000,1000,3
TRX-260316-05492,2026-03-16,13:12:00,2026-03-16 13:12:00,0,Monday,3,0,0,pre_lebaran,1.8,3000,CASH,5000,2000,1
TRX-260316-05493,2026-03-16,14:26:00,2026-03-16 14:26:00,0,Monday,3,0,0,pre_lebaran,1.8,44000,CASH,45000,1000,4
TRX-260316-05494,2026-03-16,09:48:00,2026-03-16 09:48:00,0,Monday,3,0,0,pre_lebaran,1.8,30900,CASH,35000,4100,3
TRX-260316-05495,2026-03-16,13:52:00,2026-03-16 13:52:00,0,Monday,3,0,0,pre_lebaran,1.8,92000,CASH,95000,3000,3
TRX-260316-05496,2026-03-16,19:22:00,2026-03-16 19:22:00,0,Monday,3,0,0,pre_lebaran,1.8,73000,CASH,75000,2000,3
TRX-260316-05497,2026-03-16,12:29:00,2026-03-16 12:29:00,0,Monday,3,0,0,pre_lebaran,1.8,4500,CASH,5000,500,1
TRX-260316-05498,2026-03-16,19:16:00,2026-03-16 19:16:00,0,Monday,3,0,0,pre_lebaran,1.8,48000,QRIS,48000,0,3
TRX-260316-05499,2026-03-16,18:32:00,2026-03-16 18:32:00,0,Monday,3,0,0,pre_lebaran,1.8,30000,CASH,35000,5000,2
TRX-260316-05500,2026-03-16,09:37:00,2026-03-16 09:37:00,0,Monday,3,0,0,pre_lebaran,1.8,57000,CASH,60000,3000,2
TRX-260316-05501,2026-03-16,14:29:00,2026-03-16 14:29:00,0,Monday,3,0,0,pre_lebaran,1.8,36000,QRIS,36000,0,1
TRX-260316-05502,2026-03-16,19:51:00,2026-03-16 19:51:00,0,Monday,3,0,0,pre_lebaran,1.8,36000,CASH,40000,4000,2
TRX-260317-05503,2026-03-17,21:21:00,2026-03-17 21:21:00,1,Tuesday,3,0,0,pre_lebaran,1.8,30000,CASH,35000,5000,2
TRX-260317-05504,2026-03-17,20:43:00,2026-03-17 20:43:00,1,Tuesday,3,0,0,pre_lebaran,1.8,69000,CASH,70000,1000,2
TRX-260317-05505,2026-03-17,12:12:00,2026-03-17 12:12:00,1,Tuesday,3,0,0,pre_lebaran,1.8,55200,QRIS,55200,0,2
TRX-260317-05506,2026-03-17,20:06:00,2026-03-17 20:06:00,1,Tuesday,3,0,0,pre_lebaran,1.8,139000,EWALLET,139000,0,2
TRX-260317-05507,2026-03-17,16:06:00,2026-03-17 16:06:00,1,Tuesday,3,0,0,pre_lebaran,1.8,5000,TRANSFER,5000,0,1
TRX-260317-05508,2026-03-17,16:03:00,2026-03-17 16:03:00,1,Tuesday,3,0,0,pre_lebaran,1.8,160000,QRIS,160000,0,4
TRX-260317-05509,2026-03-17,11:17:00,2026-03-17 11:17:00,1,Tuesday,3,0,0,pre_lebaran,1.8,123000,CASH,125000,2000,4
TRX-260317-05510,2026-03-17,18:30:00,2026-03-17 18:30:00,1,Tuesday,3,0,0,pre_lebaran,1.8,40000,CASH,45000,5000,4
TRX-260317-05511,2026-03-17,10:53:00,2026-03-17 10:53:00,1,Tuesday,3,0,0,pre_lebaran,1.8,20000,EWALLET,20000,0,3
TRX-260317-05512,2026-03-17,18:35:00,2026-03-17 18:35:00,1,Tuesday,3,0,0,pre_lebaran,1.8,30000,CASH,35000,5000,3
TRX-260317-05513,2026-03-17,15:43:00,2026-03-17 15:43:00,1,Tuesday,3,0,0,pre_lebaran,1.8,5000,CASH,10000,5000,2
TRX-260317-05514,2026-03-17,17:21:00,2026-03-17 17:21:00,1,Tuesday,3,0,0,pre_lebaran,1.8,67500,QRIS,67500,0,3
TRX-260317-05515,2026-03-17,09:33:00,2026-03-17 09:33:00,1,Tuesday,3,0,0,pre_lebaran,1.8,1000,CASH,5000,4000,1
TRX-260317-05516,2026-03-17,09:33:00,2026-03-17 09:33:00,1,Tuesday,3,0,0,pre_lebaran,1.8,74000,QRIS,74000,0,3
TRX-260317-05517,2026-03-17,07:03:00,2026-03-17 07:03:00,1,Tuesday,3,0,0,pre_lebaran,1.8,5000,CASH,10000,5000,1
TRX-260317-05518,2026-03-17,09:44:00,2026-03-17 09:44:00,1,Tuesday,3,0,0,pre_lebaran,1.8,146000,CASH,150000,4000,3
TRX-260317-05519,2026-03-17,10:18:00,2026-03-17 10:18:00,1,Tuesday,3,0,0,pre_lebaran,1.8,12000,CASH,15000,3000,3
TRX-260317-05520,2026-03-17,08:26:00,2026-03-17 08:26:00,1,Tuesday,3,0,0,pre_lebaran,1.8,35000,CASH,40000,5000,3
TRX-260317-05521,2026-03-17,12:13:00,2026-03-17 12:13:00,1,Tuesday,3,0,0,pre_lebaran,1.8,38500,QRIS,38500,0,5
TRX-260317-05522,2026-03-17,20:25:00,2026-03-17 20:25:00,1,Tuesday,3,0,0,pre_lebaran,1.8,82500,CASH,85000,2500,2
TRX-260317-05523,2026-03-17,13:46:00,2026-03-17 13:46:00,1,Tuesday,3,0,0,pre_lebaran,1.8,6000,CASH,10000,4000,1
TRX-260317-05524,2026-03-17,11:24:00,2026-03-17 11:24:00,1,Tuesday,3,0,0,pre_lebaran,1.8,5000,TRANSFER,5000,0,2
TRX-260317-05525,2026-03-17,08:47:00,2026-03-17 08:47:00,1,Tuesday,3,0,0,pre_lebaran,1.8,9000,CASH,10000,1000,2
TRX-260317-05526,2026-03-17,17:45:00,2026-03-17 17:45:00,1,Tuesday,3,0,0,pre_lebaran,1.8,8000,EWALLET,8000,0,2
TRX-260317-05527,2026-03-17,13:18:00,2026-03-17 13:18:00,1,Tuesday,3,0,0,pre_lebaran,1.8,170000,CASH,175000,5000,4
TRX-260317-05528,2026-03-17,08:59:00,2026-03-17 08:59:00,1,Tuesday,3,0,0,pre_lebaran,1.8,25500,CASH,30000,4500,3
TRX-260317-05529,2026-03-17,17:05:00,2026-03-17 17:05:00,1,Tuesday,3,0,0,pre_lebaran,1.8,14000,QRIS,14000,0,3
TRX-260317-05530,2026-03-17,08:53:00,2026-03-17 08:53:00,1,Tuesday,3,0,0,pre_lebaran,1.8,10500,CASH,15000,4500,3
TRX-260317-05531,2026-03-17,12:51:00,2026-03-17 12:51:00,1,Tuesday,3,0,0,pre_lebaran,1.8,28000,CASH,30000,2000,4
TRX-260317-05532,2026-03-17,08:50:00,2026-03-17 08:50:00,1,Tuesday,3,0,0,pre_lebaran,1.8,90000,CASH,95000,5000,3
TRX-260317-05533,2026-03-17,08:46:00,2026-03-17 08:46:00,1,Tuesday,3,0,0,pre_lebaran,1.8,25000,TRANSFER,25000,0,4
TRX-260317-05534,2026-03-17,15:35:00,2026-03-17 15:35:00,1,Tuesday,3,0,0,pre_lebaran,1.8,26800,CASH,30000,3200,4
TRX-260317-05535,2026-03-17,11:52:00,2026-03-17 11:52:00,1,Tuesday,3,0,0,pre_lebaran,1.8,43000,CASH,45000,2000,2
TRX-260317-05536,2026-03-17,08:44:00,2026-03-17 08:44:00,1,Tuesday,3,0,0,pre_lebaran,1.8,88000,QRIS,88000,0,3
TRX-260317-05537,2026-03-17,16:38:00,2026-03-17 16:38:00,1,Tuesday,3,0,0,pre_lebaran,1.8,41000,CASH,45000,4000,3
TRX-260317-05538,2026-03-17,09:20:00,2026-03-17 09:20:00,1,Tuesday,3,0,0,pre_lebaran,1.8,30000,CASH,35000,5000,1
TRX-260318-05539,2026-03-18,17:46:00,2026-03-18 17:46:00,2,Wednesday,3,0,0,pre_lebaran,1.8,30000,CASH,35000,5000,1
TRX-260318-05540,2026-03-18,11:38:00,2026-03-18 11:38:00,2,Wednesday,3,0,0,pre_lebaran,1.8,89000,CASH,90000,1000,3
TRX-260318-05541,2026-03-18,21:27:00,2026-03-18 21:27:00,2,Wednesday,3,0,0,pre_lebaran,1.8,41000,CASH,45000,4000,3
TRX-260318-05542,2026-03-18,10:59:00,2026-03-18 10:59:00,2,Wednesday,3,0,0,pre_lebaran,1.8,55000,CASH,60000,5000,2
TRX-260318-05543,2026-03-18,17:44:00,2026-03-18 17:44:00,2,Wednesday,3,0,0,pre_lebaran,1.8,25800,CASH,30000,4200,2
TRX-260318-05544,2026-03-18,12:49:00,2026-03-18 12:49:00,2,Wednesday,3,0,0,pre_lebaran,1.8,6000,CASH,10000,4000,1
TRX-260318-05545,2026-03-18,11:12:00,2026-03-18 11:12:00,2,Wednesday,3,0,0,pre_lebaran,1.8,59000,QRIS,59000,0,4
TRX-260318-05546,2026-03-18,20:41:00,2026-03-18 20:41:00,2,Wednesday,3,0,0,pre_lebaran,1.8,10000,CASH,15000,5000,2
TRX-260318-05547,2026-03-18,18:18:00,2026-03-18 18:18:00,2,Wednesday,3,0,0,pre_lebaran,1.8,61500,CASH,65000,3500,2
TRX-260318-05548,2026-03-18,19:18:00,2026-03-18 19:18:00,2,Wednesday,3,0,0,pre_lebaran,1.8,40275,CASH,45000,4725,4
TRX-260318-05549,2026-03-18,17:02:00,2026-03-18 17:02:00,2,Wednesday,3,0,0,pre_lebaran,1.8,55000,CASH,60000,5000,3
TRX-260318-05550,2026-03-18,06:34:00,2026-03-18 06:34:00,2,Wednesday,3,0,0,pre_lebaran,1.8,18000,QRIS,18000,0,2
TRX-260318-05551,2026-03-18,12:31:00,2026-03-18 12:31:00,2,Wednesday,3,0,0,pre_lebaran,1.8,33000,CASH,35000,2000,4
TRX-260318-05552,2026-03-18,12:18:00,2026-03-18 12:18:00,2,Wednesday,3,0,0,pre_lebaran,1.8,54000,QRIS,54000,0,3
TRX-260318-05553,2026-03-18,19:27:00,2026-03-18 19:27:00,2,Wednesday,3,0,0,pre_lebaran,1.8,14000,CASH,15000,1000,2
TRX-260318-05554,2026-03-18,08:29:00,2026-03-18 08:29:00,2,Wednesday,3,0,0,pre_lebaran,1.8,54000,CASH,55000,1000,4
TRX-260318-05555,2026-03-18,16:52:00,2026-03-18 16:52:00,2,Wednesday,3,0,0,pre_lebaran,1.8,60000,QRIS,60000,0,4
TRX-260318-05556,2026-03-18,11:30:00,2026-03-18 11:30:00,2,Wednesday,3,0,0,pre_lebaran,1.8,90000,CASH,95000,5000,3
TRX-260318-05557,2026-03-18,18:14:00,2026-03-18 18:14:00,2,Wednesday,3,0,0,pre_lebaran,1.8,62250,CASH,65000,2750,2
TRX-260318-05558,2026-03-18,17:59:00,2026-03-18 17:59:00,2,Wednesday,3,0,0,pre_lebaran,1.8,21000,CASH,25000,4000,3
TRX-260318-05559,2026-03-18,12:44:00,2026-03-18 12:44:00,2,Wednesday,3,0,0,pre_lebaran,1.8,34200,QRIS,34200,0,2
TRX-260318-05560,2026-03-18,06:09:00,2026-03-18 06:09:00,2,Wednesday,3,0,0,pre_lebaran,1.8,44600,CASH,45000,400,3
TRX-260319-05561,2026-03-19,18:16:00,2026-03-19 18:16:00,3,Thursday,3,0,0,pre_lebaran,1.8,16500,QRIS,16500,0,3
TRX-260319-05562,2026-03-19,13:18:00,2026-03-19 13:18:00,3,Thursday,3,0,0,pre_lebaran,1.8,5000,QRIS,5000,0,2
TRX-260319-05563,2026-03-19,09:01:00,2026-03-19 09:01:00,3,Thursday,3,0,0,pre_lebaran,1.8,18000,CASH,20000,2000,2
TRX-260319-05564,2026-03-19,21:55:00,2026-03-19 21:55:00,3,Thursday,3,0,0,pre_lebaran,1.8,5000,CASH,10000,5000,2
TRX-260319-05565,2026-03-19,12:14:00,2026-03-19 12:14:00,3,Thursday,3,0,0,pre_lebaran,1.8,10000,CASH,15000,5000,2
TRX-260319-05566,2026-03-19,16:47:00,2026-03-19 16:47:00,3,Thursday,3,0,0,pre_lebaran,1.8,60000,CASH,65000,5000,5
TRX-260319-05567,2026-03-19,09:41:00,2026-03-19 09:41:00,3,Thursday,3,0,0,pre_lebaran,1.8,18000,CASH,20000,2000,1
TRX-260319-05568,2026-03-19,17:38:00,2026-03-19 17:38:00,3,Thursday,3,0,0,pre_lebaran,1.8,52000,CASH,55000,3000,5
TRX-260319-05569,2026-03-19,09:51:00,2026-03-19 09:51:00,3,Thursday,3,0,0,pre_lebaran,1.8,71000,CASH,75000,4000,2
TRX-260319-05570,2026-03-19,13:43:00,2026-03-19 13:43:00,3,Thursday,3,0,0,pre_lebaran,1.8,18000,QRIS,18000,0,2
TRX-260319-05571,2026-03-19,10:26:00,2026-03-19 10:26:00,3,Thursday,3,0,0,pre_lebaran,1.8,12000,CASH,15000,3000,2
TRX-260319-05572,2026-03-19,15:44:00,2026-03-19 15:44:00,3,Thursday,3,0,0,pre_lebaran,1.8,195000,CASH,200000,5000,4
TRX-260319-05573,2026-03-19,12:55:00,2026-03-19 12:55:00,3,Thursday,3,0,0,pre_lebaran,1.8,19000,CASH,20000,1000,3
TRX-260319-05574,2026-03-19,18:10:00,2026-03-19 18:10:00,3,Thursday,3,0,0,pre_lebaran,1.8,4500,CASH,5000,500,1
TRX-260319-05575,2026-03-19,14:54:00,2026-03-19 14:54:00,3,Thursday,3,0,0,pre_lebaran,1.8,71000,CASH,75000,4000,2
TRX-260319-05576,2026-03-19,06:41:00,2026-03-19 06:41:00,3,Thursday,3,0,0,pre_lebaran,1.8,57000,CASH,60000,3000,2
TRX-260319-05577,2026-03-19,11:40:00,2026-03-19 11:40:00,3,Thursday,3,0,0,pre_lebaran,1.8,19000,EWALLET,19000,0,2
TRX-260319-05578,2026-03-19,07:14:00,2026-03-19 07:14:00,3,Thursday,3,0,0,pre_lebaran,1.8,5500,CASH,10000,4500,2
TRX-260319-05579,2026-03-19,17:53:00,2026-03-19 17:53:00,3,Thursday,3,0,0,pre_lebaran,1.8,26000,CASH,30000,4000,2
TRX-260319-05580,2026-03-19,14:55:00,2026-03-19 14:55:00,3,Thursday,3,0,0,pre_lebaran,1.8,88500,CASH,90000,1500,5
TRX-260319-05581,2026-03-19,07:53:00,2026-03-19 07:53:00,3,Thursday,3,0,0,pre_lebaran,1.8,32000,CASH,35000,3000,2
TRX-260319-05582,2026-03-19,08:32:00,2026-03-19 08:32:00,3,Thursday,3,0,0,pre_lebaran,1.8,2000,CASH,5000,3000,1
TRX-260319-05583,2026-03-19,17:53:00,2026-03-19 17:53:00,3,Thursday,3,0,0,pre_lebaran,1.8,33500,CASH,35000,1500,2
TRX-260319-05584,2026-03-19,08:30:00,2026-03-19 08:30:00,3,Thursday,3,0,0,pre_lebaran,1.8,36000,CASH,40000,4000,2
TRX-260319-05585,2026-03-19,09:04:00,2026-03-19 09:04:00,3,Thursday,3,0,0,pre_lebaran,1.8,9000,QRIS,9000,0,1
TRX-260319-05586,2026-03-19,15:52:00,2026-03-19 15:52:00,3,Thursday,3,0,0,pre_lebaran,1.8,19800,CASH,20000,200,2
TRX-260319-05587,2026-03-19,11:14:00,2026-03-19 11:14:00,3,Thursday,3,0,0,pre_lebaran,1.8,3000,CASH,5000,2000,1
TRX-260319-05588,2026-03-19,14:49:00,2026-03-19 14:49:00,3,Thursday,3,0,0,pre_lebaran,1.8,17000,CASH,20000,3000,2
TRX-260319-05589,2026-03-19,12:20:00,2026-03-19 12:20:00,3,Thursday,3,0,0,pre_lebaran,1.8,2500,CASH,5000,2500,2
TRX-260320-05590,2026-03-20,12:12:00,2026-03-20 12:12:00,4,Friday,3,0,0,lebaran,0.3,12000,CASH,15000,3000,1
TRX-260320-05591,2026-03-20,17:34:00,2026-03-20 17:34:00,4,Friday,3,0,0,lebaran,0.3,104500,CASH,105000,500,5
TRX-260320-05592,2026-03-20,10:42:00,2026-03-20 10:42:00,4,Friday,3,0,0,lebaran,0.3,36000,CASH,40000,4000,1
TRX-260321-05593,2026-03-21,18:08:00,2026-03-21 18:08:00,5,Saturday,3,1,0,lebaran,0.3,130000,QRIS,130000,0,3
TRX-260321-05594,2026-03-21,16:57:00,2026-03-21 16:57:00,5,Saturday,3,1,0,lebaran,0.3,34000,CASH,35000,1000,2
TRX-260321-05595,2026-03-21,08:09:00,2026-03-21 08:09:00,5,Saturday,3,1,0,lebaran,0.3,12000,CASH,15000,3000,1
TRX-260321-05596,2026-03-21,19:29:00,2026-03-21 19:29:00,5,Saturday,3,1,0,lebaran,0.3,99000,CASH,100000,1000,5
TRX-260321-05597,2026-03-21,11:43:00,2026-03-21 11:43:00,5,Saturday,3,1,0,lebaran,0.3,30500,CASH,35000,4500,3
TRX-260321-05598,2026-03-21,17:12:00,2026-03-21 17:12:00,5,Saturday,3,1,0,lebaran,0.3,49000,CASH,50000,1000,2
TRX-260321-05599,2026-03-21,07:18:00,2026-03-21 07:18:00,5,Saturday,3,1,0,lebaran,0.3,17000,TRANSFER,17000,0,2
TRX-260321-05600,2026-03-21,10:23:00,2026-03-21 10:23:00,5,Saturday,3,1,0,lebaran,0.3,51000,CASH,55000,4000,4
TRX-260322-05601,2026-03-22,11:55:00,2026-03-22 11:55:00,6,Sunday,3,1,0,lebaran,0.3,38000,QRIS,38000,0,4
TRX-260322-05602,2026-03-22,08:53:00,2026-03-22 08:53:00,6,Sunday,3,1,0,lebaran,0.3,24275,QRIS,24275,0,4
TRX-260322-05603,2026-03-22,16:33:00,2026-03-22 16:33:00,6,Sunday,3,1,0,lebaran,0.3,35000,CASH,40000,5000,3
TRX-260322-05604,2026-03-22,18:55:00,2026-03-22 18:55:00,6,Sunday,3,1,0,lebaran,0.3,72000,QRIS,72000,0,3
TRX-260322-05605,2026-03-22,19:03:00,2026-03-22 19:03:00,6,Sunday,3,1,0,lebaran,0.3,7000,CASH,10000,3000,2
TRX-260322-05606,2026-03-22,09:56:00,2026-03-22 09:56:00,6,Sunday,3,1,0,lebaran,0.3,38000,QRIS,38000,0,4
TRX-260322-05607,2026-03-22,06:19:00,2026-03-22 06:19:00,6,Sunday,3,1,0,lebaran,0.3,92000,CASH,95000,3000,3
TRX-260322-05608,2026-03-22,19:10:00,2026-03-22 19:10:00,6,Sunday,3,1,0,lebaran,0.3,9000,TRANSFER,9000,0,2
TRX-260322-05609,2026-03-22,21:56:00,2026-03-22 21:56:00,6,Sunday,3,1,0,lebaran,0.3,1000,CASH,5000,4000,1
TRX-260323-05610,2026-03-23,14:02:00,2026-03-23 14:02:00,0,Monday,3,0,0,lebaran,0.3,2500,CASH,5000,2500,2
TRX-260323-05611,2026-03-23,15:56:00,2026-03-23 15:56:00,0,Monday,3,0,0,lebaran,0.3,1000,CASH,5000,4000,1
TRX-260323-05612,2026-03-23,19:13:00,2026-03-23 19:13:00,0,Monday,3,0,0,lebaran,0.3,11000,CASH,15000,4000,2
TRX-260323-05613,2026-03-23,16:55:00,2026-03-23 16:55:00,0,Monday,3,0,0,lebaran,0.3,27000,CASH,30000,3000,2
TRX-260323-05614,2026-03-23,10:28:00,2026-03-23 10:28:00,0,Monday,3,0,0,lebaran,0.3,44500,CASH,45000,500,3
TRX-260323-05615,2026-03-23,09:39:00,2026-03-23 09:39:00,0,Monday,3,0,0,lebaran,0.3,30000,TRANSFER,30000,0,2
TRX-260324-05616,2026-03-24,11:14:00,2026-03-24 11:14:00,1,Tuesday,3,0,0,lebaran,0.3,20000,QRIS,20000,0,2
TRX-260324-05617,2026-03-24,17:17:00,2026-03-24 17:17:00,1,Tuesday,3,0,0,lebaran,0.3,68850,CASH,70000,1150,1
TRX-260324-05618,2026-03-24,18:58:00,2026-03-24 18:58:00,1,Tuesday,3,0,0,lebaran,0.3,52500,CASH,55000,2500,5
TRX-260324-05619,2026-03-24,15:04:00,2026-03-24 15:04:00,1,Tuesday,3,0,0,lebaran,0.3,10450,TRANSFER,10450,0,3
TRX-260324-05620,2026-03-24,20:30:00,2026-03-24 20:30:00,1,Tuesday,3,0,0,lebaran,0.3,72000,TRANSFER,72000,0,4
TRX-260325-05621,2026-03-25,07:45:00,2026-03-25 07:45:00,2,Wednesday,3,0,1,lebaran,0.3,89000,CASH,90000,1000,3
TRX-260325-05622,2026-03-25,10:25:00,2026-03-25 10:25:00,2,Wednesday,3,0,1,lebaran,0.3,108000,CASH,110000,2000,1
TRX-260325-05623,2026-03-25,19:00:00,2026-03-25 19:00:00,2,Wednesday,3,0,1,lebaran,0.3,17000,CASH,20000,3000,2
TRX-260325-05624,2026-03-25,13:43:00,2026-03-25 13:43:00,2,Wednesday,3,0,1,lebaran,0.3,27000,QRIS,27000,0,2
TRX-260325-05625,2026-03-25,14:28:00,2026-03-25 14:28:00,2,Wednesday,3,0,1,lebaran,0.3,47000,CASH,50000,3000,4
TRX-260326-05626,2026-03-26,13:38:00,2026-03-26 13:38:00,3,Thursday,3,0,1,normal,1.0,15000,QRIS,15000,0,2
TRX-260326-05627,2026-03-26,10:38:00,2026-03-26 10:38:00,3,Thursday,3,0,1,normal,1.0,30000,CASH,35000,5000,1
TRX-260326-05628,2026-03-26,20:07:00,2026-03-26 20:07:00,3,Thursday,3,0,1,normal,1.0,16000,CASH,20000,4000,2
TRX-260326-05629,2026-03-26,12:11:00,2026-03-26 12:11:00,3,Thursday,3,0,1,normal,1.0,44500,CASH,45000,500,3
TRX-260326-05630,2026-03-26,21:05:00,2026-03-26 21:05:00,3,Thursday,3,0,1,normal,1.0,7000,CASH,10000,3000,2
TRX-260326-05631,2026-03-26,09:01:00,2026-03-26 09:01:00,3,Thursday,3,0,1,normal,1.0,62000,CASH,65000,3000,5
TRX-260326-05632,2026-03-26,18:26:00,2026-03-26 18:26:00,3,Thursday,3,0,1,normal,1.0,26000,CASH,30000,4000,4
TRX-260326-05633,2026-03-26,17:07:00,2026-03-26 17:07:00,3,Thursday,3,0,1,normal,1.0,71000,CASH,75000,4000,3
TRX-260326-05634,2026-03-26,08:57:00,2026-03-26 08:57:00,3,Thursday,3,0,1,normal,1.0,2550,CASH,5000,2450,1
TRX-260326-05635,2026-03-26,18:51:00,2026-03-26 18:51:00,3,Thursday,3,0,1,normal,1.0,13000,CASH,15000,2000,2
TRX-260326-05636,2026-03-26,20:37:00,2026-03-26 20:37:00,3,Thursday,3,0,1,normal,1.0,15000,CASH,20000,5000,2
TRX-260326-05637,2026-03-26,08:30:00,2026-03-26 08:30:00,3,Thursday,3,0,1,normal,1.0,16000,CASH,20000,4000,3
TRX-260326-05638,2026-03-26,13:09:00,2026-03-26 13:09:00,3,Thursday,3,0,1,normal,1.0,4000,CASH,5000,1000,1
TRX-260326-05639,2026-03-26,16:04:00,2026-03-26 16:04:00,3,Thursday,3,0,1,normal,1.0,16950,CASH,20000,3050,2
TRX-260326-05640,2026-03-26,20:20:00,2026-03-26 20:20:00,3,Thursday,3,0,1,normal,1.0,69000,CASH,70000,1000,2
TRX-260326-05641,2026-03-26,11:24:00,2026-03-26 11:24:00,3,Thursday,3,0,1,normal,1.0,2000,QRIS,2000,0,1
TRX-260326-05642,2026-03-26,06:09:00,2026-03-26 06:09:00,3,Thursday,3,0,1,normal,1.0,3500,QRIS,3500,0,2
TRX-260326-05643,2026-03-26,17:53:00,2026-03-26 17:53:00,3,Thursday,3,0,1,normal,1.0,9000,QRIS,9000,0,1
TRX-260326-05644,2026-03-26,11:55:00,2026-03-26 11:55:00,3,Thursday,3,0,1,normal,1.0,48000,CASH,50000,2000,2
TRX-260327-05645,2026-03-27,09:23:00,2026-03-27 09:23:00,4,Friday,3,0,1,normal,1.0,15000,CASH,20000,5000,2
TRX-260327-05646,2026-03-27,13:07:00,2026-03-27 13:07:00,4,Friday,3,0,1,normal,1.0,4900,QRIS,4900,0,2
TRX-260327-05647,2026-03-27,19:04:00,2026-03-27 19:04:00,4,Friday,3,0,1,normal,1.0,78000,CASH,80000,2000,3
TRX-260327-05648,2026-03-27,13:26:00,2026-03-27 13:26:00,4,Friday,3,0,1,normal,1.0,46000,QRIS,46000,0,4
TRX-260327-05649,2026-03-27,11:01:00,2026-03-27 11:01:00,4,Friday,3,0,1,normal,1.0,11000,CASH,15000,4000,3
TRX-260327-05650,2026-03-27,09:16:00,2026-03-27 09:16:00,4,Friday,3,0,1,normal,1.0,36000,CASH,40000,4000,4
TRX-260327-05651,2026-03-27,10:03:00,2026-03-27 10:03:00,4,Friday,3,0,1,normal,1.0,30500,CASH,35000,4500,3
TRX-260327-05652,2026-03-27,07:42:00,2026-03-27 07:42:00,4,Friday,3,0,1,normal,1.0,35000,CASH,40000,5000,3
TRX-260327-05653,2026-03-27,21:37:00,2026-03-27 21:37:00,4,Friday,3,0,1,normal,1.0,54000,CASH,55000,1000,3
TRX-260327-05654,2026-03-27,18:06:00,2026-03-27 18:06:00,4,Friday,3,0,1,normal,1.0,141000,CASH,145000,4000,5
TRX-260327-05655,2026-03-27,20:59:00,2026-03-27 20:59:00,4,Friday,3,0,1,normal,1.0,50000,QRIS,50000,0,4
TRX-260327-05656,2026-03-27,15:02:00,2026-03-27 15:02:00,4,Friday,3,0,1,normal,1.0,24000,CASH,25000,1000,3
TRX-260327-05657,2026-03-27,10:49:00,2026-03-27 10:49:00,4,Friday,3,0,1,normal,1.0,93000,CASH,95000,2000,3
TRX-260327-05658,2026-03-27,08:30:00,2026-03-27 08:30:00,4,Friday,3,0,1,normal,1.0,19500,QRIS,19500,0,2
TRX-260327-05659,2026-03-27,19:23:00,2026-03-27 19:23:00,4,Friday,3,0,1,normal,1.0,77000,CASH,80000,3000,2
TRX-260327-05660,2026-03-27,12:03:00,2026-03-27 12:03:00,4,Friday,3,0,1,normal,1.0,18100,QRIS,18100,0,5
TRX-260327-05661,2026-03-27,19:22:00,2026-03-27 19:22:00,4,Friday,3,0,1,normal,1.0,24000,CASH,25000,1000,1
TRX-260327-05662,2026-03-27,12:21:00,2026-03-27 12:21:00,4,Friday,3,0,1,normal,1.0,55200,CASH,60000,4800,5
TRX-260327-05663,2026-03-27,19:13:00,2026-03-27 19:13:00,4,Friday,3,0,1,normal,1.0,27000,CASH,30000,3000,3
TRX-260327-05664,2026-03-27,09:35:00,2026-03-27 09:35:00,4,Friday,3,0,1,normal,1.0,34000,CASH,35000,1000,2
TRX-260328-05665,2026-03-28,09:33:00,2026-03-28 09:33:00,5,Saturday,3,1,1,normal,1.0,112000,CASH,115000,3000,4
TRX-260328-05666,2026-03-28,13:44:00,2026-03-28 13:44:00,5,Saturday,3,1,1,normal,1.0,4000,CASH,5000,1000,1
TRX-260328-05667,2026-03-28,10:03:00,2026-03-28 10:03:00,5,Saturday,3,1,1,normal,1.0,148000,CASH,150000,2000,3
TRX-260328-05668,2026-03-28,10:12:00,2026-03-28 10:12:00,5,Saturday,3,1,1,normal,1.0,140000,CASH,145000,5000,2
TRX-260328-05669,2026-03-28,16:54:00,2026-03-28 16:54:00,5,Saturday,3,1,1,normal,1.0,125000,CASH,130000,5000,3
TRX-260328-05670,2026-03-28,14:13:00,2026-03-28 14:13:00,5,Saturday,3,1,1,normal,1.0,41000,QRIS,41000,0,3
TRX-260328-05671,2026-03-28,14:32:00,2026-03-28 14:32:00,5,Saturday,3,1,1,normal,1.0,1500,CASH,5000,3500,1
TRX-260328-05672,2026-03-28,08:21:00,2026-03-28 08:21:00,5,Saturday,3,1,1,normal,1.0,20000,QRIS,20000,0,2
TRX-260328-05673,2026-03-28,12:29:00,2026-03-28 12:29:00,5,Saturday,3,1,1,normal,1.0,2000,CASH,5000,3000,1
TRX-260328-05674,2026-03-28,19:02:00,2026-03-28 19:02:00,5,Saturday,3,1,1,normal,1.0,80000,CASH,85000,5000,5
TRX-260328-05675,2026-03-28,12:02:00,2026-03-28 12:02:00,5,Saturday,3,1,1,normal,1.0,2000,CASH,5000,3000,1
TRX-260328-05676,2026-03-28,19:37:00,2026-03-28 19:37:00,5,Saturday,3,1,1,normal,1.0,10000,CASH,15000,5000,1
TRX-260328-05677,2026-03-28,17:29:00,2026-03-28 17:29:00,5,Saturday,3,1,1,normal,1.0,10500,CASH,15000,4500,3
TRX-260328-05678,2026-03-28,09:20:00,2026-03-28 09:20:00,5,Saturday,3,1,1,normal,1.0,30000,CASH,35000,5000,2
TRX-260328-05679,2026-03-28,16:32:00,2026-03-28 16:32:00,5,Saturday,3,1,1,normal,1.0,22600,CASH,25000,2400,2
TRX-260328-05680,2026-03-28,08:48:00,2026-03-28 08:48:00,5,Saturday,3,1,1,normal,1.0,10000,CASH,15000,5000,3
TRX-260328-05681,2026-03-28,10:24:00,2026-03-28 10:24:00,5,Saturday,3,1,1,normal,1.0,34000,EWALLET,34000,0,3
TRX-260328-05682,2026-03-28,15:57:00,2026-03-28 15:57:00,5,Saturday,3,1,1,normal,1.0,51500,QRIS,51500,0,4
TRX-260328-05683,2026-03-28,16:53:00,2026-03-28 16:53:00,5,Saturday,3,1,1,normal,1.0,60000,QRIS,60000,0,2
TRX-260328-05684,2026-03-28,15:08:00,2026-03-28 15:08:00,5,Saturday,3,1,1,normal,1.0,121600,CASH,125000,3400,2
TRX-260328-05685,2026-03-28,11:55:00,2026-03-28 11:55:00,5,Saturday,3,1,1,normal,1.0,12000,QRIS,12000,0,1
TRX-260329-05686,2026-03-29,19:33:00,2026-03-29 19:33:00,6,Sunday,3,1,1,normal,1.0,45000,EWALLET,45000,0,4
TRX-260329-05687,2026-03-29,11:12:00,2026-03-29 11:12:00,6,Sunday,3,1,1,normal,1.0,109500,CASH,110000,500,2
TRX-260329-05688,2026-03-29,19:41:00,2026-03-29 19:41:00,6,Sunday,3,1,1,normal,1.0,41000,CASH,45000,4000,4
TRX-260329-05689,2026-03-29,13:39:00,2026-03-29 13:39:00,6,Sunday,3,1,1,normal,1.0,15500,CASH,20000,4500,1
TRX-260329-05690,2026-03-29,07:23:00,2026-03-29 07:23:00,6,Sunday,3,1,1,normal,1.0,90500,CASH,95000,4500,4
TRX-260329-05691,2026-03-29,09:17:00,2026-03-29 09:17:00,6,Sunday,3,1,1,normal,1.0,24000,CASH,25000,1000,2
TRX-260329-05692,2026-03-29,09:30:00,2026-03-29 09:30:00,6,Sunday,3,1,1,normal,1.0,5000,CASH,10000,5000,1
TRX-260329-05693,2026-03-29,18:33:00,2026-03-29 18:33:00,6,Sunday,3,1,1,normal,1.0,138000,QRIS,138000,0,2
TRX-260329-05694,2026-03-29,12:19:00,2026-03-29 12:19:00,6,Sunday,3,1,1,normal,1.0,17100,CASH,20000,2900,2
TRX-260329-05695,2026-03-29,12:21:00,2026-03-29 12:21:00,6,Sunday,3,1,1,normal,1.0,42000,CASH,45000,3000,5
TRX-260329-05696,2026-03-29,10:01:00,2026-03-29 10:01:00,6,Sunday,3,1,1,normal,1.0,7000,CASH,10000,3000,2
TRX-260329-05697,2026-03-29,12:22:00,2026-03-29 12:22:00,6,Sunday,3,1,1,normal,1.0,48000,EWALLET,48000,0,1
TRX-260329-05698,2026-03-29,18:32:00,2026-03-29 18:32:00,6,Sunday,3,1,1,normal,1.0,2550,CASH,5000,2450,1
TRX-260329-05699,2026-03-29,17:35:00,2026-03-29 17:35:00,6,Sunday,3,1,1,normal,1.0,9000,CASH,10000,1000,1
TRX-260329-05700,2026-03-29,14:07:00,2026-03-29 14:07:00,6,Sunday,3,1,1,normal,1.0,98500,CASH,100000,1500,3
TRX-260329-05701,2026-03-29,13:56:00,2026-03-29 13:56:00,6,Sunday,3,1,1,normal,1.0,4000,CASH,5000,1000,1
TRX-260329-05702,2026-03-29,07:55:00,2026-03-29 07:55:00,6,Sunday,3,1,1,normal,1.0,2000,CASH,5000,3000,1
TRX-260329-05703,2026-03-29,17:01:00,2026-03-29 17:01:00,6,Sunday,3,1,1,normal,1.0,9000,CASH,10000,1000,3
TRX-260329-05704,2026-03-29,17:18:00,2026-03-29 17:18:00,6,Sunday,3,1,1,normal,1.0,16000,CASH,20000,4000,4
TRX-260329-05705,2026-03-29,16:38:00,2026-03-29 16:38:00,6,Sunday,3,1,1,normal,1.0,11000,CASH,15000,4000,2
TRX-260329-05706,2026-03-29,11:59:00,2026-03-29 11:59:00,6,Sunday,3,1,1,normal,1.0,17000,CASH,20000,3000,2
TRX-260329-05707,2026-03-29,09:31:00,2026-03-29 09:31:00,6,Sunday,3,1,1,normal,1.0,121000,EWALLET,121000,0,3
TRX-260329-05708,2026-03-29,16:09:00,2026-03-29 16:09:00,6,Sunday,3,1,1,normal,1.0,46700,CASH,50000,3300,3
TRX-260329-05709,2026-03-29,11:03:00,2026-03-29 11:03:00,6,Sunday,3,1,1,normal,1.0,33000,QRIS,33000,0,2
TRX-260329-05710,2026-03-29,15:42:00,2026-03-29 15:42:00,6,Sunday,3,1,1,normal,1.0,42500,QRIS,42500,0,3
TRX-260329-05711,2026-03-29,11:07:00,2026-03-29 11:07:00,6,Sunday,3,1,1,normal,1.0,8000,QRIS,8000,0,2
TRX-260329-05712,2026-03-29,06:46:00,2026-03-29 06:46:00,6,Sunday,3,1,1,normal,1.0,87000,CASH,90000,3000,2
TRX-260329-05713,2026-03-29,14:03:00,2026-03-29 14:03:00,6,Sunday,3,1,1,normal,1.0,36000,CASH,40000,4000,4
TRX-260329-05714,2026-03-29,16:31:00,2026-03-29 16:31:00,6,Sunday,3,1,1,normal,1.0,67500,CASH,70000,2500,4
TRX-260329-05715,2026-03-29,13:03:00,2026-03-29 13:03:00,6,Sunday,3,1,1,normal,1.0,93000,CASH,95000,2000,2
TRX-260330-05716,2026-03-30,15:51:00,2026-03-30 15:51:00,0,Monday,3,0,1,normal,1.0,34500,CASH,35000,500,2
TRX-260330-05717,2026-03-30,15:04:00,2026-03-30 15:04:00,0,Monday,3,0,1,normal,1.0,5400,CASH,10000,4600,1
TRX-260330-05718,2026-03-30,17:18:00,2026-03-30 17:18:00,0,Monday,3,0,1,normal,1.0,15000,CASH,20000,5000,1
TRX-260330-05719,2026-03-30,18:30:00,2026-03-30 18:30:00,0,Monday,3,0,1,normal,1.0,20500,QRIS,20500,0,2
TRX-260330-05720,2026-03-30,10:30:00,2026-03-30 10:30:00,0,Monday,3,0,1,normal,1.0,52500,CASH,55000,2500,2
TRX-260330-05721,2026-03-30,16:29:00,2026-03-30 16:29:00,0,Monday,3,0,1,normal,1.0,17000,CASH,20000,3000,2
TRX-260330-05722,2026-03-30,11:45:00,2026-03-30 11:45:00,0,Monday,3,0,1,normal,1.0,10500,CASH,15000,4500,2
TRX-260330-05723,2026-03-30,13:11:00,2026-03-30 13:11:00,0,Monday,3,0,1,normal,1.0,3000,CASH,5000,2000,1
TRX-260330-05724,2026-03-30,18:51:00,2026-03-30 18:51:00,0,Monday,3,0,1,normal,1.0,8000,QRIS,8000,0,2
TRX-260330-05725,2026-03-30,10:16:00,2026-03-30 10:16:00,0,Monday,3,0,1,normal,1.0,15500,CASH,20000,4500,1
TRX-260330-05726,2026-03-30,20:33:00,2026-03-30 20:33:00,0,Monday,3,0,1,normal,1.0,246000,CASH,250000,4000,3
TRX-260330-05727,2026-03-30,14:01:00,2026-03-30 14:01:00,0,Monday,3,0,1,normal,1.0,47000,QRIS,47000,0,4
TRX-260330-05728,2026-03-30,09:12:00,2026-03-30 09:12:00,0,Monday,3,0,1,normal,1.0,9500,CASH,10000,500,1
TRX-260330-05729,2026-03-30,19:25:00,2026-03-30 19:25:00,0,Monday,3,0,1,normal,1.0,10000,CASH,15000,5000,2
TRX-260330-05730,2026-03-30,17:44:00,2026-03-30 17:44:00,0,Monday,3,0,1,normal,1.0,12000,CASH,15000,3000,2
TRX-260330-05731,2026-03-30,12:15:00,2026-03-30 12:15:00,0,Monday,3,0,1,normal,1.0,45000,CASH,50000,5000,2
TRX-260330-05732,2026-03-30,13:49:00,2026-03-30 13:49:00,0,Monday,3,0,1,normal,1.0,41800,QRIS,41800,0,2
TRX-260330-05733,2026-03-30,15:22:00,2026-03-30 15:22:00,0,Monday,3,0,1,normal,1.0,51000,CASH,55000,4000,4
TRX-260330-05734,2026-03-30,09:09:00,2026-03-30 09:09:00,0,Monday,3,0,1,normal,1.0,55000,CASH,60000,5000,2
TRX-260330-05735,2026-03-30,10:21:00,2026-03-30 10:21:00,0,Monday,3,0,1,normal,1.0,42500,CASH,45000,2500,4
TRX-260330-05736,2026-03-30,07:44:00,2026-03-30 07:44:00,0,Monday,3,0,1,normal,1.0,28500,CASH,30000,1500,3
TRX-260330-05737,2026-03-30,10:26:00,2026-03-30 10:26:00,0,Monday,3,0,1,normal,1.0,23000,CASH,25000,2000,3
TRX-260330-05738,2026-03-30,15:42:00,2026-03-30 15:42:00,0,Monday,3,0,1,normal,1.0,77000,CASH,80000,3000,4
TRX-260330-05739,2026-03-30,14:44:00,2026-03-30 14:44:00,0,Monday,3,0,1,normal,1.0,18300,CASH,20000,1700,4
TRX-260330-05740,2026-03-30,08:30:00,2026-03-30 08:30:00,0,Monday,3,0,1,normal,1.0,15000,CASH,20000,5000,2
TRX-260330-05741,2026-03-30,13:48:00,2026-03-30 13:48:00,0,Monday,3,0,1,normal,1.0,28000,CASH,30000,2000,2
TRX-260330-05742,2026-03-30,16:21:00,2026-03-30 16:21:00,0,Monday,3,0,1,normal,1.0,12000,TRANSFER,12000,0,2
TRX-260330-05743,2026-03-30,17:31:00,2026-03-30 17:31:00,0,Monday,3,0,1,normal,1.0,141000,CASH,145000,4000,4
TRX-260330-05744,2026-03-30,21:07:00,2026-03-30 21:07:00,0,Monday,3,0,1,normal,1.0,60000,CASH,65000,5000,2
TRX-260331-05745,2026-03-31,09:50:00,2026-03-31 09:50:00,1,Tuesday,3,0,1,normal,1.0,63900,CASH,65000,1100,2
TRX-260331-05746,2026-03-31,20:51:00,2026-03-31 20:51:00,1,Tuesday,3,0,1,normal,1.0,11000,QRIS,11000,0,2
TRX-260331-05747,2026-03-31,10:39:00,2026-03-31 10:39:00,1,Tuesday,3,0,1,normal,1.0,3000,CASH,5000,2000,1
TRX-260331-05748,2026-03-31,07:34:00,2026-03-31 07:34:00,1,Tuesday,3,0,1,normal,1.0,21000,CASH,25000,4000,2
TRX-260331-05749,2026-03-31,11:44:00,2026-03-31 11:44:00,1,Tuesday,3,0,1,normal,1.0,10000,TRANSFER,10000,0,2
TRX-260331-05750,2026-03-31,09:33:00,2026-03-31 09:33:00,1,Tuesday,3,0,1,normal,1.0,26000,CASH,30000,4000,2
TRX-260331-05751,2026-03-31,16:29:00,2026-03-31 16:29:00,1,Tuesday,3,0,1,normal,1.0,26000,CASH,30000,4000,3
TRX-260331-05752,2026-03-31,11:07:00,2026-03-31 11:07:00,1,Tuesday,3,0,1,normal,1.0,91000,CASH,95000,4000,4
TRX-260331-05753,2026-03-31,08:18:00,2026-03-31 08:18:00,1,Tuesday,3,0,1,normal,1.0,14000,CASH,15000,1000,4
TRX-260331-05754,2026-03-31,14:01:00,2026-03-31 14:01:00,1,Tuesday,3,0,1,normal,1.0,19000,CASH,20000,1000,3
TRX-260331-05755,2026-03-31,06:45:00,2026-03-31 06:45:00,1,Tuesday,3,0,1,normal,1.0,33500,TRANSFER,33500,0,3
TRX-260331-05756,2026-03-31,08:45:00,2026-03-31 08:45:00,1,Tuesday,3,0,1,normal,1.0,9500,CASH,10000,500,3
TRX-260331-05757,2026-03-31,09:31:00,2026-03-31 09:31:00,1,Tuesday,3,0,1,normal,1.0,77000,CASH,80000,3000,3
TRX-260331-05758,2026-03-31,17:01:00,2026-03-31 17:01:00,1,Tuesday,3,0,1,normal,1.0,22500,TRANSFER,22500,0,3
TRX-260331-05759,2026-03-31,14:42:00,2026-03-31 14:42:00,1,Tuesday,3,0,1,normal,1.0,12000,QRIS,12000,0,1
TRX-260331-05760,2026-03-31,12:20:00,2026-03-31 12:20:00,1,Tuesday,3,0,1,normal,1.0,20000,CASH,25000,5000,2
TRX-260331-05761,2026-03-31,17:55:00,2026-03-31 17:55:00,1,Tuesday,3,0,1,normal,1.0,70000,CASH,75000,5000,2
TRX-260331-05762,2026-03-31,10:32:00,2026-03-31 10:32:00,1,Tuesday,3,0,1,normal,1.0,318000,QRIS,318000,0,5
TRX-260331-05763,2026-03-31,08:04:00,2026-03-31 08:04:00,1,Tuesday,3,0,1,normal,1.0,5000,CASH,10000,5000,2
TRX-260331-05764,2026-03-31,15:21:00,2026-03-31 15:21:00,1,Tuesday,3,0,1,normal,1.0,36700,CASH,40000,3300,5
TRX-260331-05765,2026-03-31,09:55:00,2026-03-31 09:55:00,1,Tuesday,3,0,1,normal,1.0,43000,EWALLET,43000,0,3
TRX-260331-05766,2026-03-31,10:00:00,2026-03-31 10:00:00,1,Tuesday,3,0,1,normal,1.0,30000,QRIS,30000,0,3
TRX-260331-05767,2026-03-31,07:39:00,2026-03-31 07:39:00,1,Tuesday,3,0,1,normal,1.0,6000,CASH,10000,4000,1
TRX-260331-05768,2026-03-31,14:14:00,2026-03-31 14:14:00,1,Tuesday,3,0,1,normal,1.0,18000,CASH,20000,2000,3
TRX-260331-05769,2026-03-31,15:41:00,2026-03-31 15:41:00,1,Tuesday,3,0,1,normal,1.0,36000,QRIS,36000,0,3
TRX-260331-05770,2026-03-31,09:26:00,2026-03-31 09:26:00,1,Tuesday,3,0,1,normal,1.0,5000,EWALLET,5000,0,2
TRX-260331-05771,2026-03-31,17:21:00,2026-03-31 17:21:00,1,Tuesday,3,0,1,normal,1.0,87500,CASH,90000,2500,5
TRX-260331-05772,2026-03-31,08:58:00,2026-03-31 08:58:00,1,Tuesday,3,0,1,normal,1.0,23000,TRANSFER,23000,0,4
TRX-260331-05773,2026-03-31,06:29:00,2026-03-31 06:29:00,1,Tuesday,3,0,1,normal,1.0,10000,CASH,15000,5000,2
TRX-260331-05774,2026-03-31,20:48:00,2026-03-31 20:48:00,1,Tuesday,3,0,1,normal,1.0,111000,EWALLET,111000,0,3
TRX-260331-05775,2026-03-31,20:59:00,2026-03-31 20:59:00,1,Tuesday,3,0,1,normal,1.0,60000,CASH,65000,5000,1
TRX-260331-05776,2026-03-31,14:39:00,2026-03-31 14:39:00,1,Tuesday,3,0,1,normal,1.0,22000,CASH,25000,3000,2
TRX-260401-05777,2026-04-01,19:22:00,2026-04-01 19:22:00,2,Wednesday,4,0,1,normal,1.0,19000,CASH,20000,1000,3
TRX-260401-05778,2026-04-01,13:11:00,2026-04-01 13:11:00,2,Wednesday,4,0,1,normal,1.0,19000,CASH,20000,1000,2
TRX-260401-05779,2026-04-01,15:56:00,2026-04-01 15:56:00,2,Wednesday,4,0,1,normal,1.0,10000,CASH,15000,5000,2
TRX-260401-05780,2026-04-01,19:07:00,2026-04-01 19:07:00,2,Wednesday,4,0,1,normal,1.0,103500,CASH,105000,1500,3
TRX-260401-05781,2026-04-01,08:55:00,2026-04-01 08:55:00,2,Wednesday,4,0,1,normal,1.0,35200,CASH,40000,4800,5
TRX-260401-05782,2026-04-01,09:00:00,2026-04-01 09:00:00,2,Wednesday,4,0,1,normal,1.0,21000,CASH,25000,4000,3
TRX-260401-05783,2026-04-01,09:20:00,2026-04-01 09:20:00,2,Wednesday,4,0,1,normal,1.0,39000,CASH,40000,1000,2
TRX-260401-05784,2026-04-01,07:27:00,2026-04-01 07:27:00,2,Wednesday,4,0,1,normal,1.0,12000,CASH,15000,3000,1
TRX-260401-05785,2026-04-01,19:34:00,2026-04-01 19:34:00,2,Wednesday,4,0,1,normal,1.0,56000,CASH,60000,4000,3
TRX-260401-05786,2026-04-01,19:10:00,2026-04-01 19:10:00,2,Wednesday,4,0,1,normal,1.0,79000,QRIS,79000,0,4
TRX-260401-05787,2026-04-01,11:47:00,2026-04-01 11:47:00,2,Wednesday,4,0,1,normal,1.0,28500,CASH,30000,1500,2
TRX-260401-05788,2026-04-01,11:40:00,2026-04-01 11:40:00,2,Wednesday,4,0,1,normal,1.0,9000,CASH,10000,1000,1
TRX-260401-05789,2026-04-01,08:42:00,2026-04-01 08:42:00,2,Wednesday,4,0,1,normal,1.0,141000,CASH,145000,4000,3
TRX-260401-05790,2026-04-01,18:19:00,2026-04-01 18:19:00,2,Wednesday,4,0,1,normal,1.0,83000,CASH,85000,2000,4
TRX-260401-05791,2026-04-01,21:56:00,2026-04-01 21:56:00,2,Wednesday,4,0,1,normal,1.0,107000,QRIS,107000,0,5
TRX-260401-05792,2026-04-01,10:10:00,2026-04-01 10:10:00,2,Wednesday,4,0,1,normal,1.0,32000,CASH,35000,3000,4
TRX-260401-05793,2026-04-01,15:31:00,2026-04-01 15:31:00,2,Wednesday,4,0,1,normal,1.0,144000,QRIS,144000,0,2
TRX-260401-05794,2026-04-01,17:14:00,2026-04-01 17:14:00,2,Wednesday,4,0,1,normal,1.0,5000,EWALLET,5000,0,2
TRX-260402-05795,2026-04-02,17:49:00,2026-04-02 17:49:00,3,Thursday,4,0,1,normal,1.0,31000,CASH,35000,4000,2
TRX-260402-05796,2026-04-02,18:26:00,2026-04-02 18:26:00,3,Thursday,4,0,1,normal,1.0,35000,CASH,40000,5000,3
TRX-260402-05797,2026-04-02,16:09:00,2026-04-02 16:09:00,3,Thursday,4,0,1,normal,1.0,24000,QRIS,24000,0,1
TRX-260402-05798,2026-04-02,18:37:00,2026-04-02 18:37:00,3,Thursday,4,0,1,normal,1.0,32000,CASH,35000,3000,2
TRX-260402-05799,2026-04-02,15:37:00,2026-04-02 15:37:00,3,Thursday,4,0,1,normal,1.0,43000,CASH,45000,2000,3
TRX-260402-05800,2026-04-02,15:52:00,2026-04-02 15:52:00,3,Thursday,4,0,1,normal,1.0,39000,CASH,40000,1000,4
TRX-260402-05801,2026-04-02,11:23:00,2026-04-02 11:23:00,3,Thursday,4,0,1,normal,1.0,41000,CASH,45000,4000,5
TRX-260402-05802,2026-04-02,09:38:00,2026-04-02 09:38:00,3,Thursday,4,0,1,normal,1.0,15000,CASH,20000,5000,2
TRX-260402-05803,2026-04-02,12:07:00,2026-04-02 12:07:00,3,Thursday,4,0,1,normal,1.0,29000,CASH,30000,1000,3
TRX-260402-05804,2026-04-02,14:40:00,2026-04-02 14:40:00,3,Thursday,4,0,1,normal,1.0,69000,CASH,70000,1000,3
TRX-260402-05805,2026-04-02,07:45:00,2026-04-02 07:45:00,3,Thursday,4,0,1,normal,1.0,53500,CASH,55000,1500,4
TRX-260402-05806,2026-04-02,10:25:00,2026-04-02 10:25:00,3,Thursday,4,0,1,normal,1.0,36000,QRIS,36000,0,4
TRX-260402-05807,2026-04-02,08:46:00,2026-04-02 08:46:00,3,Thursday,4,0,1,normal,1.0,18500,TRANSFER,18500,0,3
TRX-260402-05808,2026-04-02,17:54:00,2026-04-02 17:54:00,3,Thursday,4,0,1,normal,1.0,15000,QRIS,15000,0,1
TRX-260402-05809,2026-04-02,06:13:00,2026-04-02 06:13:00,3,Thursday,4,0,1,normal,1.0,10000,CASH,15000,5000,2
TRX-260402-05810,2026-04-02,19:51:00,2026-04-02 19:51:00,3,Thursday,4,0,1,normal,1.0,76000,CASH,80000,4000,4
TRX-260402-05811,2026-04-02,11:03:00,2026-04-02 11:03:00,3,Thursday,4,0,1,normal,1.0,55700,CASH,60000,4300,3
TRX-260402-05812,2026-04-02,17:55:00,2026-04-02 17:55:00,3,Thursday,4,0,1,normal,1.0,87000,CASH,90000,3000,5
TRX-260402-05813,2026-04-02,08:02:00,2026-04-02 08:02:00,3,Thursday,4,0,1,normal,1.0,60000,CASH,65000,5000,3
TRX-260402-05814,2026-04-02,15:56:00,2026-04-02 15:56:00,3,Thursday,4,0,1,normal,1.0,8000,CASH,10000,2000,2
TRX-260402-05815,2026-04-02,16:26:00,2026-04-02 16:26:00,3,Thursday,4,0,1,normal,1.0,7000,CASH,10000,3000,2
TRX-260402-05816,2026-04-02,18:46:00,2026-04-02 18:46:00,3,Thursday,4,0,1,normal,1.0,9000,CASH,10000,1000,1
TRX-260403-05817,2026-04-03,11:33:00,2026-04-03 11:33:00,4,Friday,4,0,1,normal,1.0,24000,CASH,25000,1000,3
TRX-260403-05818,2026-04-03,06:25:00,2026-04-03 06:25:00,4,Friday,4,0,1,normal,1.0,26500,CASH,30000,3500,4
TRX-260403-05819,2026-04-03,12:05:00,2026-04-03 12:05:00,4,Friday,4,0,1,normal,1.0,55000,CASH,60000,5000,3
TRX-260403-05820,2026-04-03,08:04:00,2026-04-03 08:04:00,4,Friday,4,0,1,normal,1.0,13000,CASH,15000,2000,2
TRX-260403-05821,2026-04-03,16:12:00,2026-04-03 16:12:00,4,Friday,4,0,1,normal,1.0,16000,CASH,20000,4000,1
TRX-260403-05822,2026-04-03,18:52:00,2026-04-03 18:52:00,4,Friday,4,0,1,normal,1.0,27000,CASH,30000,3000,3
TRX-260403-05823,2026-04-03,09:13:00,2026-04-03 09:13:00,4,Friday,4,0,1,normal,1.0,12000,CASH,15000,3000,1
TRX-260403-05824,2026-04-03,16:00:00,2026-04-03 16:00:00,4,Friday,4,0,1,normal,1.0,36000,CASH,40000,4000,3
TRX-260403-05825,2026-04-03,15:50:00,2026-04-03 15:50:00,4,Friday,4,0,1,normal,1.0,26300,CASH,30000,3700,2
TRX-260403-05826,2026-04-03,16:35:00,2026-04-03 16:35:00,4,Friday,4,0,1,normal,1.0,15000,CASH,20000,5000,2
TRX-260403-05827,2026-04-03,12:25:00,2026-04-03 12:25:00,4,Friday,4,0,1,normal,1.0,6000,CASH,10000,4000,2
TRX-260403-05828,2026-04-03,09:28:00,2026-04-03 09:28:00,4,Friday,4,0,1,normal,1.0,18000,TRANSFER,18000,0,3
TRX-260403-05829,2026-04-03,11:26:00,2026-04-03 11:26:00,4,Friday,4,0,1,normal,1.0,5400,CASH,10000,4600,1
TRX-260403-05830,2026-04-03,12:42:00,2026-04-03 12:42:00,4,Friday,4,0,1,normal,1.0,87000,CASH,90000,3000,3
TRX-260403-05831,2026-04-03,18:27:00,2026-04-03 18:27:00,4,Friday,4,0,1,normal,1.0,26000,CASH,30000,4000,4
TRX-260403-05832,2026-04-03,09:01:00,2026-04-03 09:01:00,4,Friday,4,0,1,normal,1.0,72000,CASH,75000,3000,4
TRX-260403-05833,2026-04-03,10:06:00,2026-04-03 10:06:00,4,Friday,4,0,1,normal,1.0,12000,QRIS,12000,0,1
TRX-260403-05834,2026-04-03,07:25:00,2026-04-03 07:25:00,4,Friday,4,0,1,normal,1.0,27000,CASH,30000,3000,3
TRX-260403-05835,2026-04-03,13:00:00,2026-04-03 13:00:00,4,Friday,4,0,1,normal,1.0,2000,QRIS,2000,0,2
TRX-260403-05836,2026-04-03,08:12:00,2026-04-03 08:12:00,4,Friday,4,0,1,normal,1.0,22000,TRANSFER,22000,0,3
TRX-260403-05837,2026-04-03,12:35:00,2026-04-03 12:35:00,4,Friday,4,0,1,normal,1.0,28000,QRIS,28000,0,4
TRX-260403-05838,2026-04-03,10:07:00,2026-04-03 10:07:00,4,Friday,4,0,1,normal,1.0,14000,CASH,15000,1000,2
TRX-260404-05839,2026-04-04,12:35:00,2026-04-04 12:35:00,5,Saturday,4,1,1,normal,1.0,54000,CASH,55000,1000,2
TRX-260404-05840,2026-04-04,12:16:00,2026-04-04 12:16:00,5,Saturday,4,1,1,normal,1.0,63800,CASH,65000,1200,3
TRX-260404-05841,2026-04-04,15:32:00,2026-04-04 15:32:00,5,Saturday,4,1,1,normal,1.0,3000,CASH,5000,2000,1
TRX-260404-05842,2026-04-04,17:02:00,2026-04-04 17:02:00,5,Saturday,4,1,1,normal,1.0,96900,CASH,100000,3100,4
TRX-260404-05843,2026-04-04,13:39:00,2026-04-04 13:39:00,5,Saturday,4,1,1,normal,1.0,55000,CASH,60000,5000,5
TRX-260404-05844,2026-04-04,12:53:00,2026-04-04 12:53:00,5,Saturday,4,1,1,normal,1.0,33000,CASH,35000,2000,4
TRX-260404-05845,2026-04-04,15:15:00,2026-04-04 15:15:00,5,Saturday,4,1,1,normal,1.0,7000,CASH,10000,3000,2
TRX-260404-05846,2026-04-04,17:36:00,2026-04-04 17:36:00,5,Saturday,4,1,1,normal,1.0,41500,EWALLET,41500,0,4
TRX-260404-05847,2026-04-04,09:10:00,2026-04-04 09:10:00,5,Saturday,4,1,1,normal,1.0,23000,EWALLET,23000,0,2
TRX-260404-05848,2026-04-04,13:39:00,2026-04-04 13:39:00,5,Saturday,4,1,1,normal,1.0,25500,TRANSFER,25500,0,3
TRX-260404-05849,2026-04-04,08:20:00,2026-04-04 08:20:00,5,Saturday,4,1,1,normal,1.0,1000,CASH,5000,4000,1
TRX-260404-05850,2026-04-04,21:25:00,2026-04-04 21:25:00,5,Saturday,4,1,1,normal,1.0,10000,CASH,15000,5000,1
TRX-260404-05851,2026-04-04,15:17:00,2026-04-04 15:17:00,5,Saturday,4,1,1,normal,1.0,47000,CASH,50000,3000,2
TRX-260404-05852,2026-04-04,09:17:00,2026-04-04 09:17:00,5,Saturday,4,1,1,normal,1.0,12000,QRIS,12000,0,2
TRX-260404-05853,2026-04-04,16:05:00,2026-04-04 16:05:00,5,Saturday,4,1,1,normal,1.0,32000,QRIS,32000,0,2
TRX-260404-05854,2026-04-04,09:43:00,2026-04-04 09:43:00,5,Saturday,4,1,1,normal,1.0,34000,EWALLET,34000,0,3
TRX-260404-05855,2026-04-04,14:25:00,2026-04-04 14:25:00,5,Saturday,4,1,1,normal,1.0,29000,CASH,30000,1000,2
TRX-260404-05856,2026-04-04,16:43:00,2026-04-04 16:43:00,5,Saturday,4,1,1,normal,1.0,90500,CASH,95000,4500,4
TRX-260404-05857,2026-04-04,17:54:00,2026-04-04 17:54:00,5,Saturday,4,1,1,normal,1.0,46500,CASH,50000,3500,1
TRX-260404-05858,2026-04-04,15:14:00,2026-04-04 15:14:00,5,Saturday,4,1,1,normal,1.0,10500,CASH,15000,4500,2
TRX-260404-05859,2026-04-04,17:31:00,2026-04-04 17:31:00,5,Saturday,4,1,1,normal,1.0,42000,CASH,45000,3000,3
TRX-260404-05860,2026-04-04,08:34:00,2026-04-04 08:34:00,5,Saturday,4,1,1,normal,1.0,4000,CASH,5000,1000,1
TRX-260404-05861,2026-04-04,13:42:00,2026-04-04 13:42:00,5,Saturday,4,1,1,normal,1.0,2000,CASH,5000,3000,1
TRX-260404-05862,2026-04-04,19:57:00,2026-04-04 19:57:00,5,Saturday,4,1,1,normal,1.0,99000,TRANSFER,99000,0,2
TRX-260404-05863,2026-04-04,14:33:00,2026-04-04 14:33:00,5,Saturday,4,1,1,normal,1.0,67000,CASH,70000,3000,3
TRX-260404-05864,2026-04-04,09:12:00,2026-04-04 09:12:00,5,Saturday,4,1,1,normal,1.0,12000,CASH,15000,3000,2
TRX-260404-05865,2026-04-04,06:21:00,2026-04-04 06:21:00,5,Saturday,4,1,1,normal,1.0,39000,CASH,40000,1000,2
TRX-260404-05866,2026-04-04,12:37:00,2026-04-04 12:37:00,5,Saturday,4,1,1,normal,1.0,12000,CASH,15000,3000,1
TRX-260404-05867,2026-04-04,10:31:00,2026-04-04 10:31:00,5,Saturday,4,1,1,normal,1.0,181600,CASH,185000,3400,5
TRX-260404-05868,2026-04-04,19:18:00,2026-04-04 19:18:00,5,Saturday,4,1,1,normal,1.0,39000,CASH,40000,1000,3
TRX-260404-05869,2026-04-04,07:12:00,2026-04-04 07:12:00,5,Saturday,4,1,1,normal,1.0,20250,CASH,25000,4750,2
TRX-260404-05870,2026-04-04,20:59:00,2026-04-04 20:59:00,5,Saturday,4,1,1,normal,1.0,8000,CASH,10000,2000,2
TRX-260404-05871,2026-04-04,17:53:00,2026-04-04 17:53:00,5,Saturday,4,1,1,normal,1.0,63000,CASH,65000,2000,2
TRX-260404-05872,2026-04-04,18:00:00,2026-04-04 18:00:00,5,Saturday,4,1,1,normal,1.0,60000,CASH,65000,5000,2
TRX-260404-05873,2026-04-04,09:56:00,2026-04-04 09:56:00,5,Saturday,4,1,1,normal,1.0,7250,CASH,10000,2750,2
TRX-260404-05874,2026-04-04,17:21:00,2026-04-04 17:21:00,5,Saturday,4,1,1,normal,1.0,5000,CASH,10000,5000,1
TRX-260405-05875,2026-04-05,16:00:00,2026-04-05 16:00:00,6,Sunday,4,1,1,normal,1.0,12000,QRIS,12000,0,2
TRX-260405-05876,2026-04-05,17:38:00,2026-04-05 17:38:00,6,Sunday,4,1,1,normal,1.0,24500,QRIS,24500,0,5
TRX-260405-05877,2026-04-05,08:15:00,2026-04-05 08:15:00,6,Sunday,4,1,1,normal,1.0,79100,CASH,80000,900,3
TRX-260405-05878,2026-04-05,15:55:00,2026-04-05 15:55:00,6,Sunday,4,1,1,normal,1.0,25700,CASH,30000,4300,2
TRX-260405-05879,2026-04-05,15:05:00,2026-04-05 15:05:00,6,Sunday,4,1,1,normal,1.0,15000,QRIS,15000,0,2
TRX-260405-05880,2026-04-05,10:54:00,2026-04-05 10:54:00,6,Sunday,4,1,1,normal,1.0,22550,CASH,25000,2450,2
TRX-260405-05881,2026-04-05,21:31:00,2026-04-05 21:31:00,6,Sunday,4,1,1,normal,1.0,7000,CASH,10000,3000,2
TRX-260405-05882,2026-04-05,13:49:00,2026-04-05 13:49:00,6,Sunday,4,1,1,normal,1.0,58000,CASH,60000,2000,2
TRX-260405-05883,2026-04-05,17:39:00,2026-04-05 17:39:00,6,Sunday,4,1,1,normal,1.0,77000,CASH,80000,3000,4
TRX-260405-05884,2026-04-05,08:59:00,2026-04-05 08:59:00,6,Sunday,4,1,1,normal,1.0,120000,CASH,125000,5000,3
TRX-260405-05885,2026-04-05,16:32:00,2026-04-05 16:32:00,6,Sunday,4,1,1,normal,1.0,12000,QRIS,12000,0,1
TRX-260405-05886,2026-04-05,07:52:00,2026-04-05 07:52:00,6,Sunday,4,1,1,normal,1.0,16000,CASH,20000,4000,2
TRX-260405-05887,2026-04-05,11:54:00,2026-04-05 11:54:00,6,Sunday,4,1,1,normal,1.0,109500,CASH,110000,500,2
TRX-260405-05888,2026-04-05,10:23:00,2026-04-05 10:23:00,6,Sunday,4,1,1,normal,1.0,116000,CASH,120000,4000,3
TRX-260405-05889,2026-04-05,18:26:00,2026-04-05 18:26:00,6,Sunday,4,1,1,normal,1.0,92000,CASH,95000,3000,3
TRX-260405-05890,2026-04-05,10:49:00,2026-04-05 10:49:00,6,Sunday,4,1,1,normal,1.0,9000,CASH,10000,1000,1
TRX-260405-05891,2026-04-05,09:51:00,2026-04-05 09:51:00,6,Sunday,4,1,1,normal,1.0,22350,CASH,25000,2650,3
TRX-260405-05892,2026-04-05,15:16:00,2026-04-05 15:16:00,6,Sunday,4,1,1,normal,1.0,22000,CASH,25000,3000,4
TRX-260405-05893,2026-04-05,08:10:00,2026-04-05 08:10:00,6,Sunday,4,1,1,normal,1.0,6000,TRANSFER,6000,0,2
TRX-260405-05894,2026-04-05,08:27:00,2026-04-05 08:27:00,6,Sunday,4,1,1,normal,1.0,30500,CASH,35000,4500,5
TRX-260405-05895,2026-04-05,11:40:00,2026-04-05 11:40:00,6,Sunday,4,1,1,normal,1.0,16000,CASH,20000,4000,3
TRX-260405-05896,2026-04-05,07:49:00,2026-04-05 07:49:00,6,Sunday,4,1,1,normal,1.0,96000,CASH,100000,4000,3
TRX-260405-05897,2026-04-05,12:33:00,2026-04-05 12:33:00,6,Sunday,4,1,1,normal,1.0,33500,CASH,35000,1500,4
TRX-260405-05898,2026-04-05,16:22:00,2026-04-05 16:22:00,6,Sunday,4,1,1,normal,1.0,78000,QRIS,78000,0,2
TRX-260405-05899,2026-04-05,09:45:00,2026-04-05 09:45:00,6,Sunday,4,1,1,normal,1.0,78500,CASH,80000,1500,3
TRX-260405-05900,2026-04-05,17:28:00,2026-04-05 17:28:00,6,Sunday,4,1,1,normal,1.0,13000,CASH,15000,2000,3
TRX-260405-05901,2026-04-05,12:02:00,2026-04-05 12:02:00,6,Sunday,4,1,1,normal,1.0,52200,CASH,55000,2800,2
TRX-260405-05902,2026-04-05,19:45:00,2026-04-05 19:45:00,6,Sunday,4,1,1,normal,1.0,21000,CASH,25000,4000,3
TRX-260405-05903,2026-04-05,18:18:00,2026-04-05 18:18:00,6,Sunday,4,1,1,normal,1.0,24000,CASH,25000,1000,3
TRX-260405-05904,2026-04-05,10:19:00,2026-04-05 10:19:00,6,Sunday,4,1,1,normal,1.0,37000,CASH,40000,3000,2
TRX-260405-05905,2026-04-05,15:02:00,2026-04-05 15:02:00,6,Sunday,4,1,1,normal,1.0,49000,QRIS,49000,0,2
TRX-260405-05906,2026-04-05,16:08:00,2026-04-05 16:08:00,6,Sunday,4,1,1,normal,1.0,70000,CASH,75000,5000,2
TRX-260405-05907,2026-04-05,07:00:00,2026-04-05 07:00:00,6,Sunday,4,1,1,normal,1.0,48000,CASH,50000,2000,1
TRX-260405-05908,2026-04-05,09:25:00,2026-04-05 09:25:00,6,Sunday,4,1,1,normal,1.0,62000,CASH,65000,3000,4
TRX-260405-05909,2026-04-05,16:05:00,2026-04-05 16:05:00,6,Sunday,4,1,1,normal,1.0,89000,CASH,90000,1000,5
TRX-260405-05910,2026-04-05,17:41:00,2026-04-05 17:41:00,6,Sunday,4,1,1,normal,1.0,42000,QRIS,42000,0,4
TRX-260405-05911,2026-04-05,16:25:00,2026-04-05 16:25:00,6,Sunday,4,1,1,normal,1.0,12000,CASH,15000,3000,2
TRX-260405-05912,2026-04-05,16:18:00,2026-04-05 16:18:00,6,Sunday,4,1,1,normal,1.0,11000,TRANSFER,11000,0,2
TRX-260405-05913,2026-04-05,16:31:00,2026-04-05 16:31:00,6,Sunday,4,1,1,normal,1.0,84000,TRANSFER,84000,0,3
TRX-260405-05914,2026-04-05,10:49:00,2026-04-05 10:49:00,6,Sunday,4,1,1,normal,1.0,39000,TRANSFER,39000,0,2
TRX-260405-05915,2026-04-05,12:50:00,2026-04-05 12:50:00,6,Sunday,4,1,1,normal,1.0,22000,CASH,25000,3000,2
TRX-260405-05916,2026-04-05,18:17:00,2026-04-05 18:17:00,6,Sunday,4,1,1,normal,1.0,54500,CASH,55000,500,4
TRX-260406-05917,2026-04-06,17:16:00,2026-04-06 17:16:00,0,Monday,4,0,0,normal,1.0,139000,CASH,140000,1000,2
TRX-260406-05918,2026-04-06,08:00:00,2026-04-06 08:00:00,0,Monday,4,0,0,normal,1.0,33000,CASH,35000,2000,2
TRX-260406-05919,2026-04-06,10:52:00,2026-04-06 10:52:00,0,Monday,4,0,0,normal,1.0,23000,CASH,25000,2000,3
TRX-260406-05920,2026-04-06,14:11:00,2026-04-06 14:11:00,0,Monday,4,0,0,normal,1.0,13000,CASH,15000,2000,3
TRX-260406-05921,2026-04-06,15:32:00,2026-04-06 15:32:00,0,Monday,4,0,0,normal,1.0,86000,CASH,90000,4000,3
TRX-260406-05922,2026-04-06,17:01:00,2026-04-06 17:01:00,0,Monday,4,0,0,normal,1.0,10000,CASH,15000,5000,2
TRX-260406-05923,2026-04-06,15:30:00,2026-04-06 15:30:00,0,Monday,4,0,0,normal,1.0,116000,CASH,120000,4000,4
TRX-260406-05924,2026-04-06,06:57:00,2026-04-06 06:57:00,0,Monday,4,0,0,normal,1.0,37900,CASH,40000,2100,5
TRX-260406-05925,2026-04-06,14:09:00,2026-04-06 14:09:00,0,Monday,4,0,0,normal,1.0,42550,CASH,45000,2450,4
TRX-260406-05926,2026-04-06,07:04:00,2026-04-06 07:04:00,0,Monday,4,0,0,normal,1.0,148000,CASH,150000,2000,5
TRX-260406-05927,2026-04-06,18:32:00,2026-04-06 18:32:00,0,Monday,4,0,0,normal,1.0,7000,CASH,10000,3000,3
TRX-260406-05928,2026-04-06,14:24:00,2026-04-06 14:24:00,0,Monday,4,0,0,normal,1.0,9500,CASH,10000,500,2
TRX-260406-05929,2026-04-06,06:47:00,2026-04-06 06:47:00,0,Monday,4,0,0,normal,1.0,57000,CASH,60000,3000,1
TRX-260406-05930,2026-04-06,14:51:00,2026-04-06 14:51:00,0,Monday,4,0,0,normal,1.0,41100,CASH,45000,3900,3
TRX-260406-05931,2026-04-06,16:13:00,2026-04-06 16:13:00,0,Monday,4,0,0,normal,1.0,21000,CASH,25000,4000,2
TRX-260406-05932,2026-04-06,08:58:00,2026-04-06 08:58:00,0,Monday,4,0,0,normal,1.0,95650,QRIS,95650,0,5
TRX-260407-05933,2026-04-07,16:14:00,2026-04-07 16:14:00,1,Tuesday,4,0,0,normal,1.0,62000,QRIS,62000,0,3
TRX-260407-05934,2026-04-07,19:01:00,2026-04-07 19:01:00,1,Tuesday,4,0,0,normal,1.0,39000,CASH,40000,1000,2
TRX-260407-05935,2026-04-07,18:36:00,2026-04-07 18:36:00,1,Tuesday,4,0,0,normal,1.0,45000,CASH,50000,5000,3
TRX-260407-05936,2026-04-07,11:11:00,2026-04-07 11:11:00,1,Tuesday,4,0,0,normal,1.0,15000,TRANSFER,15000,0,2
TRX-260407-05937,2026-04-07,17:55:00,2026-04-07 17:55:00,1,Tuesday,4,0,0,normal,1.0,43550,EWALLET,43550,0,3
TRX-260407-05938,2026-04-07,13:21:00,2026-04-07 13:21:00,1,Tuesday,4,0,0,normal,1.0,19800,CASH,20000,200,3
TRX-260407-05939,2026-04-07,09:48:00,2026-04-07 09:48:00,1,Tuesday,4,0,0,normal,1.0,13000,CASH,15000,2000,2
TRX-260407-05940,2026-04-07,11:28:00,2026-04-07 11:28:00,1,Tuesday,4,0,0,normal,1.0,5000,CASH,10000,5000,2
TRX-260407-05941,2026-04-07,09:42:00,2026-04-07 09:42:00,1,Tuesday,4,0,0,normal,1.0,12000,QRIS,12000,0,2
TRX-260407-05942,2026-04-07,10:49:00,2026-04-07 10:49:00,1,Tuesday,4,0,0,normal,1.0,4000,TRANSFER,4000,0,1
TRX-260407-05943,2026-04-07,18:29:00,2026-04-07 18:29:00,1,Tuesday,4,0,0,normal,1.0,105900,QRIS,105900,0,5
TRX-260407-05944,2026-04-07,13:45:00,2026-04-07 13:45:00,1,Tuesday,4,0,0,normal,1.0,15000,CASH,20000,5000,3
TRX-260407-05945,2026-04-07,07:01:00,2026-04-07 07:01:00,1,Tuesday,4,0,0,normal,1.0,1500,CASH,5000,3500,1
TRX-260407-05946,2026-04-07,13:20:00,2026-04-07 13:20:00,1,Tuesday,4,0,0,normal,1.0,21000,QRIS,21000,0,3
TRX-260407-05947,2026-04-07,18:23:00,2026-04-07 18:23:00,1,Tuesday,4,0,0,normal,1.0,72000,CASH,75000,3000,3
TRX-260407-05948,2026-04-07,11:03:00,2026-04-07 11:03:00,1,Tuesday,4,0,0,normal,1.0,41500,CASH,45000,3500,4
TRX-260407-05949,2026-04-07,08:46:00,2026-04-07 08:46:00,1,Tuesday,4,0,0,normal,1.0,35000,CASH,40000,5000,2
TRX-260407-05950,2026-04-07,19:01:00,2026-04-07 19:01:00,1,Tuesday,4,0,0,normal,1.0,28500,QRIS,28500,0,3
TRX-260407-05951,2026-04-07,11:54:00,2026-04-07 11:54:00,1,Tuesday,4,0,0,normal,1.0,142400,CASH,145000,2600,5
TRX-260408-05952,2026-04-08,18:50:00,2026-04-08 18:50:00,2,Wednesday,4,0,0,normal,1.0,46500,CASH,50000,3500,4
TRX-260408-05953,2026-04-08,13:36:00,2026-04-08 13:36:00,2,Wednesday,4,0,0,normal,1.0,47000,CASH,50000,3000,3
TRX-260408-05954,2026-04-08,16:34:00,2026-04-08 16:34:00,2,Wednesday,4,0,0,normal,1.0,74000,CASH,75000,1000,2
TRX-260408-05955,2026-04-08,20:05:00,2026-04-08 20:05:00,2,Wednesday,4,0,0,normal,1.0,39000,QRIS,39000,0,2
TRX-260408-05956,2026-04-08,11:02:00,2026-04-08 11:02:00,2,Wednesday,4,0,0,normal,1.0,26000,CASH,30000,4000,4
TRX-260408-05957,2026-04-08,19:01:00,2026-04-08 19:01:00,2,Wednesday,4,0,0,normal,1.0,82000,QRIS,82000,0,2
TRX-260408-05958,2026-04-08,18:03:00,2026-04-08 18:03:00,2,Wednesday,4,0,0,normal,1.0,6000,QRIS,6000,0,2
TRX-260408-05959,2026-04-08,20:09:00,2026-04-08 20:09:00,2,Wednesday,4,0,0,normal,1.0,8550,CASH,10000,1450,1
TRX-260408-05960,2026-04-08,17:32:00,2026-04-08 17:32:00,2,Wednesday,4,0,0,normal,1.0,111000,CASH,115000,4000,2
TRX-260408-05961,2026-04-08,11:09:00,2026-04-08 11:09:00,2,Wednesday,4,0,0,normal,1.0,51950,CASH,55000,3050,4
TRX-260408-05962,2026-04-08,08:03:00,2026-04-08 08:03:00,2,Wednesday,4,0,0,normal,1.0,23000,CASH,25000,2000,4
TRX-260408-05963,2026-04-08,11:11:00,2026-04-08 11:11:00,2,Wednesday,4,0,0,normal,1.0,12000,CASH,15000,3000,1
TRX-260409-05964,2026-04-09,15:06:00,2026-04-09 15:06:00,3,Thursday,4,0,0,normal,1.0,12500,QRIS,12500,0,3
TRX-260409-05965,2026-04-09,12:19:00,2026-04-09 12:19:00,3,Thursday,4,0,0,normal,1.0,9000,CASH,10000,1000,3
TRX-260409-05966,2026-04-09,16:55:00,2026-04-09 16:55:00,3,Thursday,4,0,0,normal,1.0,12000,CASH,15000,3000,2
TRX-260409-05967,2026-04-09,08:02:00,2026-04-09 08:02:00,3,Thursday,4,0,0,normal,1.0,24500,CASH,25000,500,2
TRX-260409-05968,2026-04-09,08:56:00,2026-04-09 08:56:00,3,Thursday,4,0,0,normal,1.0,11000,CASH,15000,4000,2
TRX-260409-05969,2026-04-09,20:28:00,2026-04-09 20:28:00,3,Thursday,4,0,0,normal,1.0,7000,EWALLET,7000,0,2
TRX-260409-05970,2026-04-09,10:34:00,2026-04-09 10:34:00,3,Thursday,4,0,0,normal,1.0,8500,QRIS,8500,0,3
TRX-260409-05971,2026-04-09,09:07:00,2026-04-09 09:07:00,3,Thursday,4,0,0,normal,1.0,6000,QRIS,6000,0,2
TRX-260409-05972,2026-04-09,11:59:00,2026-04-09 11:59:00,3,Thursday,4,0,0,normal,1.0,9000,CASH,10000,1000,2
TRX-260409-05973,2026-04-09,13:13:00,2026-04-09 13:13:00,3,Thursday,4,0,0,normal,1.0,8950,QRIS,8950,0,3
TRX-260409-05974,2026-04-09,16:38:00,2026-04-09 16:38:00,3,Thursday,4,0,0,normal,1.0,9000,TRANSFER,9000,0,1
TRX-260409-05975,2026-04-09,09:24:00,2026-04-09 09:24:00,3,Thursday,4,0,0,normal,1.0,22500,CASH,25000,2500,3
TRX-260409-05976,2026-04-09,13:26:00,2026-04-09 13:26:00,3,Thursday,4,0,0,normal,1.0,23000,CASH,25000,2000,3
TRX-260410-05977,2026-04-10,21:42:00,2026-04-10 21:42:00,4,Friday,4,0,0,normal,1.0,24600,QRIS,24600,0,2
TRX-260410-05978,2026-04-10,11:31:00,2026-04-10 11:31:00,4,Friday,4,0,0,normal,1.0,13000,CASH,15000,2000,2
TRX-260410-05979,2026-04-10,18:04:00,2026-04-10 18:04:00,4,Friday,4,0,0,normal,1.0,118000,CASH,120000,2000,3
TRX-260410-05980,2026-04-10,08:53:00,2026-04-10 08:53:00,4,Friday,4,0,0,normal,1.0,40000,QRIS,40000,0,3
TRX-260410-05981,2026-04-10,12:07:00,2026-04-10 12:07:00,4,Friday,4,0,0,normal,1.0,31000,CASH,35000,4000,2
TRX-260410-05982,2026-04-10,11:28:00,2026-04-10 11:28:00,4,Friday,4,0,0,normal,1.0,9500,QRIS,9500,0,2
TRX-260410-05983,2026-04-10,09:34:00,2026-04-10 09:34:00,4,Friday,4,0,0,normal,1.0,12000,CASH,15000,3000,1
TRX-260410-05984,2026-04-10,06:06:00,2026-04-10 06:06:00,4,Friday,4,0,0,normal,1.0,66000,TRANSFER,66000,0,5
TRX-260410-05985,2026-04-10,10:59:00,2026-04-10 10:59:00,4,Friday,4,0,0,normal,1.0,37000,CASH,40000,3000,3
TRX-260410-05986,2026-04-10,14:11:00,2026-04-10 14:11:00,4,Friday,4,0,0,normal,1.0,5000,CASH,10000,5000,2
TRX-260410-05987,2026-04-10,12:57:00,2026-04-10 12:57:00,4,Friday,4,0,0,normal,1.0,36000,CASH,40000,4000,3
TRX-260410-05988,2026-04-10,09:46:00,2026-04-10 09:46:00,4,Friday,4,0,0,normal,1.0,68000,CASH,70000,2000,4
TRX-260411-05989,2026-04-11,17:10:00,2026-04-11 17:10:00,5,Saturday,4,1,0,normal,1.0,44000,QRIS,44000,0,3
TRX-260411-05990,2026-04-11,11:14:00,2026-04-11 11:14:00,5,Saturday,4,1,0,normal,1.0,22000,CASH,25000,3000,4
TRX-260411-05991,2026-04-11,18:32:00,2026-04-11 18:32:00,5,Saturday,4,1,0,normal,1.0,9000,CASH,10000,1000,2
TRX-260411-05992,2026-04-11,17:43:00,2026-04-11 17:43:00,5,Saturday,4,1,0,normal,1.0,5000,CASH,10000,5000,2
TRX-260411-05993,2026-04-11,10:54:00,2026-04-11 10:54:00,5,Saturday,4,1,0,normal,1.0,3000,CASH,5000,2000,1
TRX-260411-05994,2026-04-11,20:31:00,2026-04-11 20:31:00,5,Saturday,4,1,0,normal,1.0,15500,CASH,20000,4500,1
TRX-260411-05995,2026-04-11,21:30:00,2026-04-11 21:30:00,5,Saturday,4,1,0,normal,1.0,25100,CASH,30000,4900,2
TRX-260411-05996,2026-04-11,14:30:00,2026-04-11 14:30:00,5,Saturday,4,1,0,normal,1.0,112000,CASH,115000,3000,4
TRX-260411-05997,2026-04-11,13:31:00,2026-04-11 13:31:00,5,Saturday,4,1,0,normal,1.0,28500,CASH,30000,1500,4
TRX-260411-05998,2026-04-11,18:17:00,2026-04-11 18:17:00,5,Saturday,4,1,0,normal,1.0,95000,CASH,100000,5000,2
TRX-260411-05999,2026-04-11,12:47:00,2026-04-11 12:47:00,5,Saturday,4,1,0,normal,1.0,18000,QRIS,18000,0,2
TRX-260411-06000,2026-04-11,20:06:00,2026-04-11 20:06:00,5,Saturday,4,1,0,normal,1.0,7000,CASH,10000,3000,2
TRX-260411-06001,2026-04-11,08:24:00,2026-04-11 08:24:00,5,Saturday,4,1,0,normal,1.0,104450,CASH,105000,550,5
TRX-260411-06002,2026-04-11,21:47:00,2026-04-11 21:47:00,5,Saturday,4,1,0,normal,1.0,26000,CASH,30000,4000,3
TRX-260411-06003,2026-04-11,11:22:00,2026-04-11 11:22:00,5,Saturday,4,1,0,normal,1.0,9000,CASH,10000,1000,1
TRX-260411-06004,2026-04-11,11:55:00,2026-04-11 11:55:00,5,Saturday,4,1,0,normal,1.0,16000,CASH,20000,4000,2
TRX-260411-06005,2026-04-11,13:09:00,2026-04-11 13:09:00,5,Saturday,4,1,0,normal,1.0,13000,CASH,15000,2000,2
TRX-260411-06006,2026-04-11,13:29:00,2026-04-11 13:29:00,5,Saturday,4,1,0,normal,1.0,72000,CASH,75000,3000,3
TRX-260412-06007,2026-04-12,16:51:00,2026-04-12 16:51:00,6,Sunday,4,1,0,normal,1.0,5000,CASH,10000,5000,2
TRX-260412-06008,2026-04-12,09:20:00,2026-04-12 09:20:00,6,Sunday,4,1,0,normal,1.0,70000,CASH,75000,5000,3
TRX-260412-06009,2026-04-12,12:39:00,2026-04-12 12:39:00,6,Sunday,4,1,0,normal,1.0,20000,CASH,25000,5000,3
TRX-260412-06010,2026-04-12,17:54:00,2026-04-12 17:54:00,6,Sunday,4,1,0,normal,1.0,20000,EWALLET,20000,0,2
TRX-260412-06011,2026-04-12,09:50:00,2026-04-12 09:50:00,6,Sunday,4,1,0,normal,1.0,11000,CASH,15000,4000,3
TRX-260412-06012,2026-04-12,18:47:00,2026-04-12 18:47:00,6,Sunday,4,1,0,normal,1.0,24850,TRANSFER,24850,0,2
TRX-260412-06013,2026-04-12,20:19:00,2026-04-12 20:19:00,6,Sunday,4,1,0,normal,1.0,15500,QRIS,15500,0,1
TRX-260412-06014,2026-04-12,10:33:00,2026-04-12 10:33:00,6,Sunday,4,1,0,normal,1.0,28500,CASH,30000,1500,2
TRX-260412-06015,2026-04-12,11:17:00,2026-04-12 11:17:00,6,Sunday,4,1,0,normal,1.0,28000,CASH,30000,2000,3
TRX-260412-06016,2026-04-12,16:20:00,2026-04-12 16:20:00,6,Sunday,4,1,0,normal,1.0,117000,CASH,120000,3000,2
TRX-260412-06017,2026-04-12,18:23:00,2026-04-12 18:23:00,6,Sunday,4,1,0,normal,1.0,26000,CASH,30000,4000,3
TRX-260412-06018,2026-04-12,12:37:00,2026-04-12 12:37:00,6,Sunday,4,1,0,normal,1.0,70000,QRIS,70000,0,5
TRX-260412-06019,2026-04-12,16:47:00,2026-04-12 16:47:00,6,Sunday,4,1,0,normal,1.0,95000,TRANSFER,95000,0,2
TRX-260412-06020,2026-04-12,17:36:00,2026-04-12 17:36:00,6,Sunday,4,1,0,normal,1.0,3400,CASH,5000,1600,1
TRX-260412-06021,2026-04-12,09:30:00,2026-04-12 09:30:00,6,Sunday,4,1,0,normal,1.0,3000,CASH,5000,2000,1
TRX-260412-06022,2026-04-12,11:31:00,2026-04-12 11:31:00,6,Sunday,4,1,0,normal,1.0,81000,CASH,85000,4000,2
TRX-260412-06023,2026-04-12,07:47:00,2026-04-12 07:47:00,6,Sunday,4,1,0,normal,1.0,14000,CASH,15000,1000,2
TRX-260412-06024,2026-04-12,12:16:00,2026-04-12 12:16:00,6,Sunday,4,1,0,normal,1.0,11500,CASH,15000,3500,4
TRX-260412-06025,2026-04-12,16:28:00,2026-04-12 16:28:00,6,Sunday,4,1,0,normal,1.0,12000,CASH,15000,3000,2
TRX-260413-06026,2026-04-13,09:42:00,2026-04-13 09:42:00,0,Monday,4,0,0,normal,1.0,6000,TRANSFER,6000,0,2
TRX-260413-06027,2026-04-13,18:15:00,2026-04-13 18:15:00,0,Monday,4,0,0,normal,1.0,27500,CASH,30000,2500,3
TRX-260413-06028,2026-04-13,16:06:00,2026-04-13 16:06:00,0,Monday,4,0,0,normal,1.0,58000,CASH,60000,2000,2
TRX-260413-06029,2026-04-13,11:13:00,2026-04-13 11:13:00,0,Monday,4,0,0,normal,1.0,15000,CASH,20000,5000,2
TRX-260413-06030,2026-04-13,11:07:00,2026-04-13 11:07:00,0,Monday,4,0,0,normal,1.0,45700,CASH,50000,4300,4
TRX-260413-06031,2026-04-13,15:15:00,2026-04-13 15:15:00,0,Monday,4,0,0,normal,1.0,82100,CASH,85000,2900,3
TRX-260413-06032,2026-04-13,19:29:00,2026-04-13 19:29:00,0,Monday,4,0,0,normal,1.0,4000,CASH,5000,1000,2
TRX-260413-06033,2026-04-13,11:28:00,2026-04-13 11:28:00,0,Monday,4,0,0,normal,1.0,110000,CASH,115000,5000,3
TRX-260413-06034,2026-04-13,15:55:00,2026-04-13 15:55:00,0,Monday,4,0,0,normal,1.0,43000,CASH,45000,2000,3
TRX-260413-06035,2026-04-13,21:15:00,2026-04-13 21:15:00,0,Monday,4,0,0,normal,1.0,22000,CASH,25000,3000,2
TRX-260413-06036,2026-04-13,19:56:00,2026-04-13 19:56:00,0,Monday,4,0,0,normal,1.0,85000,TRANSFER,85000,0,5
TRX-260413-06037,2026-04-13,08:31:00,2026-04-13 08:31:00,0,Monday,4,0,0,normal,1.0,14000,CASH,15000,1000,1
TRX-260413-06038,2026-04-13,17:44:00,2026-04-13 17:44:00,0,Monday,4,0,0,normal,1.0,31000,EWALLET,31000,0,3
TRX-260413-06039,2026-04-13,09:06:00,2026-04-13 09:06:00,0,Monday,4,0,0,normal,1.0,27000,CASH,30000,3000,2
TRX-260413-06040,2026-04-13,17:19:00,2026-04-13 17:19:00,0,Monday,4,0,0,normal,1.0,33000,CASH,35000,2000,3
TRX-260413-06041,2026-04-13,18:37:00,2026-04-13 18:37:00,0,Monday,4,0,0,normal,1.0,9500,QRIS,9500,0,2
TRX-260413-06042,2026-04-13,19:06:00,2026-04-13 19:06:00,0,Monday,4,0,0,normal,1.0,20000,CASH,25000,5000,2
TRX-260413-06043,2026-04-13,15:36:00,2026-04-13 15:36:00,0,Monday,4,0,0,normal,1.0,6000,CASH,10000,4000,2
TRX-260413-06044,2026-04-13,11:07:00,2026-04-13 11:07:00,0,Monday,4,0,0,normal,1.0,27000,TRANSFER,27000,0,1
TRX-260413-06045,2026-04-13,19:33:00,2026-04-13 19:33:00,0,Monday,4,0,0,normal,1.0,48000,EWALLET,48000,0,3
TRX-260413-06046,2026-04-13,21:36:00,2026-04-13 21:36:00,0,Monday,4,0,0,normal,1.0,3000,CASH,5000,2000,1
TRX-260414-06047,2026-04-14,09:47:00,2026-04-14 09:47:00,1,Tuesday,4,0,0,normal,1.0,79000,TRANSFER,79000,0,4
TRX-260414-06048,2026-04-14,18:26:00,2026-04-14 18:26:00,1,Tuesday,4,0,0,normal,1.0,56000,CASH,60000,4000,2
TRX-260414-06049,2026-04-14,08:33:00,2026-04-14 08:33:00,1,Tuesday,4,0,0,normal,1.0,36500,CASH,40000,3500,5
TRX-260414-06050,2026-04-14,14:48:00,2026-04-14 14:48:00,1,Tuesday,4,0,0,normal,1.0,24000,CASH,25000,1000,1
TRX-260414-06051,2026-04-14,16:21:00,2026-04-14 16:21:00,1,Tuesday,4,0,0,normal,1.0,79000,TRANSFER,79000,0,4
TRX-260414-06052,2026-04-14,18:16:00,2026-04-14 18:16:00,1,Tuesday,4,0,0,normal,1.0,13000,CASH,15000,2000,3
TRX-260414-06053,2026-04-14,18:10:00,2026-04-14 18:10:00,1,Tuesday,4,0,0,normal,1.0,52000,CASH,55000,3000,4
TRX-260414-06054,2026-04-14,17:12:00,2026-04-14 17:12:00,1,Tuesday,4,0,0,normal,1.0,2700,CASH,5000,2300,1
TRX-260414-06055,2026-04-14,10:48:00,2026-04-14 10:48:00,1,Tuesday,4,0,0,normal,1.0,99500,CASH,100000,500,4
TRX-260414-06056,2026-04-14,20:31:00,2026-04-14 20:31:00,1,Tuesday,4,0,0,normal,1.0,2000,TRANSFER,2000,0,1
TRX-260414-06057,2026-04-14,15:08:00,2026-04-14 15:08:00,1,Tuesday,4,0,0,normal,1.0,18750,CASH,20000,1250,2
TRX-260414-06058,2026-04-14,18:39:00,2026-04-14 18:39:00,1,Tuesday,4,0,0,normal,1.0,27000,CASH,30000,3000,1
TRX-260414-06059,2026-04-14,15:08:00,2026-04-14 15:08:00,1,Tuesday,4,0,0,normal,1.0,20000,CASH,25000,5000,5
TRX-260414-06060,2026-04-14,06:25:00,2026-04-14 06:25:00,1,Tuesday,4,0,0,normal,1.0,27000,CASH,30000,3000,4
TRX-260414-06061,2026-04-14,15:42:00,2026-04-14 15:42:00,1,Tuesday,4,0,0,normal,1.0,54000,QRIS,54000,0,1
TRX-260414-06062,2026-04-14,19:30:00,2026-04-14 19:30:00,1,Tuesday,4,0,0,normal,1.0,27000,CASH,30000,3000,2
TRX-260414-06063,2026-04-14,20:43:00,2026-04-14 20:43:00,1,Tuesday,4,0,0,normal,1.0,64500,CASH,65000,500,2
TRX-260415-06064,2026-04-15,15:14:00,2026-04-15 15:14:00,2,Wednesday,4,0,0,normal,1.0,64000,CASH,65000,1000,5
TRX-260415-06065,2026-04-15,15:29:00,2026-04-15 15:29:00,2,Wednesday,4,0,0,normal,1.0,27800,EWALLET,27800,0,5
TRX-260415-06066,2026-04-15,21:37:00,2026-04-15 21:37:00,2,Wednesday,4,0,0,normal,1.0,33600,CASH,35000,1400,2
TRX-260415-06067,2026-04-15,11:11:00,2026-04-15 11:11:00,2,Wednesday,4,0,0,normal,1.0,25000,CASH,30000,5000,2
TRX-260415-06068,2026-04-15,09:00:00,2026-04-15 09:00:00,2,Wednesday,4,0,0,normal,1.0,12000,QRIS,12000,0,3
TRX-260415-06069,2026-04-15,19:15:00,2026-04-15 19:15:00,2,Wednesday,4,0,0,normal,1.0,70000,CASH,75000,5000,4
TRX-260415-06070,2026-04-15,19:05:00,2026-04-15 19:05:00,2,Wednesday,4,0,0,normal,1.0,18000,CASH,20000,2000,2
TRX-260415-06071,2026-04-15,07:57:00,2026-04-15 07:57:00,2,Wednesday,4,0,0,normal,1.0,24000,CASH,25000,1000,3
TRX-260415-06072,2026-04-15,13:49:00,2026-04-15 13:49:00,2,Wednesday,4,0,0,normal,1.0,31500,CASH,35000,3500,2
TRX-260415-06073,2026-04-15,10:47:00,2026-04-15 10:47:00,2,Wednesday,4,0,0,normal,1.0,53000,CASH,55000,2000,2
TRX-260415-06074,2026-04-15,07:09:00,2026-04-15 07:09:00,2,Wednesday,4,0,0,normal,1.0,2000,CASH,5000,3000,1
TRX-260415-06075,2026-04-15,13:00:00,2026-04-15 13:00:00,2,Wednesday,4,0,0,normal,1.0,46000,CASH,50000,4000,4
TRX-260415-06076,2026-04-15,18:48:00,2026-04-15 18:48:00,2,Wednesday,4,0,0,normal,1.0,57000,CASH,60000,3000,4
TRX-260415-06077,2026-04-15,17:15:00,2026-04-15 17:15:00,2,Wednesday,4,0,0,normal,1.0,39500,CASH,40000,500,3
TRX-260415-06078,2026-04-15,11:21:00,2026-04-15 11:21:00,2,Wednesday,4,0,0,normal,1.0,67500,CASH,70000,2500,3
TRX-260415-06079,2026-04-15,16:18:00,2026-04-15 16:18:00,2,Wednesday,4,0,0,normal,1.0,76700,CASH,80000,3300,3
TRX-260415-06080,2026-04-15,06:06:00,2026-04-15 06:06:00,2,Wednesday,4,0,0,normal,1.0,9000,CASH,10000,1000,3
TRX-260415-06081,2026-04-15,13:58:00,2026-04-15 13:58:00,2,Wednesday,4,0,0,normal,1.0,9000,QRIS,9000,0,2
TRX-260415-06082,2026-04-15,19:54:00,2026-04-15 19:54:00,2,Wednesday,4,0,0,normal,1.0,10000,CASH,15000,5000,2
TRX-260416-06083,2026-04-16,16:09:00,2026-04-16 16:09:00,3,Thursday,4,0,0,normal,1.0,4500,CASH,5000,500,2
TRX-260416-06084,2026-04-16,15:44:00,2026-04-16 15:44:00,3,Thursday,4,0,0,normal,1.0,5700,CASH,10000,4300,1
TRX-260416-06085,2026-04-16,11:01:00,2026-04-16 11:01:00,3,Thursday,4,0,0,normal,1.0,20500,CASH,25000,4500,3
TRX-260416-06086,2026-04-16,16:23:00,2026-04-16 16:23:00,3,Thursday,4,0,0,normal,1.0,33500,CASH,35000,1500,3
TRX-260416-06087,2026-04-16,16:40:00,2026-04-16 16:40:00,3,Thursday,4,0,0,normal,1.0,140500,CASH,145000,4500,3
TRX-260416-06088,2026-04-16,19:07:00,2026-04-16 19:07:00,3,Thursday,4,0,0,normal,1.0,61000,CASH,65000,4000,5
TRX-260416-06089,2026-04-16,16:36:00,2026-04-16 16:36:00,3,Thursday,4,0,0,normal,1.0,146800,CASH,150000,3200,2
TRX-260416-06090,2026-04-16,12:17:00,2026-04-16 12:17:00,3,Thursday,4,0,0,normal,1.0,75000,CASH,80000,5000,4
TRX-260416-06091,2026-04-16,17:38:00,2026-04-16 17:38:00,3,Thursday,4,0,0,normal,1.0,24000,CASH,25000,1000,1
TRX-260416-06092,2026-04-16,18:07:00,2026-04-16 18:07:00,3,Thursday,4,0,0,normal,1.0,40000,CASH,45000,5000,2
TRX-260416-06093,2026-04-16,12:54:00,2026-04-16 12:54:00,3,Thursday,4,0,0,normal,1.0,15000,CASH,20000,5000,1
TRX-260416-06094,2026-04-16,06:43:00,2026-04-16 06:43:00,3,Thursday,4,0,0,normal,1.0,13000,CASH,15000,2000,2
TRX-260416-06095,2026-04-16,13:30:00,2026-04-16 13:30:00,3,Thursday,4,0,0,normal,1.0,33500,CASH,35000,1500,4
TRX-260416-06096,2026-04-16,12:23:00,2026-04-16 12:23:00,3,Thursday,4,0,0,normal,1.0,65000,CASH,70000,5000,3
TRX-260416-06097,2026-04-16,09:32:00,2026-04-16 09:32:00,3,Thursday,4,0,0,normal,1.0,66000,CASH,70000,4000,2
TRX-260416-06098,2026-04-16,08:26:00,2026-04-16 08:26:00,3,Thursday,4,0,0,normal,1.0,72000,CASH,75000,3000,4
TRX-260417-06099,2026-04-17,14:16:00,2026-04-17 14:16:00,4,Friday,4,0,0,normal,1.0,12000,CASH,15000,3000,4
TRX-260417-06100,2026-04-17,13:54:00,2026-04-17 13:54:00,4,Friday,4,0,0,normal,1.0,6000,TRANSFER,6000,0,1
TRX-260417-06101,2026-04-17,21:59:00,2026-04-17 21:59:00,4,Friday,4,0,0,normal,1.0,17000,CASH,20000,3000,2
TRX-260417-06102,2026-04-17,17:08:00,2026-04-17 17:08:00,4,Friday,4,0,0,normal,1.0,21000,CASH,25000,4000,3
TRX-260417-06103,2026-04-17,15:50:00,2026-04-17 15:50:00,4,Friday,4,0,0,normal,1.0,16500,CASH,20000,3500,3
TRX-260417-06104,2026-04-17,13:23:00,2026-04-17 13:23:00,4,Friday,4,0,0,normal,1.0,51000,CASH,55000,4000,2
TRX-260417-06105,2026-04-17,16:41:00,2026-04-17 16:41:00,4,Friday,4,0,0,normal,1.0,18000,CASH,20000,2000,2
TRX-260417-06106,2026-04-17,18:20:00,2026-04-17 18:20:00,4,Friday,4,0,0,normal,1.0,10000,CASH,15000,5000,2
TRX-260417-06107,2026-04-17,13:05:00,2026-04-17 13:05:00,4,Friday,4,0,0,normal,1.0,256000,QRIS,256000,0,3
TRX-260417-06108,2026-04-17,17:44:00,2026-04-17 17:44:00,4,Friday,4,0,0,normal,1.0,43000,CASH,45000,2000,4
TRX-260417-06109,2026-04-17,10:55:00,2026-04-17 10:55:00,4,Friday,4,0,0,normal,1.0,78000,CASH,80000,2000,5
TRX-260417-06110,2026-04-17,06:19:00,2026-04-17 06:19:00,4,Friday,4,0,0,normal,1.0,12000,CASH,15000,3000,1
TRX-260417-06111,2026-04-17,13:17:00,2026-04-17 13:17:00,4,Friday,4,0,0,normal,1.0,138700,CASH,140000,1300,2
TRX-260417-06112,2026-04-17,16:06:00,2026-04-17 16:06:00,4,Friday,4,0,0,normal,1.0,2500,CASH,5000,2500,2
TRX-260417-06113,2026-04-17,12:14:00,2026-04-17 12:14:00,4,Friday,4,0,0,normal,1.0,36000,CASH,40000,4000,4
TRX-260417-06114,2026-04-17,14:16:00,2026-04-17 14:16:00,4,Friday,4,0,0,normal,1.0,4000,CASH,5000,1000,2
TRX-260417-06115,2026-04-17,12:19:00,2026-04-17 12:19:00,4,Friday,4,0,0,normal,1.0,14650,CASH,15000,350,3
TRX-260417-06116,2026-04-17,18:42:00,2026-04-17 18:42:00,4,Friday,4,0,0,normal,1.0,51000,CASH,55000,4000,4
TRX-260417-06117,2026-04-17,21:52:00,2026-04-17 21:52:00,4,Friday,4,0,0,normal,1.0,9000,QRIS,9000,0,2
TRX-260418-06118,2026-04-18,16:52:00,2026-04-18 16:52:00,5,Saturday,4,1,0,normal,1.0,24000,CASH,25000,1000,2
TRX-260418-06119,2026-04-18,17:49:00,2026-04-18 17:49:00,5,Saturday,4,1,0,normal,1.0,21000,CASH,25000,4000,2
TRX-260418-06120,2026-04-18,13:29:00,2026-04-18 13:29:00,5,Saturday,4,1,0,normal,1.0,155000,CASH,160000,5000,5
TRX-260418-06121,2026-04-18,11:25:00,2026-04-18 11:25:00,5,Saturday,4,1,0,normal,1.0,11000,CASH,15000,4000,2
TRX-260418-06122,2026-04-18,11:01:00,2026-04-18 11:01:00,5,Saturday,4,1,0,normal,1.0,9400,TRANSFER,9400,0,2
TRX-260418-06123,2026-04-18,13:28:00,2026-04-18 13:28:00,5,Saturday,4,1,0,normal,1.0,42000,CASH,45000,3000,3
TRX-260418-06124,2026-04-18,10:39:00,2026-04-18 10:39:00,5,Saturday,4,1,0,normal,1.0,8000,QRIS,8000,0,2
TRX-260418-06125,2026-04-18,13:28:00,2026-04-18 13:28:00,5,Saturday,4,1,0,normal,1.0,63700,CASH,65000,1300,4
TRX-260418-06126,2026-04-18,06:18:00,2026-04-18 06:18:00,5,Saturday,4,1,0,normal,1.0,50000,CASH,55000,5000,4
TRX-260418-06127,2026-04-18,10:23:00,2026-04-18 10:23:00,5,Saturday,4,1,0,normal,1.0,16500,CASH,20000,3500,2
TRX-260418-06128,2026-04-18,16:47:00,2026-04-18 16:47:00,5,Saturday,4,1,0,normal,1.0,3000,CASH,5000,2000,1
TRX-260418-06129,2026-04-18,20:15:00,2026-04-18 20:15:00,5,Saturday,4,1,0,normal,1.0,140000,EWALLET,140000,0,3
TRX-260418-06130,2026-04-18,17:01:00,2026-04-18 17:01:00,5,Saturday,4,1,0,normal,1.0,9000,TRANSFER,9000,0,1
TRX-260418-06131,2026-04-18,10:43:00,2026-04-18 10:43:00,5,Saturday,4,1,0,normal,1.0,69000,CASH,70000,1000,4
TRX-260418-06132,2026-04-18,18:48:00,2026-04-18 18:48:00,5,Saturday,4,1,0,normal,1.0,11000,CASH,15000,4000,3
TRX-260418-06133,2026-04-18,10:11:00,2026-04-18 10:11:00,5,Saturday,4,1,0,normal,1.0,13500,CASH,15000,1500,3
TRX-260418-06134,2026-04-18,20:06:00,2026-04-18 20:06:00,5,Saturday,4,1,0,normal,1.0,35000,CASH,40000,5000,3
TRX-260418-06135,2026-04-18,10:29:00,2026-04-18 10:29:00,5,Saturday,4,1,0,normal,1.0,81000,CASH,85000,4000,1
TRX-260418-06136,2026-04-18,19:49:00,2026-04-18 19:49:00,5,Saturday,4,1,0,normal,1.0,13500,CASH,15000,1500,3
TRX-260418-06137,2026-04-18,12:58:00,2026-04-18 12:58:00,5,Saturday,4,1,0,normal,1.0,28000,CASH,30000,2000,3
TRX-260418-06138,2026-04-18,18:11:00,2026-04-18 18:11:00,5,Saturday,4,1,0,normal,1.0,8100,QRIS,8100,0,2
TRX-260418-06139,2026-04-18,21:39:00,2026-04-18 21:39:00,5,Saturday,4,1,0,normal,1.0,9000,CASH,10000,1000,1
TRX-260418-06140,2026-04-18,15:02:00,2026-04-18 15:02:00,5,Saturday,4,1,0,normal,1.0,18000,CASH,20000,2000,1
TRX-260418-06141,2026-04-18,10:17:00,2026-04-18 10:17:00,5,Saturday,4,1,0,normal,1.0,50900,CASH,55000,4100,3
TRX-260418-06142,2026-04-18,18:11:00,2026-04-18 18:11:00,5,Saturday,4,1,0,normal,1.0,115000,CASH,120000,5000,4
TRX-260418-06143,2026-04-18,15:40:00,2026-04-18 15:40:00,5,Saturday,4,1,0,normal,1.0,74500,CASH,75000,500,4
TRX-260418-06144,2026-04-18,10:10:00,2026-04-18 10:10:00,5,Saturday,4,1,0,normal,1.0,59000,CASH,60000,1000,4
TRX-260418-06145,2026-04-18,12:04:00,2026-04-18 12:04:00,5,Saturday,4,1,0,normal,1.0,17000,QRIS,17000,0,2
TRX-260418-06146,2026-04-18,11:13:00,2026-04-18 11:13:00,5,Saturday,4,1,0,normal,1.0,51500,CASH,55000,3500,4
TRX-260418-06147,2026-04-18,19:35:00,2026-04-18 19:35:00,5,Saturday,4,1,0,normal,1.0,95000,CASH,100000,5000,3
TRX-260419-06148,2026-04-19,09:23:00,2026-04-19 09:23:00,6,Sunday,4,1,0,normal,1.0,10000,QRIS,10000,0,2
TRX-260419-06149,2026-04-19,17:01:00,2026-04-19 17:01:00,6,Sunday,4,1,0,normal,1.0,5000,QRIS,5000,0,2
TRX-260419-06150,2026-04-19,19:37:00,2026-04-19 19:37:00,6,Sunday,4,1,0,normal,1.0,41000,CASH,45000,4000,3
TRX-260419-06151,2026-04-19,16:49:00,2026-04-19 16:49:00,6,Sunday,4,1,0,normal,1.0,62500,CASH,65000,2500,4
TRX-260419-06152,2026-04-19,21:34:00,2026-04-19 21:34:00,6,Sunday,4,1,0,normal,1.0,43200,CASH,45000,1800,4
TRX-260419-06153,2026-04-19,21:56:00,2026-04-19 21:56:00,6,Sunday,4,1,0,normal,1.0,35500,QRIS,35500,0,4
TRX-260419-06154,2026-04-19,20:29:00,2026-04-19 20:29:00,6,Sunday,4,1,0,normal,1.0,1000,CASH,5000,4000,1
TRX-260419-06155,2026-04-19,16:50:00,2026-04-19 16:50:00,6,Sunday,4,1,0,normal,1.0,33000,CASH,35000,2000,2
TRX-260419-06156,2026-04-19,14:36:00,2026-04-19 14:36:00,6,Sunday,4,1,0,normal,1.0,59700,CASH,60000,300,3
TRX-260419-06157,2026-04-19,15:08:00,2026-04-19 15:08:00,6,Sunday,4,1,0,normal,1.0,17000,CASH,20000,3000,2
TRX-260419-06158,2026-04-19,14:29:00,2026-04-19 14:29:00,6,Sunday,4,1,0,normal,1.0,15000,TRANSFER,15000,0,2
TRX-260419-06159,2026-04-19,12:59:00,2026-04-19 12:59:00,6,Sunday,4,1,0,normal,1.0,15000,CASH,20000,5000,2
TRX-260420-06160,2026-04-20,18:00:00,2026-04-20 18:00:00,0,Monday,4,0,0,normal,1.0,13000,CASH,15000,2000,2
TRX-260420-06161,2026-04-20,15:07:00,2026-04-20 15:07:00,0,Monday,4,0,0,normal,1.0,14000,CASH,15000,1000,2
TRX-260420-06162,2026-04-20,13:48:00,2026-04-20 13:48:00,0,Monday,4,0,0,normal,1.0,22000,CASH,25000,3000,3
TRX-260420-06163,2026-04-20,21:03:00,2026-04-20 21:03:00,0,Monday,4,0,0,normal,1.0,14000,CASH,15000,1000,2
TRX-260420-06164,2026-04-20,18:11:00,2026-04-20 18:11:00,0,Monday,4,0,0,normal,1.0,48000,CASH,50000,2000,3
TRX-260420-06165,2026-04-20,18:07:00,2026-04-20 18:07:00,0,Monday,4,0,0,normal,1.0,76500,QRIS,76500,0,4
TRX-260420-06166,2026-04-20,10:11:00,2026-04-20 10:11:00,0,Monday,4,0,0,normal,1.0,8000,CASH,10000,2000,1
TRX-260420-06167,2026-04-20,09:58:00,2026-04-20 09:58:00,0,Monday,4,0,0,normal,1.0,28000,CASH,30000,2000,3
TRX-260420-06168,2026-04-20,07:35:00,2026-04-20 07:35:00,0,Monday,4,0,0,normal,1.0,46000,CASH,50000,4000,3
TRX-260420-06169,2026-04-20,17:13:00,2026-04-20 17:13:00,0,Monday,4,0,0,normal,1.0,11000,TRANSFER,11000,0,2
TRX-260420-06170,2026-04-20,10:40:00,2026-04-20 10:40:00,0,Monday,4,0,0,normal,1.0,13000,CASH,15000,2000,2
TRX-260420-06171,2026-04-20,11:06:00,2026-04-20 11:06:00,0,Monday,4,0,0,normal,1.0,7650,QRIS,7650,0,1
TRX-260420-06172,2026-04-20,13:06:00,2026-04-20 13:06:00,0,Monday,4,0,0,normal,1.0,213000,CASH,215000,2000,3
TRX-260420-06173,2026-04-20,20:10:00,2026-04-20 20:10:00,0,Monday,4,0,0,normal,1.0,42000,CASH,45000,3000,2
TRX-260420-06174,2026-04-20,15:28:00,2026-04-20 15:28:00,0,Monday,4,0,0,normal,1.0,18000,CASH,20000,2000,2
TRX-260420-06175,2026-04-20,07:40:00,2026-04-20 07:40:00,0,Monday,4,0,0,normal,1.0,23500,QRIS,23500,0,4
TRX-260420-06176,2026-04-20,17:45:00,2026-04-20 17:45:00,0,Monday,4,0,0,normal,1.0,20000,CASH,25000,5000,1
TRX-260420-06177,2026-04-20,19:09:00,2026-04-20 19:09:00,0,Monday,4,0,0,normal,1.0,3000,QRIS,3000,0,1
TRX-260420-06178,2026-04-20,08:35:00,2026-04-20 08:35:00,0,Monday,4,0,0,normal,1.0,139000,CASH,140000,1000,3
TRX-260421-06179,2026-04-21,10:03:00,2026-04-21 10:03:00,1,Tuesday,4,0,0,normal,1.0,30000,CASH,35000,5000,1
TRX-260421-06180,2026-04-21,19:51:00,2026-04-21 19:51:00,1,Tuesday,4,0,0,normal,1.0,223000,CASH,225000,2000,3
TRX-260421-06181,2026-04-21,11:08:00,2026-04-21 11:08:00,1,Tuesday,4,0,0,normal,1.0,25000,CASH,30000,5000,2
TRX-260421-06182,2026-04-21,11:03:00,2026-04-21 11:03:00,1,Tuesday,4,0,0,normal,1.0,90000,CASH,95000,5000,2
TRX-260421-06183,2026-04-21,08:39:00,2026-04-21 08:39:00,1,Tuesday,4,0,0,normal,1.0,17000,QRIS,17000,0,2
TRX-260421-06184,2026-04-21,17:27:00,2026-04-21 17:27:00,1,Tuesday,4,0,0,normal,1.0,17000,CASH,20000,3000,2
TRX-260421-06185,2026-04-21,11:37:00,2026-04-21 11:37:00,1,Tuesday,4,0,0,normal,1.0,100000,TRANSFER,100000,0,3
TRX-260421-06186,2026-04-21,11:34:00,2026-04-21 11:34:00,1,Tuesday,4,0,0,normal,1.0,51400,CASH,55000,3600,4
TRX-260421-06187,2026-04-21,16:00:00,2026-04-21 16:00:00,1,Tuesday,4,0,0,normal,1.0,8000,CASH,10000,2000,1
TRX-260421-06188,2026-04-21,08:29:00,2026-04-21 08:29:00,1,Tuesday,4,0,0,normal,1.0,94100,CASH,95000,900,4
TRX-260421-06189,2026-04-21,14:14:00,2026-04-21 14:14:00,1,Tuesday,4,0,0,normal,1.0,14000,CASH,15000,1000,3
TRX-260421-06190,2026-04-21,18:21:00,2026-04-21 18:21:00,1,Tuesday,4,0,0,normal,1.0,46950,EWALLET,46950,0,3
TRX-260421-06191,2026-04-21,10:09:00,2026-04-21 10:09:00,1,Tuesday,4,0,0,normal,1.0,26000,CASH,30000,4000,2
TRX-260421-06192,2026-04-21,12:11:00,2026-04-21 12:11:00,1,Tuesday,4,0,0,normal,1.0,27000,QRIS,27000,0,2
TRX-260421-06193,2026-04-21,21:03:00,2026-04-21 21:03:00,1,Tuesday,4,0,0,normal,1.0,24000,CASH,25000,1000,3
TRX-260422-06194,2026-04-22,18:33:00,2026-04-22 18:33:00,2,Wednesday,4,0,0,normal,1.0,11000,CASH,15000,4000,2
TRX-260422-06195,2026-04-22,18:00:00,2026-04-22 18:00:00,2,Wednesday,4,0,0,normal,1.0,5500,QRIS,5500,0,2
TRX-260422-06196,2026-04-22,09:55:00,2026-04-22 09:55:00,2,Wednesday,4,0,0,normal,1.0,8000,CASH,10000,2000,2
TRX-260422-06197,2026-04-22,19:16:00,2026-04-22 19:16:00,2,Wednesday,4,0,0,normal,1.0,55000,CASH,60000,5000,2
TRX-260422-06198,2026-04-22,09:18:00,2026-04-22 09:18:00,2,Wednesday,4,0,0,normal,1.0,2000,CASH,5000,3000,1
TRX-260422-06199,2026-04-22,08:27:00,2026-04-22 08:27:00,2,Wednesday,4,0,0,normal,1.0,57000,CASH,60000,3000,2
TRX-260422-06200,2026-04-22,17:21:00,2026-04-22 17:21:00,2,Wednesday,4,0,0,normal,1.0,61000,CASH,65000,4000,4
TRX-260422-06201,2026-04-22,18:06:00,2026-04-22 18:06:00,2,Wednesday,4,0,0,normal,1.0,27000,CASH,30000,3000,3
TRX-260422-06202,2026-04-22,14:27:00,2026-04-22 14:27:00,2,Wednesday,4,0,0,normal,1.0,8000,CASH,10000,2000,2
TRX-260422-06203,2026-04-22,17:42:00,2026-04-22 17:42:00,2,Wednesday,4,0,0,normal,1.0,53000,CASH,55000,2000,2
TRX-260422-06204,2026-04-22,11:52:00,2026-04-22 11:52:00,2,Wednesday,4,0,0,normal,1.0,50000,CASH,55000,5000,3
TRX-260422-06205,2026-04-22,10:42:00,2026-04-22 10:42:00,2,Wednesday,4,0,0,normal,1.0,33400,CASH,35000,1600,2
TRX-260422-06206,2026-04-22,07:00:00,2026-04-22 07:00:00,2,Wednesday,4,0,0,normal,1.0,37200,CASH,40000,2800,5
TRX-260422-06207,2026-04-22,10:25:00,2026-04-22 10:25:00,2,Wednesday,4,0,0,normal,1.0,129750,CASH,130000,250,3
TRX-260422-06208,2026-04-22,17:05:00,2026-04-22 17:05:00,2,Wednesday,4,0,0,normal,1.0,12000,CASH,15000,3000,2
TRX-260422-06209,2026-04-22,19:46:00,2026-04-22 19:46:00,2,Wednesday,4,0,0,normal,1.0,9000,QRIS,9000,0,1
TRX-260422-06210,2026-04-22,12:01:00,2026-04-22 12:01:00,2,Wednesday,4,0,0,normal,1.0,22400,CASH,25000,2600,4
TRX-260422-06211,2026-04-22,09:07:00,2026-04-22 09:07:00,2,Wednesday,4,0,0,normal,1.0,4000,QRIS,4000,0,1
TRX-260423-06212,2026-04-23,17:02:00,2026-04-23 17:02:00,3,Thursday,4,0,0,normal,1.0,12000,CASH,15000,3000,2
TRX-260423-06213,2026-04-23,11:02:00,2026-04-23 11:02:00,3,Thursday,4,0,0,normal,1.0,48500,CASH,50000,1500,3
TRX-260423-06214,2026-04-23,10:41:00,2026-04-23 10:41:00,3,Thursday,4,0,0,normal,1.0,49500,TRANSFER,49500,0,3
TRX-260423-06215,2026-04-23,13:54:00,2026-04-23 13:54:00,3,Thursday,4,0,0,normal,1.0,44500,QRIS,44500,0,4
TRX-260423-06216,2026-04-23,13:43:00,2026-04-23 13:43:00,3,Thursday,4,0,0,normal,1.0,24000,CASH,25000,1000,3
TRX-260423-06217,2026-04-23,13:20:00,2026-04-23 13:20:00,3,Thursday,4,0,0,normal,1.0,55000,CASH,60000,5000,2
TRX-260423-06218,2026-04-23,08:23:00,2026-04-23 08:23:00,3,Thursday,4,0,0,normal,1.0,50850,CASH,55000,4150,2
TRX-260423-06219,2026-04-23,13:12:00,2026-04-23 13:12:00,3,Thursday,4,0,0,normal,1.0,23000,CASH,25000,2000,3
TRX-260423-06220,2026-04-23,15:21:00,2026-04-23 15:21:00,3,Thursday,4,0,0,normal,1.0,40000,CASH,45000,5000,2
TRX-260423-06221,2026-04-23,15:10:00,2026-04-23 15:10:00,3,Thursday,4,0,0,normal,1.0,4600,QRIS,4600,0,2
TRX-260423-06222,2026-04-23,12:39:00,2026-04-23 12:39:00,3,Thursday,4,0,0,normal,1.0,45500,CASH,50000,4500,4
TRX-260423-06223,2026-04-23,11:19:00,2026-04-23 11:19:00,3,Thursday,4,0,0,normal,1.0,37000,EWALLET,37000,0,4
TRX-260423-06224,2026-04-23,13:12:00,2026-04-23 13:12:00,3,Thursday,4,0,0,normal,1.0,19800,CASH,20000,200,3
TRX-260423-06225,2026-04-23,11:16:00,2026-04-23 11:16:00,3,Thursday,4,0,0,normal,1.0,238000,CASH,240000,2000,3
TRX-260424-06226,2026-04-24,12:49:00,2026-04-24 12:49:00,4,Friday,4,0,0,normal,1.0,49000,EWALLET,49000,0,3
TRX-260424-06227,2026-04-24,12:37:00,2026-04-24 12:37:00,4,Friday,4,0,0,normal,1.0,172000,CASH,175000,3000,5
TRX-260424-06228,2026-04-24,17:13:00,2026-04-24 17:13:00,4,Friday,4,0,0,normal,1.0,7000,CASH,10000,3000,2
TRX-260424-06229,2026-04-24,13:57:00,2026-04-24 13:57:00,4,Friday,4,0,0,normal,1.0,19000,CASH,20000,1000,3
TRX-260424-06230,2026-04-24,14:01:00,2026-04-24 14:01:00,4,Friday,4,0,0,normal,1.0,32000,CASH,35000,3000,2
TRX-260424-06231,2026-04-24,17:47:00,2026-04-24 17:47:00,4,Friday,4,0,0,normal,1.0,9000,CASH,10000,1000,1
TRX-260424-06232,2026-04-24,19:15:00,2026-04-24 19:15:00,4,Friday,4,0,0,normal,1.0,27000,CASH,30000,3000,2
TRX-260424-06233,2026-04-24,10:19:00,2026-04-24 10:19:00,4,Friday,4,0,0,normal,1.0,122000,QRIS,122000,0,4
TRX-260424-06234,2026-04-24,11:22:00,2026-04-24 11:22:00,4,Friday,4,0,0,normal,1.0,9000,CASH,10000,1000,3
TRX-260424-06235,2026-04-24,15:13:00,2026-04-24 15:13:00,4,Friday,4,0,0,normal,1.0,11000,CASH,15000,4000,3
TRX-260424-06236,2026-04-24,13:49:00,2026-04-24 13:49:00,4,Friday,4,0,0,normal,1.0,5000,CASH,10000,5000,2
TRX-260424-06237,2026-04-24,07:54:00,2026-04-24 07:54:00,4,Friday,4,0,0,normal,1.0,34000,CASH,35000,1000,2
TRX-260424-06238,2026-04-24,16:24:00,2026-04-24 16:24:00,4,Friday,4,0,0,normal,1.0,6000,CASH,10000,4000,2
TRX-260424-06239,2026-04-24,17:08:00,2026-04-24 17:08:00,4,Friday,4,0,0,normal,1.0,93500,QRIS,93500,0,4
TRX-260424-06240,2026-04-24,18:51:00,2026-04-24 18:51:00,4,Friday,4,0,0,normal,1.0,18500,QRIS,18500,0,2
TRX-260424-06241,2026-04-24,16:54:00,2026-04-24 16:54:00,4,Friday,4,0,0,normal,1.0,10500,QRIS,10500,0,3
TRX-260424-06242,2026-04-24,12:03:00,2026-04-24 12:03:00,4,Friday,4,0,0,normal,1.0,3000,CASH,5000,2000,1
TRX-260424-06243,2026-04-24,15:50:00,2026-04-24 15:50:00,4,Friday,4,0,0,normal,1.0,12000,CASH,15000,3000,2
TRX-260425-06244,2026-04-25,11:59:00,2026-04-25 11:59:00,5,Saturday,4,1,1,normal,1.0,62700,EWALLET,62700,0,3
TRX-260425-06245,2026-04-25,10:42:00,2026-04-25 10:42:00,5,Saturday,4,1,1,normal,1.0,68000,CASH,70000,2000,1
TRX-260425-06246,2026-04-25,20:23:00,2026-04-25 20:23:00,5,Saturday,4,1,1,normal,1.0,62000,CASH,65000,3000,3
TRX-260425-06247,2026-04-25,20:00:00,2026-04-25 20:00:00,5,Saturday,4,1,1,normal,1.0,12000,QRIS,12000,0,2
TRX-260425-06248,2026-04-25,10:32:00,2026-04-25 10:32:00,5,Saturday,4,1,1,normal,1.0,21000,CASH,25000,4000,4
TRX-260425-06249,2026-04-25,11:00:00,2026-04-25 11:00:00,5,Saturday,4,1,1,normal,1.0,37000,TRANSFER,37000,0,3
TRX-260425-06250,2026-04-25,19:54:00,2026-04-25 19:54:00,5,Saturday,4,1,1,normal,1.0,9700,CASH,10000,300,2
TRX-260425-06251,2026-04-25,16:26:00,2026-04-25 16:26:00,5,Saturday,4,1,1,normal,1.0,16000,CASH,20000,4000,1
TRX-260425-06252,2026-04-25,10:35:00,2026-04-25 10:35:00,5,Saturday,4,1,1,normal,1.0,8000,CASH,10000,2000,1
TRX-260425-06253,2026-04-25,14:42:00,2026-04-25 14:42:00,5,Saturday,4,1,1,normal,1.0,34000,CASH,35000,1000,4
TRX-260425-06254,2026-04-25,09:33:00,2026-04-25 09:33:00,5,Saturday,4,1,1,normal,1.0,109000,TRANSFER,109000,0,4
TRX-260425-06255,2026-04-25,18:29:00,2026-04-25 18:29:00,5,Saturday,4,1,1,normal,1.0,12000,CASH,15000,3000,2
TRX-260425-06256,2026-04-25,11:07:00,2026-04-25 11:07:00,5,Saturday,4,1,1,normal,1.0,11250,CASH,15000,3750,3
TRX-260425-06257,2026-04-25,16:33:00,2026-04-25 16:33:00,5,Saturday,4,1,1,normal,1.0,15000,QRIS,15000,0,1
TRX-260425-06258,2026-04-25,10:00:00,2026-04-25 10:00:00,5,Saturday,4,1,1,normal,1.0,2000,CASH,5000,3000,1
TRX-260425-06259,2026-04-25,12:40:00,2026-04-25 12:40:00,5,Saturday,4,1,1,normal,1.0,45000,CASH,50000,5000,1
TRX-260425-06260,2026-04-25,10:23:00,2026-04-25 10:23:00,5,Saturday,4,1,1,normal,1.0,93000,CASH,95000,2000,2
TRX-260425-06261,2026-04-25,13:56:00,2026-04-25 13:56:00,5,Saturday,4,1,1,normal,1.0,15500,QRIS,15500,0,1
TRX-260425-06262,2026-04-25,21:17:00,2026-04-25 21:17:00,5,Saturday,4,1,1,normal,1.0,27000,CASH,30000,3000,3
TRX-260425-06263,2026-04-25,10:00:00,2026-04-25 10:00:00,5,Saturday,4,1,1,normal,1.0,18000,QRIS,18000,0,2
TRX-260425-06264,2026-04-25,19:12:00,2026-04-25 19:12:00,5,Saturday,4,1,1,normal,1.0,204000,CASH,205000,1000,1
TRX-260425-06265,2026-04-25,13:21:00,2026-04-25 13:21:00,5,Saturday,4,1,1,normal,1.0,34000,QRIS,34000,0,3
TRX-260425-06266,2026-04-25,08:24:00,2026-04-25 08:24:00,5,Saturday,4,1,1,normal,1.0,26000,QRIS,26000,0,5
TRX-260425-06267,2026-04-25,08:46:00,2026-04-25 08:46:00,5,Saturday,4,1,1,normal,1.0,110500,CASH,115000,4500,3
TRX-260425-06268,2026-04-25,13:48:00,2026-04-25 13:48:00,5,Saturday,4,1,1,normal,1.0,17400,EWALLET,17400,0,2
TRX-260425-06269,2026-04-25,18:11:00,2026-04-25 18:11:00,5,Saturday,4,1,1,normal,1.0,7000,CASH,10000,3000,2
TRX-260425-06270,2026-04-25,16:07:00,2026-04-25 16:07:00,5,Saturday,4,1,1,normal,1.0,42000,CASH,45000,3000,2
TRX-260425-06271,2026-04-25,19:12:00,2026-04-25 19:12:00,5,Saturday,4,1,1,normal,1.0,68500,CASH,70000,1500,3
TRX-260425-06272,2026-04-25,11:22:00,2026-04-25 11:22:00,5,Saturday,4,1,1,normal,1.0,1000,CASH,5000,4000,1
TRX-260425-06273,2026-04-25,16:41:00,2026-04-25 16:41:00,5,Saturday,4,1,1,normal,1.0,135000,CASH,140000,5000,4
TRX-260425-06274,2026-04-25,09:30:00,2026-04-25 09:30:00,5,Saturday,4,1,1,normal,1.0,34500,CASH,35000,500,5
TRX-260425-06275,2026-04-25,06:33:00,2026-04-25 06:33:00,5,Saturday,4,1,1,normal,1.0,23000,CASH,25000,2000,2
TRX-260425-06276,2026-04-25,07:43:00,2026-04-25 07:43:00,5,Saturday,4,1,1,normal,1.0,20100,CASH,25000,4900,3
TRX-260425-06277,2026-04-25,13:04:00,2026-04-25 13:04:00,5,Saturday,4,1,1,normal,1.0,45000,CASH,50000,5000,3
TRX-260425-06278,2026-04-25,12:49:00,2026-04-25 12:49:00,5,Saturday,4,1,1,normal,1.0,10000,CASH,15000,5000,2
TRX-260425-06279,2026-04-25,14:10:00,2026-04-25 14:10:00,5,Saturday,4,1,1,normal,1.0,18000,CASH,20000,2000,3
TRX-260425-06280,2026-04-25,15:24:00,2026-04-25 15:24:00,5,Saturday,4,1,1,normal,1.0,117000,CASH,120000,3000,2
TRX-260425-06281,2026-04-25,16:34:00,2026-04-25 16:34:00,5,Saturday,4,1,1,normal,1.0,101000,CASH,105000,4000,2
TRX-260426-06282,2026-04-26,16:01:00,2026-04-26 16:01:00,6,Sunday,4,1,1,normal,1.0,23800,CASH,25000,1200,3
TRX-260426-06283,2026-04-26,18:24:00,2026-04-26 18:24:00,6,Sunday,4,1,1,normal,1.0,8500,CASH,10000,1500,3
TRX-260426-06284,2026-04-26,14:07:00,2026-04-26 14:07:00,6,Sunday,4,1,1,normal,1.0,36000,EWALLET,36000,0,2
TRX-260426-06285,2026-04-26,17:03:00,2026-04-26 17:03:00,6,Sunday,4,1,1,normal,1.0,135000,QRIS,135000,0,1
TRX-260426-06286,2026-04-26,08:26:00,2026-04-26 08:26:00,6,Sunday,4,1,1,normal,1.0,12000,QRIS,12000,0,1
TRX-260426-06287,2026-04-26,12:26:00,2026-04-26 12:26:00,6,Sunday,4,1,1,normal,1.0,78000,CASH,80000,2000,3
TRX-260426-06288,2026-04-26,09:01:00,2026-04-26 09:01:00,6,Sunday,4,1,1,normal,1.0,22500,CASH,25000,2500,3
TRX-260426-06289,2026-04-26,11:13:00,2026-04-26 11:13:00,6,Sunday,4,1,1,normal,1.0,79000,CASH,80000,1000,4
TRX-260426-06290,2026-04-26,18:17:00,2026-04-26 18:17:00,6,Sunday,4,1,1,normal,1.0,122000,QRIS,122000,0,5
TRX-260426-06291,2026-04-26,10:59:00,2026-04-26 10:59:00,6,Sunday,4,1,1,normal,1.0,3000,QRIS,3000,0,1
TRX-260426-06292,2026-04-26,11:43:00,2026-04-26 11:43:00,6,Sunday,4,1,1,normal,1.0,31000,CASH,35000,4000,1
TRX-260426-06293,2026-04-26,18:42:00,2026-04-26 18:42:00,6,Sunday,4,1,1,normal,1.0,9000,CASH,10000,1000,3
TRX-260426-06294,2026-04-26,15:04:00,2026-04-26 15:04:00,6,Sunday,4,1,1,normal,1.0,100500,EWALLET,100500,0,4
TRX-260426-06295,2026-04-26,11:06:00,2026-04-26 11:06:00,6,Sunday,4,1,1,normal,1.0,6500,EWALLET,6500,0,2
TRX-260426-06296,2026-04-26,16:25:00,2026-04-26 16:25:00,6,Sunday,4,1,1,normal,1.0,53100,CASH,55000,1900,3
TRX-260426-06297,2026-04-26,13:44:00,2026-04-26 13:44:00,6,Sunday,4,1,1,normal,1.0,6000,CASH,10000,4000,1
TRX-260426-06298,2026-04-26,20:22:00,2026-04-26 20:22:00,6,Sunday,4,1,1,normal,1.0,1000,CASH,5000,4000,1
TRX-260426-06299,2026-04-26,11:44:00,2026-04-26 11:44:00,6,Sunday,4,1,1,normal,1.0,42000,QRIS,42000,0,3
TRX-260426-06300,2026-04-26,09:39:00,2026-04-26 09:39:00,6,Sunday,4,1,1,normal,1.0,43000,CASH,45000,2000,4
TRX-260426-06301,2026-04-26,12:38:00,2026-04-26 12:38:00,6,Sunday,4,1,1,normal,1.0,32000,CASH,35000,3000,2
TRX-260426-06302,2026-04-26,18:55:00,2026-04-26 18:55:00,6,Sunday,4,1,1,normal,1.0,46500,CASH,50000,3500,3
TRX-260426-06303,2026-04-26,16:03:00,2026-04-26 16:03:00,6,Sunday,4,1,1,normal,1.0,21000,QRIS,21000,0,2
TRX-260426-06304,2026-04-26,07:40:00,2026-04-26 07:40:00,6,Sunday,4,1,1,normal,1.0,20000,CASH,25000,5000,3
TRX-260426-06305,2026-04-26,19:25:00,2026-04-26 19:25:00,6,Sunday,4,1,1,normal,1.0,37000,CASH,40000,3000,3
TRX-260426-06306,2026-04-26,13:57:00,2026-04-26 13:57:00,6,Sunday,4,1,1,normal,1.0,90500,EWALLET,90500,0,5
TRX-260426-06307,2026-04-26,10:16:00,2026-04-26 10:16:00,6,Sunday,4,1,1,normal,1.0,24000,CASH,25000,1000,2
TRX-260426-06308,2026-04-26,08:01:00,2026-04-26 08:01:00,6,Sunday,4,1,1,normal,1.0,49000,QRIS,49000,0,3
TRX-260426-06309,2026-04-26,19:59:00,2026-04-26 19:59:00,6,Sunday,4,1,1,normal,1.0,106600,TRANSFER,106600,0,2
TRX-260426-06310,2026-04-26,09:44:00,2026-04-26 09:44:00,6,Sunday,4,1,1,normal,1.0,16000,CASH,20000,4000,2
TRX-260426-06311,2026-04-26,17:25:00,2026-04-26 17:25:00,6,Sunday,4,1,1,normal,1.0,9000,QRIS,9000,0,1
TRX-260426-06312,2026-04-26,17:16:00,2026-04-26 17:16:00,6,Sunday,4,1,1,normal,1.0,18050,QRIS,18050,0,2
TRX-260426-06313,2026-04-26,16:37:00,2026-04-26 16:37:00,6,Sunday,4,1,1,normal,1.0,2000,CASH,5000,3000,1
TRX-260426-06314,2026-04-26,14:01:00,2026-04-26 14:01:00,6,Sunday,4,1,1,normal,1.0,34000,EWALLET,34000,0,3
TRX-260426-06315,2026-04-26,11:36:00,2026-04-26 11:36:00,6,Sunday,4,1,1,normal,1.0,24000,CASH,25000,1000,3
TRX-260426-06316,2026-04-26,18:34:00,2026-04-26 18:34:00,6,Sunday,4,1,1,normal,1.0,21000,CASH,25000,4000,2
TRX-260426-06317,2026-04-26,08:16:00,2026-04-26 08:16:00,6,Sunday,4,1,1,normal,1.0,114000,EWALLET,114000,0,3
TRX-260426-06318,2026-04-26,12:16:00,2026-04-26 12:16:00,6,Sunday,4,1,1,normal,1.0,37000,QRIS,37000,0,3
TRX-260427-06319,2026-04-27,17:43:00,2026-04-27 17:43:00,0,Monday,4,0,1,normal,1.0,19000,CASH,20000,1000,3
TRX-260427-06320,2026-04-27,09:09:00,2026-04-27 09:09:00,0,Monday,4,0,1,normal,1.0,106000,CASH,110000,4000,3
TRX-260427-06321,2026-04-27,10:40:00,2026-04-27 10:40:00,0,Monday,4,0,1,normal,1.0,61950,QRIS,61950,0,3
TRX-260427-06322,2026-04-27,19:55:00,2026-04-27 19:55:00,0,Monday,4,0,1,normal,1.0,11500,QRIS,11500,0,2
TRX-260427-06323,2026-04-27,06:20:00,2026-04-27 06:20:00,0,Monday,4,0,1,normal,1.0,48000,CASH,50000,2000,2
TRX-260427-06324,2026-04-27,19:03:00,2026-04-27 19:03:00,0,Monday,4,0,1,normal,1.0,36000,CASH,40000,4000,1
TRX-260427-06325,2026-04-27,14:03:00,2026-04-27 14:03:00,0,Monday,4,0,1,normal,1.0,147000,QRIS,147000,0,2
TRX-260427-06326,2026-04-27,14:32:00,2026-04-27 14:32:00,0,Monday,4,0,1,normal,1.0,6000,CASH,10000,4000,1
TRX-260427-06327,2026-04-27,09:23:00,2026-04-27 09:23:00,0,Monday,4,0,1,normal,1.0,41000,QRIS,41000,0,2
TRX-260427-06328,2026-04-27,19:57:00,2026-04-27 19:57:00,0,Monday,4,0,1,normal,1.0,16000,CASH,20000,4000,2
TRX-260427-06329,2026-04-27,20:11:00,2026-04-27 20:11:00,0,Monday,4,0,1,normal,1.0,122000,CASH,125000,3000,5
TRX-260427-06330,2026-04-27,11:58:00,2026-04-27 11:58:00,0,Monday,4,0,1,normal,1.0,35000,CASH,40000,5000,2
TRX-260427-06331,2026-04-27,06:06:00,2026-04-27 06:06:00,0,Monday,4,0,1,normal,1.0,15575,EWALLET,15575,0,3
TRX-260427-06332,2026-04-27,10:10:00,2026-04-27 10:10:00,0,Monday,4,0,1,normal,1.0,23825,CASH,25000,1175,2
TRX-260427-06333,2026-04-27,18:13:00,2026-04-27 18:13:00,0,Monday,4,0,1,normal,1.0,35000,CASH,40000,5000,2
TRX-260427-06334,2026-04-27,10:52:00,2026-04-27 10:52:00,0,Monday,4,0,1,normal,1.0,60000,CASH,65000,5000,2
TRX-260427-06335,2026-04-27,14:56:00,2026-04-27 14:56:00,0,Monday,4,0,1,normal,1.0,41000,CASH,45000,4000,3
TRX-260427-06336,2026-04-27,17:24:00,2026-04-27 17:24:00,0,Monday,4,0,1,normal,1.0,43000,CASH,45000,2000,3
TRX-260428-06337,2026-04-28,11:07:00,2026-04-28 11:07:00,1,Tuesday,4,0,1,normal,1.0,36500,CASH,40000,3500,3
TRX-260428-06338,2026-04-28,17:21:00,2026-04-28 17:21:00,1,Tuesday,4,0,1,normal,1.0,24000,CASH,25000,1000,2
TRX-260428-06339,2026-04-28,17:49:00,2026-04-28 17:49:00,1,Tuesday,4,0,1,normal,1.0,53000,CASH,55000,2000,4
TRX-260428-06340,2026-04-28,13:32:00,2026-04-28 13:32:00,1,Tuesday,4,0,1,normal,1.0,76500,CASH,80000,3500,4
TRX-260428-06341,2026-04-28,18:52:00,2026-04-28 18:52:00,1,Tuesday,4,0,1,normal,1.0,148000,CASH,150000,2000,4
TRX-260428-06342,2026-04-28,17:14:00,2026-04-28 17:14:00,1,Tuesday,4,0,1,normal,1.0,15000,CASH,20000,5000,3
TRX-260428-06343,2026-04-28,11:28:00,2026-04-28 11:28:00,1,Tuesday,4,0,1,normal,1.0,2500,CASH,5000,2500,2
TRX-260428-06344,2026-04-28,15:28:00,2026-04-28 15:28:00,1,Tuesday,4,0,1,normal,1.0,26000,CASH,30000,4000,4
TRX-260428-06345,2026-04-28,19:16:00,2026-04-28 19:16:00,1,Tuesday,4,0,1,normal,1.0,52000,CASH,55000,3000,5
TRX-260428-06346,2026-04-28,20:02:00,2026-04-28 20:02:00,1,Tuesday,4,0,1,normal,1.0,98000,TRANSFER,98000,0,5
TRX-260428-06347,2026-04-28,10:29:00,2026-04-28 10:29:00,1,Tuesday,4,0,1,normal,1.0,3000,CASH,5000,2000,1
TRX-260428-06348,2026-04-28,09:44:00,2026-04-28 09:44:00,1,Tuesday,4,0,1,normal,1.0,57000,QRIS,57000,0,2
TRX-260428-06349,2026-04-28,14:47:00,2026-04-28 14:47:00,1,Tuesday,4,0,1,normal,1.0,66000,CASH,70000,4000,2
TRX-260428-06350,2026-04-28,17:25:00,2026-04-28 17:25:00,1,Tuesday,4,0,1,normal,1.0,16500,CASH,20000,3500,3
TRX-260428-06351,2026-04-28,16:38:00,2026-04-28 16:38:00,1,Tuesday,4,0,1,normal,1.0,6000,CASH,10000,4000,1
TRX-260428-06352,2026-04-28,16:57:00,2026-04-28 16:57:00,1,Tuesday,4,0,1,normal,1.0,3800,CASH,5000,1200,1
TRX-260428-06353,2026-04-28,18:00:00,2026-04-28 18:00:00,1,Tuesday,4,0,1,normal,1.0,12000,QRIS,12000,0,1
TRX-260428-06354,2026-04-28,14:10:00,2026-04-28 14:10:00,1,Tuesday,4,0,1,normal,1.0,71000,CASH,75000,4000,2
TRX-260428-06355,2026-04-28,17:14:00,2026-04-28 17:14:00,1,Tuesday,4,0,1,normal,1.0,12000,CASH,15000,3000,1
TRX-260428-06356,2026-04-28,12:16:00,2026-04-28 12:16:00,1,Tuesday,4,0,1,normal,1.0,40000,QRIS,40000,0,5
TRX-260428-06357,2026-04-28,09:00:00,2026-04-28 09:00:00,1,Tuesday,4,0,1,normal,1.0,45000,CASH,50000,5000,1
TRX-260428-06358,2026-04-28,18:21:00,2026-04-28 18:21:00,1,Tuesday,4,0,1,normal,1.0,11000,CASH,15000,4000,2
TRX-260428-06359,2026-04-28,08:21:00,2026-04-28 08:21:00,1,Tuesday,4,0,1,normal,1.0,33000,CASH,35000,2000,3
TRX-260429-06360,2026-04-29,10:57:00,2026-04-29 10:57:00,2,Wednesday,4,0,1,normal,1.0,15000,CASH,20000,5000,2
TRX-260429-06361,2026-04-29,17:20:00,2026-04-29 17:20:00,2,Wednesday,4,0,1,normal,1.0,216000,CASH,220000,4000,4
TRX-260429-06362,2026-04-29,11:51:00,2026-04-29 11:51:00,2,Wednesday,4,0,1,normal,1.0,44600,CASH,45000,400,2
TRX-260429-06363,2026-04-29,11:51:00,2026-04-29 11:51:00,2,Wednesday,4,0,1,normal,1.0,23500,CASH,25000,1500,4
TRX-260429-06364,2026-04-29,09:51:00,2026-04-29 09:51:00,2,Wednesday,4,0,1,normal,1.0,9000,QRIS,9000,0,1
TRX-260429-06365,2026-04-29,17:18:00,2026-04-29 17:18:00,2,Wednesday,4,0,1,normal,1.0,6000,CASH,10000,4000,2
TRX-260429-06366,2026-04-29,18:41:00,2026-04-29 18:41:00,2,Wednesday,4,0,1,normal,1.0,6000,QRIS,6000,0,1
TRX-260429-06367,2026-04-29,16:47:00,2026-04-29 16:47:00,2,Wednesday,4,0,1,normal,1.0,17550,CASH,20000,2450,3
TRX-260429-06368,2026-04-29,10:33:00,2026-04-29 10:33:00,2,Wednesday,4,0,1,normal,1.0,35000,CASH,40000,5000,2
TRX-260429-06369,2026-04-29,15:32:00,2026-04-29 15:32:00,2,Wednesday,4,0,1,normal,1.0,51500,TRANSFER,51500,0,4
TRX-260429-06370,2026-04-29,08:11:00,2026-04-29 08:11:00,2,Wednesday,4,0,1,normal,1.0,5000,CASH,10000,5000,1
TRX-260429-06371,2026-04-29,07:52:00,2026-04-29 07:52:00,2,Wednesday,4,0,1,normal,1.0,8800,CASH,10000,1200,2
TRX-260429-06372,2026-04-29,11:31:00,2026-04-29 11:31:00,2,Wednesday,4,0,1,normal,1.0,88900,CASH,90000,1100,4
TRX-260429-06373,2026-04-29,18:19:00,2026-04-29 18:19:00,2,Wednesday,4,0,1,normal,1.0,18000,CASH,20000,2000,3
TRX-260429-06374,2026-04-29,14:37:00,2026-04-29 14:37:00,2,Wednesday,4,0,1,normal,1.0,20000,CASH,25000,5000,3
TRX-260429-06375,2026-04-29,16:01:00,2026-04-29 16:01:00,2,Wednesday,4,0,1,normal,1.0,15000,CASH,20000,5000,2
TRX-260429-06376,2026-04-29,11:03:00,2026-04-29 11:03:00,2,Wednesday,4,0,1,normal,1.0,48000,CASH,50000,2000,2
TRX-260429-06377,2026-04-29,07:15:00,2026-04-29 07:15:00,2,Wednesday,4,0,1,normal,1.0,17000,CASH,20000,3000,4
TRX-260429-06378,2026-04-29,08:01:00,2026-04-29 08:01:00,2,Wednesday,4,0,1,normal,1.0,75000,CASH,80000,5000,3
TRX-260429-06379,2026-04-29,18:44:00,2026-04-29 18:44:00,2,Wednesday,4,0,1,normal,1.0,15000,EWALLET,15000,0,2
TRX-260429-06380,2026-04-29,07:37:00,2026-04-29 07:37:00,2,Wednesday,4,0,1,normal,1.0,15000,QRIS,15000,0,1
TRX-260429-06381,2026-04-29,08:37:00,2026-04-29 08:37:00,2,Wednesday,4,0,1,normal,1.0,55700,CASH,60000,4300,5
TRX-260429-06382,2026-04-29,17:23:00,2026-04-29 17:23:00,2,Wednesday,4,0,1,normal,1.0,168000,TRANSFER,168000,0,5
TRX-260429-06383,2026-04-29,14:59:00,2026-04-29 14:59:00,2,Wednesday,4,0,1,normal,1.0,5000,QRIS,5000,0,1
TRX-260429-06384,2026-04-29,08:31:00,2026-04-29 08:31:00,2,Wednesday,4,0,1,normal,1.0,4000,QRIS,4000,0,1
TRX-260430-06385,2026-04-30,10:42:00,2026-04-30 10:42:00,3,Thursday,4,0,1,normal,1.0,38000,CASH,40000,2000,2
TRX-260430-06386,2026-04-30,10:15:00,2026-04-30 10:15:00,3,Thursday,4,0,1,normal,1.0,23500,QRIS,23500,0,3
TRX-260430-06387,2026-04-30,11:56:00,2026-04-30 11:56:00,3,Thursday,4,0,1,normal,1.0,60000,CASH,65000,5000,1
TRX-260430-06388,2026-04-30,12:26:00,2026-04-30 12:26:00,3,Thursday,4,0,1,normal,1.0,110000,CASH,115000,5000,2
TRX-260430-06389,2026-04-30,19:46:00,2026-04-30 19:46:00,3,Thursday,4,0,1,normal,1.0,114000,CASH,115000,1000,2
TRX-260430-06390,2026-04-30,10:24:00,2026-04-30 10:24:00,3,Thursday,4,0,1,normal,1.0,23500,QRIS,23500,0,2
TRX-260430-06391,2026-04-30,18:23:00,2026-04-30 18:23:00,3,Thursday,4,0,1,normal,1.0,24000,CASH,25000,1000,1
TRX-260430-06392,2026-04-30,16:13:00,2026-04-30 16:13:00,3,Thursday,4,0,1,normal,1.0,63500,TRANSFER,63500,0,5
TRX-260430-06393,2026-04-30,07:30:00,2026-04-30 07:30:00,3,Thursday,4,0,1,normal,1.0,40000,CASH,45000,5000,2
TRX-260430-06394,2026-04-30,15:50:00,2026-04-30 15:50:00,3,Thursday,4,0,1,normal,1.0,46000,CASH,50000,4000,5
TRX-260430-06395,2026-04-30,12:26:00,2026-04-30 12:26:00,3,Thursday,4,0,1,normal,1.0,67600,CASH,70000,2400,5
TRX-260430-06396,2026-04-30,16:31:00,2026-04-30 16:31:00,3,Thursday,4,0,1,normal,1.0,20000,CASH,25000,5000,2
TRX-260430-06397,2026-04-30,07:54:00,2026-04-30 07:54:00,3,Thursday,4,0,1,normal,1.0,34500,CASH,35000,500,3
TRX-260430-06398,2026-04-30,18:19:00,2026-04-30 18:19:00,3,Thursday,4,0,1,normal,1.0,43000,CASH,45000,2000,3
TRX-260430-06399,2026-04-30,09:03:00,2026-04-30 09:03:00,3,Thursday,4,0,1,normal,1.0,50600,CASH,55000,4400,4
TRX-260430-06400,2026-04-30,21:41:00,2026-04-30 21:41:00,3,Thursday,4,0,1,normal,1.0,3000,CASH,5000,2000,1
TRX-260430-06401,2026-04-30,19:33:00,2026-04-30 19:33:00,3,Thursday,4,0,1,normal,1.0,160000,QRIS,160000,0,5
TRX-260430-06402,2026-04-30,21:21:00,2026-04-30 21:21:00,3,Thursday,4,0,1,normal,1.0,91000,CASH,95000,4000,4
TRX-260430-06403,2026-04-30,18:53:00,2026-04-30 18:53:00,3,Thursday,4,0,1,normal,1.0,8000,CASH,10000,2000,1
TRX-260430-06404,2026-04-30,11:26:00,2026-04-30 11:26:00,3,Thursday,4,0,1,normal,1.0,4000,QRIS,4000,0,2
TRX-260430-06405,2026-04-30,17:02:00,2026-04-30 17:02:00,3,Thursday,4,0,1,normal,1.0,28000,CASH,30000,2000,2
TRX-260501-06406,2026-05-01,12:43:00,2026-05-01 12:43:00,4,Friday,5,0,1,normal,1.0,77000,EWALLET,77000,0,3
TRX-260501-06407,2026-05-01,10:35:00,2026-05-01 10:35:00,4,Friday,5,0,1,normal,1.0,58100,CASH,60000,1900,3
TRX-260501-06408,2026-05-01,15:27:00,2026-05-01 15:27:00,4,Friday,5,0,1,normal,1.0,74500,CASH,75000,500,4
TRX-260501-06409,2026-05-01,09:07:00,2026-05-01 09:07:00,4,Friday,5,0,1,normal,1.0,6000,CASH,10000,4000,1
TRX-260501-06410,2026-05-01,19:58:00,2026-05-01 19:58:00,4,Friday,5,0,1,normal,1.0,24000,CASH,25000,1000,2
TRX-260501-06411,2026-05-01,12:59:00,2026-05-01 12:59:00,4,Friday,5,0,1,normal,1.0,115000,QRIS,115000,0,3
TRX-260501-06412,2026-05-01,07:14:00,2026-05-01 07:14:00,4,Friday,5,0,1,normal,1.0,18500,CASH,20000,1500,2
TRX-260501-06413,2026-05-01,07:35:00,2026-05-01 07:35:00,4,Friday,5,0,1,normal,1.0,93000,CASH,95000,2000,4
TRX-260501-06414,2026-05-01,18:09:00,2026-05-01 18:09:00,4,Friday,5,0,1,normal,1.0,12000,CASH,15000,3000,2
TRX-260501-06415,2026-05-01,13:42:00,2026-05-01 13:42:00,4,Friday,5,0,1,normal,1.0,31000,CASH,35000,4000,1
TRX-260501-06416,2026-05-01,18:04:00,2026-05-01 18:04:00,4,Friday,5,0,1,normal,1.0,4700,CASH,5000,300,2
TRX-260501-06417,2026-05-01,18:21:00,2026-05-01 18:21:00,4,Friday,5,0,1,normal,1.0,8500,CASH,10000,1500,2
TRX-260501-06418,2026-05-01,19:07:00,2026-05-01 19:07:00,4,Friday,5,0,1,normal,1.0,7500,CASH,10000,2500,3
TRX-260501-06419,2026-05-01,18:54:00,2026-05-01 18:54:00,4,Friday,5,0,1,normal,1.0,48500,CASH,50000,1500,4
TRX-260501-06420,2026-05-01,14:42:00,2026-05-01 14:42:00,4,Friday,5,0,1,normal,1.0,50000,CASH,55000,5000,3
TRX-260501-06421,2026-05-01,07:34:00,2026-05-01 07:34:00,4,Friday,5,0,1,normal,1.0,60000,CASH,65000,5000,1
TRX-260501-06422,2026-05-01,17:50:00,2026-05-01 17:50:00,4,Friday,5,0,1,normal,1.0,11000,QRIS,11000,0,3
TRX-260501-06423,2026-05-01,15:11:00,2026-05-01 15:11:00,4,Friday,5,0,1,normal,1.0,22000,CASH,25000,3000,2
TRX-260502-06424,2026-05-02,17:33:00,2026-05-02 17:33:00,5,Saturday,5,1,1,normal,1.0,4000,QRIS,4000,0,2
TRX-260502-06425,2026-05-02,19:10:00,2026-05-02 19:10:00,5,Saturday,5,1,1,normal,1.0,6000,CASH,10000,4000,1
TRX-260502-06426,2026-05-02,11:51:00,2026-05-02 11:51:00,5,Saturday,5,1,1,normal,1.0,60000,QRIS,60000,0,2
TRX-260502-06427,2026-05-02,19:48:00,2026-05-02 19:48:00,5,Saturday,5,1,1,normal,1.0,70000,CASH,75000,5000,3
TRX-260502-06428,2026-05-02,14:05:00,2026-05-02 14:05:00,5,Saturday,5,1,1,normal,1.0,37650,QRIS,37650,0,2
TRX-260502-06429,2026-05-02,11:55:00,2026-05-02 11:55:00,5,Saturday,5,1,1,normal,1.0,1000,CASH,5000,4000,1
TRX-260502-06430,2026-05-02,15:10:00,2026-05-02 15:10:00,5,Saturday,5,1,1,normal,1.0,45000,QRIS,45000,0,2
TRX-260502-06431,2026-05-02,18:06:00,2026-05-02 18:06:00,5,Saturday,5,1,1,normal,1.0,16000,CASH,20000,4000,3
TRX-260502-06432,2026-05-02,15:54:00,2026-05-02 15:54:00,5,Saturday,5,1,1,normal,1.0,23000,QRIS,23000,0,3
TRX-260502-06433,2026-05-02,15:20:00,2026-05-02 15:20:00,5,Saturday,5,1,1,normal,1.0,2700,CASH,5000,2300,1
TRX-260502-06434,2026-05-02,16:05:00,2026-05-02 16:05:00,5,Saturday,5,1,1,normal,1.0,71000,CASH,75000,4000,2
TRX-260502-06435,2026-05-02,12:38:00,2026-05-02 12:38:00,5,Saturday,5,1,1,normal,1.0,9000,CASH,10000,1000,2
TRX-260502-06436,2026-05-02,12:27:00,2026-05-02 12:27:00,5,Saturday,5,1,1,normal,1.0,3950,TRANSFER,3950,0,2
TRX-260502-06437,2026-05-02,15:41:00,2026-05-02 15:41:00,5,Saturday,5,1,1,normal,1.0,24000,CASH,25000,1000,2
TRX-260502-06438,2026-05-02,15:08:00,2026-05-02 15:08:00,5,Saturday,5,1,1,normal,1.0,99000,CASH,100000,1000,4
TRX-260502-06439,2026-05-02,06:50:00,2026-05-02 06:50:00,5,Saturday,5,1,1,normal,1.0,72000,CASH,75000,3000,3
TRX-260502-06440,2026-05-02,12:25:00,2026-05-02 12:25:00,5,Saturday,5,1,1,normal,1.0,20500,CASH,25000,4500,2
TRX-260502-06441,2026-05-02,18:11:00,2026-05-02 18:11:00,5,Saturday,5,1,1,normal,1.0,23400,CASH,25000,1600,2
TRX-260503-06442,2026-05-03,07:48:00,2026-05-03 07:48:00,6,Sunday,5,1,1,normal,1.0,62000,CASH,65000,3000,2
TRX-260503-06443,2026-05-03,17:16:00,2026-05-03 17:16:00,6,Sunday,5,1,1,normal,1.0,69000,CASH,70000,1000,2
TRX-260503-06444,2026-05-03,10:55:00,2026-05-03 10:55:00,6,Sunday,5,1,1,normal,1.0,9000,QRIS,9000,0,1
TRX-260503-06445,2026-05-03,11:40:00,2026-05-03 11:40:00,6,Sunday,5,1,1,normal,1.0,42500,CASH,45000,2500,4
TRX-260503-06446,2026-05-03,21:19:00,2026-05-03 21:19:00,6,Sunday,5,1,1,normal,1.0,60000,CASH,65000,5000,3
TRX-260503-06447,2026-05-03,07:17:00,2026-05-03 07:17:00,6,Sunday,5,1,1,normal,1.0,12000,CASH,15000,3000,1
TRX-260503-06448,2026-05-03,12:22:00,2026-05-03 12:22:00,6,Sunday,5,1,1,normal,1.0,136000,CASH,140000,4000,1
TRX-260503-06449,2026-05-03,20:06:00,2026-05-03 20:06:00,6,Sunday,5,1,1,normal,1.0,37000,TRANSFER,37000,0,2
TRX-260503-06450,2026-05-03,13:45:00,2026-05-03 13:45:00,6,Sunday,5,1,1,normal,1.0,57000,QRIS,57000,0,3
TRX-260503-06451,2026-05-03,07:15:00,2026-05-03 07:15:00,6,Sunday,5,1,1,normal,1.0,34200,CASH,35000,800,4
TRX-260503-06452,2026-05-03,11:29:00,2026-05-03 11:29:00,6,Sunday,5,1,1,normal,1.0,12000,CASH,15000,3000,1
TRX-260503-06453,2026-05-03,07:07:00,2026-05-03 07:07:00,6,Sunday,5,1,1,normal,1.0,37000,TRANSFER,37000,0,3
TRX-260503-06454,2026-05-03,15:30:00,2026-05-03 15:30:00,6,Sunday,5,1,1,normal,1.0,39000,CASH,40000,1000,5
TRX-260503-06455,2026-05-03,11:08:00,2026-05-03 11:08:00,6,Sunday,5,1,1,normal,1.0,47000,CASH,50000,3000,3
TRX-260503-06456,2026-05-03,11:29:00,2026-05-03 11:29:00,6,Sunday,5,1,1,normal,1.0,7500,CASH,10000,2500,2
TRX-260503-06457,2026-05-03,19:27:00,2026-05-03 19:27:00,6,Sunday,5,1,1,normal,1.0,17550,TRANSFER,17550,0,3
TRX-260503-06458,2026-05-03,20:38:00,2026-05-03 20:38:00,6,Sunday,5,1,1,normal,1.0,18000,QRIS,18000,0,4
TRX-260503-06459,2026-05-03,08:52:00,2026-05-03 08:52:00,6,Sunday,5,1,1,normal,1.0,32800,CASH,35000,2200,4
TRX-260503-06460,2026-05-03,19:04:00,2026-05-03 19:04:00,6,Sunday,5,1,1,normal,1.0,49500,CASH,50000,500,2
TRX-260503-06461,2026-05-03,13:39:00,2026-05-03 13:39:00,6,Sunday,5,1,1,normal,1.0,19850,CASH,20000,150,5
TRX-260503-06462,2026-05-03,07:23:00,2026-05-03 07:23:00,6,Sunday,5,1,1,normal,1.0,23000,CASH,25000,2000,2
TRX-260503-06463,2026-05-03,08:50:00,2026-05-03 08:50:00,6,Sunday,5,1,1,normal,1.0,12000,CASH,15000,3000,1
TRX-260503-06464,2026-05-03,18:44:00,2026-05-03 18:44:00,6,Sunday,5,1,1,normal,1.0,19000,CASH,20000,1000,2
TRX-260503-06465,2026-05-03,12:28:00,2026-05-03 12:28:00,6,Sunday,5,1,1,normal,1.0,21000,CASH,25000,4000,3
TRX-260503-06466,2026-05-03,11:29:00,2026-05-03 11:29:00,6,Sunday,5,1,1,normal,1.0,41800,CASH,45000,3200,2
TRX-260503-06467,2026-05-03,15:40:00,2026-05-03 15:40:00,6,Sunday,5,1,1,normal,1.0,37500,CASH,40000,2500,2
TRX-260503-06468,2026-05-03,14:09:00,2026-05-03 14:09:00,6,Sunday,5,1,1,normal,1.0,68000,CASH,70000,2000,4
TRX-260503-06469,2026-05-03,19:20:00,2026-05-03 19:20:00,6,Sunday,5,1,1,normal,1.0,9000,CASH,10000,1000,1
TRX-260503-06470,2026-05-03,12:05:00,2026-05-03 12:05:00,6,Sunday,5,1,1,normal,1.0,5000,TRANSFER,5000,0,2
TRX-260503-06471,2026-05-03,17:32:00,2026-05-03 17:32:00,6,Sunday,5,1,1,normal,1.0,88000,CASH,90000,2000,3
TRX-260503-06472,2026-05-03,19:09:00,2026-05-03 19:09:00,6,Sunday,5,1,1,normal,1.0,12000,CASH,15000,3000,1
TRX-260503-06473,2026-05-03,11:22:00,2026-05-03 11:22:00,6,Sunday,5,1,1,normal,1.0,31000,QRIS,31000,0,3
TRX-260503-06474,2026-05-03,16:34:00,2026-05-03 16:34:00,6,Sunday,5,1,1,normal,1.0,2000,QRIS,2000,0,1
TRX-260504-06475,2026-05-04,16:47:00,2026-05-04 16:47:00,0,Monday,5,0,1,normal,1.0,12000,CASH,15000,3000,1
TRX-260504-06476,2026-05-04,07:05:00,2026-05-04 07:05:00,0,Monday,5,0,1,normal,1.0,39000,CASH,40000,1000,4
TRX-260504-06477,2026-05-04,12:17:00,2026-05-04 12:17:00,0,Monday,5,0,1,normal,1.0,18000,CASH,20000,2000,2
TRX-260504-06478,2026-05-04,10:06:00,2026-05-04 10:06:00,0,Monday,5,0,1,normal,1.0,63500,QRIS,63500,0,2
TRX-260504-06479,2026-05-04,12:57:00,2026-05-04 12:57:00,0,Monday,5,0,1,normal,1.0,5000,QRIS,5000,0,1
TRX-260504-06480,2026-05-04,20:16:00,2026-05-04 20:16:00,0,Monday,5,0,1,normal,1.0,39000,CASH,40000,1000,2
TRX-260504-06481,2026-05-04,11:44:00,2026-05-04 11:44:00,0,Monday,5,0,1,normal,1.0,34000,CASH,35000,1000,3
TRX-260504-06482,2026-05-04,13:32:00,2026-05-04 13:32:00,0,Monday,5,0,1,normal,1.0,8000,CASH,10000,2000,2
TRX-260504-06483,2026-05-04,15:34:00,2026-05-04 15:34:00,0,Monday,5,0,1,normal,1.0,72000,CASH,75000,3000,3
TRX-260504-06484,2026-05-04,08:22:00,2026-05-04 08:22:00,0,Monday,5,0,1,normal,1.0,128000,TRANSFER,128000,0,2
TRX-260504-06485,2026-05-04,16:29:00,2026-05-04 16:29:00,0,Monday,5,0,1,normal,1.0,104500,CASH,105000,500,5
TRX-260504-06486,2026-05-04,14:36:00,2026-05-04 14:36:00,0,Monday,5,0,1,normal,1.0,19200,CASH,20000,800,2
TRX-260504-06487,2026-05-04,06:21:00,2026-05-04 06:21:00,0,Monday,5,0,1,normal,1.0,40000,QRIS,40000,0,2
TRX-260504-06488,2026-05-04,18:04:00,2026-05-04 18:04:00,0,Monday,5,0,1,normal,1.0,37000,CASH,40000,3000,2
TRX-260504-06489,2026-05-04,09:38:00,2026-05-04 09:38:00,0,Monday,5,0,1,normal,1.0,12000,CASH,15000,3000,3
TRX-260504-06490,2026-05-04,16:09:00,2026-05-04 16:09:00,0,Monday,5,0,1,normal,1.0,42800,QRIS,42800,0,4
TRX-260504-06491,2026-05-04,17:51:00,2026-05-04 17:51:00,0,Monday,5,0,1,normal,1.0,38000,CASH,40000,2000,2
TRX-260504-06492,2026-05-04,18:49:00,2026-05-04 18:49:00,0,Monday,5,0,1,normal,1.0,41000,CASH,45000,4000,4
TRX-260504-06493,2026-05-04,08:27:00,2026-05-04 08:27:00,0,Monday,5,0,1,normal,1.0,27500,CASH,30000,2500,2
TRX-260504-06494,2026-05-04,09:24:00,2026-05-04 09:24:00,0,Monday,5,0,1,normal,1.0,3000,CASH,5000,2000,1
TRX-260504-06495,2026-05-04,14:45:00,2026-05-04 14:45:00,0,Monday,5,0,1,normal,1.0,96900,CASH,100000,3100,3
TRX-260505-06496,2026-05-05,06:08:00,2026-05-05 06:08:00,1,Tuesday,5,0,1,normal,1.0,210000,QRIS,210000,0,2
TRX-260505-06497,2026-05-05,17:55:00,2026-05-05 17:55:00,1,Tuesday,5,0,1,normal,1.0,7000,CASH,10000,3000,2
TRX-260505-06498,2026-05-05,16:23:00,2026-05-05 16:23:00,1,Tuesday,5,0,1,normal,1.0,9000,CASH,10000,1000,3
TRX-260505-06499,2026-05-05,09:10:00,2026-05-05 09:10:00,1,Tuesday,5,0,1,normal,1.0,12000,CASH,15000,3000,3
TRX-260505-06500,2026-05-05,06:01:00,2026-05-05 06:01:00,1,Tuesday,5,0,1,normal,1.0,6000,CASH,10000,4000,1
TRX-260505-06501,2026-05-05,09:10:00,2026-05-05 09:10:00,1,Tuesday,5,0,1,normal,1.0,32000,QRIS,32000,0,2
TRX-260505-06502,2026-05-05,10:16:00,2026-05-05 10:16:00,1,Tuesday,5,0,1,normal,1.0,21500,QRIS,21500,0,2
TRX-260505-06503,2026-05-05,13:24:00,2026-05-05 13:24:00,1,Tuesday,5,0,1,normal,1.0,122000,CASH,125000,3000,4
TRX-260505-06504,2026-05-05,12:56:00,2026-05-05 12:56:00,1,Tuesday,5,0,1,normal,1.0,16850,CASH,20000,3150,2
TRX-260505-06505,2026-05-05,18:05:00,2026-05-05 18:05:00,1,Tuesday,5,0,1,normal,1.0,9000,CASH,10000,1000,1
TRX-260505-06506,2026-05-05,14:48:00,2026-05-05 14:48:00,1,Tuesday,5,0,1,normal,1.0,9000,QRIS,9000,0,1
TRX-260505-06507,2026-05-05,10:48:00,2026-05-05 10:48:00,1,Tuesday,5,0,1,normal,1.0,53900,CASH,55000,1100,4
TRX-260505-06508,2026-05-05,17:05:00,2026-05-05 17:05:00,1,Tuesday,5,0,1,normal,1.0,60000,CASH,65000,5000,5
TRX-260505-06509,2026-05-05,11:27:00,2026-05-05 11:27:00,1,Tuesday,5,0,1,normal,1.0,64000,CASH,65000,1000,2
TRX-260505-06510,2026-05-05,15:05:00,2026-05-05 15:05:00,1,Tuesday,5,0,1,normal,1.0,8500,CASH,10000,1500,2
TRX-260506-06511,2026-05-06,14:23:00,2026-05-06 14:23:00,2,Wednesday,5,0,0,normal,1.0,57000,CASH,60000,3000,2
TRX-260506-06512,2026-05-06,14:07:00,2026-05-06 14:07:00,2,Wednesday,5,0,0,normal,1.0,112000,CASH,115000,3000,2
TRX-260506-06513,2026-05-06,20:03:00,2026-05-06 20:03:00,2,Wednesday,5,0,0,normal,1.0,25550,TRANSFER,25550,0,2
TRX-260506-06514,2026-05-06,11:31:00,2026-05-06 11:31:00,2,Wednesday,5,0,0,normal,1.0,28500,QRIS,28500,0,3
TRX-260506-06515,2026-05-06,21:18:00,2026-05-06 21:18:00,2,Wednesday,5,0,0,normal,1.0,7000,CASH,10000,3000,2
TRX-260506-06516,2026-05-06,15:14:00,2026-05-06 15:14:00,2,Wednesday,5,0,0,normal,1.0,16800,CASH,20000,3200,3
TRX-260506-06517,2026-05-06,10:53:00,2026-05-06 10:53:00,2,Wednesday,5,0,0,normal,1.0,14000,CASH,15000,1000,2
TRX-260506-06518,2026-05-06,20:32:00,2026-05-06 20:32:00,2,Wednesday,5,0,0,normal,1.0,93000,CASH,95000,2000,2
TRX-260506-06519,2026-05-06,16:54:00,2026-05-06 16:54:00,2,Wednesday,5,0,0,normal,1.0,18500,CASH,20000,1500,3
TRX-260506-06520,2026-05-06,15:41:00,2026-05-06 15:41:00,2,Wednesday,5,0,0,normal,1.0,67000,EWALLET,67000,0,3
TRX-260506-06521,2026-05-06,15:12:00,2026-05-06 15:12:00,2,Wednesday,5,0,0,normal,1.0,45000,CASH,50000,5000,2
TRX-260506-06522,2026-05-06,19:16:00,2026-05-06 19:16:00,2,Wednesday,5,0,0,normal,1.0,32000,CASH,35000,3000,4
TRX-260506-06523,2026-05-06,16:35:00,2026-05-06 16:35:00,2,Wednesday,5,0,0,normal,1.0,95300,CASH,100000,4700,4
TRX-260506-06524,2026-05-06,17:07:00,2026-05-06 17:07:00,2,Wednesday,5,0,0,normal,1.0,102750,CASH,105000,2250,5
TRX-260506-06525,2026-05-06,16:00:00,2026-05-06 16:00:00,2,Wednesday,5,0,0,normal,1.0,3000,CASH,5000,2000,1
TRX-260507-06526,2026-05-07,15:32:00,2026-05-07 15:32:00,3,Thursday,5,0,0,normal,1.0,12000,CASH,15000,3000,2
TRX-260507-06527,2026-05-07,20:08:00,2026-05-07 20:08:00,3,Thursday,5,0,0,normal,1.0,8700,CASH,10000,1300,2
TRX-260507-06528,2026-05-07,18:57:00,2026-05-07 18:57:00,3,Thursday,5,0,0,normal,1.0,40000,CASH,45000,5000,2
TRX-260507-06529,2026-05-07,11:16:00,2026-05-07 11:16:00,3,Thursday,5,0,0,normal,1.0,68000,CASH,70000,2000,1
TRX-260507-06530,2026-05-07,20:07:00,2026-05-07 20:07:00,3,Thursday,5,0,0,normal,1.0,61000,CASH,65000,4000,4
TRX-260507-06531,2026-05-07,12:48:00,2026-05-07 12:48:00,3,Thursday,5,0,0,normal,1.0,46000,QRIS,46000,0,3
TRX-260507-06532,2026-05-07,09:27:00,2026-05-07 09:27:00,3,Thursday,5,0,0,normal,1.0,57000,CASH,60000,3000,2
TRX-260507-06533,2026-05-07,13:34:00,2026-05-07 13:34:00,3,Thursday,5,0,0,normal,1.0,42000,CASH,45000,3000,3
TRX-260507-06534,2026-05-07,17:18:00,2026-05-07 17:18:00,3,Thursday,5,0,0,normal,1.0,18000,QRIS,18000,0,3
TRX-260507-06535,2026-05-07,10:07:00,2026-05-07 10:07:00,3,Thursday,5,0,0,normal,1.0,28000,QRIS,28000,0,3
TRX-260508-06536,2026-05-08,20:58:00,2026-05-08 20:58:00,4,Friday,5,0,0,normal,1.0,96000,QRIS,96000,0,5
TRX-260508-06537,2026-05-08,16:06:00,2026-05-08 16:06:00,4,Friday,5,0,0,normal,1.0,33000,CASH,35000,2000,3
TRX-260508-06538,2026-05-08,21:55:00,2026-05-08 21:55:00,4,Friday,5,0,0,normal,1.0,48000,CASH,50000,2000,3
TRX-260508-06539,2026-05-08,17:51:00,2026-05-08 17:51:00,4,Friday,5,0,0,normal,1.0,56550,CASH,60000,3450,2
TRX-260508-06540,2026-05-08,13:55:00,2026-05-08 13:55:00,4,Friday,5,0,0,normal,1.0,21850,EWALLET,21850,0,1
TRX-260508-06541,2026-05-08,07:19:00,2026-05-08 07:19:00,4,Friday,5,0,0,normal,1.0,16850,CASH,20000,3150,4
TRX-260508-06542,2026-05-08,13:42:00,2026-05-08 13:42:00,4,Friday,5,0,0,normal,1.0,48000,CASH,50000,2000,1
TRX-260508-06543,2026-05-08,19:37:00,2026-05-08 19:37:00,4,Friday,5,0,0,normal,1.0,24000,QRIS,24000,0,1
TRX-260508-06544,2026-05-08,09:39:00,2026-05-08 09:39:00,4,Friday,5,0,0,normal,1.0,9000,CASH,10000,1000,1
TRX-260508-06545,2026-05-08,21:05:00,2026-05-08 21:05:00,4,Friday,5,0,0,normal,1.0,16000,CASH,20000,4000,3
TRX-260508-06546,2026-05-08,12:04:00,2026-05-08 12:04:00,4,Friday,5,0,0,normal,1.0,17000,CASH,20000,3000,2
TRX-260508-06547,2026-05-08,11:19:00,2026-05-08 11:19:00,4,Friday,5,0,0,normal,1.0,113000,CASH,115000,2000,5
TRX-260508-06548,2026-05-08,10:14:00,2026-05-08 10:14:00,4,Friday,5,0,0,normal,1.0,44000,CASH,45000,1000,3
TRX-260508-06549,2026-05-08,12:46:00,2026-05-08 12:46:00,4,Friday,5,0,0,normal,1.0,63800,CASH,65000,1200,3
TRX-260509-06550,2026-05-09,19:11:00,2026-05-09 19:11:00,5,Saturday,5,1,0,normal,1.0,3000,QRIS,3000,0,1
TRX-260509-06551,2026-05-09,13:41:00,2026-05-09 13:41:00,5,Saturday,5,1,0,normal,1.0,8000,CASH,10000,2000,3
TRX-260509-06552,2026-05-09,10:47:00,2026-05-09 10:47:00,5,Saturday,5,1,0,normal,1.0,37000,EWALLET,37000,0,4
TRX-260509-06553,2026-05-09,10:50:00,2026-05-09 10:50:00,5,Saturday,5,1,0,normal,1.0,83000,CASH,85000,2000,3
TRX-260509-06554,2026-05-09,11:41:00,2026-05-09 11:41:00,5,Saturday,5,1,0,normal,1.0,6500,CASH,10000,3500,2
TRX-260509-06555,2026-05-09,14:32:00,2026-05-09 14:32:00,5,Saturday,5,1,0,normal,1.0,6250,CASH,10000,3750,2
TRX-260509-06556,2026-05-09,08:47:00,2026-05-09 08:47:00,5,Saturday,5,1,0,normal,1.0,112500,CASH,115000,2500,4
TRX-260509-06557,2026-05-09,13:59:00,2026-05-09 13:59:00,5,Saturday,5,1,0,normal,1.0,16000,CASH,20000,4000,1
TRX-260509-06558,2026-05-09,15:40:00,2026-05-09 15:40:00,5,Saturday,5,1,0,normal,1.0,66000,CASH,70000,4000,3
TRX-260509-06559,2026-05-09,10:25:00,2026-05-09 10:25:00,5,Saturday,5,1,0,normal,1.0,1000,CASH,5000,4000,1
TRX-260509-06560,2026-05-09,10:10:00,2026-05-09 10:10:00,5,Saturday,5,1,0,normal,1.0,69000,CASH,70000,1000,2
TRX-260509-06561,2026-05-09,07:19:00,2026-05-09 07:19:00,5,Saturday,5,1,0,normal,1.0,131500,CASH,135000,3500,3
TRX-260509-06562,2026-05-09,15:27:00,2026-05-09 15:27:00,5,Saturday,5,1,0,normal,1.0,6000,CASH,10000,4000,2
TRX-260509-06563,2026-05-09,11:43:00,2026-05-09 11:43:00,5,Saturday,5,1,0,normal,1.0,59000,QRIS,59000,0,5
TRX-260509-06564,2026-05-09,13:54:00,2026-05-09 13:54:00,5,Saturday,5,1,0,normal,1.0,31000,CASH,35000,4000,3
TRX-260509-06565,2026-05-09,20:15:00,2026-05-09 20:15:00,5,Saturday,5,1,0,normal,1.0,16500,TRANSFER,16500,0,3
TRX-260509-06566,2026-05-09,18:53:00,2026-05-09 18:53:00,5,Saturday,5,1,0,normal,1.0,70500,CASH,75000,4500,4
TRX-260509-06567,2026-05-09,08:20:00,2026-05-09 08:20:00,5,Saturday,5,1,0,normal,1.0,109000,CASH,110000,1000,4
TRX-260509-06568,2026-05-09,08:32:00,2026-05-09 08:32:00,5,Saturday,5,1,0,normal,1.0,2000,CASH,5000,3000,1
TRX-260509-06569,2026-05-09,17:14:00,2026-05-09 17:14:00,5,Saturday,5,1,0,normal,1.0,9000,CASH,10000,1000,1
TRX-260509-06570,2026-05-09,07:32:00,2026-05-09 07:32:00,5,Saturday,5,1,0,normal,1.0,7000,CASH,10000,3000,3
TRX-260509-06571,2026-05-09,09:26:00,2026-05-09 09:26:00,5,Saturday,5,1,0,normal,1.0,18600,QRIS,18600,0,3
TRX-260509-06572,2026-05-09,15:29:00,2026-05-09 15:29:00,5,Saturday,5,1,0,normal,1.0,50000,CASH,55000,5000,4
TRX-260509-06573,2026-05-09,18:11:00,2026-05-09 18:11:00,5,Saturday,5,1,0,normal,1.0,2000,CASH,5000,3000,1
TRX-260510-06574,2026-05-10,13:30:00,2026-05-10 13:30:00,6,Sunday,5,1,0,normal,1.0,2000,QRIS,2000,0,1
TRX-260510-06575,2026-05-10,09:56:00,2026-05-10 09:56:00,6,Sunday,5,1,0,normal,1.0,25000,CASH,30000,5000,4
TRX-260510-06576,2026-05-10,08:55:00,2026-05-10 08:55:00,6,Sunday,5,1,0,normal,1.0,77500,CASH,80000,2500,5
TRX-260510-06577,2026-05-10,16:16:00,2026-05-10 16:16:00,6,Sunday,5,1,0,normal,1.0,75000,CASH,80000,5000,1
TRX-260510-06578,2026-05-10,11:46:00,2026-05-10 11:46:00,6,Sunday,5,1,0,normal,1.0,24000,CASH,25000,1000,3
TRX-260510-06579,2026-05-10,09:39:00,2026-05-10 09:39:00,6,Sunday,5,1,0,normal,1.0,4000,EWALLET,4000,0,2
TRX-260510-06580,2026-05-10,09:07:00,2026-05-10 09:07:00,6,Sunday,5,1,0,normal,1.0,69000,CASH,70000,1000,2
TRX-260510-06581,2026-05-10,09:36:00,2026-05-10 09:36:00,6,Sunday,5,1,0,normal,1.0,111750,CASH,115000,3250,5
TRX-260510-06582,2026-05-10,15:43:00,2026-05-10 15:43:00,6,Sunday,5,1,0,normal,1.0,7600,CASH,10000,2400,1
TRX-260510-06583,2026-05-10,13:22:00,2026-05-10 13:22:00,6,Sunday,5,1,0,normal,1.0,102600,CASH,105000,2400,4
TRX-260510-06584,2026-05-10,10:18:00,2026-05-10 10:18:00,6,Sunday,5,1,0,normal,1.0,106000,CASH,110000,4000,5
TRX-260510-06585,2026-05-10,12:13:00,2026-05-10 12:13:00,6,Sunday,5,1,0,normal,1.0,18000,CASH,20000,2000,3
TRX-260510-06586,2026-05-10,07:55:00,2026-05-10 07:55:00,6,Sunday,5,1,0,normal,1.0,84000,TRANSFER,84000,0,4
TRX-260510-06587,2026-05-10,06:17:00,2026-05-10 06:17:00,6,Sunday,5,1,0,normal,1.0,8500,CASH,10000,1500,2
TRX-260510-06588,2026-05-10,06:27:00,2026-05-10 06:27:00,6,Sunday,5,1,0,normal,1.0,11700,CASH,15000,3300,3
TRX-260511-06589,2026-05-11,11:34:00,2026-05-11 11:34:00,0,Monday,5,0,0,normal,1.0,1000,CASH,5000,4000,1
TRX-260511-06590,2026-05-11,15:29:00,2026-05-11 15:29:00,0,Monday,5,0,0,normal,1.0,7000,CASH,10000,3000,1
TRX-260511-06591,2026-05-11,18:15:00,2026-05-11 18:15:00,0,Monday,5,0,0,normal,1.0,9000,CASH,10000,1000,2
TRX-260511-06592,2026-05-11,16:31:00,2026-05-11 16:31:00,0,Monday,5,0,0,normal,1.0,12000,QRIS,12000,0,2
TRX-260511-06593,2026-05-11,10:28:00,2026-05-11 10:28:00,0,Monday,5,0,0,normal,1.0,83000,CASH,85000,2000,5
TRX-260511-06594,2026-05-11,11:35:00,2026-05-11 11:35:00,0,Monday,5,0,0,normal,1.0,60200,CASH,65000,4800,4
TRX-260511-06595,2026-05-11,16:41:00,2026-05-11 16:41:00,0,Monday,5,0,0,normal,1.0,16000,CASH,20000,4000,2
TRX-260511-06596,2026-05-11,06:00:00,2026-05-11 06:00:00,0,Monday,5,0,0,normal,1.0,57250,CASH,60000,2750,3
TRX-260511-06597,2026-05-11,09:24:00,2026-05-11 09:24:00,0,Monday,5,0,0,normal,1.0,10500,QRIS,10500,0,2
TRX-260511-06598,2026-05-11,17:12:00,2026-05-11 17:12:00,0,Monday,5,0,0,normal,1.0,24000,EWALLET,24000,0,3
TRX-260511-06599,2026-05-11,08:36:00,2026-05-11 08:36:00,0,Monday,5,0,0,normal,1.0,59000,TRANSFER,59000,0,2
TRX-260511-06600,2026-05-11,07:29:00,2026-05-11 07:29:00,0,Monday,5,0,0,normal,1.0,30000,CASH,35000,5000,2
TRX-260512-06601,2026-05-12,11:24:00,2026-05-12 11:24:00,1,Tuesday,5,0,0,normal,1.0,41750,CASH,45000,3250,3
TRX-260512-06602,2026-05-12,09:40:00,2026-05-12 09:40:00,1,Tuesday,5,0,0,normal,1.0,49450,CASH,50000,550,4
TRX-260512-06603,2026-05-12,13:58:00,2026-05-12 13:58:00,1,Tuesday,5,0,0,normal,1.0,115600,QRIS,115600,0,2
TRX-260512-06604,2026-05-12,17:38:00,2026-05-12 17:38:00,1,Tuesday,5,0,0,normal,1.0,30000,CASH,35000,5000,4
TRX-260512-06605,2026-05-12,12:26:00,2026-05-12 12:26:00,1,Tuesday,5,0,0,normal,1.0,76000,CASH,80000,4000,5
TRX-260512-06606,2026-05-12,15:32:00,2026-05-12 15:32:00,1,Tuesday,5,0,0,normal,1.0,142000,CASH,145000,3000,3
TRX-260512-06607,2026-05-12,15:05:00,2026-05-12 15:05:00,1,Tuesday,5,0,0,normal,1.0,16000,CASH,20000,4000,3
TRX-260512-06608,2026-05-12,15:47:00,2026-05-12 15:47:00,1,Tuesday,5,0,0,normal,1.0,44700,QRIS,44700,0,5
TRX-260512-06609,2026-05-12,19:43:00,2026-05-12 19:43:00,1,Tuesday,5,0,0,normal,1.0,27000,CASH,30000,3000,3
TRX-260512-06610,2026-05-12,09:44:00,2026-05-12 09:44:00,1,Tuesday,5,0,0,normal,1.0,16000,TRANSFER,16000,0,1
TRX-260512-06611,2026-05-12,09:23:00,2026-05-12 09:23:00,1,Tuesday,5,0,0,normal,1.0,13000,CASH,15000,2000,2
TRX-260512-06612,2026-05-12,11:04:00,2026-05-12 11:04:00,1,Tuesday,5,0,0,normal,1.0,50250,QRIS,50250,0,2
TRX-260512-06613,2026-05-12,15:19:00,2026-05-12 15:19:00,1,Tuesday,5,0,0,normal,1.0,125600,CASH,130000,4400,5
TRX-260512-06614,2026-05-12,12:11:00,2026-05-12 12:11:00,1,Tuesday,5,0,0,normal,1.0,17000,CASH,20000,3000,3
TRX-260512-06615,2026-05-12,14:34:00,2026-05-12 14:34:00,1,Tuesday,5,0,0,normal,1.0,22500,CASH,25000,2500,3
TRX-260512-06616,2026-05-12,11:15:00,2026-05-12 11:15:00,1,Tuesday,5,0,0,normal,1.0,1500,CASH,5000,3500,1
TRX-260512-06617,2026-05-12,06:32:00,2026-05-12 06:32:00,1,Tuesday,5,0,0,normal,1.0,85000,CASH,90000,5000,3
TRX-260513-06618,2026-05-13,20:54:00,2026-05-13 20:54:00,2,Wednesday,5,0,0,normal,1.0,107000,QRIS,107000,0,4
TRX-260513-06619,2026-05-13,12:13:00,2026-05-13 12:13:00,2,Wednesday,5,0,0,normal,1.0,6000,CASH,10000,4000,1
TRX-260513-06620,2026-05-13,10:55:00,2026-05-13 10:55:00,2,Wednesday,5,0,0,normal,1.0,14000,CASH,15000,1000,3
TRX-260513-06621,2026-05-13,18:16:00,2026-05-13 18:16:00,2,Wednesday,5,0,0,normal,1.0,58050,CASH,60000,1950,3
TRX-260513-06622,2026-05-13,19:39:00,2026-05-13 19:39:00,2,Wednesday,5,0,0,normal,1.0,9000,CASH,10000,1000,2
TRX-260513-06623,2026-05-13,11:09:00,2026-05-13 11:09:00,2,Wednesday,5,0,0,normal,1.0,51000,QRIS,51000,0,2
TRX-260513-06624,2026-05-13,19:10:00,2026-05-13 19:10:00,2,Wednesday,5,0,0,normal,1.0,5700,CASH,10000,4300,2
TRX-260513-06625,2026-05-13,16:14:00,2026-05-13 16:14:00,2,Wednesday,5,0,0,normal,1.0,3000,CASH,5000,2000,1
TRX-260513-06626,2026-05-13,18:37:00,2026-05-13 18:37:00,2,Wednesday,5,0,0,normal,1.0,150000,EWALLET,150000,0,3
TRX-260513-06627,2026-05-13,19:42:00,2026-05-13 19:42:00,2,Wednesday,5,0,0,normal,1.0,37500,CASH,40000,2500,2
TRX-260513-06628,2026-05-13,20:39:00,2026-05-13 20:39:00,2,Wednesday,5,0,0,normal,1.0,9600,CASH,10000,400,3
TRX-260513-06629,2026-05-13,12:23:00,2026-05-13 12:23:00,2,Wednesday,5,0,0,normal,1.0,155000,CASH,160000,5000,4
TRX-260513-06630,2026-05-13,10:43:00,2026-05-13 10:43:00,2,Wednesday,5,0,0,normal,1.0,30000,CASH,35000,5000,2
TRX-260513-06631,2026-05-13,09:22:00,2026-05-13 09:22:00,2,Wednesday,5,0,0,normal,1.0,14000,CASH,15000,1000,2
TRX-260514-06632,2026-05-14,11:42:00,2026-05-14 11:42:00,3,Thursday,5,0,0,normal,1.0,26000,QRIS,26000,0,3
TRX-260514-06633,2026-05-14,21:02:00,2026-05-14 21:02:00,3,Thursday,5,0,0,normal,1.0,150000,CASH,155000,5000,3
TRX-260514-06634,2026-05-14,11:50:00,2026-05-14 11:50:00,3,Thursday,5,0,0,normal,1.0,78000,CASH,80000,2000,4
TRX-260514-06635,2026-05-14,15:44:00,2026-05-14 15:44:00,3,Thursday,5,0,0,normal,1.0,5350,CASH,10000,4650,3
TRX-260514-06636,2026-05-14,20:20:00,2026-05-14 20:20:00,3,Thursday,5,0,0,normal,1.0,38500,CASH,40000,1500,3
TRX-260514-06637,2026-05-14,18:33:00,2026-05-14 18:33:00,3,Thursday,5,0,0,normal,1.0,31000,CASH,35000,4000,3
TRX-260514-06638,2026-05-14,17:17:00,2026-05-14 17:17:00,3,Thursday,5,0,0,normal,1.0,16000,QRIS,16000,0,2
TRX-260514-06639,2026-05-14,09:39:00,2026-05-14 09:39:00,3,Thursday,5,0,0,normal,1.0,17000,CASH,20000,3000,3
TRX-260514-06640,2026-05-14,12:07:00,2026-05-14 12:07:00,3,Thursday,5,0,0,normal,1.0,57000,EWALLET,57000,0,3
TRX-260514-06641,2026-05-14,20:30:00,2026-05-14 20:30:00,3,Thursday,5,0,0,normal,1.0,31000,CASH,35000,4000,2
TRX-260514-06642,2026-05-14,12:12:00,2026-05-14 12:12:00,3,Thursday,5,0,0,normal,1.0,20700,CASH,25000,4300,2
TRX-260514-06643,2026-05-14,19:27:00,2026-05-14 19:27:00,3,Thursday,5,0,0,normal,1.0,13500,CASH,15000,1500,2
TRX-260515-06644,2026-05-15,20:50:00,2026-05-15 20:50:00,4,Friday,5,0,0,normal,1.0,74000,TRANSFER,74000,0,5
TRX-260515-06645,2026-05-15,11:03:00,2026-05-15 11:03:00,4,Friday,5,0,0,normal,1.0,63000,CASH,65000,2000,3
TRX-260515-06646,2026-05-15,16:39:00,2026-05-15 16:39:00,4,Friday,5,0,0,normal,1.0,136000,CASH,140000,4000,5
TRX-260515-06647,2026-05-15,08:19:00,2026-05-15 08:19:00,4,Friday,5,0,0,normal,1.0,35000,EWALLET,35000,0,2
TRX-260515-06648,2026-05-15,13:31:00,2026-05-15 13:31:00,4,Friday,5,0,0,normal,1.0,20000,CASH,25000,5000,2
TRX-260515-06649,2026-05-15,10:39:00,2026-05-15 10:39:00,4,Friday,5,0,0,normal,1.0,31000,CASH,35000,4000,3
TRX-260515-06650,2026-05-15,12:54:00,2026-05-15 12:54:00,4,Friday,5,0,0,normal,1.0,30000,CASH,35000,5000,2
TRX-260515-06651,2026-05-15,17:07:00,2026-05-15 17:07:00,4,Friday,5,0,0,normal,1.0,137950,TRANSFER,137950,0,4
TRX-260515-06652,2026-05-15,11:02:00,2026-05-15 11:02:00,4,Friday,5,0,0,normal,1.0,24000,CASH,25000,1000,2
TRX-260515-06653,2026-05-15,17:35:00,2026-05-15 17:35:00,4,Friday,5,0,0,normal,1.0,43000,TRANSFER,43000,0,3
TRX-260515-06654,2026-05-15,19:06:00,2026-05-15 19:06:00,4,Friday,5,0,0,normal,1.0,22000,CASH,25000,3000,3
TRX-260515-06655,2026-05-15,10:48:00,2026-05-15 10:48:00,4,Friday,5,0,0,normal,1.0,19000,CASH,20000,1000,2
TRX-260515-06656,2026-05-15,18:37:00,2026-05-15 18:37:00,4,Friday,5,0,0,normal,1.0,57000,TRANSFER,57000,0,5
TRX-260515-06657,2026-05-15,11:47:00,2026-05-15 11:47:00,4,Friday,5,0,0,normal,1.0,25000,CASH,30000,5000,3
TRX-260515-06658,2026-05-15,16:56:00,2026-05-15 16:56:00,4,Friday,5,0,0,normal,1.0,118000,CASH,120000,2000,2
TRX-260515-06659,2026-05-15,06:28:00,2026-05-15 06:28:00,4,Friday,5,0,0,normal,1.0,36000,CASH,40000,4000,1
TRX-260515-06660,2026-05-15,10:37:00,2026-05-15 10:37:00,4,Friday,5,0,0,normal,1.0,30000,CASH,35000,5000,1
TRX-260515-06661,2026-05-15,13:24:00,2026-05-15 13:24:00,4,Friday,5,0,0,normal,1.0,28000,QRIS,28000,0,3
TRX-260516-06662,2026-05-16,15:05:00,2026-05-16 15:05:00,5,Saturday,5,1,0,normal,1.0,122100,CASH,125000,2900,4
TRX-260516-06663,2026-05-16,17:07:00,2026-05-16 17:07:00,5,Saturday,5,1,0,normal,1.0,38000,CASH,40000,2000,3
TRX-260516-06664,2026-05-16,15:29:00,2026-05-16 15:29:00,5,Saturday,5,1,0,normal,1.0,26400,CASH,30000,3600,4
TRX-260516-06665,2026-05-16,15:07:00,2026-05-16 15:07:00,5,Saturday,5,1,0,normal,1.0,3000,QRIS,3000,0,1
TRX-260516-06666,2026-05-16,17:46:00,2026-05-16 17:46:00,5,Saturday,5,1,0,normal,1.0,55000,CASH,60000,5000,5
TRX-260516-06667,2026-05-16,18:55:00,2026-05-16 18:55:00,5,Saturday,5,1,0,normal,1.0,5850,CASH,10000,4150,2
TRX-260516-06668,2026-05-16,13:55:00,2026-05-16 13:55:00,5,Saturday,5,1,0,normal,1.0,13500,QRIS,13500,0,2
TRX-260516-06669,2026-05-16,16:12:00,2026-05-16 16:12:00,5,Saturday,5,1,0,normal,1.0,20000,CASH,25000,5000,2
TRX-260516-06670,2026-05-16,11:30:00,2026-05-16 11:30:00,5,Saturday,5,1,0,normal,1.0,76000,QRIS,76000,0,4
TRX-260516-06671,2026-05-16,12:55:00,2026-05-16 12:55:00,5,Saturday,5,1,0,normal,1.0,8000,CASH,10000,2000,1
TRX-260516-06672,2026-05-16,18:39:00,2026-05-16 18:39:00,5,Saturday,5,1,0,normal,1.0,12000,TRANSFER,12000,0,1
TRX-260516-06673,2026-05-16,12:14:00,2026-05-16 12:14:00,5,Saturday,5,1,0,normal,1.0,78000,CASH,80000,2000,3
TRX-260516-06674,2026-05-16,09:44:00,2026-05-16 09:44:00,5,Saturday,5,1,0,normal,1.0,31000,CASH,35000,4000,4
TRX-260516-06675,2026-05-16,09:21:00,2026-05-16 09:21:00,5,Saturday,5,1,0,normal,1.0,204000,EWALLET,204000,0,1
TRX-260516-06676,2026-05-16,09:54:00,2026-05-16 09:54:00,5,Saturday,5,1,0,normal,1.0,19000,CASH,20000,1000,2
TRX-260516-06677,2026-05-16,15:34:00,2026-05-16 15:34:00,5,Saturday,5,1,0,normal,1.0,15000,TRANSFER,15000,0,2
TRX-260516-06678,2026-05-16,17:52:00,2026-05-16 17:52:00,5,Saturday,5,1,0,normal,1.0,23000,TRANSFER,23000,0,3
TRX-260516-06679,2026-05-16,09:05:00,2026-05-16 09:05:00,5,Saturday,5,1,0,normal,1.0,18000,QRIS,18000,0,2
TRX-260516-06680,2026-05-16,08:26:00,2026-05-16 08:26:00,5,Saturday,5,1,0,normal,1.0,14000,CASH,15000,1000,3
TRX-260517-06681,2026-05-17,20:14:00,2026-05-17 20:14:00,6,Sunday,5,1,0,normal,1.0,11000,QRIS,11000,0,3
TRX-260517-06682,2026-05-17,16:03:00,2026-05-17 16:03:00,6,Sunday,5,1,0,normal,1.0,77000,TRANSFER,77000,0,4
TRX-260517-06683,2026-05-17,13:57:00,2026-05-17 13:57:00,6,Sunday,5,1,0,normal,1.0,1500,CASH,5000,3500,1
TRX-260517-06684,2026-05-17,09:26:00,2026-05-17 09:26:00,6,Sunday,5,1,0,normal,1.0,3000,CASH,5000,2000,1
TRX-260517-06685,2026-05-17,12:22:00,2026-05-17 12:22:00,6,Sunday,5,1,0,normal,1.0,54550,CASH,55000,450,3
TRX-260517-06686,2026-05-17,08:20:00,2026-05-17 08:20:00,6,Sunday,5,1,0,normal,1.0,15000,EWALLET,15000,0,1
TRX-260517-06687,2026-05-17,15:22:00,2026-05-17 15:22:00,6,Sunday,5,1,0,normal,1.0,15000,QRIS,15000,0,1
TRX-260517-06688,2026-05-17,12:47:00,2026-05-17 12:47:00,6,Sunday,5,1,0,normal,1.0,13000,CASH,15000,2000,2
TRX-260517-06689,2026-05-17,11:34:00,2026-05-17 11:34:00,6,Sunday,5,1,0,normal,1.0,16000,QRIS,16000,0,4
TRX-260517-06690,2026-05-17,13:30:00,2026-05-17 13:30:00,6,Sunday,5,1,0,normal,1.0,14000,QRIS,14000,0,2
TRX-260517-06691,2026-05-17,09:59:00,2026-05-17 09:59:00,6,Sunday,5,1,0,normal,1.0,9000,QRIS,9000,0,2
TRX-260517-06692,2026-05-17,09:20:00,2026-05-17 09:20:00,6,Sunday,5,1,0,normal,1.0,49000,CASH,50000,1000,3
TRX-260517-06693,2026-05-17,20:27:00,2026-05-17 20:27:00,6,Sunday,5,1,0,normal,1.0,32000,CASH,35000,3000,2
TRX-260517-06694,2026-05-17,15:50:00,2026-05-17 15:50:00,6,Sunday,5,1,0,normal,1.0,36000,CASH,40000,4000,1
TRX-260517-06695,2026-05-17,11:33:00,2026-05-17 11:33:00,6,Sunday,5,1,0,normal,1.0,70500,CASH,75000,4500,4
TRX-260517-06696,2026-05-17,10:51:00,2026-05-17 10:51:00,6,Sunday,5,1,0,normal,1.0,11500,CASH,15000,3500,2
TRX-260517-06697,2026-05-17,21:39:00,2026-05-17 21:39:00,6,Sunday,5,1,0,normal,1.0,79000,CASH,80000,1000,3
TRX-260517-06698,2026-05-17,19:31:00,2026-05-17 19:31:00,6,Sunday,5,1,0,normal,1.0,5000,CASH,10000,5000,2
TRX-260517-06699,2026-05-17,09:35:00,2026-05-17 09:35:00,6,Sunday,5,1,0,normal,1.0,9000,CASH,10000,1000,2
TRX-260517-06700,2026-05-17,20:03:00,2026-05-17 20:03:00,6,Sunday,5,1,0,normal,1.0,15000,QRIS,15000,0,1
TRX-260517-06701,2026-05-17,06:11:00,2026-05-17 06:11:00,6,Sunday,5,1,0,normal,1.0,2000,CASH,5000,3000,1
TRX-260517-06702,2026-05-17,12:13:00,2026-05-17 12:13:00,6,Sunday,5,1,0,normal,1.0,18000,QRIS,18000,0,2
TRX-260517-06703,2026-05-17,17:47:00,2026-05-17 17:47:00,6,Sunday,5,1,0,normal,1.0,38000,CASH,40000,2000,2
TRX-260517-06704,2026-05-17,18:56:00,2026-05-17 18:56:00,6,Sunday,5,1,0,normal,1.0,180000,QRIS,180000,0,4
TRX-260517-06705,2026-05-17,10:38:00,2026-05-17 10:38:00,6,Sunday,5,1,0,normal,1.0,23000,CASH,25000,2000,2
TRX-260518-06706,2026-05-18,09:36:00,2026-05-18 09:36:00,0,Monday,5,0,0,normal,1.0,66000,CASH,70000,4000,3
TRX-260518-06707,2026-05-18,10:35:00,2026-05-18 10:35:00,0,Monday,5,0,0,normal,1.0,64000,QRIS,64000,0,2
TRX-260518-06708,2026-05-18,06:57:00,2026-05-18 06:57:00,0,Monday,5,0,0,normal,1.0,7000,CASH,10000,3000,2
TRX-260518-06709,2026-05-18,13:26:00,2026-05-18 13:26:00,0,Monday,5,0,0,normal,1.0,23500,CASH,25000,1500,2
TRX-260518-06710,2026-05-18,18:11:00,2026-05-18 18:11:00,0,Monday,5,0,0,normal,1.0,3000,QRIS,3000,0,1
TRX-260518-06711,2026-05-18,12:00:00,2026-05-18 12:00:00,0,Monday,5,0,0,normal,1.0,11000,QRIS,11000,0,2
TRX-260518-06712,2026-05-18,13:08:00,2026-05-18 13:08:00,0,Monday,5,0,0,normal,1.0,5000,CASH,10000,5000,2
TRX-260518-06713,2026-05-18,12:34:00,2026-05-18 12:34:00,0,Monday,5,0,0,normal,1.0,4500,EWALLET,4500,0,1
TRX-260518-06714,2026-05-18,07:46:00,2026-05-18 07:46:00,0,Monday,5,0,0,normal,1.0,7500,CASH,10000,2500,2
TRX-260518-06715,2026-05-18,21:08:00,2026-05-18 21:08:00,0,Monday,5,0,0,normal,1.0,117000,CASH,120000,3000,2
TRX-260518-06716,2026-05-18,15:56:00,2026-05-18 15:56:00,0,Monday,5,0,0,normal,1.0,44550,QRIS,44550,0,3
TRX-260518-06717,2026-05-18,11:36:00,2026-05-18 11:36:00,0,Monday,5,0,0,normal,1.0,29000,CASH,30000,1000,3
TRX-260518-06718,2026-05-18,11:50:00,2026-05-18 11:50:00,0,Monday,5,0,0,normal,1.0,3000,CASH,5000,2000,1
TRX-260518-06719,2026-05-18,15:26:00,2026-05-18 15:26:00,0,Monday,5,0,0,normal,1.0,8000,CASH,10000,2000,1
TRX-260519-06720,2026-05-19,17:49:00,2026-05-19 17:49:00,1,Tuesday,5,0,0,normal,1.0,6000,CASH,10000,4000,2
TRX-260519-06721,2026-05-19,12:37:00,2026-05-19 12:37:00,1,Tuesday,5,0,0,normal,1.0,87000,CASH,90000,3000,5
TRX-260519-06722,2026-05-19,10:19:00,2026-05-19 10:19:00,1,Tuesday,5,0,0,normal,1.0,161000,CASH,165000,4000,5
TRX-260519-06723,2026-05-19,12:31:00,2026-05-19 12:31:00,1,Tuesday,5,0,0,normal,1.0,6000,CASH,10000,4000,1
TRX-260519-06724,2026-05-19,09:35:00,2026-05-19 09:35:00,1,Tuesday,5,0,0,normal,1.0,82000,EWALLET,82000,0,5
TRX-260519-06725,2026-05-19,15:13:00,2026-05-19 15:13:00,1,Tuesday,5,0,0,normal,1.0,11000,CASH,15000,4000,2
TRX-260519-06726,2026-05-19,16:55:00,2026-05-19 16:55:00,1,Tuesday,5,0,0,normal,1.0,4000,CASH,5000,1000,1
TRX-260519-06727,2026-05-19,17:55:00,2026-05-19 17:55:00,1,Tuesday,5,0,0,normal,1.0,19300,CASH,20000,700,2
TRX-260519-06728,2026-05-19,15:14:00,2026-05-19 15:14:00,1,Tuesday,5,0,0,normal,1.0,9000,CASH,10000,1000,2
TRX-260519-06729,2026-05-19,15:43:00,2026-05-19 15:43:00,1,Tuesday,5,0,0,normal,1.0,68500,CASH,70000,1500,3
TRX-260519-06730,2026-05-19,12:37:00,2026-05-19 12:37:00,1,Tuesday,5,0,0,normal,1.0,65000,TRANSFER,65000,0,5
TRX-260519-06731,2026-05-19,15:32:00,2026-05-19 15:32:00,1,Tuesday,5,0,0,normal,1.0,2000,CASH,5000,3000,1
TRX-260519-06732,2026-05-19,11:49:00,2026-05-19 11:49:00,1,Tuesday,5,0,0,normal,1.0,90000,CASH,95000,5000,3
TRX-260519-06733,2026-05-19,17:03:00,2026-05-19 17:03:00,1,Tuesday,5,0,0,normal,1.0,63050,QRIS,63050,0,4
TRX-260519-06734,2026-05-19,09:06:00,2026-05-19 09:06:00,1,Tuesday,5,0,0,normal,1.0,84000,CASH,85000,1000,2
TRX-260519-06735,2026-05-19,13:07:00,2026-05-19 13:07:00,1,Tuesday,5,0,0,normal,1.0,42000,QRIS,42000,0,3
TRX-260520-06736,2026-05-20,20:52:00,2026-05-20 20:52:00,2,Wednesday,5,0,0,normal,1.0,31500,CASH,35000,3500,3
TRX-260520-06737,2026-05-20,07:24:00,2026-05-20 07:24:00,2,Wednesday,5,0,0,normal,1.0,20000,CASH,25000,5000,2
TRX-260520-06738,2026-05-20,09:06:00,2026-05-20 09:06:00,2,Wednesday,5,0,0,normal,1.0,52000,CASH,55000,3000,2
TRX-260520-06739,2026-05-20,18:00:00,2026-05-20 18:00:00,2,Wednesday,5,0,0,normal,1.0,12000,CASH,15000,3000,3
TRX-260520-06740,2026-05-20,08:53:00,2026-05-20 08:53:00,2,Wednesday,5,0,0,normal,1.0,15000,QRIS,15000,0,2
TRX-260520-06741,2026-05-20,17:48:00,2026-05-20 17:48:00,2,Wednesday,5,0,0,normal,1.0,24000,QRIS,24000,0,1
TRX-260520-06742,2026-05-20,12:28:00,2026-05-20 12:28:00,2,Wednesday,5,0,0,normal,1.0,20100,QRIS,20100,0,3
TRX-260520-06743,2026-05-20,18:35:00,2026-05-20 18:35:00,2,Wednesday,5,0,0,normal,1.0,30000,CASH,35000,5000,1
TRX-260520-06744,2026-05-20,13:21:00,2026-05-20 13:21:00,2,Wednesday,5,0,0,normal,1.0,54000,CASH,55000,1000,1
TRX-260520-06745,2026-05-20,07:42:00,2026-05-20 07:42:00,2,Wednesday,5,0,0,normal,1.0,7275,CASH,10000,2725,2
TRX-260520-06746,2026-05-20,21:08:00,2026-05-20 21:08:00,2,Wednesday,5,0,0,normal,1.0,58000,QRIS,58000,0,2
TRX-260520-06747,2026-05-20,11:14:00,2026-05-20 11:14:00,2,Wednesday,5,0,0,normal,1.0,65000,CASH,70000,5000,2
TRX-260520-06748,2026-05-20,06:14:00,2026-05-20 06:14:00,2,Wednesday,5,0,0,normal,1.0,46500,TRANSFER,46500,0,3
TRX-260520-06749,2026-05-20,19:00:00,2026-05-20 19:00:00,2,Wednesday,5,0,0,normal,1.0,57000,TRANSFER,57000,0,3
TRX-260520-06750,2026-05-20,09:26:00,2026-05-20 09:26:00,2,Wednesday,5,0,0,normal,1.0,78800,CASH,80000,1200,4
TRX-260520-06751,2026-05-20,10:52:00,2026-05-20 10:52:00,2,Wednesday,5,0,0,normal,1.0,2000,CASH,5000,3000,1
TRX-260520-06752,2026-05-20,16:53:00,2026-05-20 16:53:00,2,Wednesday,5,0,0,normal,1.0,2000,TRANSFER,2000,0,1
TRX-260520-06753,2026-05-20,21:04:00,2026-05-20 21:04:00,2,Wednesday,5,0,0,normal,1.0,30600,CASH,35000,4400,3
TRX-260520-06754,2026-05-20,15:00:00,2026-05-20 15:00:00,2,Wednesday,5,0,0,normal,1.0,110250,TRANSFER,110250,0,3
TRX-260520-06755,2026-05-20,20:39:00,2026-05-20 20:39:00,2,Wednesday,5,0,0,normal,1.0,12000,QRIS,12000,0,1
TRX-260520-06756,2026-05-20,08:10:00,2026-05-20 08:10:00,2,Wednesday,5,0,0,normal,1.0,24000,CASH,25000,1000,1
TRX-260520-06757,2026-05-20,09:55:00,2026-05-20 09:55:00,2,Wednesday,5,0,0,normal,1.0,33000,CASH,35000,2000,2
TRX-260521-06758,2026-05-21,09:23:00,2026-05-21 09:23:00,3,Thursday,5,0,0,normal,1.0,10800,TRANSFER,10800,0,1
TRX-260521-06759,2026-05-21,15:23:00,2026-05-21 15:23:00,3,Thursday,5,0,0,normal,1.0,31500,CASH,35000,3500,3
TRX-260521-06760,2026-05-21,10:17:00,2026-05-21 10:17:00,3,Thursday,5,0,0,normal,1.0,9000,TRANSFER,9000,0,2
TRX-260521-06761,2026-05-21,18:12:00,2026-05-21 18:12:00,3,Thursday,5,0,0,normal,1.0,9000,CASH,10000,1000,2
TRX-260521-06762,2026-05-21,08:27:00,2026-05-21 08:27:00,3,Thursday,5,0,0,normal,1.0,15000,CASH,20000,5000,1
TRX-260521-06763,2026-05-21,12:52:00,2026-05-21 12:52:00,3,Thursday,5,0,0,normal,1.0,84000,CASH,85000,1000,2
TRX-260521-06764,2026-05-21,07:25:00,2026-05-21 07:25:00,3,Thursday,5,0,0,normal,1.0,4000,CASH,5000,1000,1
TRX-260521-06765,2026-05-21,19:34:00,2026-05-21 19:34:00,3,Thursday,5,0,0,normal,1.0,57000,CASH,60000,3000,2
TRX-260521-06766,2026-05-21,07:51:00,2026-05-21 07:51:00,3,Thursday,5,0,0,normal,1.0,2000,CASH,5000,3000,1
TRX-260521-06767,2026-05-21,06:55:00,2026-05-21 06:55:00,3,Thursday,5,0,0,normal,1.0,36500,CASH,40000,3500,3
TRX-260521-06768,2026-05-21,14:22:00,2026-05-21 14:22:00,3,Thursday,5,0,0,normal,1.0,25000,TRANSFER,25000,0,2
TRX-260521-06769,2026-05-21,07:08:00,2026-05-21 07:08:00,3,Thursday,5,0,0,normal,1.0,24000,CASH,25000,1000,4
TRX-260521-06770,2026-05-21,09:08:00,2026-05-21 09:08:00,3,Thursday,5,0,0,normal,1.0,80000,CASH,85000,5000,2
TRX-260521-06771,2026-05-21,15:51:00,2026-05-21 15:51:00,3,Thursday,5,0,0,normal,1.0,14150,CASH,15000,850,3
TRX-260521-06772,2026-05-21,19:49:00,2026-05-21 19:49:00,3,Thursday,5,0,0,normal,1.0,124000,QRIS,124000,0,4
TRX-260521-06773,2026-05-21,10:27:00,2026-05-21 10:27:00,3,Thursday,5,0,0,normal,1.0,65000,CASH,70000,5000,3
TRX-260522-06774,2026-05-22,08:38:00,2026-05-22 08:38:00,4,Friday,5,0,0,normal,1.0,18000,EWALLET,18000,0,2
TRX-260522-06775,2026-05-22,18:26:00,2026-05-22 18:26:00,4,Friday,5,0,0,normal,1.0,18000,CASH,20000,2000,1
TRX-260522-06776,2026-05-22,15:29:00,2026-05-22 15:29:00,4,Friday,5,0,0,normal,1.0,50000,CASH,55000,5000,2
TRX-260522-06777,2026-05-22,10:41:00,2026-05-22 10:41:00,4,Friday,5,0,0,normal,1.0,37000,TRANSFER,37000,0,2
TRX-260522-06778,2026-05-22,11:30:00,2026-05-22 11:30:00,4,Friday,5,0,0,normal,1.0,83000,CASH,85000,2000,5
TRX-260522-06779,2026-05-22,16:46:00,2026-05-22 16:46:00,4,Friday,5,0,0,normal,1.0,92000,CASH,95000,3000,3
TRX-260522-06780,2026-05-22,10:14:00,2026-05-22 10:14:00,4,Friday,5,0,0,normal,1.0,77000,CASH,80000,3000,4
TRX-260522-06781,2026-05-22,08:25:00,2026-05-22 08:25:00,4,Friday,5,0,0,normal,1.0,12000,CASH,15000,3000,1
TRX-260522-06782,2026-05-22,17:56:00,2026-05-22 17:56:00,4,Friday,5,0,0,normal,1.0,21000,CASH,25000,4000,2
TRX-260522-06783,2026-05-22,18:44:00,2026-05-22 18:44:00,4,Friday,5,0,0,normal,1.0,3000,CASH,5000,2000,1
TRX-260522-06784,2026-05-22,17:29:00,2026-05-22 17:29:00,4,Friday,5,0,0,normal,1.0,33000,CASH,35000,2000,4
TRX-260522-06785,2026-05-22,15:12:00,2026-05-22 15:12:00,4,Friday,5,0,0,normal,1.0,36000,CASH,40000,4000,1
TRX-260522-06786,2026-05-22,16:09:00,2026-05-22 16:09:00,4,Friday,5,0,0,normal,1.0,85000,CASH,90000,5000,3
TRX-260522-06787,2026-05-22,16:27:00,2026-05-22 16:27:00,4,Friday,5,0,0,normal,1.0,50000,CASH,55000,5000,5
TRX-260522-06788,2026-05-22,06:45:00,2026-05-22 06:45:00,4,Friday,5,0,0,normal,1.0,37500,CASH,40000,2500,2
TRX-260522-06789,2026-05-22,16:25:00,2026-05-22 16:25:00,4,Friday,5,0,0,normal,1.0,49525,TRANSFER,49525,0,3
TRX-260522-06790,2026-05-22,11:26:00,2026-05-22 11:26:00,4,Friday,5,0,0,normal,1.0,31000,CASH,35000,4000,5
TRX-260522-06791,2026-05-22,08:50:00,2026-05-22 08:50:00,4,Friday,5,0,0,normal,1.0,5500,CASH,10000,4500,2
TRX-260523-06792,2026-05-23,11:22:00,2026-05-23 11:22:00,5,Saturday,5,1,0,normal,1.0,79000,TRANSFER,79000,0,4
TRX-260523-06793,2026-05-23,18:03:00,2026-05-23 18:03:00,5,Saturday,5,1,0,normal,1.0,4000,TRANSFER,4000,0,1
TRX-260523-06794,2026-05-23,09:35:00,2026-05-23 09:35:00,5,Saturday,5,1,0,normal,1.0,42000,TRANSFER,42000,0,3
TRX-260523-06795,2026-05-23,09:50:00,2026-05-23 09:50:00,5,Saturday,5,1,0,normal,1.0,51000,TRANSFER,51000,0,3
TRX-260523-06796,2026-05-23,09:42:00,2026-05-23 09:42:00,5,Saturday,5,1,0,normal,1.0,9000,QRIS,9000,0,2
TRX-260523-06797,2026-05-23,11:58:00,2026-05-23 11:58:00,5,Saturday,5,1,0,normal,1.0,9000,QRIS,9000,0,1
TRX-260523-06798,2026-05-23,10:31:00,2026-05-23 10:31:00,5,Saturday,5,1,0,normal,1.0,27500,CASH,30000,2500,3
TRX-260523-06799,2026-05-23,13:36:00,2026-05-23 13:36:00,5,Saturday,5,1,0,normal,1.0,43000,CASH,45000,2000,3
TRX-260523-06800,2026-05-23,18:28:00,2026-05-23 18:28:00,5,Saturday,5,1,0,normal,1.0,9000,TRANSFER,9000,0,2
TRX-260523-06801,2026-05-23,16:30:00,2026-05-23 16:30:00,5,Saturday,5,1,0,normal,1.0,7000,CASH,10000,3000,2
TRX-260523-06802,2026-05-23,09:32:00,2026-05-23 09:32:00,5,Saturday,5,1,0,normal,1.0,186000,CASH,190000,4000,5
TRX-260523-06803,2026-05-23,21:12:00,2026-05-23 21:12:00,5,Saturday,5,1,0,normal,1.0,21000,CASH,25000,4000,4
TRX-260523-06804,2026-05-23,19:21:00,2026-05-23 19:21:00,5,Saturday,5,1,0,normal,1.0,50750,CASH,55000,4250,2
TRX-260523-06805,2026-05-23,21:57:00,2026-05-23 21:57:00,5,Saturday,5,1,0,normal,1.0,15000,CASH,20000,5000,2
TRX-260523-06806,2026-05-23,08:26:00,2026-05-23 08:26:00,5,Saturday,5,1,0,normal,1.0,36000,QRIS,36000,0,3
TRX-260523-06807,2026-05-23,12:54:00,2026-05-23 12:54:00,5,Saturday,5,1,0,normal,1.0,1000,TRANSFER,1000,0,1
TRX-260523-06808,2026-05-23,17:56:00,2026-05-23 17:56:00,5,Saturday,5,1,0,normal,1.0,4500,QRIS,4500,0,1
TRX-260523-06809,2026-05-23,21:20:00,2026-05-23 21:20:00,5,Saturday,5,1,0,normal,1.0,14000,CASH,15000,1000,2
TRX-260523-06810,2026-05-23,09:44:00,2026-05-23 09:44:00,5,Saturday,5,1,0,normal,1.0,2000,TRANSFER,2000,0,1
TRX-260523-06811,2026-05-23,19:27:00,2026-05-23 19:27:00,5,Saturday,5,1,0,normal,1.0,24000,CASH,25000,1000,3
TRX-260524-06812,2026-05-24,11:13:00,2026-05-24 11:13:00,6,Sunday,5,1,0,normal,1.0,1000,CASH,5000,4000,1
TRX-260524-06813,2026-05-24,16:59:00,2026-05-24 16:59:00,6,Sunday,5,1,0,normal,1.0,75000,CASH,80000,5000,4
TRX-260524-06814,2026-05-24,14:47:00,2026-05-24 14:47:00,6,Sunday,5,1,0,normal,1.0,108000,CASH,110000,2000,1
TRX-260524-06815,2026-05-24,14:45:00,2026-05-24 14:45:00,6,Sunday,5,1,0,normal,1.0,27400,CASH,30000,2600,2
TRX-260524-06816,2026-05-24,07:01:00,2026-05-24 07:01:00,6,Sunday,5,1,0,normal,1.0,20000,TRANSFER,20000,0,2
TRX-260524-06817,2026-05-24,12:29:00,2026-05-24 12:29:00,6,Sunday,5,1,0,normal,1.0,15000,CASH,20000,5000,1
TRX-260524-06818,2026-05-24,16:54:00,2026-05-24 16:54:00,6,Sunday,5,1,0,normal,1.0,48000,QRIS,48000,0,4
TRX-260524-06819,2026-05-24,16:42:00,2026-05-24 16:42:00,6,Sunday,5,1,0,normal,1.0,145000,CASH,150000,5000,3
TRX-260524-06820,2026-05-24,17:30:00,2026-05-24 17:30:00,6,Sunday,5,1,0,normal,1.0,39500,CASH,40000,500,2
TRX-260524-06821,2026-05-24,15:28:00,2026-05-24 15:28:00,6,Sunday,5,1,0,normal,1.0,7000,EWALLET,7000,0,2
TRX-260524-06822,2026-05-24,19:30:00,2026-05-24 19:30:00,6,Sunday,5,1,0,normal,1.0,1000,CASH,5000,4000,1
TRX-260524-06823,2026-05-24,12:07:00,2026-05-24 12:07:00,6,Sunday,5,1,0,normal,1.0,81000,CASH,85000,4000,3
TRX-260524-06824,2026-05-24,14:17:00,2026-05-24 14:17:00,6,Sunday,5,1,0,normal,1.0,66000,CASH,70000,4000,2
TRX-260524-06825,2026-05-24,09:40:00,2026-05-24 09:40:00,6,Sunday,5,1,0,normal,1.0,20500,QRIS,20500,0,3
TRX-260524-06826,2026-05-24,17:08:00,2026-05-24 17:08:00,6,Sunday,5,1,0,normal,1.0,68000,CASH,70000,2000,2
TRX-260524-06827,2026-05-24,16:51:00,2026-05-24 16:51:00,6,Sunday,5,1,0,normal,1.0,120000,QRIS,120000,0,3
TRX-260524-06828,2026-05-24,18:06:00,2026-05-24 18:06:00,6,Sunday,5,1,0,normal,1.0,25000,CASH,30000,5000,4
TRX-260524-06829,2026-05-24,11:25:00,2026-05-24 11:25:00,6,Sunday,5,1,0,normal,1.0,78000,CASH,80000,2000,5
TRX-260525-06830,2026-05-25,11:40:00,2026-05-25 11:40:00,0,Monday,5,0,1,normal,1.0,36500,CASH,40000,3500,5
TRX-260525-06831,2026-05-25,18:47:00,2026-05-25 18:47:00,0,Monday,5,0,1,normal,1.0,6000,TRANSFER,6000,0,2
TRX-260525-06832,2026-05-25,11:14:00,2026-05-25 11:14:00,0,Monday,5,0,1,normal,1.0,29000,EWALLET,29000,0,2
TRX-260525-06833,2026-05-25,13:06:00,2026-05-25 13:06:00,0,Monday,5,0,1,normal,1.0,18000,QRIS,18000,0,2
TRX-260525-06834,2026-05-25,13:36:00,2026-05-25 13:36:00,0,Monday,5,0,1,normal,1.0,22500,CASH,25000,2500,3
TRX-260525-06835,2026-05-25,19:46:00,2026-05-25 19:46:00,0,Monday,5,0,1,normal,1.0,36000,QRIS,36000,0,3
TRX-260525-06836,2026-05-25,18:03:00,2026-05-25 18:03:00,0,Monday,5,0,1,normal,1.0,48000,EWALLET,48000,0,5
TRX-260525-06837,2026-05-25,16:41:00,2026-05-25 16:41:00,0,Monday,5,0,1,normal,1.0,12500,CASH,15000,2500,4
TRX-260525-06838,2026-05-25,12:36:00,2026-05-25 12:36:00,0,Monday,5,0,1,normal,1.0,15000,CASH,20000,5000,2
TRX-260525-06839,2026-05-25,18:22:00,2026-05-25 18:22:00,0,Monday,5,0,1,normal,1.0,117000,CASH,120000,3000,3
TRX-260525-06840,2026-05-25,13:30:00,2026-05-25 13:30:00,0,Monday,5,0,1,normal,1.0,11500,TRANSFER,11500,0,4
TRX-260525-06841,2026-05-25,15:30:00,2026-05-25 15:30:00,0,Monday,5,0,1,normal,1.0,10000,QRIS,10000,0,1
TRX-260525-06842,2026-05-25,09:51:00,2026-05-25 09:51:00,0,Monday,5,0,1,normal,1.0,42000,CASH,45000,3000,4
TRX-260525-06843,2026-05-25,17:51:00,2026-05-25 17:51:00,0,Monday,5,0,1,normal,1.0,106000,CASH,110000,4000,4
TRX-260525-06844,2026-05-25,06:24:00,2026-05-25 06:24:00,0,Monday,5,0,1,normal,1.0,6000,CASH,10000,4000,2
TRX-260525-06845,2026-05-25,16:57:00,2026-05-25 16:57:00,0,Monday,5,0,1,normal,1.0,33000,CASH,35000,2000,2
TRX-260525-06846,2026-05-25,15:56:00,2026-05-25 15:56:00,0,Monday,5,0,1,normal,1.0,69000,CASH,70000,1000,4
TRX-260525-06847,2026-05-25,08:05:00,2026-05-25 08:05:00,0,Monday,5,0,1,normal,1.0,37400,CASH,40000,2600,3
TRX-260525-06848,2026-05-25,06:08:00,2026-05-25 06:08:00,0,Monday,5,0,1,normal,1.0,9000,EWALLET,9000,0,1
TRX-260525-06849,2026-05-25,09:33:00,2026-05-25 09:33:00,0,Monday,5,0,1,normal,1.0,33000,CASH,35000,2000,3
TRX-260525-06850,2026-05-25,11:08:00,2026-05-25 11:08:00,0,Monday,5,0,1,normal,1.0,20000,CASH,25000,5000,3
TRX-260525-06851,2026-05-25,15:45:00,2026-05-25 15:45:00,0,Monday,5,0,1,normal,1.0,30500,QRIS,30500,0,2
TRX-260525-06852,2026-05-25,06:03:00,2026-05-25 06:03:00,0,Monday,5,0,1,normal,1.0,8000,CASH,10000,2000,1
TRX-260525-06853,2026-05-25,09:19:00,2026-05-25 09:19:00,0,Monday,5,0,1,normal,1.0,26000,CASH,30000,4000,4
TRX-260526-06854,2026-05-26,09:33:00,2026-05-26 09:33:00,1,Tuesday,5,0,1,normal,1.0,37200,CASH,40000,2800,4
TRX-260526-06855,2026-05-26,17:40:00,2026-05-26 17:40:00,1,Tuesday,5,0,1,normal,1.0,23000,CASH,25000,2000,4
TRX-260526-06856,2026-05-26,19:10:00,2026-05-26 19:10:00,1,Tuesday,5,0,1,normal,1.0,24000,CASH,25000,1000,1
TRX-260526-06857,2026-05-26,06:31:00,2026-05-26 06:31:00,1,Tuesday,5,0,1,normal,1.0,32000,CASH,35000,3000,2
TRX-260526-06858,2026-05-26,10:24:00,2026-05-26 10:24:00,1,Tuesday,5,0,1,normal,1.0,17000,CASH,20000,3000,3
TRX-260526-06859,2026-05-26,07:10:00,2026-05-26 07:10:00,1,Tuesday,5,0,1,normal,1.0,44000,CASH,45000,1000,4
TRX-260526-06860,2026-05-26,20:47:00,2026-05-26 20:47:00,1,Tuesday,5,0,1,normal,1.0,76000,QRIS,76000,0,4
TRX-260526-06861,2026-05-26,11:33:00,2026-05-26 11:33:00,1,Tuesday,5,0,1,normal,1.0,8000,CASH,10000,2000,2
TRX-260526-06862,2026-05-26,08:48:00,2026-05-26 08:48:00,1,Tuesday,5,0,1,normal,1.0,51500,CASH,55000,3500,2
TRX-260526-06863,2026-05-26,10:40:00,2026-05-26 10:40:00,1,Tuesday,5,0,1,normal,1.0,120500,QRIS,120500,0,5
TRX-260526-06864,2026-05-26,07:27:00,2026-05-26 07:27:00,1,Tuesday,5,0,1,normal,1.0,7000,CASH,10000,3000,2
TRX-260526-06865,2026-05-26,18:25:00,2026-05-26 18:25:00,1,Tuesday,5,0,1,normal,1.0,33000,CASH,35000,2000,2
TRX-260526-06866,2026-05-26,10:09:00,2026-05-26 10:09:00,1,Tuesday,5,0,1,normal,1.0,30000,CASH,35000,5000,2
TRX-260526-06867,2026-05-26,16:49:00,2026-05-26 16:49:00,1,Tuesday,5,0,1,normal,1.0,21000,CASH,25000,4000,3
TRX-260526-06868,2026-05-26,11:51:00,2026-05-26 11:51:00,1,Tuesday,5,0,1,normal,1.0,111000,CASH,115000,4000,2
TRX-260526-06869,2026-05-26,14:41:00,2026-05-26 14:41:00,1,Tuesday,5,0,1,normal,1.0,12000,QRIS,12000,0,2
TRX-260526-06870,2026-05-26,19:01:00,2026-05-26 19:01:00,1,Tuesday,5,0,1,normal,1.0,11000,CASH,15000,4000,2
TRX-260527-06871,2026-05-27,18:02:00,2026-05-27 18:02:00,2,Wednesday,5,0,1,normal,1.0,9000,CASH,10000,1000,3
TRX-260527-06872,2026-05-27,10:27:00,2026-05-27 10:27:00,2,Wednesday,5,0,1,normal,1.0,56500,CASH,60000,3500,3
TRX-260527-06873,2026-05-27,09:39:00,2026-05-27 09:39:00,2,Wednesday,5,0,1,normal,1.0,21000,CASH,25000,4000,2
TRX-260527-06874,2026-05-27,11:57:00,2026-05-27 11:57:00,2,Wednesday,5,0,1,normal,1.0,66000,TRANSFER,66000,0,2
TRX-260527-06875,2026-05-27,12:47:00,2026-05-27 12:47:00,2,Wednesday,5,0,1,normal,1.0,36000,CASH,40000,4000,5
TRX-260527-06876,2026-05-27,17:07:00,2026-05-27 17:07:00,2,Wednesday,5,0,1,normal,1.0,12000,CASH,15000,3000,2
TRX-260527-06877,2026-05-27,08:35:00,2026-05-27 08:35:00,2,Wednesday,5,0,1,normal,1.0,30800,CASH,35000,4200,2
TRX-260527-06878,2026-05-27,14:19:00,2026-05-27 14:19:00,2,Wednesday,5,0,1,normal,1.0,4000,CASH,5000,1000,2
TRX-260527-06879,2026-05-27,06:50:00,2026-05-27 06:50:00,2,Wednesday,5,0,1,normal,1.0,86500,CASH,90000,3500,4
TRX-260527-06880,2026-05-27,21:47:00,2026-05-27 21:47:00,2,Wednesday,5,0,1,normal,1.0,20400,CASH,25000,4600,3
TRX-260527-06881,2026-05-27,13:58:00,2026-05-27 13:58:00,2,Wednesday,5,0,1,normal,1.0,32000,CASH,35000,3000,3
TRX-260527-06882,2026-05-27,19:12:00,2026-05-27 19:12:00,2,Wednesday,5,0,1,normal,1.0,3500,TRANSFER,3500,0,2
TRX-260527-06883,2026-05-27,11:35:00,2026-05-27 11:35:00,2,Wednesday,5,0,1,normal,1.0,22000,TRANSFER,22000,0,2
TRX-260527-06884,2026-05-27,08:44:00,2026-05-27 08:44:00,2,Wednesday,5,0,1,normal,1.0,39725,CASH,40000,275,5
TRX-260527-06885,2026-05-27,09:16:00,2026-05-27 09:16:00,2,Wednesday,5,0,1,normal,1.0,13000,CASH,15000,2000,2
TRX-260527-06886,2026-05-27,14:59:00,2026-05-27 14:59:00,2,Wednesday,5,0,1,normal,1.0,14500,CASH,15000,500,3
TRX-260527-06887,2026-05-27,10:24:00,2026-05-27 10:24:00,2,Wednesday,5,0,1,normal,1.0,5000,CASH,10000,5000,2
TRX-260527-06888,2026-05-27,13:12:00,2026-05-27 13:12:00,2,Wednesday,5,0,1,normal,1.0,78000,CASH,80000,2000,3
TRX-260527-06889,2026-05-27,09:30:00,2026-05-27 09:30:00,2,Wednesday,5,0,1,normal,1.0,13500,CASH,15000,1500,2
TRX-260527-06890,2026-05-27,17:36:00,2026-05-27 17:36:00,2,Wednesday,5,0,1,normal,1.0,94500,EWALLET,94500,0,3
TRX-260527-06891,2026-05-27,19:31:00,2026-05-27 19:31:00,2,Wednesday,5,0,1,normal,1.0,12000,CASH,15000,3000,2
TRX-260528-06892,2026-05-28,15:11:00,2026-05-28 15:11:00,3,Thursday,5,0,1,normal,1.0,6000,QRIS,6000,0,1
TRX-260528-06893,2026-05-28,10:23:00,2026-05-28 10:23:00,3,Thursday,5,0,1,normal,1.0,23000,CASH,25000,2000,3
TRX-260528-06894,2026-05-28,12:34:00,2026-05-28 12:34:00,3,Thursday,5,0,1,normal,1.0,66000,CASH,70000,4000,3
TRX-260528-06895,2026-05-28,10:29:00,2026-05-28 10:29:00,3,Thursday,5,0,1,normal,1.0,16000,CASH,20000,4000,1
TRX-260528-06896,2026-05-28,09:50:00,2026-05-28 09:50:00,3,Thursday,5,0,1,normal,1.0,64000,CASH,65000,1000,4
TRX-260528-06897,2026-05-28,15:22:00,2026-05-28 15:22:00,3,Thursday,5,0,1,normal,1.0,3500,QRIS,3500,0,3
TRX-260528-06898,2026-05-28,17:59:00,2026-05-28 17:59:00,3,Thursday,5,0,1,normal,1.0,80200,CASH,85000,4800,4
TRX-260528-06899,2026-05-28,11:54:00,2026-05-28 11:54:00,3,Thursday,5,0,1,normal,1.0,87000,CASH,90000,3000,4
TRX-260528-06900,2026-05-28,11:02:00,2026-05-28 11:02:00,3,Thursday,5,0,1,normal,1.0,17000,CASH,20000,3000,2
TRX-260528-06901,2026-05-28,13:58:00,2026-05-28 13:58:00,3,Thursday,5,0,1,normal,1.0,21000,CASH,25000,4000,3
TRX-260528-06902,2026-05-28,15:29:00,2026-05-28 15:29:00,3,Thursday,5,0,1,normal,1.0,29700,CASH,30000,300,4
TRX-260528-06903,2026-05-28,10:33:00,2026-05-28 10:33:00,3,Thursday,5,0,1,normal,1.0,16000,CASH,20000,4000,2
TRX-260528-06904,2026-05-28,16:26:00,2026-05-28 16:26:00,3,Thursday,5,0,1,normal,1.0,25000,TRANSFER,25000,0,3
TRX-260528-06905,2026-05-28,21:55:00,2026-05-28 21:55:00,3,Thursday,5,0,1,normal,1.0,28500,CASH,30000,1500,3
TRX-260528-06906,2026-05-28,11:07:00,2026-05-28 11:07:00,3,Thursday,5,0,1,normal,1.0,9000,CASH,10000,1000,1
TRX-260528-06907,2026-05-28,18:10:00,2026-05-28 18:10:00,3,Thursday,5,0,1,normal,1.0,33000,CASH,35000,2000,2
TRX-260528-06908,2026-05-28,13:42:00,2026-05-28 13:42:00,3,Thursday,5,0,1,normal,1.0,25000,CASH,30000,5000,3
TRX-260528-06909,2026-05-28,10:27:00,2026-05-28 10:27:00,3,Thursday,5,0,1,normal,1.0,33500,CASH,35000,1500,5
TRX-260528-06910,2026-05-28,17:34:00,2026-05-28 17:34:00,3,Thursday,5,0,1,normal,1.0,54000,CASH,55000,1000,1
TRX-260528-06911,2026-05-28,19:07:00,2026-05-28 19:07:00,3,Thursday,5,0,1,normal,1.0,40000,TRANSFER,40000,0,3
TRX-260528-06912,2026-05-28,18:23:00,2026-05-28 18:23:00,3,Thursday,5,0,1,normal,1.0,12000,CASH,15000,3000,3
TRX-260528-06913,2026-05-28,09:45:00,2026-05-28 09:45:00,3,Thursday,5,0,1,normal,1.0,51000,CASH,55000,4000,2
TRX-260528-06914,2026-05-28,14:25:00,2026-05-28 14:25:00,3,Thursday,5,0,1,normal,1.0,24500,CASH,25000,500,2
TRX-260528-06915,2026-05-28,13:06:00,2026-05-28 13:06:00,3,Thursday,5,0,1,normal,1.0,26000,QRIS,26000,0,3
TRX-260528-06916,2026-05-28,17:08:00,2026-05-28 17:08:00,3,Thursday,5,0,1,normal,1.0,27000,QRIS,27000,0,1
TRX-260528-06917,2026-05-28,20:13:00,2026-05-28 20:13:00,3,Thursday,5,0,1,normal,1.0,52000,CASH,55000,3000,3
TRX-260528-06918,2026-05-28,09:40:00,2026-05-28 09:40:00,3,Thursday,5,0,1,normal,1.0,131350,CASH,135000,3650,5
TRX-260528-06919,2026-05-28,10:41:00,2026-05-28 10:41:00,3,Thursday,5,0,1,normal,1.0,13500,EWALLET,13500,0,2
TRX-260528-06920,2026-05-28,17:19:00,2026-05-28 17:19:00,3,Thursday,5,0,1,normal,1.0,11400,CASH,15000,3600,1
TRX-260528-06921,2026-05-28,10:25:00,2026-05-28 10:25:00,3,Thursday,5,0,1,normal,1.0,17500,QRIS,17500,0,3
TRX-260528-06922,2026-05-28,11:02:00,2026-05-28 11:02:00,3,Thursday,5,0,1,normal,1.0,9500,TRANSFER,9500,0,3
TRX-260528-06923,2026-05-28,18:41:00,2026-05-28 18:41:00,3,Thursday,5,0,1,normal,1.0,37000,CASH,40000,3000,4
TRX-260528-06924,2026-05-28,11:09:00,2026-05-28 11:09:00,3,Thursday,5,0,1,normal,1.0,3000,CASH,5000,2000,1
TRX-260529-06925,2026-05-29,08:44:00,2026-05-29 08:44:00,4,Friday,5,0,1,normal,1.0,25000,CASH,30000,5000,3
TRX-260529-06926,2026-05-29,10:24:00,2026-05-29 10:24:00,4,Friday,5,0,1,normal,1.0,9000,EWALLET,9000,0,1
TRX-260529-06927,2026-05-29,18:43:00,2026-05-29 18:43:00,4,Friday,5,0,1,normal,1.0,48000,CASH,50000,2000,3
TRX-260529-06928,2026-05-29,12:15:00,2026-05-29 12:15:00,4,Friday,5,0,1,normal,1.0,22800,CASH,25000,2200,2
TRX-260529-06929,2026-05-29,17:43:00,2026-05-29 17:43:00,4,Friday,5,0,1,normal,1.0,68000,CASH,70000,2000,4
TRX-260529-06930,2026-05-29,13:14:00,2026-05-29 13:14:00,4,Friday,5,0,1,normal,1.0,21000,QRIS,21000,0,2
TRX-260529-06931,2026-05-29,09:35:00,2026-05-29 09:35:00,4,Friday,5,0,1,normal,1.0,10000,CASH,15000,5000,1
TRX-260529-06932,2026-05-29,16:26:00,2026-05-29 16:26:00,4,Friday,5,0,1,normal,1.0,20000,CASH,25000,5000,2
TRX-260529-06933,2026-05-29,11:28:00,2026-05-29 11:28:00,4,Friday,5,0,1,normal,1.0,48000,CASH,50000,2000,1
TRX-260529-06934,2026-05-29,09:37:00,2026-05-29 09:37:00,4,Friday,5,0,1,normal,1.0,42500,CASH,45000,2500,2
TRX-260529-06935,2026-05-29,18:50:00,2026-05-29 18:50:00,4,Friday,5,0,1,normal,1.0,14000,CASH,15000,1000,2
TRX-260529-06936,2026-05-29,15:53:00,2026-05-29 15:53:00,4,Friday,5,0,1,normal,1.0,36500,QRIS,36500,0,5
TRX-260529-06937,2026-05-29,09:12:00,2026-05-29 09:12:00,4,Friday,5,0,1,normal,1.0,71000,CASH,75000,4000,2
TRX-260529-06938,2026-05-29,07:05:00,2026-05-29 07:05:00,4,Friday,5,0,1,normal,1.0,3000,CASH,5000,2000,1
TRX-260529-06939,2026-05-29,11:29:00,2026-05-29 11:29:00,4,Friday,5,0,1,normal,1.0,6500,EWALLET,6500,0,3
TRX-260529-06940,2026-05-29,18:12:00,2026-05-29 18:12:00,4,Friday,5,0,1,normal,1.0,7000,CASH,10000,3000,2
TRX-260529-06941,2026-05-29,10:20:00,2026-05-29 10:20:00,4,Friday,5,0,1,normal,1.0,20000,CASH,25000,5000,2
TRX-260529-06942,2026-05-29,08:42:00,2026-05-29 08:42:00,4,Friday,5,0,1,normal,1.0,87000,EWALLET,87000,0,2
TRX-260529-06943,2026-05-29,08:48:00,2026-05-29 08:48:00,4,Friday,5,0,1,normal,1.0,67500,CASH,70000,2500,3
TRX-260529-06944,2026-05-29,21:42:00,2026-05-29 21:42:00,4,Friday,5,0,1,normal,1.0,75000,CASH,80000,5000,1
TRX-260529-06945,2026-05-29,20:11:00,2026-05-29 20:11:00,4,Friday,5,0,1,normal,1.0,100200,CASH,105000,4800,4
TRX-260530-06946,2026-05-30,15:19:00,2026-05-30 15:19:00,5,Saturday,5,1,1,normal,1.0,17500,CASH,20000,2500,3
TRX-260530-06947,2026-05-30,16:23:00,2026-05-30 16:23:00,5,Saturday,5,1,1,normal,1.0,15000,CASH,20000,5000,2
TRX-260530-06948,2026-05-30,16:22:00,2026-05-30 16:22:00,5,Saturday,5,1,1,normal,1.0,80000,QRIS,80000,0,2
TRX-260530-06949,2026-05-30,20:51:00,2026-05-30 20:51:00,5,Saturday,5,1,1,normal,1.0,52500,QRIS,52500,0,2
TRX-260530-06950,2026-05-30,13:42:00,2026-05-30 13:42:00,5,Saturday,5,1,1,normal,1.0,11000,CASH,15000,4000,3
TRX-260530-06951,2026-05-30,16:29:00,2026-05-30 16:29:00,5,Saturday,5,1,1,normal,1.0,14000,CASH,15000,1000,2
TRX-260530-06952,2026-05-30,09:04:00,2026-05-30 09:04:00,5,Saturday,5,1,1,normal,1.0,16000,CASH,20000,4000,2
TRX-260530-06953,2026-05-30,08:14:00,2026-05-30 08:14:00,5,Saturday,5,1,1,normal,1.0,7500,QRIS,7500,0,2
TRX-260530-06954,2026-05-30,11:50:00,2026-05-30 11:50:00,5,Saturday,5,1,1,normal,1.0,6900,CASH,10000,3100,2
TRX-260530-06955,2026-05-30,15:53:00,2026-05-30 15:53:00,5,Saturday,5,1,1,normal,1.0,66700,CASH,70000,3300,5
TRX-260530-06956,2026-05-30,06:32:00,2026-05-30 06:32:00,5,Saturday,5,1,1,normal,1.0,25500,CASH,30000,4500,3
TRX-260530-06957,2026-05-30,07:03:00,2026-05-30 07:03:00,5,Saturday,5,1,1,normal,1.0,216000,CASH,220000,4000,5
TRX-260530-06958,2026-05-30,10:22:00,2026-05-30 10:22:00,5,Saturday,5,1,1,normal,1.0,3000,QRIS,3000,0,1
TRX-260530-06959,2026-05-30,14:56:00,2026-05-30 14:56:00,5,Saturday,5,1,1,normal,1.0,12000,CASH,15000,3000,2
TRX-260530-06960,2026-05-30,09:21:00,2026-05-30 09:21:00,5,Saturday,5,1,1,normal,1.0,144500,EWALLET,144500,0,5
TRX-260530-06961,2026-05-30,19:45:00,2026-05-30 19:45:00,5,Saturday,5,1,1,normal,1.0,116000,CASH,120000,4000,4
TRX-260530-06962,2026-05-30,13:56:00,2026-05-30 13:56:00,5,Saturday,5,1,1,normal,1.0,85000,CASH,90000,5000,3
TRX-260530-06963,2026-05-30,15:15:00,2026-05-30 15:15:00,5,Saturday,5,1,1,normal,1.0,22000,CASH,25000,3000,2
TRX-260530-06964,2026-05-30,14:23:00,2026-05-30 14:23:00,5,Saturday,5,1,1,normal,1.0,20000,CASH,25000,5000,3
TRX-260530-06965,2026-05-30,12:24:00,2026-05-30 12:24:00,5,Saturday,5,1,1,normal,1.0,37000,CASH,40000,3000,2
TRX-260530-06966,2026-05-30,13:52:00,2026-05-30 13:52:00,5,Saturday,5,1,1,normal,1.0,12000,CASH,15000,3000,1
TRX-260530-06967,2026-05-30,10:53:00,2026-05-30 10:53:00,5,Saturday,5,1,1,normal,1.0,37425,CASH,40000,2575,4
TRX-260530-06968,2026-05-30,13:42:00,2026-05-30 13:42:00,5,Saturday,5,1,1,normal,1.0,87000,CASH,90000,3000,4
TRX-260530-06969,2026-05-30,12:19:00,2026-05-30 12:19:00,5,Saturday,5,1,1,normal,1.0,7000,CASH,10000,3000,2
TRX-260530-06970,2026-05-30,10:36:00,2026-05-30 10:36:00,5,Saturday,5,1,1,normal,1.0,12000,TRANSFER,12000,0,1
TRX-260530-06971,2026-05-30,08:01:00,2026-05-30 08:01:00,5,Saturday,5,1,1,normal,1.0,1000,QRIS,1000,0,1
TRX-260530-06972,2026-05-30,13:41:00,2026-05-30 13:41:00,5,Saturday,5,1,1,normal,1.0,12000,CASH,15000,3000,1
TRX-260530-06973,2026-05-30,16:17:00,2026-05-30 16:17:00,5,Saturday,5,1,1,normal,1.0,7600,CASH,10000,2400,1
TRX-260530-06974,2026-05-30,12:50:00,2026-05-30 12:50:00,5,Saturday,5,1,1,normal,1.0,49000,CASH,50000,1000,2
TRX-260530-06975,2026-05-30,16:15:00,2026-05-30 16:15:00,5,Saturday,5,1,1,normal,1.0,102000,QRIS,102000,0,3
TRX-260531-06976,2026-05-31,19:41:00,2026-05-31 19:41:00,6,Sunday,5,1,1,normal,1.0,27500,CASH,30000,2500,5
TRX-260531-06977,2026-05-31,19:47:00,2026-05-31 19:47:00,6,Sunday,5,1,1,normal,1.0,108000,TRANSFER,108000,0,5
TRX-260531-06978,2026-05-31,12:39:00,2026-05-31 12:39:00,6,Sunday,5,1,1,normal,1.0,15000,CASH,20000,5000,1
TRX-260531-06979,2026-05-31,09:59:00,2026-05-31 09:59:00,6,Sunday,5,1,1,normal,1.0,3000,CASH,5000,2000,1
TRX-260531-06980,2026-05-31,07:48:00,2026-05-31 07:48:00,6,Sunday,5,1,1,normal,1.0,155000,CASH,160000,5000,4
TRX-260531-06981,2026-05-31,10:54:00,2026-05-31 10:54:00,6,Sunday,5,1,1,normal,1.0,7000,QRIS,7000,0,2
TRX-260531-06982,2026-05-31,18:22:00,2026-05-31 18:22:00,6,Sunday,5,1,1,normal,1.0,85600,CASH,90000,4400,4
TRX-260531-06983,2026-05-31,18:19:00,2026-05-31 18:19:00,6,Sunday,5,1,1,normal,1.0,37650,CASH,40000,2350,2
TRX-260531-06984,2026-05-31,11:35:00,2026-05-31 11:35:00,6,Sunday,5,1,1,normal,1.0,5000,CASH,10000,5000,3
TRX-260531-06985,2026-05-31,12:57:00,2026-05-31 12:57:00,6,Sunday,5,1,1,normal,1.0,24000,CASH,25000,1000,1
TRX-260531-06986,2026-05-31,11:56:00,2026-05-31 11:56:00,6,Sunday,5,1,1,normal,1.0,81000,CASH,85000,4000,2
TRX-260531-06987,2026-05-31,12:06:00,2026-05-31 12:06:00,6,Sunday,5,1,1,normal,1.0,53525,TRANSFER,53525,0,4
TRX-260531-06988,2026-05-31,16:39:00,2026-05-31 16:39:00,6,Sunday,5,1,1,normal,1.0,9000,EWALLET,9000,0,1
TRX-260531-06989,2026-05-31,09:19:00,2026-05-31 09:19:00,6,Sunday,5,1,1,normal,1.0,35000,TRANSFER,35000,0,2
TRX-260531-06990,2026-05-31,12:15:00,2026-05-31 12:15:00,6,Sunday,5,1,1,normal,1.0,10000,CASH,15000,5000,2
TRX-260531-06991,2026-05-31,17:15:00,2026-05-31 17:15:00,6,Sunday,5,1,1,normal,1.0,123000,CASH,125000,2000,2
TRX-260531-06992,2026-05-31,11:48:00,2026-05-31 11:48:00,6,Sunday,5,1,1,normal,1.0,39000,CASH,40000,1000,2
TRX-260531-06993,2026-05-31,09:23:00,2026-05-31 09:23:00,6,Sunday,5,1,1,normal,1.0,29000,CASH,30000,1000,3
TRX-260531-06994,2026-05-31,14:03:00,2026-05-31 14:03:00,6,Sunday,5,1,1,normal,1.0,62000,CASH,65000,3000,3
TRX-260531-06995,2026-05-31,12:31:00,2026-05-31 12:31:00,6,Sunday,5,1,1,normal,1.0,61500,CASH,65000,3500,2
TRX-260531-06996,2026-05-31,09:52:00,2026-05-31 09:52:00,6,Sunday,5,1,1,normal,1.0,12000,CASH,15000,3000,1
TRX-260531-06997,2026-05-31,07:11:00,2026-05-31 07:11:00,6,Sunday,5,1,1,normal,1.0,18000,QRIS,18000,0,2
TRX-260531-06998,2026-05-31,16:03:00,2026-05-31 16:03:00,6,Sunday,5,1,1,normal,1.0,4000,CASH,5000,1000,2
TRX-260531-06999,2026-05-31,08:18:00,2026-05-31 08:18:00,6,Sunday,5,1,1,normal,1.0,84300,TRANSFER,84300,0,5
TRX-260531-07000,2026-05-31,06:39:00,2026-05-31 06:39:00,6,Sunday,5,1,1,normal,1.0,12000,CASH,15000,3000,2
TRX-260531-07001,2026-05-31,17:49:00,2026-05-31 17:49:00,6,Sunday,5,1,1,normal,1.0,42300,CASH,45000,2700,4
TRX-260531-07002,2026-05-31,18:42:00,2026-05-31 18:42:00,6,Sunday,5,1,1,normal,1.0,9000,CASH,10000,1000,2
TRX-260531-07003,2026-05-31,14:35:00,2026-05-31 14:35:00,6,Sunday,5,1,1,normal,1.0,158000,QRIS,158000,0,2
TRX-260531-07004,2026-05-31,13:48:00,2026-05-31 13:48:00,6,Sunday,5,1,1,normal,1.0,53200,CASH,55000,1800,4
TRX-260531-07005,2026-05-31,14:01:00,2026-05-31 14:01:00,6,Sunday,5,1,1,normal,1.0,5000,CASH,10000,5000,2
TRX-260531-07006,2026-05-31,14:03:00,2026-05-31 14:03:00,6,Sunday,5,1,1,normal,1.0,124500,CASH,125000,500,5
TRX-260531-07007,2026-05-31,11:55:00,2026-05-31 11:55:00,6,Sunday,5,1,1,normal,1.0,5500,CASH,10000,4500,3
TRX-260531-07008,2026-05-31,13:21:00,2026-05-31 13:21:00,6,Sunday,5,1,1,normal,1.0,24000,CASH,25000,1000,4
TRX-260531-07009,2026-05-31,16:59:00,2026-05-31 16:59:00,6,Sunday,5,1,1,normal,1.0,3000,CASH,5000,2000,1
TRX-260531-07010,2026-05-31,18:41:00,2026-05-31 18:41:00,6,Sunday,5,1,1,normal,1.0,26000,QRIS,26000,0,4
TRX-260531-07011,2026-05-31,13:03:00,2026-05-31 13:03:00,6,Sunday,5,1,1,normal,1.0,2000,CASH,5000,3000,1
TRX-260531-07012,2026-05-31,16:29:00,2026-05-31 16:29:00,6,Sunday,5,1,1,normal,1.0,15000,TRANSFER,15000,0,2
TRX-260531-07013,2026-05-31,12:25:00,2026-05-31 12:25:00,6,Sunday,5,1,1,normal,1.0,15000,CASH,20000,5000,2
TRX-260531-07014,2026-05-31,10:30:00,2026-05-31 10:30:00,6,Sunday,5,1,1,normal,1.0,36000,QRIS,36000,0,2
TRX-260531-07015,2026-05-31,18:07:00,2026-05-31 18:07:00,6,Sunday,5,1,1,normal,1.0,154250,CASH,155000,750,4
TRX-260531-07016,2026-05-31,16:14:00,2026-05-31 16:14:00,6,Sunday,5,1,1,normal,1.0,6000,CASH,10000,4000,1
TRX-260531-07017,2026-05-31,11:31:00,2026-05-31 11:31:00,6,Sunday,5,1,1,normal,1.0,63000,CASH,65000,2000,2
TRX-260601-07018,2026-06-01,08:28:00,2026-06-01 08:28:00,0,Monday,6,0,1,normal,1.0,38000,EWALLET,38000,0,4
TRX-260601-07019,2026-06-01,16:50:00,2026-06-01 16:50:00,0,Monday,6,0,1,normal,1.0,12000,CASH,15000,3000,1
TRX-260601-07020,2026-06-01,16:16:00,2026-06-01 16:16:00,0,Monday,6,0,1,normal,1.0,1000,CASH,5000,4000,1
TRX-260601-07021,2026-06-01,19:02:00,2026-06-01 19:02:00,0,Monday,6,0,1,normal,1.0,15000,CASH,20000,5000,2
TRX-260601-07022,2026-06-01,10:30:00,2026-06-01 10:30:00,0,Monday,6,0,1,normal,1.0,93000,QRIS,93000,0,4
TRX-260601-07023,2026-06-01,10:34:00,2026-06-01 10:34:00,0,Monday,6,0,1,normal,1.0,4000,QRIS,4000,0,2
TRX-260601-07024,2026-06-01,10:02:00,2026-06-01 10:02:00,0,Monday,6,0,1,normal,1.0,59500,CASH,60000,500,2
TRX-260601-07025,2026-06-01,14:56:00,2026-06-01 14:56:00,0,Monday,6,0,1,normal,1.0,44500,QRIS,44500,0,4
TRX-260601-07026,2026-06-01,18:27:00,2026-06-01 18:27:00,0,Monday,6,0,1,normal,1.0,87500,CASH,90000,2500,4
TRX-260601-07027,2026-06-01,17:44:00,2026-06-01 17:44:00,0,Monday,6,0,1,normal,1.0,13500,EWALLET,13500,0,2
TRX-260601-07028,2026-06-01,10:21:00,2026-06-01 10:21:00,0,Monday,6,0,1,normal,1.0,73250,CASH,75000,1750,3
TRX-260601-07029,2026-06-01,13:42:00,2026-06-01 13:42:00,0,Monday,6,0,1,normal,1.0,48000,CASH,50000,2000,2
TRX-260601-07030,2026-06-01,19:41:00,2026-06-01 19:41:00,0,Monday,6,0,1,normal,1.0,57000,CASH,60000,3000,2
TRX-260601-07031,2026-06-01,14:21:00,2026-06-01 14:21:00,0,Monday,6,0,1,normal,1.0,22000,CASH,25000,3000,3
TRX-260601-07032,2026-06-01,06:25:00,2026-06-01 06:25:00,0,Monday,6,0,1,normal,1.0,19000,CASH,20000,1000,3
TRX-260601-07033,2026-06-01,11:53:00,2026-06-01 11:53:00,0,Monday,6,0,1,normal,1.0,50600,CASH,55000,4400,4
TRX-260601-07034,2026-06-01,07:58:00,2026-06-01 07:58:00,0,Monday,6,0,1,normal,1.0,17500,CASH,20000,2500,3
TRX-260601-07035,2026-06-01,12:29:00,2026-06-01 12:29:00,0,Monday,6,0,1,normal,1.0,22000,CASH,25000,3000,3
TRX-260601-07036,2026-06-01,13:03:00,2026-06-01 13:03:00,0,Monday,6,0,1,normal,1.0,3000,CASH,5000,2000,1
TRX-260601-07037,2026-06-01,16:40:00,2026-06-01 16:40:00,0,Monday,6,0,1,normal,1.0,24000,CASH,25000,1000,1
TRX-260601-07038,2026-06-01,12:16:00,2026-06-01 12:16:00,0,Monday,6,0,1,normal,1.0,54000,QRIS,54000,0,3
TRX-260601-07039,2026-06-01,11:17:00,2026-06-01 11:17:00,0,Monday,6,0,1,normal,1.0,41000,CASH,45000,4000,2
TRX-260601-07040,2026-06-01,21:23:00,2026-06-01 21:23:00,0,Monday,6,0,1,normal,1.0,60000,CASH,65000,5000,2
TRX-260601-07041,2026-06-01,13:43:00,2026-06-01 13:43:00,0,Monday,6,0,1,normal,1.0,54000,EWALLET,54000,0,1
TRX-260601-07042,2026-06-01,07:06:00,2026-06-01 07:06:00,0,Monday,6,0,1,normal,1.0,229000,TRANSFER,229000,0,4
TRX-260601-07043,2026-06-01,12:05:00,2026-06-01 12:05:00,0,Monday,6,0,1,normal,1.0,182500,CASH,185000,2500,3
TRX-260601-07044,2026-06-01,21:13:00,2026-06-01 21:13:00,0,Monday,6,0,1,normal,1.0,16000,CASH,20000,4000,4
TRX-260601-07045,2026-06-01,10:07:00,2026-06-01 10:07:00,0,Monday,6,0,1,normal,1.0,37000,CASH,40000,3000,3
TRX-260601-07046,2026-06-01,09:32:00,2026-06-01 09:32:00,0,Monday,6,0,1,normal,1.0,38000,CASH,40000,2000,4
TRX-260601-07047,2026-06-01,10:27:00,2026-06-01 10:27:00,0,Monday,6,0,1,normal,1.0,26000,CASH,30000,4000,3
TRX-260601-07048,2026-06-01,11:47:00,2026-06-01 11:47:00,0,Monday,6,0,1,normal,1.0,63000,CASH,65000,2000,2
TRX-260602-07049,2026-06-02,10:06:00,2026-06-02 10:06:00,1,Tuesday,6,0,1,normal,1.0,14650,CASH,15000,350,3
TRX-260602-07050,2026-06-02,18:55:00,2026-06-02 18:55:00,1,Tuesday,6,0,1,normal,1.0,29500,QRIS,29500,0,3
TRX-260602-07051,2026-06-02,13:01:00,2026-06-02 13:01:00,1,Tuesday,6,0,1,normal,1.0,6000,CASH,10000,4000,1
TRX-260602-07052,2026-06-02,15:48:00,2026-06-02 15:48:00,1,Tuesday,6,0,1,normal,1.0,108000,CASH,110000,2000,1
TRX-260602-07053,2026-06-02,12:52:00,2026-06-02 12:52:00,1,Tuesday,6,0,1,normal,1.0,12000,TRANSFER,12000,0,2
TRX-260602-07054,2026-06-02,09:27:00,2026-06-02 09:27:00,1,Tuesday,6,0,1,normal,1.0,12000,CASH,15000,3000,1
TRX-260602-07055,2026-06-02,12:21:00,2026-06-02 12:21:00,1,Tuesday,6,0,1,normal,1.0,13000,TRANSFER,13000,0,2
TRX-260602-07056,2026-06-02,09:30:00,2026-06-02 09:30:00,1,Tuesday,6,0,1,normal,1.0,24000,CASH,25000,1000,3
TRX-260602-07057,2026-06-02,17:56:00,2026-06-02 17:56:00,1,Tuesday,6,0,1,normal,1.0,19000,QRIS,19000,0,3
TRX-260602-07058,2026-06-02,19:50:00,2026-06-02 19:50:00,1,Tuesday,6,0,1,normal,1.0,147000,CASH,150000,3000,5
TRX-260602-07059,2026-06-02,12:10:00,2026-06-02 12:10:00,1,Tuesday,6,0,1,normal,1.0,122000,TRANSFER,122000,0,4
TRX-260602-07060,2026-06-02,20:59:00,2026-06-02 20:59:00,1,Tuesday,6,0,1,normal,1.0,57000,TRANSFER,57000,0,2
TRX-260602-07061,2026-06-02,17:29:00,2026-06-02 17:29:00,1,Tuesday,6,0,1,normal,1.0,5750,TRANSFER,5750,0,2
TRX-260602-07062,2026-06-02,16:25:00,2026-06-02 16:25:00,1,Tuesday,6,0,1,normal,1.0,9000,EWALLET,9000,0,1
TRX-260602-07063,2026-06-02,15:26:00,2026-06-02 15:26:00,1,Tuesday,6,0,1,normal,1.0,58275,CASH,60000,1725,3
TRX-260602-07064,2026-06-02,14:56:00,2026-06-02 14:56:00,1,Tuesday,6,0,1,normal,1.0,14000,CASH,15000,1000,1
TRX-260602-07065,2026-06-02,18:19:00,2026-06-02 18:19:00,1,Tuesday,6,0,1,normal,1.0,51000,CASH,55000,4000,2
TRX-260602-07066,2026-06-02,16:03:00,2026-06-02 16:03:00,1,Tuesday,6,0,1,normal,1.0,118500,CASH,120000,1500,4
TRX-260602-07067,2026-06-02,13:28:00,2026-06-02 13:28:00,1,Tuesday,6,0,1,normal,1.0,28000,EWALLET,28000,0,3
TRX-260603-07068,2026-06-03,11:53:00,2026-06-03 11:53:00,2,Wednesday,6,0,1,normal,1.0,24500,CASH,25000,500,3
TRX-260603-07069,2026-06-03,11:31:00,2026-06-03 11:31:00,2,Wednesday,6,0,1,normal,1.0,120000,CASH,125000,5000,2
TRX-260603-07070,2026-06-03,17:38:00,2026-06-03 17:38:00,2,Wednesday,6,0,1,normal,1.0,128300,QRIS,128300,0,4
TRX-260603-07071,2026-06-03,15:02:00,2026-06-03 15:02:00,2,Wednesday,6,0,1,normal,1.0,177825,CASH,180000,2175,4
TRX-260603-07072,2026-06-03,19:06:00,2026-06-03 19:06:00,2,Wednesday,6,0,1,normal,1.0,6000,CASH,10000,4000,1
TRX-260603-07073,2026-06-03,21:04:00,2026-06-03 21:04:00,2,Wednesday,6,0,1,normal,1.0,44000,CASH,45000,1000,5
TRX-260603-07074,2026-06-03,20:27:00,2026-06-03 20:27:00,2,Wednesday,6,0,1,normal,1.0,84000,EWALLET,84000,0,2
TRX-260603-07075,2026-06-03,15:40:00,2026-06-03 15:40:00,2,Wednesday,6,0,1,normal,1.0,32000,CASH,35000,3000,4
TRX-260603-07076,2026-06-03,08:39:00,2026-06-03 08:39:00,2,Wednesday,6,0,1,normal,1.0,58000,CASH,60000,2000,2
TRX-260603-07077,2026-06-03,14:38:00,2026-06-03 14:38:00,2,Wednesday,6,0,1,normal,1.0,61200,QRIS,61200,0,2
TRX-260603-07078,2026-06-03,08:17:00,2026-06-03 08:17:00,2,Wednesday,6,0,1,normal,1.0,7000,CASH,10000,3000,2
TRX-260603-07079,2026-06-03,09:55:00,2026-06-03 09:55:00,2,Wednesday,6,0,1,normal,1.0,6000,CASH,10000,4000,1
TRX-260603-07080,2026-06-03,19:18:00,2026-06-03 19:18:00,2,Wednesday,6,0,1,normal,1.0,20000,CASH,25000,5000,3
TRX-260603-07081,2026-06-03,11:32:00,2026-06-03 11:32:00,2,Wednesday,6,0,1,normal,1.0,14000,QRIS,14000,0,3
TRX-260603-07082,2026-06-03,16:20:00,2026-06-03 16:20:00,2,Wednesday,6,0,1,normal,1.0,18000,QRIS,18000,0,2
TRX-260603-07083,2026-06-03,13:35:00,2026-06-03 13:35:00,2,Wednesday,6,0,1,normal,1.0,5000,CASH,10000,5000,2
TRX-260603-07084,2026-06-03,10:41:00,2026-06-03 10:41:00,2,Wednesday,6,0,1,normal,1.0,8000,QRIS,8000,0,2
TRX-260603-07085,2026-06-03,19:13:00,2026-06-03 19:13:00,2,Wednesday,6,0,1,normal,1.0,21000,QRIS,21000,0,1
TRX-260603-07086,2026-06-03,09:26:00,2026-06-03 09:26:00,2,Wednesday,6,0,1,normal,1.0,36000,CASH,40000,4000,1
TRX-260603-07087,2026-06-03,16:29:00,2026-06-03 16:29:00,2,Wednesday,6,0,1,normal,1.0,44000,CASH,45000,1000,3
TRX-260603-07088,2026-06-03,16:53:00,2026-06-03 16:53:00,2,Wednesday,6,0,1,normal,1.0,3400,CASH,5000,1600,1
TRX-260603-07089,2026-06-03,18:42:00,2026-06-03 18:42:00,2,Wednesday,6,0,1,normal,1.0,19000,QRIS,19000,0,3
TRX-260603-07090,2026-06-03,17:20:00,2026-06-03 17:20:00,2,Wednesday,6,0,1,normal,1.0,43000,QRIS,43000,0,4
TRX-260603-07091,2026-06-03,17:01:00,2026-06-03 17:01:00,2,Wednesday,6,0,1,normal,1.0,78000,QRIS,78000,0,2
TRX-260603-07092,2026-06-03,11:10:00,2026-06-03 11:10:00,2,Wednesday,6,0,1,normal,1.0,75000,QRIS,75000,0,1
TRX-260603-07093,2026-06-03,18:43:00,2026-06-03 18:43:00,2,Wednesday,6,0,1,normal,1.0,27000,CASH,30000,3000,1
TRX-260603-07094,2026-06-03,11:57:00,2026-06-03 11:57:00,2,Wednesday,6,0,1,normal,1.0,14000,CASH,15000,1000,3
TRX-260603-07095,2026-06-03,15:11:00,2026-06-03 15:11:00,2,Wednesday,6,0,1,normal,1.0,9000,QRIS,9000,0,2
TRX-260603-07096,2026-06-03,13:13:00,2026-06-03 13:13:00,2,Wednesday,6,0,1,normal,1.0,32000,CASH,35000,3000,3
TRX-260603-07097,2026-06-03,14:07:00,2026-06-03 14:07:00,2,Wednesday,6,0,1,normal,1.0,105000,CASH,110000,5000,3
TRX-260603-07098,2026-06-03,20:41:00,2026-06-03 20:41:00,2,Wednesday,6,0,1,normal,1.0,35000,CASH,40000,5000,2
TRX-260604-07099,2026-06-04,11:28:00,2026-06-04 11:28:00,3,Thursday,6,0,1,normal,1.0,6000,QRIS,6000,0,1
TRX-260604-07100,2026-06-04,13:58:00,2026-06-04 13:58:00,3,Thursday,6,0,1,normal,1.0,66000,CASH,70000,4000,3
TRX-260604-07101,2026-06-04,17:49:00,2026-06-04 17:49:00,3,Thursday,6,0,1,normal,1.0,3000,CASH,5000,2000,1
TRX-260604-07102,2026-06-04,12:52:00,2026-06-04 12:52:00,3,Thursday,6,0,1,normal,1.0,10000,CASH,15000,5000,2
TRX-260604-07103,2026-06-04,14:31:00,2026-06-04 14:31:00,3,Thursday,6,0,1,normal,1.0,1000,CASH,5000,4000,1
TRX-260604-07104,2026-06-04,10:16:00,2026-06-04 10:16:00,3,Thursday,6,0,1,normal,1.0,25000,CASH,30000,5000,3
TRX-260604-07105,2026-06-04,10:46:00,2026-06-04 10:46:00,3,Thursday,6,0,1,normal,1.0,12000,CASH,15000,3000,1
TRX-260604-07106,2026-06-04,11:22:00,2026-06-04 11:22:00,3,Thursday,6,0,1,normal,1.0,8000,CASH,10000,2000,2
TRX-260604-07107,2026-06-04,09:27:00,2026-06-04 09:27:00,3,Thursday,6,0,1,normal,1.0,10000,QRIS,10000,0,1
TRX-260604-07108,2026-06-04,10:25:00,2026-06-04 10:25:00,3,Thursday,6,0,1,normal,1.0,81000,QRIS,81000,0,1
TRX-260604-07109,2026-06-04,12:09:00,2026-06-04 12:09:00,3,Thursday,6,0,1,normal,1.0,77000,TRANSFER,77000,0,3
TRX-260604-07110,2026-06-04,20:59:00,2026-06-04 20:59:00,3,Thursday,6,0,1,normal,1.0,49000,CASH,50000,1000,3
TRX-260604-07111,2026-06-04,21:13:00,2026-06-04 21:13:00,3,Thursday,6,0,1,normal,1.0,72000,CASH,75000,3000,2
TRX-260604-07112,2026-06-04,18:31:00,2026-06-04 18:31:00,3,Thursday,6,0,1,normal,1.0,18000,CASH,20000,2000,3
TRX-260604-07113,2026-06-04,19:35:00,2026-06-04 19:35:00,3,Thursday,6,0,1,normal,1.0,11000,CASH,15000,4000,2
TRX-260604-07114,2026-06-04,16:10:00,2026-06-04 16:10:00,3,Thursday,6,0,1,normal,1.0,11550,CASH,15000,3450,2
TRX-260604-07115,2026-06-04,11:14:00,2026-06-04 11:14:00,3,Thursday,6,0,1,normal,1.0,62500,CASH,65000,2500,4
TRX-260604-07116,2026-06-04,18:26:00,2026-06-04 18:26:00,3,Thursday,6,0,1,normal,1.0,41350,TRANSFER,41350,0,4
TRX-260604-07117,2026-06-04,11:40:00,2026-06-04 11:40:00,3,Thursday,6,0,1,normal,1.0,14000,CASH,15000,1000,2
TRX-260604-07118,2026-06-04,07:12:00,2026-06-04 07:12:00,3,Thursday,6,0,1,normal,1.0,77000,CASH,80000,3000,2
TRX-260604-07119,2026-06-04,11:03:00,2026-06-04 11:03:00,3,Thursday,6,0,1,normal,1.0,4000,CASH,5000,1000,2
TRX-260604-07120,2026-06-04,15:26:00,2026-06-04 15:26:00,3,Thursday,6,0,1,normal,1.0,9000,CASH,10000,1000,1
TRX-260604-07121,2026-06-04,18:42:00,2026-06-04 18:42:00,3,Thursday,6,0,1,normal,1.0,10500,CASH,15000,4500,3
TRX-260604-07122,2026-06-04,19:22:00,2026-06-04 19:22:00,3,Thursday,6,0,1,normal,1.0,2000,CASH,5000,3000,2
TRX-260604-07123,2026-06-04,18:59:00,2026-06-04 18:59:00,3,Thursday,6,0,1,normal,1.0,66000,CASH,70000,4000,4
TRX-260605-07124,2026-06-05,17:29:00,2026-06-05 17:29:00,4,Friday,6,0,1,normal,1.0,5000,CASH,10000,5000,1
TRX-260605-07125,2026-06-05,18:55:00,2026-06-05 18:55:00,4,Friday,6,0,1,normal,1.0,128000,QRIS,128000,0,3
TRX-260605-07126,2026-06-05,12:44:00,2026-06-05 12:44:00,4,Friday,6,0,1,normal,1.0,5000,TRANSFER,5000,0,1
TRX-260605-07127,2026-06-05,15:04:00,2026-06-05 15:04:00,4,Friday,6,0,1,normal,1.0,7000,QRIS,7000,0,3
TRX-260605-07128,2026-06-05,16:48:00,2026-06-05 16:48:00,4,Friday,6,0,1,normal,1.0,62500,CASH,65000,2500,3
TRX-260605-07129,2026-06-05,11:09:00,2026-06-05 11:09:00,4,Friday,6,0,1,normal,1.0,7000,CASH,10000,3000,2
TRX-260605-07130,2026-06-05,18:06:00,2026-06-05 18:06:00,4,Friday,6,0,1,normal,1.0,116000,TRANSFER,116000,0,4
TRX-260605-07131,2026-06-05,16:59:00,2026-06-05 16:59:00,4,Friday,6,0,1,normal,1.0,19000,EWALLET,19000,0,2
TRX-260605-07132,2026-06-05,12:40:00,2026-06-05 12:40:00,4,Friday,6,0,1,normal,1.0,54000,CASH,55000,1000,2
TRX-260605-07133,2026-06-05,20:37:00,2026-06-05 20:37:00,4,Friday,6,0,1,normal,1.0,75000,CASH,80000,5000,3
TRX-260605-07134,2026-06-05,06:03:00,2026-06-05 06:03:00,4,Friday,6,0,1,normal,1.0,81000,CASH,85000,4000,1
TRX-260605-07135,2026-06-05,16:51:00,2026-06-05 16:51:00,4,Friday,6,0,1,normal,1.0,33000,CASH,35000,2000,2
TRX-260605-07136,2026-06-05,12:48:00,2026-06-05 12:48:00,4,Friday,6,0,1,normal,1.0,28000,CASH,30000,2000,2
TRX-260605-07137,2026-06-05,19:52:00,2026-06-05 19:52:00,4,Friday,6,0,1,normal,1.0,49000,CASH,50000,1000,2
TRX-260605-07138,2026-06-05,18:28:00,2026-06-05 18:28:00,4,Friday,6,0,1,normal,1.0,68000,CASH,70000,2000,4
TRX-260605-07139,2026-06-05,16:20:00,2026-06-05 16:20:00,4,Friday,6,0,1,normal,1.0,67500,CASH,70000,2500,3
TRX-260605-07140,2026-06-05,17:38:00,2026-06-05 17:38:00,4,Friday,6,0,1,normal,1.0,81000,CASH,85000,4000,1
TRX-260605-07141,2026-06-05,17:52:00,2026-06-05 17:52:00,4,Friday,6,0,1,normal,1.0,26500,CASH,30000,3500,3
TRX-260605-07142,2026-06-05,14:21:00,2026-06-05 14:21:00,4,Friday,6,0,1,normal,1.0,31000,QRIS,31000,0,2
TRX-260606-07143,2026-06-06,09:55:00,2026-06-06 09:55:00,5,Saturday,6,1,0,normal,1.0,46000,CASH,50000,4000,4
TRX-260606-07144,2026-06-06,09:42:00,2026-06-06 09:42:00,5,Saturday,6,1,0,normal,1.0,5300,QRIS,5300,0,2
TRX-260606-07145,2026-06-06,13:45:00,2026-06-06 13:45:00,5,Saturday,6,1,0,normal,1.0,10425,CASH,15000,4575,2
TRX-260606-07146,2026-06-06,16:54:00,2026-06-06 16:54:00,5,Saturday,6,1,0,normal,1.0,15000,CASH,20000,5000,1
TRX-260606-07147,2026-06-06,13:39:00,2026-06-06 13:39:00,5,Saturday,6,1,0,normal,1.0,74000,CASH,75000,1000,5
TRX-260606-07148,2026-06-06,15:36:00,2026-06-06 15:36:00,5,Saturday,6,1,0,normal,1.0,111000,CASH,115000,4000,4
TRX-260606-07149,2026-06-06,18:43:00,2026-06-06 18:43:00,5,Saturday,6,1,0,normal,1.0,14000,CASH,15000,1000,2
TRX-260606-07150,2026-06-06,10:48:00,2026-06-06 10:48:00,5,Saturday,6,1,0,normal,1.0,17000,CASH,20000,3000,2
TRX-260606-07151,2026-06-06,16:54:00,2026-06-06 16:54:00,5,Saturday,6,1,0,normal,1.0,9000,CASH,10000,1000,4
TRX-260606-07152,2026-06-06,14:10:00,2026-06-06 14:10:00,5,Saturday,6,1,0,normal,1.0,16500,TRANSFER,16500,0,3
TRX-260606-07153,2026-06-06,13:24:00,2026-06-06 13:24:00,5,Saturday,6,1,0,normal,1.0,16000,CASH,20000,4000,3
TRX-260606-07154,2026-06-06,16:49:00,2026-06-06 16:49:00,5,Saturday,6,1,0,normal,1.0,100000,CASH,105000,5000,3
TRX-260606-07155,2026-06-06,10:19:00,2026-06-06 10:19:00,5,Saturday,6,1,0,normal,1.0,25000,CASH,30000,5000,4
TRX-260606-07156,2026-06-06,18:52:00,2026-06-06 18:52:00,5,Saturday,6,1,0,normal,1.0,6000,CASH,10000,4000,1
TRX-260606-07157,2026-06-06,11:18:00,2026-06-06 11:18:00,5,Saturday,6,1,0,normal,1.0,6000,CASH,10000,4000,2
TRX-260606-07158,2026-06-06,14:22:00,2026-06-06 14:22:00,5,Saturday,6,1,0,normal,1.0,161000,CASH,165000,4000,5
TRX-260606-07159,2026-06-06,18:12:00,2026-06-06 18:12:00,5,Saturday,6,1,0,normal,1.0,43000,CASH,45000,2000,3
TRX-260606-07160,2026-06-06,13:01:00,2026-06-06 13:01:00,5,Saturday,6,1,0,normal,1.0,12000,TRANSFER,12000,0,3
TRX-260606-07161,2026-06-06,20:57:00,2026-06-06 20:57:00,5,Saturday,6,1,0,normal,1.0,7500,QRIS,7500,0,2
TRX-260606-07162,2026-06-06,11:46:00,2026-06-06 11:46:00,5,Saturday,6,1,0,normal,1.0,3000,CASH,5000,2000,1
TRX-260606-07163,2026-06-06,12:46:00,2026-06-06 12:46:00,5,Saturday,6,1,0,normal,1.0,36500,CASH,40000,3500,4
TRX-260606-07164,2026-06-06,20:40:00,2026-06-06 20:40:00,5,Saturday,6,1,0,normal,1.0,44000,CASH,45000,1000,3
TRX-260606-07165,2026-06-06,09:36:00,2026-06-06 09:36:00,5,Saturday,6,1,0,normal,1.0,5500,CASH,10000,4500,2
TRX-260606-07166,2026-06-06,20:15:00,2026-06-06 20:15:00,5,Saturday,6,1,0,normal,1.0,26000,CASH,30000,4000,3
TRX-260606-07167,2026-06-06,16:02:00,2026-06-06 16:02:00,5,Saturday,6,1,0,normal,1.0,6000,CASH,10000,4000,2
TRX-260606-07168,2026-06-06,21:28:00,2026-06-06 21:28:00,5,Saturday,6,1,0,normal,1.0,10000,CASH,15000,5000,2
TRX-260606-07169,2026-06-06,06:40:00,2026-06-06 06:40:00,5,Saturday,6,1,0,normal,1.0,15000,CASH,20000,5000,1
TRX-260606-07170,2026-06-06,08:35:00,2026-06-06 08:35:00,5,Saturday,6,1,0,normal,1.0,54000,QRIS,54000,0,3
TRX-260607-07171,2026-06-07,15:13:00,2026-06-07 15:13:00,6,Sunday,6,1,0,normal,1.0,19000,TRANSFER,19000,0,2
TRX-260607-07172,2026-06-07,11:50:00,2026-06-07 11:50:00,6,Sunday,6,1,0,normal,1.0,50000,CASH,55000,5000,3
TRX-260607-07173,2026-06-07,15:07:00,2026-06-07 15:07:00,6,Sunday,6,1,0,normal,1.0,55550,CASH,60000,4450,4
TRX-260607-07174,2026-06-07,14:14:00,2026-06-07 14:14:00,6,Sunday,6,1,0,normal,1.0,12000,CASH,15000,3000,2
TRX-260607-07175,2026-06-07,10:09:00,2026-06-07 10:09:00,6,Sunday,6,1,0,normal,1.0,19000,QRIS,19000,0,3
TRX-260607-07176,2026-06-07,19:55:00,2026-06-07 19:55:00,6,Sunday,6,1,0,normal,1.0,45000,CASH,50000,5000,4
TRX-260607-07177,2026-06-07,19:01:00,2026-06-07 19:01:00,6,Sunday,6,1,0,normal,1.0,19000,QRIS,19000,0,2
TRX-260607-07178,2026-06-07,10:24:00,2026-06-07 10:24:00,6,Sunday,6,1,0,normal,1.0,13000,CASH,15000,2000,2
TRX-260607-07179,2026-06-07,10:07:00,2026-06-07 10:07:00,6,Sunday,6,1,0,normal,1.0,128000,CASH,130000,2000,3
TRX-260607-07180,2026-06-07,11:56:00,2026-06-07 11:56:00,6,Sunday,6,1,0,normal,1.0,5000,CASH,10000,5000,1
TRX-260607-07181,2026-06-07,21:43:00,2026-06-07 21:43:00,6,Sunday,6,1,0,normal,1.0,46500,CASH,50000,3500,1
TRX-260607-07182,2026-06-07,11:23:00,2026-06-07 11:23:00,6,Sunday,6,1,0,normal,1.0,20000,CASH,25000,5000,1
TRX-260607-07183,2026-06-07,18:31:00,2026-06-07 18:31:00,6,Sunday,6,1,0,normal,1.0,10600,QRIS,10600,0,2
TRX-260607-07184,2026-06-07,17:18:00,2026-06-07 17:18:00,6,Sunday,6,1,0,normal,1.0,56000,QRIS,56000,0,2
TRX-260607-07185,2026-06-07,12:42:00,2026-06-07 12:42:00,6,Sunday,6,1,0,normal,1.0,2000,CASH,5000,3000,1
TRX-260607-07186,2026-06-07,17:53:00,2026-06-07 17:53:00,6,Sunday,6,1,0,normal,1.0,10100,QRIS,10100,0,2
TRX-260607-07187,2026-06-07,12:02:00,2026-06-07 12:02:00,6,Sunday,6,1,0,normal,1.0,35000,QRIS,35000,0,5
TRX-260607-07188,2026-06-07,20:33:00,2026-06-07 20:33:00,6,Sunday,6,1,0,normal,1.0,123000,CASH,125000,2000,2
TRX-260607-07189,2026-06-07,19:07:00,2026-06-07 19:07:00,6,Sunday,6,1,0,normal,1.0,89500,CASH,90000,500,3
TRX-260607-07190,2026-06-07,16:37:00,2026-06-07 16:37:00,6,Sunday,6,1,0,normal,1.0,5550,CASH,10000,4450,2
TRX-260608-07191,2026-06-08,13:36:00,2026-06-08 13:36:00,0,Monday,6,0,0,normal,1.0,3000,CASH,5000,2000,1
TRX-260608-07192,2026-06-08,08:49:00,2026-06-08 08:49:00,0,Monday,6,0,0,normal,1.0,2000,CASH,5000,3000,1
TRX-260608-07193,2026-06-08,16:10:00,2026-06-08 16:10:00,0,Monday,6,0,0,normal,1.0,48700,CASH,50000,1300,3
TRX-260608-07194,2026-06-08,12:54:00,2026-06-08 12:54:00,0,Monday,6,0,0,normal,1.0,112000,CASH,115000,3000,4
TRX-260608-07195,2026-06-08,11:33:00,2026-06-08 11:33:00,0,Monday,6,0,0,normal,1.0,15000,EWALLET,15000,0,2
TRX-260608-07196,2026-06-08,11:02:00,2026-06-08 11:02:00,0,Monday,6,0,0,normal,1.0,36000,CASH,40000,4000,1
TRX-260608-07197,2026-06-08,12:54:00,2026-06-08 12:54:00,0,Monday,6,0,0,normal,1.0,36000,TRANSFER,36000,0,2
TRX-260608-07198,2026-06-08,19:42:00,2026-06-08 19:42:00,0,Monday,6,0,0,normal,1.0,4000,CASH,5000,1000,2
TRX-260608-07199,2026-06-08,16:25:00,2026-06-08 16:25:00,0,Monday,6,0,0,normal,1.0,31000,CASH,35000,4000,3
TRX-260608-07200,2026-06-08,15:15:00,2026-06-08 15:15:00,0,Monday,6,0,0,normal,1.0,2000,TRANSFER,2000,0,1
TRX-260608-07201,2026-06-08,11:31:00,2026-06-08 11:31:00,0,Monday,6,0,0,normal,1.0,18000,CASH,20000,2000,2
TRX-260608-07202,2026-06-08,11:32:00,2026-06-08 11:32:00,0,Monday,6,0,0,normal,1.0,4000,CASH,5000,1000,1
TRX-260608-07203,2026-06-08,17:06:00,2026-06-08 17:06:00,0,Monday,6,0,0,normal,1.0,17000,CASH,20000,3000,2
TRX-260608-07204,2026-06-08,07:35:00,2026-06-08 07:35:00,0,Monday,6,0,0,normal,1.0,16000,CASH,20000,4000,2
TRX-260608-07205,2026-06-08,14:23:00,2026-06-08 14:23:00,0,Monday,6,0,0,normal,1.0,93000,QRIS,93000,0,3
TRX-260608-07206,2026-06-08,12:37:00,2026-06-08 12:37:00,0,Monday,6,0,0,normal,1.0,41000,CASH,45000,4000,2
TRX-260608-07207,2026-06-08,19:36:00,2026-06-08 19:36:00,0,Monday,6,0,0,normal,1.0,38500,CASH,40000,1500,2
TRX-260608-07208,2026-06-08,17:54:00,2026-06-08 17:54:00,0,Monday,6,0,0,normal,1.0,60000,CASH,65000,5000,3
TRX-260608-07209,2026-06-08,18:32:00,2026-06-08 18:32:00,0,Monday,6,0,0,normal,1.0,83700,EWALLET,83700,0,3
TRX-260608-07210,2026-06-08,12:50:00,2026-06-08 12:50:00,0,Monday,6,0,0,normal,1.0,45000,CASH,50000,5000,1
TRX-260608-07211,2026-06-08,16:59:00,2026-06-08 16:59:00,0,Monday,6,0,0,normal,1.0,39000,QRIS,39000,0,2
TRX-260608-07212,2026-06-08,10:53:00,2026-06-08 10:53:00,0,Monday,6,0,0,normal,1.0,6000,CASH,10000,4000,1
TRX-260609-07213,2026-06-09,08:46:00,2026-06-09 08:46:00,1,Tuesday,6,0,0,normal,1.0,4500,CASH,5000,500,2
TRX-260609-07214,2026-06-09,19:25:00,2026-06-09 19:25:00,1,Tuesday,6,0,0,normal,1.0,37400,CASH,40000,2600,2
TRX-260609-07215,2026-06-09,10:10:00,2026-06-09 10:10:00,1,Tuesday,6,0,0,normal,1.0,5000,CASH,10000,5000,2
TRX-260609-07216,2026-06-09,18:38:00,2026-06-09 18:38:00,1,Tuesday,6,0,0,normal,1.0,24000,QRIS,24000,0,2
TRX-260609-07217,2026-06-09,07:45:00,2026-06-09 07:45:00,1,Tuesday,6,0,0,normal,1.0,2500,CASH,5000,2500,2
TRX-260609-07218,2026-06-09,21:07:00,2026-06-09 21:07:00,1,Tuesday,6,0,0,normal,1.0,96000,QRIS,96000,0,4
TRX-260609-07219,2026-06-09,10:36:00,2026-06-09 10:36:00,1,Tuesday,6,0,0,normal,1.0,12000,CASH,15000,3000,1
TRX-260609-07220,2026-06-09,08:41:00,2026-06-09 08:41:00,1,Tuesday,6,0,0,normal,1.0,99000,CASH,100000,1000,3
TRX-260609-07221,2026-06-09,10:20:00,2026-06-09 10:20:00,1,Tuesday,6,0,0,normal,1.0,128000,CASH,130000,2000,4
TRX-260609-07222,2026-06-09,11:40:00,2026-06-09 11:40:00,1,Tuesday,6,0,0,normal,1.0,14500,QRIS,14500,0,4
TRX-260609-07223,2026-06-09,17:52:00,2026-06-09 17:52:00,1,Tuesday,6,0,0,normal,1.0,48500,EWALLET,48500,0,3
TRX-260609-07224,2026-06-09,13:22:00,2026-06-09 13:22:00,1,Tuesday,6,0,0,normal,1.0,78000,CASH,80000,2000,2
TRX-260609-07225,2026-06-09,11:38:00,2026-06-09 11:38:00,1,Tuesday,6,0,0,normal,1.0,64000,CASH,65000,1000,3
TRX-260609-07226,2026-06-09,15:50:00,2026-06-09 15:50:00,1,Tuesday,6,0,0,normal,1.0,65000,CASH,70000,5000,4
TRX-260610-07227,2026-06-10,09:46:00,2026-06-10 09:46:00,2,Wednesday,6,0,0,normal,1.0,12500,CASH,15000,2500,3
TRX-260610-07228,2026-06-10,07:17:00,2026-06-10 07:17:00,2,Wednesday,6,0,0,normal,1.0,15775,CASH,20000,4225,4
TRX-260610-07229,2026-06-10,11:43:00,2026-06-10 11:43:00,2,Wednesday,6,0,0,normal,1.0,221000,CASH,225000,4000,3
TRX-260610-07230,2026-06-10,09:35:00,2026-06-10 09:35:00,2,Wednesday,6,0,0,normal,1.0,56000,CASH,60000,4000,4
TRX-260610-07231,2026-06-10,20:56:00,2026-06-10 20:56:00,2,Wednesday,6,0,0,normal,1.0,33500,CASH,35000,1500,4
TRX-260610-07232,2026-06-10,19:41:00,2026-06-10 19:41:00,2,Wednesday,6,0,0,normal,1.0,69500,CASH,70000,500,3
TRX-260610-07233,2026-06-10,18:12:00,2026-06-10 18:12:00,2,Wednesday,6,0,0,normal,1.0,9500,QRIS,9500,0,3
TRX-260610-07234,2026-06-10,19:30:00,2026-06-10 19:30:00,2,Wednesday,6,0,0,normal,1.0,35000,CASH,40000,5000,4
TRX-260610-07235,2026-06-10,14:13:00,2026-06-10 14:13:00,2,Wednesday,6,0,0,normal,1.0,9800,CASH,10000,200,3
TRX-260610-07236,2026-06-10,11:44:00,2026-06-10 11:44:00,2,Wednesday,6,0,0,normal,1.0,78000,CASH,80000,2000,4
TRX-260610-07237,2026-06-10,06:02:00,2026-06-10 06:02:00,2,Wednesday,6,0,0,normal,1.0,10500,CASH,15000,4500,2
TRX-260610-07238,2026-06-10,17:06:00,2026-06-10 17:06:00,2,Wednesday,6,0,0,normal,1.0,20000,CASH,25000,5000,2
TRX-260611-07239,2026-06-11,18:34:00,2026-06-11 18:34:00,3,Thursday,6,0,0,normal,1.0,16000,CASH,20000,4000,2
TRX-260611-07240,2026-06-11,10:39:00,2026-06-11 10:39:00,3,Thursday,6,0,0,normal,1.0,60000,CASH,65000,5000,3
TRX-260611-07241,2026-06-11,16:07:00,2026-06-11 16:07:00,3,Thursday,6,0,0,normal,1.0,21000,CASH,25000,4000,4
TRX-260611-07242,2026-06-11,17:21:00,2026-06-11 17:21:00,3,Thursday,6,0,0,normal,1.0,14000,EWALLET,14000,0,2
TRX-260611-07243,2026-06-11,20:59:00,2026-06-11 20:59:00,3,Thursday,6,0,0,normal,1.0,12000,CASH,15000,3000,2
TRX-260611-07244,2026-06-11,14:22:00,2026-06-11 14:22:00,3,Thursday,6,0,0,normal,1.0,49500,CASH,50000,500,2
TRX-260611-07245,2026-06-11,18:39:00,2026-06-11 18:39:00,3,Thursday,6,0,0,normal,1.0,74600,CASH,75000,400,3
TRX-260611-07246,2026-06-11,19:14:00,2026-06-11 19:14:00,3,Thursday,6,0,0,normal,1.0,178000,CASH,180000,2000,3
TRX-260611-07247,2026-06-11,07:31:00,2026-06-11 07:31:00,3,Thursday,6,0,0,normal,1.0,24000,CASH,25000,1000,2
TRX-260611-07248,2026-06-11,07:36:00,2026-06-11 07:36:00,3,Thursday,6,0,0,normal,1.0,57000,CASH,60000,3000,2
TRX-260611-07249,2026-06-11,12:17:00,2026-06-11 12:17:00,3,Thursday,6,0,0,normal,1.0,108000,EWALLET,108000,0,3
TRX-260611-07250,2026-06-11,18:05:00,2026-06-11 18:05:00,3,Thursday,6,0,0,normal,1.0,42000,CASH,45000,3000,3
TRX-260611-07251,2026-06-11,15:12:00,2026-06-11 15:12:00,3,Thursday,6,0,0,normal,1.0,20000,CASH,25000,5000,2
TRX-260611-07252,2026-06-11,08:30:00,2026-06-11 08:30:00,3,Thursday,6,0,0,normal,1.0,15000,CASH,20000,5000,2
TRX-260611-07253,2026-06-11,19:13:00,2026-06-11 19:13:00,3,Thursday,6,0,0,normal,1.0,24000,CASH,25000,1000,2
TRX-260611-07254,2026-06-11,15:37:00,2026-06-11 15:37:00,3,Thursday,6,0,0,normal,1.0,11000,QRIS,11000,0,2
TRX-260612-07255,2026-06-12,17:49:00,2026-06-12 17:49:00,4,Friday,6,0,0,normal,1.0,48000,CASH,50000,2000,3
TRX-260612-07256,2026-06-12,20:27:00,2026-06-12 20:27:00,4,Friday,6,0,0,normal,1.0,37500,CASH,40000,2500,2
TRX-260612-07257,2026-06-12,18:21:00,2026-06-12 18:21:00,4,Friday,6,0,0,normal,1.0,27000,TRANSFER,27000,0,2
TRX-260612-07258,2026-06-12,14:08:00,2026-06-12 14:08:00,4,Friday,6,0,0,normal,1.0,1000,CASH,5000,4000,1
TRX-260612-07259,2026-06-12,18:43:00,2026-06-12 18:43:00,4,Friday,6,0,0,normal,1.0,11000,CASH,15000,4000,2
TRX-260612-07260,2026-06-12,19:18:00,2026-06-12 19:18:00,4,Friday,6,0,0,normal,1.0,88000,CASH,90000,2000,5
TRX-260612-07261,2026-06-12,11:36:00,2026-06-12 11:36:00,4,Friday,6,0,0,normal,1.0,3000,QRIS,3000,0,1
TRX-260612-07262,2026-06-12,06:51:00,2026-06-12 06:51:00,4,Friday,6,0,0,normal,1.0,8000,CASH,10000,2000,2
TRX-260612-07263,2026-06-12,10:42:00,2026-06-12 10:42:00,4,Friday,6,0,0,normal,1.0,52000,CASH,55000,3000,4
TRX-260612-07264,2026-06-12,17:38:00,2026-06-12 17:38:00,4,Friday,6,0,0,normal,1.0,90000,CASH,95000,5000,4
TRX-260612-07265,2026-06-12,20:49:00,2026-06-12 20:49:00,4,Friday,6,0,0,normal,1.0,90000,CASH,95000,5000,2
TRX-260612-07266,2026-06-12,17:23:00,2026-06-12 17:23:00,4,Friday,6,0,0,normal,1.0,42300,CASH,45000,2700,2
TRX-260612-07267,2026-06-12,11:24:00,2026-06-12 11:24:00,4,Friday,6,0,0,normal,1.0,14000,CASH,15000,1000,2
TRX-260612-07268,2026-06-12,17:43:00,2026-06-12 17:43:00,4,Friday,6,0,0,normal,1.0,119800,TRANSFER,119800,0,4
TRX-260612-07269,2026-06-12,11:20:00,2026-06-12 11:20:00,4,Friday,6,0,0,normal,1.0,40000,CASH,45000,5000,2
TRX-260612-07270,2026-06-12,11:24:00,2026-06-12 11:24:00,4,Friday,6,0,0,normal,1.0,4000,CASH,5000,1000,2
TRX-260612-07271,2026-06-12,11:22:00,2026-06-12 11:22:00,4,Friday,6,0,0,normal,1.0,13000,TRANSFER,13000,0,2
TRX-260612-07272,2026-06-12,08:03:00,2026-06-12 08:03:00,4,Friday,6,0,0,normal,1.0,56900,EWALLET,56900,0,4
TRX-260612-07273,2026-06-12,16:23:00,2026-06-12 16:23:00,4,Friday,6,0,0,normal,1.0,3000,CASH,5000,2000,1
TRX-260612-07274,2026-06-12,09:34:00,2026-06-12 09:34:00,4,Friday,6,0,0,normal,1.0,36500,CASH,40000,3500,3
TRX-260612-07275,2026-06-12,06:25:00,2026-06-12 06:25:00,4,Friday,6,0,0,normal,1.0,24900,CASH,25000,100,2
TRX-260612-07276,2026-06-12,14:36:00,2026-06-12 14:36:00,4,Friday,6,0,0,normal,1.0,9000,QRIS,9000,0,1
TRX-260613-07277,2026-06-13,19:34:00,2026-06-13 19:34:00,5,Saturday,6,1,0,normal,1.0,19000,CASH,20000,1000,2
TRX-260613-07278,2026-06-13,20:09:00,2026-06-13 20:09:00,5,Saturday,6,1,0,normal,1.0,23000,QRIS,23000,0,1
TRX-260613-07279,2026-06-13,14:36:00,2026-06-13 14:36:00,5,Saturday,6,1,0,normal,1.0,39000,QRIS,39000,0,2
TRX-260613-07280,2026-06-13,12:02:00,2026-06-13 12:02:00,5,Saturday,6,1,0,normal,1.0,97500,CASH,100000,2500,5
TRX-260613-07281,2026-06-13,14:31:00,2026-06-13 14:31:00,5,Saturday,6,1,0,normal,1.0,84000,CASH,85000,1000,4
TRX-260613-07282,2026-06-13,18:07:00,2026-06-13 18:07:00,5,Saturday,6,1,0,normal,1.0,21000,CASH,25000,4000,3
TRX-260613-07283,2026-06-13,17:54:00,2026-06-13 17:54:00,5,Saturday,6,1,0,normal,1.0,59000,CASH,60000,1000,4
TRX-260613-07284,2026-06-13,08:56:00,2026-06-13 08:56:00,5,Saturday,6,1,0,normal,1.0,17000,CASH,20000,3000,3
TRX-260613-07285,2026-06-13,17:35:00,2026-06-13 17:35:00,5,Saturday,6,1,0,normal,1.0,15000,TRANSFER,15000,0,2
TRX-260613-07286,2026-06-13,16:06:00,2026-06-13 16:06:00,5,Saturday,6,1,0,normal,1.0,12000,CASH,15000,3000,2
TRX-260613-07287,2026-06-13,15:46:00,2026-06-13 15:46:00,5,Saturday,6,1,0,normal,1.0,4000,CASH,5000,1000,1
TRX-260613-07288,2026-06-13,09:50:00,2026-06-13 09:50:00,5,Saturday,6,1,0,normal,1.0,17000,CASH,20000,3000,4
TRX-260613-07289,2026-06-13,11:14:00,2026-06-13 11:14:00,5,Saturday,6,1,0,normal,1.0,54000,CASH,55000,1000,2
TRX-260613-07290,2026-06-13,09:32:00,2026-06-13 09:32:00,5,Saturday,6,1,0,normal,1.0,95500,CASH,100000,4500,4
TRX-260613-07291,2026-06-13,18:30:00,2026-06-13 18:30:00,5,Saturday,6,1,0,normal,1.0,14000,CASH,15000,1000,1
TRX-260613-07292,2026-06-13,06:31:00,2026-06-13 06:31:00,5,Saturday,6,1,0,normal,1.0,42000,CASH,45000,3000,2
TRX-260613-07293,2026-06-13,12:14:00,2026-06-13 12:14:00,5,Saturday,6,1,0,normal,1.0,89000,CASH,90000,1000,3
TRX-260613-07294,2026-06-13,16:58:00,2026-06-13 16:58:00,5,Saturday,6,1,0,normal,1.0,1000,CASH,5000,4000,1
TRX-260613-07295,2026-06-13,10:51:00,2026-06-13 10:51:00,5,Saturday,6,1,0,normal,1.0,115000,CASH,120000,5000,3
TRX-260613-07296,2026-06-13,15:28:00,2026-06-13 15:28:00,5,Saturday,6,1,0,normal,1.0,18000,QRIS,18000,0,2
TRX-260613-07297,2026-06-13,18:40:00,2026-06-13 18:40:00,5,Saturday,6,1,0,normal,1.0,8400,CASH,10000,1600,2
TRX-260613-07298,2026-06-13,21:34:00,2026-06-13 21:34:00,5,Saturday,6,1,0,normal,1.0,30000,CASH,35000,5000,3
TRX-260613-07299,2026-06-13,14:08:00,2026-06-13 14:08:00,5,Saturday,6,1,0,normal,1.0,79000,EWALLET,79000,0,3
TRX-260613-07300,2026-06-13,14:35:00,2026-06-13 14:35:00,5,Saturday,6,1,0,normal,1.0,36000,TRANSFER,36000,0,4
TRX-260614-07301,2026-06-14,16:08:00,2026-06-14 16:08:00,6,Sunday,6,1,0,normal,1.0,6000,QRIS,6000,0,2
TRX-260614-07302,2026-06-14,21:01:00,2026-06-14 21:01:00,6,Sunday,6,1,0,normal,1.0,31000,CASH,35000,4000,4
TRX-260614-07303,2026-06-14,15:48:00,2026-06-14 15:48:00,6,Sunday,6,1,0,normal,1.0,44000,CASH,45000,1000,2
TRX-260614-07304,2026-06-14,17:24:00,2026-06-14 17:24:00,6,Sunday,6,1,0,normal,1.0,9000,CASH,10000,1000,2
TRX-260614-07305,2026-06-14,11:23:00,2026-06-14 11:23:00,6,Sunday,6,1,0,normal,1.0,5500,CASH,10000,4500,2
TRX-260614-07306,2026-06-14,12:10:00,2026-06-14 12:10:00,6,Sunday,6,1,0,normal,1.0,38000,CASH,40000,2000,3
TRX-260614-07307,2026-06-14,13:05:00,2026-06-14 13:05:00,6,Sunday,6,1,0,normal,1.0,12000,CASH,15000,3000,1
TRX-260614-07308,2026-06-14,10:23:00,2026-06-14 10:23:00,6,Sunday,6,1,0,normal,1.0,18000,CASH,20000,2000,2
TRX-260614-07309,2026-06-14,19:52:00,2026-06-14 19:52:00,6,Sunday,6,1,0,normal,1.0,21000,CASH,25000,4000,3
TRX-260614-07310,2026-06-14,17:49:00,2026-06-14 17:49:00,6,Sunday,6,1,0,normal,1.0,15000,CASH,20000,5000,1
TRX-260614-07311,2026-06-14,10:46:00,2026-06-14 10:46:00,6,Sunday,6,1,0,normal,1.0,66000,QRIS,66000,0,2
TRX-260614-07312,2026-06-14,20:55:00,2026-06-14 20:55:00,6,Sunday,6,1,0,normal,1.0,142000,CASH,145000,3000,5
TRX-260614-07313,2026-06-14,16:04:00,2026-06-14 16:04:00,6,Sunday,6,1,0,normal,1.0,30000,CASH,35000,5000,3
TRX-260614-07314,2026-06-14,06:28:00,2026-06-14 06:28:00,6,Sunday,6,1,0,normal,1.0,11000,CASH,15000,4000,2
TRX-260614-07315,2026-06-14,09:52:00,2026-06-14 09:52:00,6,Sunday,6,1,0,normal,1.0,118000,CASH,120000,2000,4
TRX-260614-07316,2026-06-14,11:48:00,2026-06-14 11:48:00,6,Sunday,6,1,0,normal,1.0,16000,QRIS,16000,0,2
TRX-260614-07317,2026-06-14,09:49:00,2026-06-14 09:49:00,6,Sunday,6,1,0,normal,1.0,45000,CASH,50000,5000,2
TRX-260614-07318,2026-06-14,21:53:00,2026-06-14 21:53:00,6,Sunday,6,1,0,normal,1.0,14400,CASH,15000,600,2
TRX-260614-07319,2026-06-14,09:17:00,2026-06-14 09:17:00,6,Sunday,6,1,0,normal,1.0,23000,CASH,25000,2000,2
TRX-260614-07320,2026-06-14,16:47:00,2026-06-14 16:47:00,6,Sunday,6,1,0,normal,1.0,131500,CASH,135000,3500,4
TRX-260614-07321,2026-06-14,09:23:00,2026-06-14 09:23:00,6,Sunday,6,1,0,normal,1.0,24000,QRIS,24000,0,3
TRX-260614-07322,2026-06-14,17:18:00,2026-06-14 17:18:00,6,Sunday,6,1,0,normal,1.0,15000,CASH,20000,5000,2
TRX-260614-07323,2026-06-14,18:23:00,2026-06-14 18:23:00,6,Sunday,6,1,0,normal,1.0,54000,CASH,55000,1000,1
TRX-260614-07324,2026-06-14,13:21:00,2026-06-14 13:21:00,6,Sunday,6,1,0,normal,1.0,1000,CASH,5000,4000,1
TRX-260614-07325,2026-06-14,18:41:00,2026-06-14 18:41:00,6,Sunday,6,1,0,normal,1.0,9000,CASH,10000,1000,3
TRX-260614-07326,2026-06-14,10:49:00,2026-06-14 10:49:00,6,Sunday,6,1,0,normal,1.0,34000,CASH,35000,1000,2
TRX-260615-07327,2026-06-15,17:49:00,2026-06-15 17:49:00,0,Monday,6,0,0,normal,1.0,30000,CASH,35000,5000,2
TRX-260615-07328,2026-06-15,10:27:00,2026-06-15 10:27:00,0,Monday,6,0,0,normal,1.0,153000,CASH,155000,2000,2
TRX-260615-07329,2026-06-15,11:50:00,2026-06-15 11:50:00,0,Monday,6,0,0,normal,1.0,10000,CASH,15000,5000,1
TRX-260615-07330,2026-06-15,19:26:00,2026-06-15 19:26:00,0,Monday,6,0,0,normal,1.0,15500,CASH,20000,4500,1
TRX-260615-07331,2026-06-15,11:49:00,2026-06-15 11:49:00,0,Monday,6,0,0,normal,1.0,9000,CASH,10000,1000,1
TRX-260615-07332,2026-06-15,06:56:00,2026-06-15 06:56:00,0,Monday,6,0,0,normal,1.0,35000,CASH,40000,5000,4
TRX-260615-07333,2026-06-15,06:58:00,2026-06-15 06:58:00,0,Monday,6,0,0,normal,1.0,8500,EWALLET,8500,0,3
TRX-260615-07334,2026-06-15,16:16:00,2026-06-15 16:16:00,0,Monday,6,0,0,normal,1.0,14500,EWALLET,14500,0,3
TRX-260615-07335,2026-06-15,11:46:00,2026-06-15 11:46:00,0,Monday,6,0,0,normal,1.0,27000,CASH,30000,3000,2
TRX-260615-07336,2026-06-15,16:49:00,2026-06-15 16:49:00,0,Monday,6,0,0,normal,1.0,6000,CASH,10000,4000,1
TRX-260615-07337,2026-06-15,16:54:00,2026-06-15 16:54:00,0,Monday,6,0,0,normal,1.0,12400,CASH,15000,2600,4
TRX-260615-07338,2026-06-15,19:57:00,2026-06-15 19:57:00,0,Monday,6,0,0,normal,1.0,16500,CASH,20000,3500,2
TRX-260615-07339,2026-06-15,16:27:00,2026-06-15 16:27:00,0,Monday,6,0,0,normal,1.0,57000,CASH,60000,3000,3
TRX-260615-07340,2026-06-15,15:28:00,2026-06-15 15:28:00,0,Monday,6,0,0,normal,1.0,9000,CASH,10000,1000,2
TRX-260615-07341,2026-06-15,09:20:00,2026-06-15 09:20:00,0,Monday,6,0,0,normal,1.0,23000,QRIS,23000,0,2
TRX-260616-07342,2026-06-16,12:50:00,2026-06-16 12:50:00,1,Tuesday,6,0,0,normal,1.0,20000,CASH,25000,5000,2
TRX-260616-07343,2026-06-16,15:57:00,2026-06-16 15:57:00,1,Tuesday,6,0,0,normal,1.0,14000,CASH,15000,1000,3
TRX-260616-07344,2026-06-16,18:18:00,2026-06-16 18:18:00,1,Tuesday,6,0,0,normal,1.0,17700,CASH,20000,2300,3
TRX-260616-07345,2026-06-16,14:34:00,2026-06-16 14:34:00,1,Tuesday,6,0,0,normal,1.0,22500,TRANSFER,22500,0,3
TRX-260616-07346,2026-06-16,14:01:00,2026-06-16 14:01:00,1,Tuesday,6,0,0,normal,1.0,43000,EWALLET,43000,0,5
TRX-260616-07347,2026-06-16,06:29:00,2026-06-16 06:29:00,1,Tuesday,6,0,0,normal,1.0,47000,EWALLET,47000,0,2
TRX-260616-07348,2026-06-16,18:55:00,2026-06-16 18:55:00,1,Tuesday,6,0,0,normal,1.0,54000,CASH,55000,1000,3
TRX-260616-07349,2026-06-16,10:21:00,2026-06-16 10:21:00,1,Tuesday,6,0,0,normal,1.0,12000,CASH,15000,3000,3
TRX-260616-07350,2026-06-16,17:23:00,2026-06-16 17:23:00,1,Tuesday,6,0,0,normal,1.0,1000,CASH,5000,4000,1
TRX-260616-07351,2026-06-16,18:06:00,2026-06-16 18:06:00,1,Tuesday,6,0,0,normal,1.0,1000,CASH,5000,4000,1
TRX-260616-07352,2026-06-16,08:04:00,2026-06-16 08:04:00,1,Tuesday,6,0,0,normal,1.0,22000,QRIS,22000,0,3
TRX-260616-07353,2026-06-16,08:50:00,2026-06-16 08:50:00,1,Tuesday,6,0,0,normal,1.0,28000,CASH,30000,2000,3
TRX-260616-07354,2026-06-16,10:47:00,2026-06-16 10:47:00,1,Tuesday,6,0,0,normal,1.0,26000,CASH,30000,4000,4
TRX-260616-07355,2026-06-16,12:54:00,2026-06-16 12:54:00,1,Tuesday,6,0,0,normal,1.0,31000,CASH,35000,4000,2
TRX-260616-07356,2026-06-16,11:36:00,2026-06-16 11:36:00,1,Tuesday,6,0,0,normal,1.0,66300,QRIS,66300,0,4
TRX-260616-07357,2026-06-16,11:11:00,2026-06-16 11:11:00,1,Tuesday,6,0,0,normal,1.0,16000,EWALLET,16000,0,3
TRX-260616-07358,2026-06-16,10:14:00,2026-06-16 10:14:00,1,Tuesday,6,0,0,normal,1.0,1500,CASH,5000,3500,1
TRX-260616-07359,2026-06-16,19:21:00,2026-06-16 19:21:00,1,Tuesday,6,0,0,normal,1.0,50000,CASH,55000,5000,4
TRX-260616-07360,2026-06-16,21:19:00,2026-06-16 21:19:00,1,Tuesday,6,0,0,normal,1.0,3000,TRANSFER,3000,0,1
TRX-260616-07361,2026-06-16,10:27:00,2026-06-16 10:27:00,1,Tuesday,6,0,0,normal,1.0,6000,CASH,10000,4000,1
TRX-260616-07362,2026-06-16,18:18:00,2026-06-16 18:18:00,1,Tuesday,6,0,0,normal,1.0,12000,QRIS,12000,0,2
TRX-260616-07363,2026-06-16,12:55:00,2026-06-16 12:55:00,1,Tuesday,6,0,0,normal,1.0,11000,CASH,15000,4000,2
TRX-260616-07364,2026-06-16,18:50:00,2026-06-16 18:50:00,1,Tuesday,6,0,0,normal,1.0,87000,CASH,90000,3000,2
TRX-260617-07365,2026-06-17,10:30:00,2026-06-17 10:30:00,2,Wednesday,6,0,0,normal,1.0,97500,EWALLET,97500,0,3
TRX-260617-07366,2026-06-17,12:12:00,2026-06-17 12:12:00,2,Wednesday,6,0,0,normal,1.0,39000,CASH,40000,1000,3
TRX-260617-07367,2026-06-17,13:21:00,2026-06-17 13:21:00,2,Wednesday,6,0,0,normal,1.0,19000,CASH,20000,1000,2
TRX-260617-07368,2026-06-17,10:21:00,2026-06-17 10:21:00,2,Wednesday,6,0,0,normal,1.0,74000,CASH,75000,1000,4
TRX-260617-07369,2026-06-17,07:05:00,2026-06-17 07:05:00,2,Wednesday,6,0,0,normal,1.0,45000,QRIS,45000,0,3
TRX-260617-07370,2026-06-17,17:45:00,2026-06-17 17:45:00,2,Wednesday,6,0,0,normal,1.0,97000,CASH,100000,3000,2
TRX-260617-07371,2026-06-17,18:51:00,2026-06-17 18:51:00,2,Wednesday,6,0,0,normal,1.0,5000,CASH,10000,5000,1
TRX-260617-07372,2026-06-17,10:36:00,2026-06-17 10:36:00,2,Wednesday,6,0,0,normal,1.0,9000,CASH,10000,1000,2
TRX-260617-07373,2026-06-17,12:52:00,2026-06-17 12:52:00,2,Wednesday,6,0,0,normal,1.0,58000,CASH,60000,2000,2
TRX-260617-07374,2026-06-17,14:41:00,2026-06-17 14:41:00,2,Wednesday,6,0,0,normal,1.0,18000,CASH,20000,2000,1
TRX-260617-07375,2026-06-17,06:19:00,2026-06-17 06:19:00,2,Wednesday,6,0,0,normal,1.0,28000,CASH,30000,2000,3
TRX-260617-07376,2026-06-17,08:23:00,2026-06-17 08:23:00,2,Wednesday,6,0,0,normal,1.0,18000,CASH,20000,2000,2
TRX-260617-07377,2026-06-17,09:36:00,2026-06-17 09:36:00,2,Wednesday,6,0,0,normal,1.0,113000,EWALLET,113000,0,3
TRX-260617-07378,2026-06-17,08:12:00,2026-06-17 08:12:00,2,Wednesday,6,0,0,normal,1.0,54000,QRIS,54000,0,1
TRX-260617-07379,2026-06-17,11:59:00,2026-06-17 11:59:00,2,Wednesday,6,0,0,normal,1.0,49500,CASH,50000,500,4
TRX-260617-07380,2026-06-17,18:44:00,2026-06-17 18:44:00,2,Wednesday,6,0,0,normal,1.0,17000,CASH,20000,3000,2
TRX-260618-07381,2026-06-18,11:33:00,2026-06-18 11:33:00,3,Thursday,6,0,0,normal,1.0,24000,CASH,25000,1000,3
TRX-260618-07382,2026-06-18,16:05:00,2026-06-18 16:05:00,3,Thursday,6,0,0,normal,1.0,22500,CASH,25000,2500,2
TRX-260618-07383,2026-06-18,12:42:00,2026-06-18 12:42:00,3,Thursday,6,0,0,normal,1.0,6000,QRIS,6000,0,1
TRX-260618-07384,2026-06-18,11:05:00,2026-06-18 11:05:00,3,Thursday,6,0,0,normal,1.0,21500,CASH,25000,3500,3
TRX-260618-07385,2026-06-18,12:21:00,2026-06-18 12:21:00,3,Thursday,6,0,0,normal,1.0,15000,CASH,20000,5000,2
TRX-260618-07386,2026-06-18,11:43:00,2026-06-18 11:43:00,3,Thursday,6,0,0,normal,1.0,68000,CASH,70000,2000,3
TRX-260618-07387,2026-06-18,18:15:00,2026-06-18 18:15:00,3,Thursday,6,0,0,normal,1.0,73500,CASH,75000,1500,3
TRX-260618-07388,2026-06-18,17:24:00,2026-06-18 17:24:00,3,Thursday,6,0,0,normal,1.0,86000,CASH,90000,4000,4
TRX-260618-07389,2026-06-18,14:10:00,2026-06-18 14:10:00,3,Thursday,6,0,0,normal,1.0,61200,CASH,65000,3800,5
TRX-260618-07390,2026-06-18,12:09:00,2026-06-18 12:09:00,3,Thursday,6,0,0,normal,1.0,90000,CASH,95000,5000,3
TRX-260618-07391,2026-06-18,11:14:00,2026-06-18 11:14:00,3,Thursday,6,0,0,normal,1.0,9500,TRANSFER,9500,0,2
TRX-260618-07392,2026-06-18,07:00:00,2026-06-18 07:00:00,3,Thursday,6,0,0,normal,1.0,63000,CASH,65000,2000,3
TRX-260618-07393,2026-06-18,14:48:00,2026-06-18 14:48:00,3,Thursday,6,0,0,normal,1.0,30000,EWALLET,30000,0,2
TRX-260618-07394,2026-06-18,17:31:00,2026-06-18 17:31:00,3,Thursday,6,0,0,normal,1.0,41700,CASH,45000,3300,3
TRX-260618-07395,2026-06-18,19:39:00,2026-06-18 19:39:00,3,Thursday,6,0,0,normal,1.0,31000,CASH,35000,4000,4
TRX-260618-07396,2026-06-18,06:48:00,2026-06-18 06:48:00,3,Thursday,6,0,0,normal,1.0,53000,CASH,55000,2000,3
TRX-260618-07397,2026-06-18,10:07:00,2026-06-18 10:07:00,3,Thursday,6,0,0,normal,1.0,29000,CASH,30000,1000,5
TRX-260618-07398,2026-06-18,11:58:00,2026-06-18 11:58:00,3,Thursday,6,0,0,normal,1.0,13000,CASH,15000,2000,2
TRX-260618-07399,2026-06-18,12:20:00,2026-06-18 12:20:00,3,Thursday,6,0,0,normal,1.0,28000,CASH,30000,2000,3
TRX-260618-07400,2026-06-18,13:20:00,2026-06-18 13:20:00,3,Thursday,6,0,0,normal,1.0,3000,QRIS,3000,0,1
TRX-260619-07401,2026-06-19,17:06:00,2026-06-19 17:06:00,4,Friday,6,0,0,normal,1.0,27000,CASH,30000,3000,3
TRX-260619-07402,2026-06-19,12:06:00,2026-06-19 12:06:00,4,Friday,6,0,0,normal,1.0,57000,CASH,60000,3000,2
TRX-260619-07403,2026-06-19,09:22:00,2026-06-19 09:22:00,4,Friday,6,0,0,normal,1.0,181275,CASH,185000,3725,4
TRX-260619-07404,2026-06-19,12:35:00,2026-06-19 12:35:00,4,Friday,6,0,0,normal,1.0,130700,CASH,135000,4300,5
TRX-260619-07405,2026-06-19,09:54:00,2026-06-19 09:54:00,4,Friday,6,0,0,normal,1.0,17500,CASH,20000,2500,3
TRX-260619-07406,2026-06-19,16:11:00,2026-06-19 16:11:00,4,Friday,6,0,0,normal,1.0,5000,CASH,10000,5000,1
TRX-260619-07407,2026-06-19,16:16:00,2026-06-19 16:16:00,4,Friday,6,0,0,normal,1.0,9000,CASH,10000,1000,2
TRX-260619-07408,2026-06-19,18:04:00,2026-06-19 18:04:00,4,Friday,6,0,0,normal,1.0,23500,EWALLET,23500,0,3
TRX-260619-07409,2026-06-19,08:40:00,2026-06-19 08:40:00,4,Friday,6,0,0,normal,1.0,78000,CASH,80000,2000,2
TRX-260619-07410,2026-06-19,19:47:00,2026-06-19 19:47:00,4,Friday,6,0,0,normal,1.0,31000,CASH,35000,4000,3
TRX-260619-07411,2026-06-19,06:10:00,2026-06-19 06:10:00,4,Friday,6,0,0,normal,1.0,17000,CASH,20000,3000,3
TRX-260619-07412,2026-06-19,20:48:00,2026-06-19 20:48:00,4,Friday,6,0,0,normal,1.0,63000,CASH,65000,2000,2
TRX-260619-07413,2026-06-19,09:25:00,2026-06-19 09:25:00,4,Friday,6,0,0,normal,1.0,1500,CASH,5000,3500,1
TRX-260619-07414,2026-06-19,21:37:00,2026-06-19 21:37:00,4,Friday,6,0,0,normal,1.0,101000,CASH,105000,4000,3
TRX-260619-07415,2026-06-19,06:34:00,2026-06-19 06:34:00,4,Friday,6,0,0,normal,1.0,37000,CASH,40000,3000,3
TRX-260619-07416,2026-06-19,21:45:00,2026-06-19 21:45:00,4,Friday,6,0,0,normal,1.0,24000,CASH,25000,1000,4
TRX-260620-07417,2026-06-20,17:03:00,2026-06-20 17:03:00,5,Saturday,6,1,0,normal,1.0,17500,CASH,20000,2500,2
TRX-260620-07418,2026-06-20,14:03:00,2026-06-20 14:03:00,5,Saturday,6,1,0,normal,1.0,19000,QRIS,19000,0,4
TRX-260620-07419,2026-06-20,07:02:00,2026-06-20 07:02:00,5,Saturday,6,1,0,normal,1.0,16800,CASH,20000,3200,2
TRX-260620-07420,2026-06-20,09:46:00,2026-06-20 09:46:00,5,Saturday,6,1,0,normal,1.0,66000,CASH,70000,4000,5
TRX-260620-07421,2026-06-20,20:26:00,2026-06-20 20:26:00,5,Saturday,6,1,0,normal,1.0,42000,CASH,45000,3000,5
TRX-260620-07422,2026-06-20,16:41:00,2026-06-20 16:41:00,5,Saturday,6,1,0,normal,1.0,72500,CASH,75000,2500,3
TRX-260620-07423,2026-06-20,13:39:00,2026-06-20 13:39:00,5,Saturday,6,1,0,normal,1.0,15000,CASH,20000,5000,1
TRX-260620-07424,2026-06-20,20:32:00,2026-06-20 20:32:00,5,Saturday,6,1,0,normal,1.0,99000,CASH,100000,1000,4
TRX-260620-07425,2026-06-20,07:27:00,2026-06-20 07:27:00,5,Saturday,6,1,0,normal,1.0,9000,CASH,10000,1000,2
TRX-260620-07426,2026-06-20,15:18:00,2026-06-20 15:18:00,5,Saturday,6,1,0,normal,1.0,29000,CASH,30000,1000,2
TRX-260620-07427,2026-06-20,14:12:00,2026-06-20 14:12:00,5,Saturday,6,1,0,normal,1.0,6000,QRIS,6000,0,1
TRX-260620-07428,2026-06-20,15:51:00,2026-06-20 15:51:00,5,Saturday,6,1,0,normal,1.0,15000,CASH,20000,5000,1
TRX-260620-07429,2026-06-20,14:57:00,2026-06-20 14:57:00,5,Saturday,6,1,0,normal,1.0,21500,CASH,25000,3500,3
TRX-260620-07430,2026-06-20,10:37:00,2026-06-20 10:37:00,5,Saturday,6,1,0,normal,1.0,12000,CASH,15000,3000,1
TRX-260620-07431,2026-06-20,19:10:00,2026-06-20 19:10:00,5,Saturday,6,1,0,normal,1.0,60500,QRIS,60500,0,5
TRX-260620-07432,2026-06-20,06:06:00,2026-06-20 06:06:00,5,Saturday,6,1,0,normal,1.0,38000,CASH,40000,2000,4
TRX-260620-07433,2026-06-20,15:28:00,2026-06-20 15:28:00,5,Saturday,6,1,0,normal,1.0,8000,CASH,10000,2000,3
TRX-260620-07434,2026-06-20,06:25:00,2026-06-20 06:25:00,5,Saturday,6,1,0,normal,1.0,53000,CASH,55000,2000,4
TRX-260620-07435,2026-06-20,18:06:00,2026-06-20 18:06:00,5,Saturday,6,1,0,normal,1.0,12000,CASH,15000,3000,3
TRX-260620-07436,2026-06-20,09:54:00,2026-06-20 09:54:00,5,Saturday,6,1,0,normal,1.0,57500,EWALLET,57500,0,3
TRX-260620-07437,2026-06-20,19:55:00,2026-06-20 19:55:00,5,Saturday,6,1,0,normal,1.0,126000,CASH,130000,4000,3
TRX-260620-07438,2026-06-20,15:54:00,2026-06-20 15:54:00,5,Saturday,6,1,0,normal,1.0,48000,EWALLET,48000,0,2
TRX-260620-07439,2026-06-20,12:50:00,2026-06-20 12:50:00,5,Saturday,6,1,0,normal,1.0,115000,QRIS,115000,0,3
TRX-260620-07440,2026-06-20,10:40:00,2026-06-20 10:40:00,5,Saturday,6,1,0,normal,1.0,105000,CASH,110000,5000,3
TRX-260621-07441,2026-06-21,18:32:00,2026-06-21 18:32:00,6,Sunday,6,1,0,normal,1.0,13000,TRANSFER,13000,0,2
TRX-260621-07442,2026-06-21,16:15:00,2026-06-21 16:15:00,6,Sunday,6,1,0,normal,1.0,14000,CASH,15000,1000,3
TRX-260621-07443,2026-06-21,10:51:00,2026-06-21 10:51:00,6,Sunday,6,1,0,normal,1.0,15000,TRANSFER,15000,0,1
TRX-260621-07444,2026-06-21,16:29:00,2026-06-21 16:29:00,6,Sunday,6,1,0,normal,1.0,9000,CASH,10000,1000,1
TRX-260621-07445,2026-06-21,17:59:00,2026-06-21 17:59:00,6,Sunday,6,1,0,normal,1.0,99500,CASH,100000,500,5
TRX-260621-07446,2026-06-21,08:14:00,2026-06-21 08:14:00,6,Sunday,6,1,0,normal,1.0,21000,QRIS,21000,0,2
TRX-260621-07447,2026-06-21,17:58:00,2026-06-21 17:58:00,6,Sunday,6,1,0,normal,1.0,14000,CASH,15000,1000,2
TRX-260621-07448,2026-06-21,17:11:00,2026-06-21 17:11:00,6,Sunday,6,1,0,normal,1.0,9000,CASH,10000,1000,1
TRX-260621-07449,2026-06-21,06:39:00,2026-06-21 06:39:00,6,Sunday,6,1,0,normal,1.0,59000,CASH,60000,1000,3
TRX-260621-07450,2026-06-21,19:33:00,2026-06-21 19:33:00,6,Sunday,6,1,0,normal,1.0,44000,CASH,45000,1000,5
TRX-260621-07451,2026-06-21,16:35:00,2026-06-21 16:35:00,6,Sunday,6,1,0,normal,1.0,54900,CASH,55000,100,3
TRX-260621-07452,2026-06-21,16:52:00,2026-06-21 16:52:00,6,Sunday,6,1,0,normal,1.0,30000,CASH,35000,5000,4
TRX-260621-07453,2026-06-21,18:33:00,2026-06-21 18:33:00,6,Sunday,6,1,0,normal,1.0,39000,CASH,40000,1000,3
TRX-260621-07454,2026-06-21,20:36:00,2026-06-21 20:36:00,6,Sunday,6,1,0,normal,1.0,22000,EWALLET,22000,0,3
TRX-260621-07455,2026-06-21,17:22:00,2026-06-21 17:22:00,6,Sunday,6,1,0,normal,1.0,19000,CASH,20000,1000,2
TRX-260621-07456,2026-06-21,09:13:00,2026-06-21 09:13:00,6,Sunday,6,1,0,normal,1.0,37500,CASH,40000,2500,5
TRX-260621-07457,2026-06-21,19:44:00,2026-06-21 19:44:00,6,Sunday,6,1,0,normal,1.0,39000,CASH,40000,1000,4
TRX-260621-07458,2026-06-21,17:01:00,2026-06-21 17:01:00,6,Sunday,6,1,0,normal,1.0,15000,CASH,20000,5000,3
TRX-260621-07459,2026-06-21,10:01:00,2026-06-21 10:01:00,6,Sunday,6,1,0,normal,1.0,29500,CASH,30000,500,5
TRX-260621-07460,2026-06-21,09:27:00,2026-06-21 09:27:00,6,Sunday,6,1,0,normal,1.0,125000,QRIS,125000,0,5
TRX-260621-07461,2026-06-21,15:28:00,2026-06-21 15:28:00,6,Sunday,6,1,0,normal,1.0,126000,CASH,130000,4000,3
TRX-260621-07462,2026-06-21,13:24:00,2026-06-21 13:24:00,6,Sunday,6,1,0,normal,1.0,111000,QRIS,111000,0,4
TRX-260621-07463,2026-06-21,09:32:00,2026-06-21 09:32:00,6,Sunday,6,1,0,normal,1.0,9500,CASH,10000,500,2
TRX-260621-07464,2026-06-21,18:46:00,2026-06-21 18:46:00,6,Sunday,6,1,0,normal,1.0,7500,QRIS,7500,0,2
TRX-260621-07465,2026-06-21,19:45:00,2026-06-21 19:45:00,6,Sunday,6,1,0,normal,1.0,17250,TRANSFER,17250,0,3
TRX-260621-07466,2026-06-21,12:27:00,2026-06-21 12:27:00,6,Sunday,6,1,0,normal,1.0,21000,CASH,25000,4000,2
TRX-260621-07467,2026-06-21,19:33:00,2026-06-21 19:33:00,6,Sunday,6,1,0,normal,1.0,11500,CASH,15000,3500,3
TRX-260621-07468,2026-06-21,07:18:00,2026-06-21 07:18:00,6,Sunday,6,1,0,normal,1.0,15000,CASH,20000,5000,2
TRX-260622-07469,2026-06-22,11:43:00,2026-06-22 11:43:00,0,Monday,6,0,0,normal,1.0,46500,CASH,50000,3500,5
TRX-260622-07470,2026-06-22,12:16:00,2026-06-22 12:16:00,0,Monday,6,0,0,normal,1.0,57000,CASH,60000,3000,5
TRX-260622-07471,2026-06-22,11:25:00,2026-06-22 11:25:00,0,Monday,6,0,0,normal,1.0,12000,QRIS,12000,0,1
TRX-260622-07472,2026-06-22,10:14:00,2026-06-22 10:14:00,0,Monday,6,0,0,normal,1.0,31000,CASH,35000,4000,4
TRX-260622-07473,2026-06-22,18:53:00,2026-06-22 18:53:00,0,Monday,6,0,0,normal,1.0,9000,CASH,10000,1000,2
TRX-260622-07474,2026-06-22,13:24:00,2026-06-22 13:24:00,0,Monday,6,0,0,normal,1.0,81000,CASH,85000,4000,1
TRX-260622-07475,2026-06-22,10:37:00,2026-06-22 10:37:00,0,Monday,6,0,0,normal,1.0,90000,CASH,95000,5000,4
TRX-260622-07476,2026-06-22,15:13:00,2026-06-22 15:13:00,0,Monday,6,0,0,normal,1.0,34000,CASH,35000,1000,3
TRX-260622-07477,2026-06-22,10:07:00,2026-06-22 10:07:00,0,Monday,6,0,0,normal,1.0,16000,CASH,20000,4000,4
TRX-260622-07478,2026-06-22,19:17:00,2026-06-22 19:17:00,0,Monday,6,0,0,normal,1.0,85500,CASH,90000,4500,3
TRX-260622-07479,2026-06-22,07:45:00,2026-06-22 07:45:00,0,Monday,6,0,0,normal,1.0,15700,CASH,20000,4300,3
TRX-260622-07480,2026-06-22,12:09:00,2026-06-22 12:09:00,0,Monday,6,0,0,normal,1.0,2000,CASH,5000,3000,1
TRX-260622-07481,2026-06-22,19:41:00,2026-06-22 19:41:00,0,Monday,6,0,0,normal,1.0,113000,QRIS,113000,0,4
TRX-260622-07482,2026-06-22,19:28:00,2026-06-22 19:28:00,0,Monday,6,0,0,normal,1.0,20800,CASH,25000,4200,4
TRX-260622-07483,2026-06-22,14:18:00,2026-06-22 14:18:00,0,Monday,6,0,0,normal,1.0,44000,CASH,45000,1000,3
TRX-260622-07484,2026-06-22,15:17:00,2026-06-22 15:17:00,0,Monday,6,0,0,normal,1.0,13000,CASH,15000,2000,3
TRX-260623-07485,2026-06-23,16:32:00,2026-06-23 16:32:00,1,Tuesday,6,0,0,normal,1.0,4000,CASH,5000,1000,1
TRX-260623-07486,2026-06-23,10:33:00,2026-06-23 10:33:00,1,Tuesday,6,0,0,normal,1.0,44000,CASH,45000,1000,2
TRX-260623-07487,2026-06-23,18:01:00,2026-06-23 18:01:00,1,Tuesday,6,0,0,normal,1.0,11000,CASH,15000,4000,2
TRX-260623-07488,2026-06-23,08:52:00,2026-06-23 08:52:00,1,Tuesday,6,0,0,normal,1.0,30000,CASH,35000,5000,2
TRX-260623-07489,2026-06-23,14:29:00,2026-06-23 14:29:00,1,Tuesday,6,0,0,normal,1.0,4000,CASH,5000,1000,1
TRX-260623-07490,2026-06-23,19:31:00,2026-06-23 19:31:00,1,Tuesday,6,0,0,normal,1.0,10000,CASH,15000,5000,1
TRX-260623-07491,2026-06-23,12:11:00,2026-06-23 12:11:00,1,Tuesday,6,0,0,normal,1.0,1000,CASH,5000,4000,1
TRX-260623-07492,2026-06-23,19:01:00,2026-06-23 19:01:00,1,Tuesday,6,0,0,normal,1.0,6000,CASH,10000,4000,2
TRX-260623-07493,2026-06-23,21:24:00,2026-06-23 21:24:00,1,Tuesday,6,0,0,normal,1.0,5000,QRIS,5000,0,2
TRX-260623-07494,2026-06-23,14:30:00,2026-06-23 14:30:00,1,Tuesday,6,0,0,normal,1.0,6500,CASH,10000,3500,2
TRX-260623-07495,2026-06-23,14:23:00,2026-06-23 14:23:00,1,Tuesday,6,0,0,normal,1.0,9400,QRIS,9400,0,2
TRX-260623-07496,2026-06-23,08:08:00,2026-06-23 08:08:00,1,Tuesday,6,0,0,normal,1.0,77000,CASH,80000,3000,4
TRX-260623-07497,2026-06-23,16:30:00,2026-06-23 16:30:00,1,Tuesday,6,0,0,normal,1.0,64500,CASH,65000,500,3
TRX-260623-07498,2026-06-23,09:37:00,2026-06-23 09:37:00,1,Tuesday,6,0,0,normal,1.0,9000,QRIS,9000,0,1
TRX-260624-07499,2026-06-24,10:43:00,2026-06-24 10:43:00,2,Wednesday,6,0,0,normal,1.0,35000,CASH,40000,5000,2
TRX-260624-07500,2026-06-24,07:19:00,2026-06-24 07:19:00,2,Wednesday,6,0,0,normal,1.0,53000,CASH,55000,2000,3
TRX-260624-07501,2026-06-24,07:53:00,2026-06-24 07:53:00,2,Wednesday,6,0,0,normal,1.0,39000,CASH,40000,1000,2
TRX-260624-07502,2026-06-24,11:11:00,2026-06-24 11:11:00,2,Wednesday,6,0,0,normal,1.0,37500,CASH,40000,2500,4
TRX-260624-07503,2026-06-24,13:24:00,2026-06-24 13:24:00,2,Wednesday,6,0,0,normal,1.0,2000,CASH,5000,3000,1
TRX-260624-07504,2026-06-24,17:12:00,2026-06-24 17:12:00,2,Wednesday,6,0,0,normal,1.0,83850,CASH,85000,1150,4
TRX-260624-07505,2026-06-24,12:10:00,2026-06-24 12:10:00,2,Wednesday,6,0,0,normal,1.0,40000,TRANSFER,40000,0,2
TRX-260624-07506,2026-06-24,18:59:00,2026-06-24 18:59:00,2,Wednesday,6,0,0,normal,1.0,45000,CASH,50000,5000,3
TRX-260624-07507,2026-06-24,11:03:00,2026-06-24 11:03:00,2,Wednesday,6,0,0,normal,1.0,24000,QRIS,24000,0,2
TRX-260624-07508,2026-06-24,21:17:00,2026-06-24 21:17:00,2,Wednesday,6,0,0,normal,1.0,30000,CASH,35000,5000,1
TRX-260624-07509,2026-06-24,11:40:00,2026-06-24 11:40:00,2,Wednesday,6,0,0,normal,1.0,41000,CASH,45000,4000,2
TRX-260624-07510,2026-06-24,20:57:00,2026-06-24 20:57:00,2,Wednesday,6,0,0,normal,1.0,29000,CASH,30000,1000,4
TRX-260624-07511,2026-06-24,18:27:00,2026-06-24 18:27:00,2,Wednesday,6,0,0,normal,1.0,2500,QRIS,2500,0,2
TRX-260624-07512,2026-06-24,08:30:00,2026-06-24 08:30:00,2,Wednesday,6,0,0,normal,1.0,103000,CASH,105000,2000,4
TRX-260624-07513,2026-06-24,16:20:00,2026-06-24 16:20:00,2,Wednesday,6,0,0,normal,1.0,11500,CASH,15000,3500,4
TRX-260624-07514,2026-06-24,14:29:00,2026-06-24 14:29:00,2,Wednesday,6,0,0,normal,1.0,24000,CASH,25000,1000,3
TRX-260624-07515,2026-06-24,17:59:00,2026-06-24 17:59:00,2,Wednesday,6,0,0,normal,1.0,68000,CASH,70000,2000,4
TRX-260624-07516,2026-06-24,11:34:00,2026-06-24 11:34:00,2,Wednesday,6,0,0,normal,1.0,3000,QRIS,3000,0,1
TRX-260624-07517,2026-06-24,12:57:00,2026-06-24 12:57:00,2,Wednesday,6,0,0,normal,1.0,7000,CASH,10000,3000,2
TRX-260625-07518,2026-06-25,12:08:00,2026-06-25 12:08:00,3,Thursday,6,0,1,normal,1.0,2000,CASH,5000,3000,1
TRX-260625-07519,2026-06-25,14:02:00,2026-06-25 14:02:00,3,Thursday,6,0,1,normal,1.0,13800,CASH,15000,1200,3
TRX-260625-07520,2026-06-25,17:09:00,2026-06-25 17:09:00,3,Thursday,6,0,1,normal,1.0,31000,CASH,35000,4000,3
TRX-260625-07521,2026-06-25,17:03:00,2026-06-25 17:03:00,3,Thursday,6,0,1,normal,1.0,108000,CASH,110000,2000,2
TRX-260625-07522,2026-06-25,11:30:00,2026-06-25 11:30:00,3,Thursday,6,0,1,normal,1.0,89000,QRIS,89000,0,3
TRX-260625-07523,2026-06-25,20:50:00,2026-06-25 20:50:00,3,Thursday,6,0,1,normal,1.0,10000,QRIS,10000,0,2
TRX-260625-07524,2026-06-25,08:10:00,2026-06-25 08:10:00,3,Thursday,6,0,1,normal,1.0,5700,CASH,10000,4300,1
TRX-260625-07525,2026-06-25,15:41:00,2026-06-25 15:41:00,3,Thursday,6,0,1,normal,1.0,20500,CASH,25000,4500,3
TRX-260625-07526,2026-06-25,18:11:00,2026-06-25 18:11:00,3,Thursday,6,0,1,normal,1.0,60000,CASH,65000,5000,2
TRX-260625-07527,2026-06-25,06:07:00,2026-06-25 06:07:00,3,Thursday,6,0,1,normal,1.0,1000,CASH,5000,4000,1
TRX-260625-07528,2026-06-25,20:33:00,2026-06-25 20:33:00,3,Thursday,6,0,1,normal,1.0,15000,TRANSFER,15000,0,1
TRX-260625-07529,2026-06-25,20:56:00,2026-06-25 20:56:00,3,Thursday,6,0,1,normal,1.0,13000,CASH,15000,2000,3
TRX-260625-07530,2026-06-25,12:16:00,2026-06-25 12:16:00,3,Thursday,6,0,1,normal,1.0,46000,CASH,50000,4000,2
TRX-260625-07531,2026-06-25,13:14:00,2026-06-25 13:14:00,3,Thursday,6,0,1,normal,1.0,5000,CASH,10000,5000,1
TRX-260625-07532,2026-06-25,11:43:00,2026-06-25 11:43:00,3,Thursday,6,0,1,normal,1.0,61000,CASH,65000,4000,3
TRX-260625-07533,2026-06-25,18:41:00,2026-06-25 18:41:00,3,Thursday,6,0,1,normal,1.0,52500,EWALLET,52500,0,2
TRX-260625-07534,2026-06-25,16:15:00,2026-06-25 16:15:00,3,Thursday,6,0,1,normal,1.0,141250,CASH,145000,3750,3
TRX-260625-07535,2026-06-25,10:51:00,2026-06-25 10:51:00,3,Thursday,6,0,1,normal,1.0,11000,CASH,15000,4000,2
TRX-260625-07536,2026-06-25,06:31:00,2026-06-25 06:31:00,3,Thursday,6,0,1,normal,1.0,10500,CASH,15000,4500,3
TRX-260625-07537,2026-06-25,18:35:00,2026-06-25 18:35:00,3,Thursday,6,0,1,normal,1.0,37000,CASH,40000,3000,2
TRX-260626-07538,2026-06-26,10:29:00,2026-06-26 10:29:00,4,Friday,6,0,1,normal,1.0,102750,CASH,105000,2250,5
TRX-260626-07539,2026-06-26,11:29:00,2026-06-26 11:29:00,4,Friday,6,0,1,normal,1.0,9000,CASH,10000,1000,2
TRX-260626-07540,2026-06-26,11:01:00,2026-06-26 11:01:00,4,Friday,6,0,1,normal,1.0,16000,QRIS,16000,0,2
TRX-260626-07541,2026-06-26,06:35:00,2026-06-26 06:35:00,4,Friday,6,0,1,normal,1.0,3000,CASH,5000,2000,1
TRX-260626-07542,2026-06-26,10:52:00,2026-06-26 10:52:00,4,Friday,6,0,1,normal,1.0,102000,CASH,105000,3000,4
TRX-260626-07543,2026-06-26,10:42:00,2026-06-26 10:42:00,4,Friday,6,0,1,normal,1.0,61200,CASH,65000,3800,4
TRX-260626-07544,2026-06-26,16:40:00,2026-06-26 16:40:00,4,Friday,6,0,1,normal,1.0,6000,CASH,10000,4000,2
TRX-260626-07545,2026-06-26,18:38:00,2026-06-26 18:38:00,4,Friday,6,0,1,normal,1.0,12000,EWALLET,12000,0,2
TRX-260626-07546,2026-06-26,08:20:00,2026-06-26 08:20:00,4,Friday,6,0,1,normal,1.0,3500,EWALLET,3500,0,2
TRX-260626-07547,2026-06-26,08:15:00,2026-06-26 08:15:00,4,Friday,6,0,1,normal,1.0,9000,CASH,10000,1000,2
TRX-260626-07548,2026-06-26,11:19:00,2026-06-26 11:19:00,4,Friday,6,0,1,normal,1.0,22950,CASH,25000,2050,4
TRX-260626-07549,2026-06-26,11:35:00,2026-06-26 11:35:00,4,Friday,6,0,1,normal,1.0,13000,CASH,15000,2000,3
TRX-260626-07550,2026-06-26,20:35:00,2026-06-26 20:35:00,4,Friday,6,0,1,normal,1.0,27000,TRANSFER,27000,0,3
TRX-260626-07551,2026-06-26,06:46:00,2026-06-26 06:46:00,4,Friday,6,0,1,normal,1.0,16000,EWALLET,16000,0,2
TRX-260626-07552,2026-06-26,17:50:00,2026-06-26 17:50:00,4,Friday,6,0,1,normal,1.0,4000,CASH,5000,1000,2
TRX-260626-07553,2026-06-26,11:03:00,2026-06-26 11:03:00,4,Friday,6,0,1,normal,1.0,7000,CASH,10000,3000,2
TRX-260626-07554,2026-06-26,20:35:00,2026-06-26 20:35:00,4,Friday,6,0,1,normal,1.0,54500,CASH,55000,500,3
TRX-260626-07555,2026-06-26,10:21:00,2026-06-26 10:21:00,4,Friday,6,0,1,normal,1.0,116000,TRANSFER,116000,0,2
TRX-260626-07556,2026-06-26,18:48:00,2026-06-26 18:48:00,4,Friday,6,0,1,normal,1.0,8000,CASH,10000,2000,2
TRX-260626-07557,2026-06-26,09:26:00,2026-06-26 09:26:00,4,Friday,6,0,1,normal,1.0,58000,EWALLET,58000,0,1
TRX-260627-07558,2026-06-27,10:02:00,2026-06-27 10:02:00,5,Saturday,6,1,1,normal,1.0,33000,CASH,35000,2000,3
TRX-260627-07559,2026-06-27,20:17:00,2026-06-27 20:17:00,5,Saturday,6,1,1,normal,1.0,5000,CASH,10000,5000,1
TRX-260627-07560,2026-06-27,13:25:00,2026-06-27 13:25:00,5,Saturday,6,1,1,normal,1.0,219500,QRIS,219500,0,4
TRX-260627-07561,2026-06-27,16:07:00,2026-06-27 16:07:00,5,Saturday,6,1,1,normal,1.0,81000,QRIS,81000,0,3
TRX-260627-07562,2026-06-27,21:13:00,2026-06-27 21:13:00,5,Saturday,6,1,1,normal,1.0,40000,CASH,45000,5000,3
TRX-260627-07563,2026-06-27,10:07:00,2026-06-27 10:07:00,5,Saturday,6,1,1,normal,1.0,4000,CASH,5000,1000,2
TRX-260627-07564,2026-06-27,09:37:00,2026-06-27 09:37:00,5,Saturday,6,1,1,normal,1.0,113000,QRIS,113000,0,5
TRX-260627-07565,2026-06-27,10:48:00,2026-06-27 10:48:00,5,Saturday,6,1,1,normal,1.0,12000,CASH,15000,3000,1
TRX-260627-07566,2026-06-27,09:28:00,2026-06-27 09:28:00,5,Saturday,6,1,1,normal,1.0,16500,CASH,20000,3500,2
TRX-260627-07567,2026-06-27,15:35:00,2026-06-27 15:35:00,5,Saturday,6,1,1,normal,1.0,26000,CASH,30000,4000,3
TRX-260627-07568,2026-06-27,18:20:00,2026-06-27 18:20:00,5,Saturday,6,1,1,normal,1.0,30000,CASH,35000,5000,1
TRX-260627-07569,2026-06-27,10:40:00,2026-06-27 10:40:00,5,Saturday,6,1,1,normal,1.0,98500,CASH,100000,1500,4
TRX-260627-07570,2026-06-27,17:36:00,2026-06-27 17:36:00,5,Saturday,6,1,1,normal,1.0,9500,CASH,10000,500,3
TRX-260627-07571,2026-06-27,17:54:00,2026-06-27 17:54:00,5,Saturday,6,1,1,normal,1.0,135000,CASH,140000,5000,4
TRX-260627-07572,2026-06-27,14:52:00,2026-06-27 14:52:00,5,Saturday,6,1,1,normal,1.0,15000,EWALLET,15000,0,3
TRX-260627-07573,2026-06-27,11:28:00,2026-06-27 11:28:00,5,Saturday,6,1,1,normal,1.0,113000,QRIS,113000,0,3
TRX-260627-07574,2026-06-27,10:19:00,2026-06-27 10:19:00,5,Saturday,6,1,1,normal,1.0,67500,TRANSFER,67500,0,4
TRX-260627-07575,2026-06-27,09:39:00,2026-06-27 09:39:00,5,Saturday,6,1,1,normal,1.0,23000,EWALLET,23000,0,2
TRX-260627-07576,2026-06-27,15:49:00,2026-06-27 15:49:00,5,Saturday,6,1,1,normal,1.0,41000,CASH,45000,4000,2
TRX-260627-07577,2026-06-27,18:16:00,2026-06-27 18:16:00,5,Saturday,6,1,1,normal,1.0,15000,CASH,20000,5000,2
TRX-260627-07578,2026-06-27,10:21:00,2026-06-27 10:21:00,5,Saturday,6,1,1,normal,1.0,50000,CASH,55000,5000,3
TRX-260627-07579,2026-06-27,13:31:00,2026-06-27 13:31:00,5,Saturday,6,1,1,normal,1.0,14000,CASH,15000,1000,3
TRX-260627-07580,2026-06-27,09:23:00,2026-06-27 09:23:00,5,Saturday,6,1,1,normal,1.0,38000,CASH,40000,2000,3
TRX-260627-07581,2026-06-27,17:52:00,2026-06-27 17:52:00,5,Saturday,6,1,1,normal,1.0,4000,CASH,5000,1000,2
TRX-260627-07582,2026-06-27,12:20:00,2026-06-27 12:20:00,5,Saturday,6,1,1,normal,1.0,12000,CASH,15000,3000,3
TRX-260627-07583,2026-06-27,08:01:00,2026-06-27 08:01:00,5,Saturday,6,1,1,normal,1.0,26850,CASH,30000,3150,3
TRX-260627-07584,2026-06-27,08:32:00,2026-06-27 08:32:00,5,Saturday,6,1,1,normal,1.0,9000,EWALLET,9000,0,2
TRX-260627-07585,2026-06-27,19:15:00,2026-06-27 19:15:00,5,Saturday,6,1,1,normal,1.0,59000,CASH,60000,1000,3
TRX-260628-07586,2026-06-28,17:31:00,2026-06-28 17:31:00,6,Sunday,6,1,1,normal,1.0,4000,CASH,5000,1000,1
TRX-260628-07587,2026-06-28,09:34:00,2026-06-28 09:34:00,6,Sunday,6,1,1,normal,1.0,24000,CASH,25000,1000,3
TRX-260628-07588,2026-06-28,08:52:00,2026-06-28 08:52:00,6,Sunday,6,1,1,normal,1.0,38900,CASH,40000,1100,3
TRX-260628-07589,2026-06-28,14:22:00,2026-06-28 14:22:00,6,Sunday,6,1,1,normal,1.0,9900,CASH,10000,100,3
TRX-260628-07590,2026-06-28,20:18:00,2026-06-28 20:18:00,6,Sunday,6,1,1,normal,1.0,34000,QRIS,34000,0,2
TRX-260628-07591,2026-06-28,10:49:00,2026-06-28 10:49:00,6,Sunday,6,1,1,normal,1.0,115400,CASH,120000,4600,3
TRX-260628-07592,2026-06-28,06:16:00,2026-06-28 06:16:00,6,Sunday,6,1,1,normal,1.0,14000,CASH,15000,1000,2
TRX-260628-07593,2026-06-28,18:27:00,2026-06-28 18:27:00,6,Sunday,6,1,1,normal,1.0,14500,CASH,15000,500,3
TRX-260628-07594,2026-06-28,15:05:00,2026-06-28 15:05:00,6,Sunday,6,1,1,normal,1.0,24000,QRIS,24000,0,1
TRX-260628-07595,2026-06-28,11:48:00,2026-06-28 11:48:00,6,Sunday,6,1,1,normal,1.0,187000,CASH,190000,3000,3
TRX-260628-07596,2026-06-28,17:37:00,2026-06-28 17:37:00,6,Sunday,6,1,1,normal,1.0,111000,QRIS,111000,0,4
TRX-260628-07597,2026-06-28,14:03:00,2026-06-28 14:03:00,6,Sunday,6,1,1,normal,1.0,7000,QRIS,7000,0,2
TRX-260628-07598,2026-06-28,07:09:00,2026-06-28 07:09:00,6,Sunday,6,1,1,normal,1.0,33000,CASH,35000,2000,2
TRX-260628-07599,2026-06-28,08:52:00,2026-06-28 08:52:00,6,Sunday,6,1,1,normal,1.0,28000,CASH,30000,2000,3
TRX-260628-07600,2026-06-28,16:32:00,2026-06-28 16:32:00,6,Sunday,6,1,1,normal,1.0,24000,CASH,25000,1000,2
TRX-260628-07601,2026-06-28,13:52:00,2026-06-28 13:52:00,6,Sunday,6,1,1,normal,1.0,18500,CASH,20000,1500,2
TRX-260628-07602,2026-06-28,21:47:00,2026-06-28 21:47:00,6,Sunday,6,1,1,normal,1.0,10000,CASH,15000,5000,2
TRX-260628-07603,2026-06-28,08:59:00,2026-06-28 08:59:00,6,Sunday,6,1,1,normal,1.0,20000,CASH,25000,5000,2
TRX-260628-07604,2026-06-28,14:14:00,2026-06-28 14:14:00,6,Sunday,6,1,1,normal,1.0,6000,QRIS,6000,0,2
TRX-260628-07605,2026-06-28,13:56:00,2026-06-28 13:56:00,6,Sunday,6,1,1,normal,1.0,28000,CASH,30000,2000,2
TRX-260628-07606,2026-06-28,16:41:00,2026-06-28 16:41:00,6,Sunday,6,1,1,normal,1.0,54000,CASH,55000,1000,1
TRX-260628-07607,2026-06-28,15:01:00,2026-06-28 15:01:00,6,Sunday,6,1,1,normal,1.0,7000,CASH,10000,3000,3
TRX-260628-07608,2026-06-28,14:04:00,2026-06-28 14:04:00,6,Sunday,6,1,1,normal,1.0,6900,CASH,10000,3100,2
TRX-260628-07609,2026-06-28,15:28:00,2026-06-28 15:28:00,6,Sunday,6,1,1,normal,1.0,40000,CASH,45000,5000,2
TRX-260628-07610,2026-06-28,10:10:00,2026-06-28 10:10:00,6,Sunday,6,1,1,normal,1.0,68500,CASH,70000,1500,4
TRX-260628-07611,2026-06-28,21:42:00,2026-06-28 21:42:00,6,Sunday,6,1,1,normal,1.0,38000,CASH,40000,2000,4
TRX-260628-07612,2026-06-28,19:05:00,2026-06-28 19:05:00,6,Sunday,6,1,1,normal,1.0,8500,CASH,10000,1500,3
TRX-260628-07613,2026-06-28,14:07:00,2026-06-28 14:07:00,6,Sunday,6,1,1,normal,1.0,31500,CASH,35000,3500,4
TRX-260628-07614,2026-06-28,16:27:00,2026-06-28 16:27:00,6,Sunday,6,1,1,normal,1.0,49500,CASH,50000,500,4
TRX-260628-07615,2026-06-28,10:38:00,2026-06-28 10:38:00,6,Sunday,6,1,1,normal,1.0,35000,CASH,40000,5000,4
TRX-260628-07616,2026-06-28,16:01:00,2026-06-28 16:01:00,6,Sunday,6,1,1,normal,1.0,46000,CASH,50000,4000,4
TRX-260628-07617,2026-06-28,15:58:00,2026-06-28 15:58:00,6,Sunday,6,1,1,normal,1.0,64500,QRIS,64500,0,4
TRX-260629-07618,2026-06-29,20:58:00,2026-06-29 20:58:00,0,Monday,6,0,1,normal,1.0,6500,CASH,10000,3500,2
TRX-260629-07619,2026-06-29,11:36:00,2026-06-29 11:36:00,0,Monday,6,0,1,normal,1.0,10000,QRIS,10000,0,1
TRX-260629-07620,2026-06-29,16:17:00,2026-06-29 16:17:00,0,Monday,6,0,1,normal,1.0,23000,CASH,25000,2000,3
TRX-260629-07621,2026-06-29,19:26:00,2026-06-29 19:26:00,0,Monday,6,0,1,normal,1.0,8350,CASH,10000,1650,2
TRX-260629-07622,2026-06-29,16:44:00,2026-06-29 16:44:00,0,Monday,6,0,1,normal,1.0,30000,CASH,35000,5000,2
TRX-260629-07623,2026-06-29,15:50:00,2026-06-29 15:50:00,0,Monday,6,0,1,normal,1.0,3000,CASH,5000,2000,1
TRX-260629-07624,2026-06-29,18:02:00,2026-06-29 18:02:00,0,Monday,6,0,1,normal,1.0,52000,CASH,55000,3000,3
TRX-260629-07625,2026-06-29,19:06:00,2026-06-29 19:06:00,0,Monday,6,0,1,normal,1.0,42000,CASH,45000,3000,2
TRX-260629-07626,2026-06-29,20:17:00,2026-06-29 20:17:00,0,Monday,6,0,1,normal,1.0,8000,CASH,10000,2000,1
TRX-260629-07627,2026-06-29,19:38:00,2026-06-29 19:38:00,0,Monday,6,0,1,normal,1.0,3000,CASH,5000,2000,1
TRX-260629-07628,2026-06-29,10:32:00,2026-06-29 10:32:00,0,Monday,6,0,1,normal,1.0,29000,TRANSFER,29000,0,4
TRX-260629-07629,2026-06-29,19:51:00,2026-06-29 19:51:00,0,Monday,6,0,1,normal,1.0,81000,EWALLET,81000,0,1
TRX-260629-07630,2026-06-29,18:25:00,2026-06-29 18:25:00,0,Monday,6,0,1,normal,1.0,60000,CASH,65000,5000,2
TRX-260629-07631,2026-06-29,11:06:00,2026-06-29 11:06:00,0,Monday,6,0,1,normal,1.0,72000,QRIS,72000,0,3
TRX-260629-07632,2026-06-29,17:17:00,2026-06-29 17:17:00,0,Monday,6,0,1,normal,1.0,56500,CASH,60000,3500,3
TRX-260629-07633,2026-06-29,18:10:00,2026-06-29 18:10:00,0,Monday,6,0,1,normal,1.0,81000,CASH,85000,4000,5
TRX-260629-07634,2026-06-29,11:36:00,2026-06-29 11:36:00,0,Monday,6,0,1,normal,1.0,81000,CASH,85000,4000,1
TRX-260629-07635,2026-06-29,09:58:00,2026-06-29 09:58:00,0,Monday,6,0,1,normal,1.0,69000,CASH,70000,1000,3
TRX-260629-07636,2026-06-29,15:22:00,2026-06-29 15:22:00,0,Monday,6,0,1,normal,1.0,12000,QRIS,12000,0,2
TRX-260629-07637,2026-06-29,13:47:00,2026-06-29 13:47:00,0,Monday,6,0,1,normal,1.0,2000,CASH,5000,3000,1
TRX-260629-07638,2026-06-29,19:04:00,2026-06-29 19:04:00,0,Monday,6,0,1,normal,1.0,24000,CASH,25000,1000,3
TRX-260629-07639,2026-06-29,14:17:00,2026-06-29 14:17:00,0,Monday,6,0,1,normal,1.0,31000,EWALLET,31000,0,3
TRX-260629-07640,2026-06-29,17:58:00,2026-06-29 17:58:00,0,Monday,6,0,1,normal,1.0,14000,CASH,15000,1000,2
TRX-260629-07641,2026-06-29,08:30:00,2026-06-29 08:30:00,0,Monday,6,0,1,normal,1.0,145000,CASH,150000,5000,2
TRX-260629-07642,2026-06-29,11:24:00,2026-06-29 11:24:00,0,Monday,6,0,1,normal,1.0,12750,CASH,15000,2250,1
TRX-260629-07643,2026-06-29,09:44:00,2026-06-29 09:44:00,0,Monday,6,0,1,normal,1.0,66500,EWALLET,66500,0,3
TRX-260629-07644,2026-06-29,10:48:00,2026-06-29 10:48:00,0,Monday,6,0,1,normal,1.0,3000,CASH,5000,2000,2
TRX-260629-07645,2026-06-29,16:07:00,2026-06-29 16:07:00,0,Monday,6,0,1,normal,1.0,16000,CASH,20000,4000,1
TRX-260630-07646,2026-06-30,15:42:00,2026-06-30 15:42:00,1,Tuesday,6,0,1,normal,1.0,9000,CASH,10000,1000,3
TRX-260630-07647,2026-06-30,19:01:00,2026-06-30 19:01:00,1,Tuesday,6,0,1,normal,1.0,61000,QRIS,61000,0,3
TRX-260630-07648,2026-06-30,18:32:00,2026-06-30 18:32:00,1,Tuesday,6,0,1,normal,1.0,10250,CASH,15000,4750,2
TRX-260630-07649,2026-06-30,16:32:00,2026-06-30 16:32:00,1,Tuesday,6,0,1,normal,1.0,9000,CASH,10000,1000,1
TRX-260630-07650,2026-06-30,14:46:00,2026-06-30 14:46:00,1,Tuesday,6,0,1,normal,1.0,12000,CASH,15000,3000,1
TRX-260630-07651,2026-06-30,15:21:00,2026-06-30 15:21:00,1,Tuesday,6,0,1,normal,1.0,9500,CASH,10000,500,3
TRX-260630-07652,2026-06-30,07:15:00,2026-06-30 07:15:00,1,Tuesday,6,0,1,normal,1.0,2000,CASH,5000,3000,1
TRX-260630-07653,2026-06-30,13:05:00,2026-06-30 13:05:00,1,Tuesday,6,0,1,normal,1.0,71000,CASH,75000,4000,5
TRX-260630-07654,2026-06-30,13:43:00,2026-06-30 13:43:00,1,Tuesday,6,0,1,normal,1.0,11200,CASH,15000,3800,4
TRX-260630-07655,2026-06-30,19:22:00,2026-06-30 19:22:00,1,Tuesday,6,0,1,normal,1.0,49000,TRANSFER,49000,0,5
TRX-260630-07656,2026-06-30,17:13:00,2026-06-30 17:13:00,1,Tuesday,6,0,1,normal,1.0,1000,CASH,5000,4000,1
TRX-260630-07657,2026-06-30,16:15:00,2026-06-30 16:15:00,1,Tuesday,6,0,1,normal,1.0,18000,CASH,20000,2000,1
TRX-260630-07658,2026-06-30,20:22:00,2026-06-30 20:22:00,1,Tuesday,6,0,1,normal,1.0,38000,QRIS,38000,0,4
TRX-260630-07659,2026-06-30,11:57:00,2026-06-30 11:57:00,1,Tuesday,6,0,1,normal,1.0,70500,CASH,75000,4500,4
TRX-260630-07660,2026-06-30,07:27:00,2026-06-30 07:27:00,1,Tuesday,6,0,1,normal,1.0,16000,CASH,20000,4000,2
TRX-260630-07661,2026-06-30,19:15:00,2026-06-30 19:15:00,1,Tuesday,6,0,1,normal,1.0,3000,QRIS,3000,0,1
TRX-260630-07662,2026-06-30,06:35:00,2026-06-30 06:35:00,1,Tuesday,6,0,1,normal,1.0,104000,CASH,105000,1000,3
TRX-260630-07663,2026-06-30,13:44:00,2026-06-30 13:44:00,1,Tuesday,6,0,1,normal,1.0,10000,CASH,15000,5000,2
TRX-260630-07664,2026-06-30,12:32:00,2026-06-30 12:32:00,1,Tuesday,6,0,1,normal,1.0,122000,CASH,125000,3000,3
TRX-260630-07665,2026-06-30,06:00:00,2026-06-30 06:00:00,1,Tuesday,6,0,1,normal,1.0,1500,CASH,5000,3500,1
TRX-260630-07666,2026-06-30,19:48:00,2026-06-30 19:48:00,1,Tuesday,6,0,1,normal,1.0,3000,CASH,5000,2000,1
TRX-260630-07667,2026-06-30,20:39:00,2026-06-30 20:39:00,1,Tuesday,6,0,1,normal,1.0,4000,QRIS,4000,0,1
