transaction_code,date,total_amount,payment_method,status
TRX-KLN-20250801-00001,2025-08-01 09:52:06,28000.0,QRIS,COMPLETED
TRX-KLN-20250801-00002,2025-08-01 10:16:22,36000.0,CASH,COMPLETED
TRX-KLN-20250801-00003,2025-08-01 11:09:56,39000.0,QRIS,COMPLETED
TRX-KLN-20250801-00004,2025-08-01 12:29:27,14000.0,TRANSFER,COMPLETED
TRX-KLN-20250801-00005,2025-08-01 13:51:48,74000.0,CASH,COMPLETED
TRX-KLN-20250801-00006,2025-08-01 16:49:08,61000.0,CASH,COMPLETED
TRX-KLN-20250801-00007,2025-08-01 18:07:40,104500.0,CASH,COMPLETED
TRX-KLN-20250801-00008,2025-08-01 15:41:32,11000.0,QRIS,COMPLETED
TRX-KLN-20250801-00009,2025-08-01 07:09:41,128500.0,QRIS,COMPLETED
TRX-KLN-20250801-00010,2025-08-01 14:49:52,21500.0,QRIS,COMPLETED
TRX-KLN-20250801-00011,2025-08-01 11:58:51,32000.0,CASH,COMPLETED
TRX-KLN-20250801-00012,2025-08-01 20:53:46,70000.0,CASH,COMPLETED
TRX-KLN-20250801-00013,2025-08-01 17:26:09,68000.0,CASH,COMPLETED
TRX-KLN-20250801-00014,2025-08-01 15:53:05,15600.0,QRIS,COMPLETED
TRX-KLN-20250801-00015,2025-08-01 20:42:48,166000.0,QRIS,COMPLETED
TRX-KLN-20250801-00016,2025-08-01 20:34:14,61500.0,CASH,COMPLETED
TRX-KLN-20250802-00017,2025-08-02 09:08:50,20000.0,QRIS,COMPLETED
TRX-KLN-20250802-00018,2025-08-02 15:12:24,37000.0,TRANSFER,COMPLETED
TRX-KLN-20250802-00019,2025-08-02 08:22:41,21000.0,CASH,COMPLETED
TRX-KLN-20250802-00020,2025-08-02 12:19:28,37000.0,EWALLET,COMPLETED
TRX-KLN-20250802-00021,2025-08-02 16:51:10,8500.0,CASH,COMPLETED
TRX-KLN-20250802-00022,2025-08-02 14:14:43,12500.0,CASH,COMPLETED
TRX-KLN-20250802-00023,2025-08-02 07:34:59,95500.0,CASH,COMPLETED
TRX-KLN-20250802-00024,2025-08-02 10:56:33,101000.0,CASH,COMPLETED
TRX-KLN-20250802-00025,2025-08-02 19:24:19,58000.0,CASH,COMPLETED
TRX-KLN-20250802-00026,2025-08-02 11:11:20,159000.0,QRIS,COMPLETED
TRX-KLN-20250802-00027,2025-08-02 18:54:13,32000.0,CASH,COMPLETED
TRX-KLN-20250802-00028,2025-08-02 15:53:54,177000.0,QRIS,COMPLETED
TRX-KLN-20250802-00029,2025-08-02 18:13:07,25000.0,CASH,COMPLETED
TRX-KLN-20250802-00030,2025-08-02 16:06:50,4000.0,CASH,COMPLETED
TRX-KLN-20250802-00031,2025-08-02 18:46:51,19000.0,CASH,COMPLETED
TRX-KLN-20250802-00032,2025-08-02 16:04:18,73000.0,CASH,COMPLETED
TRX-KLN-20250802-00033,2025-08-02 08:15:01,55500.0,CASH,COMPLETED
TRX-KLN-20250802-00034,2025-08-02 11:29:38,27000.0,CASH,COMPLETED
TRX-KLN-20250802-00035,2025-08-02 16:27:43,53000.0,EWALLET,COMPLETED
TRX-KLN-20250802-00036,2025-08-02 12:47:45,136000.0,QRIS,COMPLETED
TRX-KLN-20250802-00037,2025-08-02 11:49:51,39000.0,EWALLET,COMPLETED
TRX-KLN-20250802-00038,2025-08-02 10:03:46,202500.0,CASH,COMPLETED
TRX-KLN-20250802-00039,2025-08-02 09:26:24,42000.0,QRIS,COMPLETED
TRX-KLN-20250802-00040,2025-08-02 18:11:34,32000.0,TRANSFER,COMPLETED
TRX-KLN-20250802-00041,2025-08-02 18:14:01,19000.0,CASH,COMPLETED
TRX-KLN-20250802-00042,2025-08-02 09:40:37,29000.0,QRIS,COMPLETED
TRX-KLN-20250802-00043,2025-08-02 20:32:52,38000.0,CASH,COMPLETED
TRX-KLN-20250802-00044,2025-08-02 16:15:30,6200.0,TRANSFER,COMPLETED
TRX-KLN-20250802-00045,2025-08-02 19:25:45,50200.0,CASH,COMPLETED
TRX-KLN-20250802-00046,2025-08-02 18:57:50,28000.0,CASH,COMPLETED
TRX-KLN-20250802-00047,2025-08-02 20:52:53,72000.0,CASH,COMPLETED
TRX-KLN-20250802-00048,2025-08-02 15:16:08,123500.0,QRIS,COMPLETED
TRX-KLN-20250802-00049,2025-08-02 17:19:36,6000.0,CASH,COMPLETED
TRX-KLN-20250802-00050,2025-08-02 18:42:10,128000.0,CASH,COMPLETED
TRX-KLN-20250802-00051,2025-08-02 16:50:12,6000.0,CASH,COMPLETED
TRX-KLN-20250803-00052,2025-08-03 21:12:47,49000.0,CASH,COMPLETED
TRX-KLN-20250803-00053,2025-08-03 09:33:01,9500.0,CASH,COMPLETED
TRX-KLN-20250803-00054,2025-08-03 15:56:45,76000.0,CASH,COMPLETED
TRX-KLN-20250803-00055,2025-08-03 09:39:15,16000.0,CASH,COMPLETED
TRX-KLN-20250803-00056,2025-08-03 08:16:39,37000.0,CASH,COMPLETED
TRX-KLN-20250803-00057,2025-08-03 09:33:15,69500.0,QRIS,COMPLETED
TRX-KLN-20250803-00058,2025-08-03 08:31:49,21000.0,CASH,COMPLETED
TRX-KLN-20250803-00059,2025-08-03 15:21:20,67500.0,CASH,COMPLETED
TRX-KLN-20250803-00060,2025-08-03 10:44:58,8000.0,QRIS,COMPLETED
TRX-KLN-20250803-00061,2025-08-03 16:13:09,7000.0,CASH,COMPLETED
TRX-KLN-20250803-00062,2025-08-03 18:20:17,127500.0,CASH,COMPLETED
TRX-KLN-20250803-00063,2025-08-03 16:07:17,103500.0,CASH,COMPLETED
TRX-KLN-20250803-00064,2025-08-03 15:21:43,55500.0,QRIS,COMPLETED
TRX-KLN-20250803-00065,2025-08-03 15:43:54,56000.0,CASH,COMPLETED
TRX-KLN-20250803-00066,2025-08-03 08:25:46,9000.0,CASH,COMPLETED
TRX-KLN-20250803-00067,2025-08-03 17:26:53,29500.0,QRIS,COMPLETED
TRX-KLN-20250803-00068,2025-08-03 17:42:54,186000.0,CASH,COMPLETED
TRX-KLN-20250803-00069,2025-08-03 08:44:12,105000.0,EWALLET,COMPLETED
TRX-KLN-20250803-00070,2025-08-03 20:13:38,25000.0,CASH,COMPLETED
TRX-KLN-20250803-00071,2025-08-03 17:35:08,12000.0,CASH,COMPLETED
TRX-KLN-20250803-00072,2025-08-03 17:14:58,40000.0,CASH,COMPLETED
TRX-KLN-20250803-00073,2025-08-03 10:56:20,130000.0,QRIS,COMPLETED
TRX-KLN-20250804-00074,2025-08-04 18:29:12,17000.0,CASH,COMPLETED
TRX-KLN-20250804-00075,2025-08-04 08:26:55,14000.0,EWALLET,COMPLETED
TRX-KLN-20250804-00076,2025-08-04 16:54:32,62500.0,EWALLET,COMPLETED
TRX-KLN-20250804-00077,2025-08-04 19:11:48,17000.0,CASH,COMPLETED
TRX-KLN-20250804-00078,2025-08-04 21:01:29,12000.0,TRANSFER,COMPLETED
TRX-KLN-20250804-00079,2025-08-04 09:13:50,104000.0,EWALLET,COMPLETED
TRX-KLN-20250804-00080,2025-08-04 13:39:46,61500.0,EWALLET,COMPLETED
TRX-KLN-20250804-00081,2025-08-04 17:08:51,148000.0,EWALLET,COMPLETED
TRX-KLN-20250804-00082,2025-08-04 09:17:34,49500.0,QRIS,COMPLETED
TRX-KLN-20250804-00083,2025-08-04 18:43:09,11000.0,TRANSFER,COMPLETED
TRX-KLN-20250804-00084,2025-08-04 20:19:14,67000.0,QRIS,COMPLETED
TRX-KLN-20250804-00085,2025-08-04 09:20:09,85500.0,CASH,COMPLETED
TRX-KLN-20250804-00086,2025-08-04 18:44:52,97000.0,CASH,COMPLETED
TRX-KLN-20250804-00087,2025-08-04 10:53:10,28000.0,CASH,COMPLETED
TRX-KLN-20250804-00088,2025-08-04 15:55:27,107500.0,EWALLET,COMPLETED
TRX-KLN-20250804-00089,2025-08-04 16:28:59,98000.0,CASH,COMPLETED
TRX-KLN-20250804-00090,2025-08-04 12:43:39,76500.0,CASH,COMPLETED
TRX-KLN-20250804-00091,2025-08-04 07:09:41,53000.0,CASH,COMPLETED
TRX-KLN-20250804-00092,2025-08-04 19:53:22,70500.0,CASH,COMPLETED
TRX-KLN-20250804-00093,2025-08-04 14:38:40,60000.0,EWALLET,COMPLETED
TRX-KLN-20250805-00094,2025-08-05 14:22:34,38500.0,CASH,COMPLETED
TRX-KLN-20250805-00095,2025-08-05 15:28:36,38000.0,CASH,COMPLETED
TRX-KLN-20250805-00096,2025-08-05 07:57:20,37000.0,CASH,COMPLETED
TRX-KLN-20250805-00097,2025-08-05 19:01:02,69000.0,QRIS,COMPLETED
TRX-KLN-20250805-00098,2025-08-05 19:21:45,25500.0,CASH,COMPLETED
TRX-KLN-20250805-00099,2025-08-05 17:25:15,12000.0,CASH,COMPLETED
TRX-KLN-20250805-00100,2025-08-05 13:49:07,15500.0,CASH,COMPLETED
TRX-KLN-20250805-00101,2025-08-05 12:02:33,24000.0,CASH,COMPLETED
TRX-KLN-20250805-00102,2025-08-05 19:37:01,8500.0,EWALLET,COMPLETED
TRX-KLN-20250805-00103,2025-08-05 09:23:51,48000.0,CASH,COMPLETED
TRX-KLN-20250805-00104,2025-08-05 18:51:06,75000.0,CASH,COMPLETED
TRX-KLN-20250805-00105,2025-08-05 15:58:23,29000.0,CASH,COMPLETED
TRX-KLN-20250805-00106,2025-08-05 18:35:07,107000.0,EWALLET,COMPLETED
TRX-KLN-20250805-00107,2025-08-05 19:12:41,111000.0,CASH,COMPLETED
TRX-KLN-20250805-00108,2025-08-05 11:00:18,145500.0,TRANSFER,COMPLETED
TRX-KLN-20250805-00109,2025-08-05 17:10:35,26000.0,QRIS,COMPLETED
TRX-KLN-20250806-00110,2025-08-06 12:34:25,123100.0,CASH,COMPLETED
TRX-KLN-20250806-00111,2025-08-06 14:39:11,29000.0,CASH,COMPLETED
TRX-KLN-20250806-00112,2025-08-06 13:41:41,16000.0,CASH,COMPLETED
TRX-KLN-20250806-00113,2025-08-06 18:36:55,82700.0,QRIS,COMPLETED
TRX-KLN-20250806-00114,2025-08-06 09:35:07,1500.0,EWALLET,COMPLETED
TRX-KLN-20250806-00115,2025-08-06 15:26:42,20500.0,QRIS,COMPLETED
TRX-KLN-20250806-00116,2025-08-06 07:16:15,9300.0,CASH,COMPLETED
TRX-KLN-20250806-00117,2025-08-06 17:36:11,9500.0,EWALLET,COMPLETED
TRX-KLN-20250806-00118,2025-08-06 12:47:11,62500.0,CASH,COMPLETED
TRX-KLN-20250806-00119,2025-08-06 16:32:59,34500.0,CASH,COMPLETED
TRX-KLN-20250806-00120,2025-08-06 09:16:01,3000.0,CASH,COMPLETED
TRX-KLN-20250806-00121,2025-08-06 07:37:07,16000.0,QRIS,COMPLETED
TRX-KLN-20250806-00122,2025-08-06 18:17:28,20000.0,QRIS,COMPLETED
TRX-KLN-20250806-00123,2025-08-06 13:18:55,29000.0,CASH,COMPLETED
TRX-KLN-20250806-00124,2025-08-06 10:44:18,25500.0,CASH,COMPLETED
TRX-KLN-20250806-00125,2025-08-06 10:08:38,19000.0,CASH,COMPLETED
TRX-KLN-20250806-00126,2025-08-06 11:34:34,103000.0,CASH,COMPLETED
TRX-KLN-20250806-00127,2025-08-06 18:19:10,87000.0,CASH,COMPLETED
TRX-KLN-20250806-00128,2025-08-06 16:47:02,33000.0,CASH,COMPLETED
TRX-KLN-20250806-00129,2025-08-06 16:34:56,51000.0,CASH,COMPLETED
TRX-KLN-20250807-00130,2025-08-07 15:24:39,43400.0,TRANSFER,COMPLETED
TRX-KLN-20250807-00131,2025-08-07 19:01:06,58000.0,CASH,COMPLETED
TRX-KLN-20250807-00132,2025-08-07 21:10:27,80000.0,EWALLET,COMPLETED
TRX-KLN-20250807-00133,2025-08-07 09:25:07,31000.0,CASH,COMPLETED
TRX-KLN-20250807-00134,2025-08-07 11:00:06,65000.0,CASH,COMPLETED
TRX-KLN-20250807-00135,2025-08-07 18:12:55,84500.0,CASH,COMPLETED
TRX-KLN-20250807-00136,2025-08-07 10:28:29,74000.0,CASH,COMPLETED
TRX-KLN-20250807-00137,2025-08-07 14:03:28,44000.0,CASH,COMPLETED
TRX-KLN-20250807-00138,2025-08-07 08:45:34,26500.0,CASH,COMPLETED
TRX-KLN-20250807-00139,2025-08-07 16:50:19,4000.0,QRIS,COMPLETED
TRX-KLN-20250807-00140,2025-08-07 12:48:04,19000.0,CASH,COMPLETED
TRX-KLN-20250807-00141,2025-08-07 11:27:54,16000.0,QRIS,COMPLETED
TRX-KLN-20250807-00142,2025-08-07 15:33:26,19000.0,CASH,COMPLETED
TRX-KLN-20250807-00143,2025-08-07 13:54:55,32000.0,CASH,COMPLETED
TRX-KLN-20250807-00144,2025-08-07 11:16:19,5500.0,CASH,COMPLETED
TRX-KLN-20250807-00145,2025-08-07 16:21:44,19000.0,QRIS,COMPLETED
TRX-KLN-20250807-00146,2025-08-07 13:27:39,29500.0,TRANSFER,COMPLETED
TRX-KLN-20250807-00147,2025-08-07 21:48:43,30000.0,CASH,COMPLETED
TRX-KLN-20250808-00148,2025-08-08 17:34:33,63000.0,TRANSFER,COMPLETED
TRX-KLN-20250808-00149,2025-08-08 10:44:04,69000.0,CASH,COMPLETED
TRX-KLN-20250808-00150,2025-08-08 17:48:49,29500.0,EWALLET,COMPLETED
TRX-KLN-20250808-00151,2025-08-08 13:09:17,48000.0,CASH,COMPLETED
TRX-KLN-20250808-00152,2025-08-08 13:30:28,98000.0,QRIS,COMPLETED
TRX-KLN-20250808-00153,2025-08-08 13:17:47,35500.0,CASH,COMPLETED
TRX-KLN-20250808-00154,2025-08-08 11:56:06,1500.0,CASH,COMPLETED
TRX-KLN-20250808-00155,2025-08-08 19:00:23,54000.0,CASH,COMPLETED
TRX-KLN-20250808-00156,2025-08-08 08:34:35,9500.0,QRIS,COMPLETED
TRX-KLN-20250808-00157,2025-08-08 14:22:50,44000.0,CASH,COMPLETED
TRX-KLN-20250808-00158,2025-08-08 09:16:37,16500.0,EWALLET,COMPLETED
TRX-KLN-20250808-00159,2025-08-08 14:58:40,19500.0,EWALLET,COMPLETED
TRX-KLN-20250808-00160,2025-08-08 12:59:14,63500.0,CASH,COMPLETED
TRX-KLN-20250809-00161,2025-08-09 19:45:06,37000.0,EWALLET,COMPLETED
TRX-KLN-20250809-00162,2025-08-09 18:04:30,3000.0,EWALLET,COMPLETED
TRX-KLN-20250809-00163,2025-08-09 17:53:03,36000.0,CASH,COMPLETED
TRX-KLN-20250809-00164,2025-08-09 07:20:12,4000.0,CASH,COMPLETED
TRX-KLN-20250809-00165,2025-08-09 18:43:21,14800.0,QRIS,COMPLETED
TRX-KLN-20250809-00166,2025-08-09 16:31:59,28000.0,QRIS,COMPLETED
TRX-KLN-20250809-00167,2025-08-09 19:12:34,65500.0,CASH,COMPLETED
TRX-KLN-20250809-00168,2025-08-09 13:59:43,5500.0,CASH,COMPLETED
TRX-KLN-20250809-00169,2025-08-09 14:07:45,34500.0,CASH,COMPLETED
TRX-KLN-20250809-00170,2025-08-09 11:13:29,247000.0,TRANSFER,COMPLETED
TRX-KLN-20250809-00171,2025-08-09 20:08:52,11000.0,CASH,COMPLETED
TRX-KLN-20250809-00172,2025-08-09 11:52:27,57000.0,QRIS,COMPLETED
TRX-KLN-20250809-00173,2025-08-09 19:38:34,56000.0,QRIS,COMPLETED
TRX-KLN-20250809-00174,2025-08-09 21:15:46,34000.0,CASH,COMPLETED
TRX-KLN-20250809-00175,2025-08-09 09:46:49,9000.0,CASH,COMPLETED
TRX-KLN-20250809-00176,2025-08-09 07:17:54,105000.0,QRIS,COMPLETED
TRX-KLN-20250809-00177,2025-08-09 08:24:56,22000.0,CASH,COMPLETED
TRX-KLN-20250809-00178,2025-08-09 17:07:45,15000.0,EWALLET,COMPLETED
TRX-KLN-20250809-00179,2025-08-09 18:58:20,42500.0,TRANSFER,COMPLETED
TRX-KLN-20250809-00180,2025-08-09 16:17:49,112000.0,QRIS,COMPLETED
TRX-KLN-20250809-00181,2025-08-09 09:51:17,58000.0,EWALLET,COMPLETED
TRX-KLN-20250809-00182,2025-08-09 16:25:48,75000.0,CASH,COMPLETED
TRX-KLN-20250809-00183,2025-08-09 21:02:40,15000.0,CASH,COMPLETED
TRX-KLN-20250810-00184,2025-08-10 16:06:28,54500.0,CASH,COMPLETED
TRX-KLN-20250810-00185,2025-08-10 07:28:02,9000.0,EWALLET,COMPLETED
TRX-KLN-20250810-00186,2025-08-10 14:44:33,63500.0,TRANSFER,COMPLETED
TRX-KLN-20250810-00187,2025-08-10 19:19:25,16000.0,CASH,COMPLETED
TRX-KLN-20250810-00188,2025-08-10 10:15:02,3000.0,CASH,COMPLETED
TRX-KLN-20250810-00189,2025-08-10 20:19:10,42000.0,EWALLET,COMPLETED
TRX-KLN-20250810-00190,2025-08-10 19:31:06,4000.0,QRIS,COMPLETED
TRX-KLN-20250810-00191,2025-08-10 10:02:05,130500.0,CASH,COMPLETED
TRX-KLN-20250810-00192,2025-08-10 18:55:51,136000.0,QRIS,COMPLETED
TRX-KLN-20250810-00193,2025-08-10 16:11:37,41500.0,CASH,COMPLETED
TRX-KLN-20250810-00194,2025-08-10 18:31:43,47500.0,CASH,COMPLETED
TRX-KLN-20250810-00195,2025-08-10 19:38:38,6000.0,TRANSFER,COMPLETED
TRX-KLN-20250810-00196,2025-08-10 17:30:52,9000.0,CASH,COMPLETED
TRX-KLN-20250810-00197,2025-08-10 20:14:52,6000.0,CASH,COMPLETED
TRX-KLN-20250810-00198,2025-08-10 09:57:52,34500.0,CASH,COMPLETED
TRX-KLN-20250811-00199,2025-08-11 09:07:29,89000.0,QRIS,COMPLETED
TRX-KLN-20250811-00200,2025-08-11 17:26:25,44500.0,CASH,COMPLETED
TRX-KLN-20250811-00201,2025-08-11 20:45:46,19000.0,CASH,COMPLETED
TRX-KLN-20250811-00202,2025-08-11 09:10:33,103500.0,EWALLET,COMPLETED
TRX-KLN-20250811-00203,2025-08-11 18:43:51,24000.0,CASH,COMPLETED
TRX-KLN-20250811-00204,2025-08-11 09:33:37,137000.0,CASH,COMPLETED
TRX-KLN-20250811-00205,2025-08-11 19:03:52,6200.0,CASH,COMPLETED
TRX-KLN-20250811-00206,2025-08-11 12:23:56,26500.0,TRANSFER,COMPLETED
TRX-KLN-20250811-00207,2025-08-11 13:02:41,87500.0,CASH,COMPLETED
TRX-KLN-20250811-00208,2025-08-11 08:33:22,34500.0,CASH,COMPLETED
TRX-KLN-20250811-00209,2025-08-11 10:25:48,10000.0,CASH,COMPLETED
TRX-KLN-20250811-00210,2025-08-11 15:49:25,144000.0,CASH,COMPLETED
TRX-KLN-20250811-00211,2025-08-11 21:03:27,14000.0,EWALLET,COMPLETED
TRX-KLN-20250812-00212,2025-08-12 08:41:07,6000.0,CASH,COMPLETED
TRX-KLN-20250812-00213,2025-08-12 08:21:35,16500.0,QRIS,COMPLETED
TRX-KLN-20250812-00214,2025-08-12 21:01:49,6000.0,CASH,COMPLETED
TRX-KLN-20250812-00215,2025-08-12 07:58:40,48000.0,CASH,COMPLETED
TRX-KLN-20250812-00216,2025-08-12 07:45:07,9500.0,CASH,COMPLETED
TRX-KLN-20250812-00217,2025-08-12 18:51:32,170500.0,QRIS,COMPLETED
TRX-KLN-20250812-00218,2025-08-12 08:14:23,25500.0,CASH,COMPLETED
TRX-KLN-20250812-00219,2025-08-12 17:51:33,63000.0,CASH,COMPLETED
TRX-KLN-20250812-00220,2025-08-12 17:23:19,30500.0,QRIS,COMPLETED
TRX-KLN-20250812-00221,2025-08-12 10:48:28,48000.0,QRIS,COMPLETED
TRX-KLN-20250812-00222,2025-08-12 16:57:54,60000.0,CASH,COMPLETED
TRX-KLN-20250812-00223,2025-08-12 13:17:53,127100.0,QRIS,COMPLETED
TRX-KLN-20250812-00224,2025-08-12 12:18:36,34500.0,CASH,COMPLETED
TRX-KLN-20250812-00225,2025-08-12 12:16:44,25000.0,TRANSFER,COMPLETED
TRX-KLN-20250812-00226,2025-08-12 18:38:10,51000.0,CASH,COMPLETED
TRX-KLN-20250812-00227,2025-08-12 18:38:25,6000.0,QRIS,COMPLETED
TRX-KLN-20250812-00228,2025-08-12 11:52:02,195000.0,QRIS,COMPLETED
TRX-KLN-20250812-00229,2025-08-12 19:52:26,14000.0,CASH,COMPLETED
TRX-KLN-20250812-00230,2025-08-12 15:24:22,14000.0,CASH,COMPLETED
TRX-KLN-20250813-00231,2025-08-13 15:02:42,17200.0,CASH,COMPLETED
TRX-KLN-20250813-00232,2025-08-13 19:26:36,14000.0,CASH,COMPLETED
TRX-KLN-20250813-00233,2025-08-13 07:36:33,80500.0,CASH,COMPLETED
TRX-KLN-20250813-00234,2025-08-13 18:10:54,25500.0,EWALLET,COMPLETED
TRX-KLN-20250813-00235,2025-08-13 16:51:27,58500.0,CASH,COMPLETED
TRX-KLN-20250813-00236,2025-08-13 17:51:09,6000.0,CASH,COMPLETED
TRX-KLN-20250813-00237,2025-08-13 18:17:27,21500.0,CASH,COMPLETED
TRX-KLN-20250813-00238,2025-08-13 19:28:38,3000.0,QRIS,COMPLETED
TRX-KLN-20250813-00239,2025-08-13 18:13:54,121500.0,CASH,COMPLETED
TRX-KLN-20250813-00240,2025-08-13 08:58:37,41500.0,QRIS,COMPLETED
TRX-KLN-20250813-00241,2025-08-13 17:32:26,148500.0,EWALLET,COMPLETED
TRX-KLN-20250813-00242,2025-08-13 09:56:36,25500.0,CASH,COMPLETED
TRX-KLN-20250813-00243,2025-08-13 19:42:08,47500.0,CASH,COMPLETED
TRX-KLN-20250813-00244,2025-08-13 15:10:21,16000.0,CASH,COMPLETED
TRX-KLN-20250813-00245,2025-08-13 14:31:44,6000.0,CASH,COMPLETED
TRX-KLN-20250813-00246,2025-08-13 17:57:46,68000.0,CASH,COMPLETED
TRX-KLN-20250813-00247,2025-08-13 16:48:18,14000.0,EWALLET,COMPLETED
TRX-KLN-20250813-00248,2025-08-13 18:34:18,21000.0,CASH,COMPLETED
TRX-KLN-20250813-00249,2025-08-13 11:33:20,9000.0,CASH,COMPLETED
TRX-KLN-20250813-00250,2025-08-13 09:51:15,8000.0,CASH,COMPLETED
TRX-KLN-20250814-00251,2025-08-14 16:53:12,47000.0,TRANSFER,COMPLETED
TRX-KLN-20250814-00252,2025-08-14 07:03:07,44000.0,CASH,COMPLETED
TRX-KLN-20250814-00253,2025-08-14 12:22:59,21000.0,QRIS,COMPLETED
TRX-KLN-20250814-00254,2025-08-14 07:10:22,7000.0,TRANSFER,COMPLETED
TRX-KLN-20250814-00255,2025-08-14 16:53:10,95500.0,CASH,COMPLETED
TRX-KLN-20250814-00256,2025-08-14 10:04:50,12400.0,CASH,COMPLETED
TRX-KLN-20250814-00257,2025-08-14 17:41:36,23000.0,CASH,COMPLETED
TRX-KLN-20250814-00258,2025-08-14 09:29:19,7000.0,CASH,COMPLETED
TRX-KLN-20250814-00259,2025-08-14 21:32:02,25000.0,QRIS,COMPLETED
TRX-KLN-20250814-00260,2025-08-14 18:48:20,9000.0,EWALLET,COMPLETED
TRX-KLN-20250814-00261,2025-08-14 13:33:51,128000.0,CASH,COMPLETED
TRX-KLN-20250814-00262,2025-08-14 07:37:44,12000.0,CASH,COMPLETED
TRX-KLN-20250815-00263,2025-08-15 17:41:16,12000.0,CASH,COMPLETED
TRX-KLN-20250815-00264,2025-08-15 20:06:17,14000.0,EWALLET,COMPLETED
TRX-KLN-20250815-00265,2025-08-15 17:48:07,83000.0,CASH,COMPLETED
TRX-KLN-20250815-00266,2025-08-15 19:09:44,6000.0,CASH,COMPLETED
TRX-KLN-20250815-00267,2025-08-15 19:57:59,17000.0,CASH,COMPLETED
TRX-KLN-20250815-00268,2025-08-15 17:21:52,86000.0,QRIS,COMPLETED
TRX-KLN-20250815-00269,2025-08-15 18:28:34,51000.0,CASH,COMPLETED
TRX-KLN-20250815-00270,2025-08-15 15:36:36,43500.0,CASH,COMPLETED
TRX-KLN-20250815-00271,2025-08-15 19:41:22,16000.0,CASH,COMPLETED
TRX-KLN-20250815-00272,2025-08-15 12:48:18,39000.0,CASH,COMPLETED
TRX-KLN-20250815-00273,2025-08-15 17:32:21,3000.0,CASH,COMPLETED
TRX-KLN-20250815-00274,2025-08-15 19:29:04,23000.0,CASH,COMPLETED
TRX-KLN-20250815-00275,2025-08-15 18:08:00,32000.0,CASH,COMPLETED
TRX-KLN-20250815-00276,2025-08-15 16:13:49,4000.0,CASH,COMPLETED
TRX-KLN-20250815-00277,2025-08-15 14:31:29,44000.0,CASH,COMPLETED
TRX-KLN-20250816-00278,2025-08-16 09:55:24,36000.0,CASH,COMPLETED
TRX-KLN-20250816-00279,2025-08-16 20:55:58,21000.0,EWALLET,COMPLETED
TRX-KLN-20250816-00280,2025-08-16 11:20:55,8000.0,CASH,COMPLETED
TRX-KLN-20250816-00281,2025-08-16 14:25:25,35000.0,CASH,COMPLETED
TRX-KLN-20250816-00282,2025-08-16 10:14:05,42000.0,CASH,COMPLETED
TRX-KLN-20250816-00283,2025-08-16 19:31:30,58000.0,CASH,COMPLETED
TRX-KLN-20250816-00284,2025-08-16 11:52:02,10000.0,CASH,COMPLETED
TRX-KLN-20250816-00285,2025-08-16 18:19:53,4000.0,TRANSFER,COMPLETED
TRX-KLN-20250816-00286,2025-08-16 15:48:13,99500.0,CASH,COMPLETED
TRX-KLN-20250816-00287,2025-08-16 08:50:20,54000.0,CASH,COMPLETED
TRX-KLN-20250816-00288,2025-08-16 07:46:45,30000.0,CASH,COMPLETED
TRX-KLN-20250816-00289,2025-08-16 08:43:43,22000.0,TRANSFER,COMPLETED
TRX-KLN-20250816-00290,2025-08-16 16:21:34,7000.0,CASH,COMPLETED
TRX-KLN-20250816-00291,2025-08-16 07:45:23,42000.0,CASH,COMPLETED
TRX-KLN-20250816-00292,2025-08-16 11:01:20,19000.0,CASH,COMPLETED
TRX-KLN-20250817-00293,2025-08-17 14:19:52,8000.0,CASH,COMPLETED
TRX-KLN-20250817-00294,2025-08-17 17:13:54,9500.0,CASH,COMPLETED
TRX-KLN-20250817-00295,2025-08-17 09:45:21,60000.0,CASH,COMPLETED
TRX-KLN-20250817-00296,2025-08-17 18:13:00,18000.0,CASH,COMPLETED
TRX-KLN-20250817-00297,2025-08-17 09:51:28,9300.0,CASH,COMPLETED
TRX-KLN-20250817-00298,2025-08-17 18:18:31,28000.0,CASH,COMPLETED
TRX-KLN-20250817-00299,2025-08-17 11:59:51,17500.0,QRIS,COMPLETED
TRX-KLN-20250817-00300,2025-08-17 19:38:57,92000.0,QRIS,COMPLETED
TRX-KLN-20250817-00301,2025-08-17 08:12:44,148500.0,CASH,COMPLETED
TRX-KLN-20250818-00302,2025-08-18 07:31:33,68000.0,QRIS,COMPLETED
TRX-KLN-20250818-00303,2025-08-18 19:30:25,8000.0,CASH,COMPLETED
TRX-KLN-20250818-00304,2025-08-18 18:45:11,84500.0,CASH,COMPLETED
TRX-KLN-20250818-00305,2025-08-18 17:12:01,74000.0,CASH,COMPLETED
TRX-KLN-20250818-00306,2025-08-18 09:17:52,58000.0,CASH,COMPLETED
TRX-KLN-20250818-00307,2025-08-18 13:35:49,12500.0,CASH,COMPLETED
TRX-KLN-20250818-00308,2025-08-18 17:31:10,6000.0,CASH,COMPLETED
TRX-KLN-20250818-00309,2025-08-18 20:09:57,38000.0,CASH,COMPLETED
TRX-KLN-20250818-00310,2025-08-18 17:22:42,137000.0,EWALLET,COMPLETED
TRX-KLN-20250818-00311,2025-08-18 17:34:49,21000.0,CASH,COMPLETED
TRX-KLN-20250818-00312,2025-08-18 07:28:30,18500.0,EWALLET,COMPLETED
TRX-KLN-20250818-00313,2025-08-18 14:31:01,163000.0,EWALLET,COMPLETED
TRX-KLN-20250818-00314,2025-08-18 11:17:59,103500.0,CASH,COMPLETED
TRX-KLN-20250818-00315,2025-08-18 15:42:49,92000.0,TRANSFER,COMPLETED
TRX-KLN-20250818-00316,2025-08-18 19:12:24,32000.0,EWALLET,COMPLETED
TRX-KLN-20250818-00317,2025-08-18 12:11:27,78300.0,QRIS,COMPLETED
TRX-KLN-20250818-00318,2025-08-18 11:21:18,26500.0,CASH,COMPLETED
TRX-KLN-20250818-00319,2025-08-18 18:27:42,12500.0,EWALLET,COMPLETED
TRX-KLN-20250818-00320,2025-08-18 18:16:25,16000.0,QRIS,COMPLETED
TRX-KLN-20250818-00321,2025-08-18 18:15:13,9500.0,TRANSFER,COMPLETED
TRX-KLN-20250819-00322,2025-08-19 11:42:47,31500.0,CASH,COMPLETED
TRX-KLN-20250819-00323,2025-08-19 15:01:29,51000.0,EWALLET,COMPLETED
TRX-KLN-20250819-00324,2025-08-19 10:52:41,81400.0,CASH,COMPLETED
TRX-KLN-20250819-00325,2025-08-19 19:31:43,12000.0,CASH,COMPLETED
TRX-KLN-20250819-00326,2025-08-19 13:07:28,25500.0,QRIS,COMPLETED
TRX-KLN-20250819-00327,2025-08-19 18:03:05,14000.0,CASH,COMPLETED
TRX-KLN-20250819-00328,2025-08-19 14:29:13,28000.0,CASH,COMPLETED
TRX-KLN-20250819-00329,2025-08-19 16:04:24,46500.0,CASH,COMPLETED
TRX-KLN-20250819-00330,2025-08-19 16:06:36,142000.0,CASH,COMPLETED
TRX-KLN-20250819-00331,2025-08-19 11:24:56,6000.0,QRIS,COMPLETED
TRX-KLN-20250819-00332,2025-08-19 16:02:16,42000.0,CASH,COMPLETED
TRX-KLN-20250819-00333,2025-08-19 20:01:31,71500.0,CASH,COMPLETED
TRX-KLN-20250819-00334,2025-08-19 18:31:56,89000.0,CASH,COMPLETED
TRX-KLN-20250819-00335,2025-08-19 14:15:34,24500.0,CASH,COMPLETED
TRX-KLN-20250819-00336,2025-08-19 18:28:26,68100.0,EWALLET,COMPLETED
TRX-KLN-20250819-00337,2025-08-19 16:36:31,32500.0,EWALLET,COMPLETED
TRX-KLN-20250819-00338,2025-08-19 09:24:44,7000.0,CASH,COMPLETED
TRX-KLN-20250820-00339,2025-08-20 07:35:56,60000.0,CASH,COMPLETED
TRX-KLN-20250820-00340,2025-08-20 18:35:42,25000.0,CASH,COMPLETED
TRX-KLN-20250820-00341,2025-08-20 12:01:40,9300.0,CASH,COMPLETED
TRX-KLN-20250820-00342,2025-08-20 13:52:02,3000.0,CASH,COMPLETED
TRX-KLN-20250820-00343,2025-08-20 09:05:25,45500.0,QRIS,COMPLETED
TRX-KLN-20250820-00344,2025-08-20 21:11:04,48500.0,QRIS,COMPLETED
TRX-KLN-20250820-00345,2025-08-20 11:32:28,60000.0,CASH,COMPLETED
TRX-KLN-20250820-00346,2025-08-20 19:39:31,95000.0,CASH,COMPLETED
TRX-KLN-20250820-00347,2025-08-20 08:44:04,18500.0,CASH,COMPLETED
TRX-KLN-20250820-00348,2025-08-20 09:39:46,8000.0,QRIS,COMPLETED
TRX-KLN-20250820-00349,2025-08-20 21:31:55,68200.0,TRANSFER,COMPLETED
TRX-KLN-20250820-00350,2025-08-20 20:45:31,194000.0,CASH,COMPLETED
TRX-KLN-20250820-00351,2025-08-20 13:33:35,42000.0,TRANSFER,COMPLETED
TRX-KLN-20250820-00352,2025-08-20 09:25:51,105000.0,QRIS,COMPLETED
TRX-KLN-20250820-00353,2025-08-20 12:27:07,136000.0,EWALLET,COMPLETED
TRX-KLN-20250820-00354,2025-08-20 19:40:49,55500.0,CASH,COMPLETED
TRX-KLN-20250820-00355,2025-08-20 18:05:16,69000.0,CASH,COMPLETED
TRX-KLN-20250820-00356,2025-08-20 12:08:16,26500.0,CASH,COMPLETED
TRX-KLN-20250820-00357,2025-08-20 12:57:54,85000.0,QRIS,COMPLETED
TRX-KLN-20250820-00358,2025-08-20 21:48:34,30000.0,CASH,COMPLETED
TRX-KLN-20250820-00359,2025-08-20 18:13:54,13500.0,EWALLET,COMPLETED
TRX-KLN-20250820-00360,2025-08-20 09:18:47,61000.0,CASH,COMPLETED
TRX-KLN-20250821-00361,2025-08-21 20:46:30,68000.0,TRANSFER,COMPLETED
TRX-KLN-20250821-00362,2025-08-21 18:28:47,49000.0,EWALLET,COMPLETED
TRX-KLN-20250821-00363,2025-08-21 18:20:12,12000.0,CASH,COMPLETED
TRX-KLN-20250821-00364,2025-08-21 19:06:49,37000.0,CASH,COMPLETED
TRX-KLN-20250821-00365,2025-08-21 09:40:20,55500.0,CASH,COMPLETED
TRX-KLN-20250821-00366,2025-08-21 14:06:55,18500.0,TRANSFER,COMPLETED
TRX-KLN-20250821-00367,2025-08-21 17:50:46,4500.0,CASH,COMPLETED
TRX-KLN-20250821-00368,2025-08-21 16:44:56,48000.0,CASH,COMPLETED
TRX-KLN-20250821-00369,2025-08-21 15:12:17,41700.0,CASH,COMPLETED
TRX-KLN-20250821-00370,2025-08-21 11:39:04,112000.0,QRIS,COMPLETED
TRX-KLN-20250821-00371,2025-08-21 14:16:37,49000.0,QRIS,COMPLETED
TRX-KLN-20250821-00372,2025-08-21 18:18:46,33000.0,QRIS,COMPLETED
TRX-KLN-20250821-00373,2025-08-21 10:56:47,7000.0,QRIS,COMPLETED
TRX-KLN-20250821-00374,2025-08-21 18:20:09,9300.0,CASH,COMPLETED
TRX-KLN-20250821-00375,2025-08-21 09:58:12,42000.0,CASH,COMPLETED
TRX-KLN-20250821-00376,2025-08-21 12:19:37,137000.0,CASH,COMPLETED
TRX-KLN-20250821-00377,2025-08-21 12:43:48,78500.0,CASH,COMPLETED
TRX-KLN-20250822-00378,2025-08-22 17:41:05,60500.0,CASH,COMPLETED
TRX-KLN-20250822-00379,2025-08-22 17:27:17,98000.0,CASH,COMPLETED
TRX-KLN-20250822-00380,2025-08-22 10:02:58,1500.0,CASH,COMPLETED
TRX-KLN-20250822-00381,2025-08-22 16:50:24,44000.0,CASH,COMPLETED
TRX-KLN-20250822-00382,2025-08-22 08:36:17,6200.0,CASH,COMPLETED
TRX-KLN-20250822-00383,2025-08-22 15:29:08,63000.0,EWALLET,COMPLETED
TRX-KLN-20250822-00384,2025-08-22 07:03:02,138800.0,CASH,COMPLETED
TRX-KLN-20250822-00385,2025-08-22 12:39:57,221500.0,CASH,COMPLETED
TRX-KLN-20250822-00386,2025-08-22 12:19:47,37000.0,CASH,COMPLETED
TRX-KLN-20250822-00387,2025-08-22 20:47:04,14000.0,EWALLET,COMPLETED
TRX-KLN-20250822-00388,2025-08-22 07:21:06,9500.0,CASH,COMPLETED
TRX-KLN-20250822-00389,2025-08-22 20:27:40,126200.0,CASH,COMPLETED
TRX-KLN-20250822-00390,2025-08-22 11:52:09,25000.0,CASH,COMPLETED
TRX-KLN-20250822-00391,2025-08-22 12:27:50,87000.0,CASH,COMPLETED
TRX-KLN-20250822-00392,2025-08-22 09:21:58,34500.0,CASH,COMPLETED
TRX-KLN-20250822-00393,2025-08-22 17:36:42,15000.0,CASH,COMPLETED
TRX-KLN-20250822-00394,2025-08-22 09:30:27,23500.0,QRIS,COMPLETED
TRX-KLN-20250822-00395,2025-08-22 18:21:50,165000.0,TRANSFER,COMPLETED
TRX-KLN-20250822-00396,2025-08-22 17:59:10,45000.0,EWALLET,COMPLETED
TRX-KLN-20250822-00397,2025-08-22 16:54:43,37000.0,CASH,COMPLETED
TRX-KLN-20250822-00398,2025-08-22 14:57:02,49000.0,CASH,COMPLETED
TRX-KLN-20250823-00399,2025-08-23 09:49:51,29000.0,CASH,COMPLETED
TRX-KLN-20250823-00400,2025-08-23 21:39:12,45500.0,CASH,COMPLETED
TRX-KLN-20250823-00401,2025-08-23 17:28:37,217500.0,TRANSFER,COMPLETED
TRX-KLN-20250823-00402,2025-08-23 21:05:17,33500.0,QRIS,COMPLETED
TRX-KLN-20250823-00403,2025-08-23 17:43:52,28000.0,CASH,COMPLETED
TRX-KLN-20250823-00404,2025-08-23 18:26:09,144000.0,TRANSFER,COMPLETED
TRX-KLN-20250823-00405,2025-08-23 15:17:40,12400.0,CASH,COMPLETED
TRX-KLN-20250823-00406,2025-08-23 18:21:33,18500.0,QRIS,COMPLETED
TRX-KLN-20250823-00407,2025-08-23 19:58:49,4000.0,QRIS,COMPLETED
TRX-KLN-20250823-00408,2025-08-23 11:50:15,19000.0,CASH,COMPLETED
TRX-KLN-20250823-00409,2025-08-23 17:45:57,124000.0,CASH,COMPLETED
TRX-KLN-20250823-00410,2025-08-23 20:36:27,4000.0,CASH,COMPLETED
TRX-KLN-20250823-00411,2025-08-23 15:43:32,46000.0,QRIS,COMPLETED
TRX-KLN-20250823-00412,2025-08-23 08:30:05,154500.0,QRIS,COMPLETED
TRX-KLN-20250823-00413,2025-08-23 19:17:36,69000.0,QRIS,COMPLETED
TRX-KLN-20250823-00414,2025-08-23 11:57:09,106000.0,CASH,COMPLETED
TRX-KLN-20250823-00415,2025-08-23 07:03:20,37000.0,CASH,COMPLETED
TRX-KLN-20250823-00416,2025-08-23 21:24:17,21000.0,CASH,COMPLETED
TRX-KLN-20250823-00417,2025-08-23 12:47:44,43000.0,EWALLET,COMPLETED
TRX-KLN-20250823-00418,2025-08-23 09:19:19,29000.0,QRIS,COMPLETED
TRX-KLN-20250823-00419,2025-08-23 14:48:18,12000.0,CASH,COMPLETED
TRX-KLN-20250823-00420,2025-08-23 09:00:18,120000.0,CASH,COMPLETED
TRX-KLN-20250823-00421,2025-08-23 20:40:00,18500.0,CASH,COMPLETED
TRX-KLN-20250823-00422,2025-08-23 18:30:54,141500.0,CASH,COMPLETED
TRX-KLN-20250823-00423,2025-08-23 08:51:25,61000.0,EWALLET,COMPLETED
TRX-KLN-20250823-00424,2025-08-23 17:56:33,39500.0,CASH,COMPLETED
TRX-KLN-20250823-00425,2025-08-23 11:39:39,76500.0,CASH,COMPLETED
TRX-KLN-20250823-00426,2025-08-23 07:22:17,16500.0,QRIS,COMPLETED
TRX-KLN-20250824-00427,2025-08-24 21:19:59,36500.0,CASH,COMPLETED
TRX-KLN-20250824-00428,2025-08-24 15:12:09,16500.0,CASH,COMPLETED
TRX-KLN-20250824-00429,2025-08-24 11:25:41,72500.0,QRIS,COMPLETED
TRX-KLN-20250824-00430,2025-08-24 20:07:52,19500.0,QRIS,COMPLETED
TRX-KLN-20250824-00431,2025-08-24 18:23:48,49700.0,CASH,COMPLETED
TRX-KLN-20250824-00432,2025-08-24 15:17:51,60000.0,QRIS,COMPLETED
TRX-KLN-20250824-00433,2025-08-24 18:31:58,30000.0,CASH,COMPLETED
TRX-KLN-20250824-00434,2025-08-24 18:54:42,16500.0,QRIS,COMPLETED
TRX-KLN-20250824-00435,2025-08-24 13:40:40,145500.0,CASH,COMPLETED
TRX-KLN-20250824-00436,2025-08-24 14:23:31,81000.0,CASH,COMPLETED
TRX-KLN-20250824-00437,2025-08-24 18:36:52,28600.0,CASH,COMPLETED
TRX-KLN-20250824-00438,2025-08-24 18:38:03,66000.0,CASH,COMPLETED
TRX-KLN-20250824-00439,2025-08-24 13:12:07,38000.0,CASH,COMPLETED
TRX-KLN-20250824-00440,2025-08-24 10:11:56,3000.0,TRANSFER,COMPLETED
TRX-KLN-20250824-00441,2025-08-24 11:33:28,18200.0,EWALLET,COMPLETED
TRX-KLN-20250824-00442,2025-08-24 11:13:05,30000.0,QRIS,COMPLETED
TRX-KLN-20250824-00443,2025-08-24 14:11:27,60000.0,CASH,COMPLETED
TRX-KLN-20250824-00444,2025-08-24 17:52:48,8000.0,CASH,COMPLETED
TRX-KLN-20250824-00445,2025-08-24 09:10:23,76500.0,CASH,COMPLETED
TRX-KLN-20250824-00446,2025-08-24 09:32:16,49000.0,CASH,COMPLETED
TRX-KLN-20250824-00447,2025-08-24 19:47:11,26000.0,CASH,COMPLETED
TRX-KLN-20250824-00448,2025-08-24 11:56:26,136000.0,CASH,COMPLETED
TRX-KLN-20250825-00449,2025-08-25 11:20:15,29000.0,CASH,COMPLETED
TRX-KLN-20250825-00450,2025-08-25 11:06:09,70500.0,CASH,COMPLETED
TRX-KLN-20250825-00451,2025-08-25 12:53:41,16000.0,CASH,COMPLETED
TRX-KLN-20250825-00452,2025-08-25 17:32:57,62500.0,CASH,COMPLETED
TRX-KLN-20250825-00453,2025-08-25 09:10:55,26000.0,QRIS,COMPLETED
TRX-KLN-20250825-00454,2025-08-25 10:16:56,38000.0,CASH,COMPLETED
TRX-KLN-20250825-00455,2025-08-25 07:12:21,61000.0,QRIS,COMPLETED
TRX-KLN-20250825-00456,2025-08-25 14:02:49,10000.0,CASH,COMPLETED
TRX-KLN-20250825-00457,2025-08-25 16:50:01,43000.0,TRANSFER,COMPLETED
TRX-KLN-20250825-00458,2025-08-25 21:19:04,194000.0,CASH,COMPLETED
TRX-KLN-20250825-00459,2025-08-25 12:25:03,17000.0,TRANSFER,COMPLETED
TRX-KLN-20250825-00460,2025-08-25 08:53:35,3000.0,CASH,COMPLETED
TRX-KLN-20250825-00461,2025-08-25 12:59:26,30000.0,CASH,COMPLETED
TRX-KLN-20250825-00462,2025-08-25 15:22:15,1500.0,QRIS,COMPLETED
TRX-KLN-20250825-00463,2025-08-25 19:36:07,42000.0,CASH,COMPLETED
TRX-KLN-20250825-00464,2025-08-25 07:05:56,18500.0,CASH,COMPLETED
TRX-KLN-20250825-00465,2025-08-25 12:39:53,16000.0,CASH,COMPLETED
TRX-KLN-20250825-00466,2025-08-25 13:28:13,19000.0,CASH,COMPLETED
TRX-KLN-20250825-00467,2025-08-25 10:37:44,12000.0,CASH,COMPLETED
TRX-KLN-20250825-00468,2025-08-25 07:52:55,68000.0,CASH,COMPLETED
TRX-KLN-20250826-00469,2025-08-26 11:08:53,38000.0,QRIS,COMPLETED
TRX-KLN-20250826-00470,2025-08-26 08:59:57,87200.0,EWALLET,COMPLETED
TRX-KLN-20250826-00471,2025-08-26 17:35:52,39500.0,CASH,COMPLETED
TRX-KLN-20250826-00472,2025-08-26 17:46:04,3000.0,CASH,COMPLETED
TRX-KLN-20250826-00473,2025-08-26 19:51:36,28000.0,CASH,COMPLETED
TRX-KLN-20250826-00474,2025-08-26 09:22:17,36000.0,CASH,COMPLETED
TRX-KLN-20250826-00475,2025-08-26 11:58:16,86500.0,CASH,COMPLETED
TRX-KLN-20250826-00476,2025-08-26 12:42:46,19000.0,CASH,COMPLETED
TRX-KLN-20250826-00477,2025-08-26 19:18:27,12500.0,EWALLET,COMPLETED
TRX-KLN-20250826-00478,2025-08-26 16:46:14,129300.0,TRANSFER,COMPLETED
TRX-KLN-20250826-00479,2025-08-26 18:31:15,81500.0,CASH,COMPLETED
TRX-KLN-20250826-00480,2025-08-26 21:24:58,68000.0,QRIS,COMPLETED
TRX-KLN-20250826-00481,2025-08-26 17:19:24,62000.0,CASH,COMPLETED
TRX-KLN-20250826-00482,2025-08-26 08:22:50,68500.0,CASH,COMPLETED
TRX-KLN-20250826-00483,2025-08-26 13:02:33,59500.0,QRIS,COMPLETED
TRX-KLN-20250826-00484,2025-08-26 14:30:46,21000.0,CASH,COMPLETED
TRX-KLN-20250827-00485,2025-08-27 13:50:09,18500.0,CASH,COMPLETED
TRX-KLN-20250827-00486,2025-08-27 18:49:32,34500.0,CASH,COMPLETED
TRX-KLN-20250827-00487,2025-08-27 15:09:59,14000.0,TRANSFER,COMPLETED
TRX-KLN-20250827-00488,2025-08-27 17:39:15,46000.0,CASH,COMPLETED
TRX-KLN-20250827-00489,2025-08-27 12:21:32,6000.0,QRIS,COMPLETED
TRX-KLN-20250827-00490,2025-08-27 10:35:44,74000.0,QRIS,COMPLETED
TRX-KLN-20250827-00491,2025-08-27 16:16:10,32000.0,QRIS,COMPLETED
TRX-KLN-20250827-00492,2025-08-27 18:33:44,9500.0,EWALLET,COMPLETED
TRX-KLN-20250827-00493,2025-08-27 21:44:25,76500.0,CASH,COMPLETED
TRX-KLN-20250827-00494,2025-08-27 14:39:45,36000.0,QRIS,COMPLETED
TRX-KLN-20250827-00495,2025-08-27 19:14:12,9000.0,CASH,COMPLETED
TRX-KLN-20250827-00496,2025-08-27 09:48:48,134500.0,TRANSFER,COMPLETED
TRX-KLN-20250827-00497,2025-08-27 08:39:56,58000.0,CASH,COMPLETED
TRX-KLN-20250827-00498,2025-08-27 18:07:56,43500.0,QRIS,COMPLETED
TRX-KLN-20250827-00499,2025-08-27 11:59:10,26500.0,TRANSFER,COMPLETED
TRX-KLN-20250827-00500,2025-08-27 16:27:27,19000.0,TRANSFER,COMPLETED
TRX-KLN-20250827-00501,2025-08-27 09:10:46,14000.0,CASH,COMPLETED
TRX-KLN-20250827-00502,2025-08-27 16:05:20,17000.0,CASH,COMPLETED
TRX-KLN-20250827-00503,2025-08-27 09:52:00,145500.0,CASH,COMPLETED
TRX-KLN-20250827-00504,2025-08-27 09:55:29,68000.0,QRIS,COMPLETED
TRX-KLN-20250828-00505,2025-08-28 14:50:21,31000.0,QRIS,COMPLETED
TRX-KLN-20250828-00506,2025-08-28 19:19:00,40500.0,CASH,COMPLETED
TRX-KLN-20250828-00507,2025-08-28 07:45:34,7000.0,CASH,COMPLETED
TRX-KLN-20250828-00508,2025-08-28 17:16:21,16000.0,CASH,COMPLETED
TRX-KLN-20250828-00509,2025-08-28 18:12:18,60000.0,TRANSFER,COMPLETED
TRX-KLN-20250828-00510,2025-08-28 10:54:48,5500.0,CASH,COMPLETED
TRX-KLN-20250828-00511,2025-08-28 12:01:12,28000.0,CASH,COMPLETED
TRX-KLN-20250828-00512,2025-08-28 10:29:23,187500.0,QRIS,COMPLETED
TRX-KLN-20250828-00513,2025-08-28 10:48:59,25000.0,EWALLET,COMPLETED
TRX-KLN-20250828-00514,2025-08-28 17:33:57,30000.0,CASH,COMPLETED
TRX-KLN-20250828-00515,2025-08-28 13:56:11,14000.0,CASH,COMPLETED
TRX-KLN-20250828-00516,2025-08-28 07:14:28,3000.0,QRIS,COMPLETED
TRX-KLN-20250828-00517,2025-08-28 09:02:54,45000.0,QRIS,COMPLETED
TRX-KLN-20250828-00518,2025-08-28 17:17:06,14000.0,EWALLET,COMPLETED
TRX-KLN-20250828-00519,2025-08-28 08:49:01,235000.0,CASH,COMPLETED
TRX-KLN-20250828-00520,2025-08-28 21:42:36,152000.0,CASH,COMPLETED
TRX-KLN-20250828-00521,2025-08-28 12:09:42,57000.0,CASH,COMPLETED
TRX-KLN-20250828-00522,2025-08-28 17:03:49,26400.0,CASH,COMPLETED
TRX-KLN-20250828-00523,2025-08-28 15:56:57,16000.0,EWALLET,COMPLETED
TRX-KLN-20250828-00524,2025-08-28 16:37:22,56500.0,CASH,COMPLETED
TRX-KLN-20250828-00525,2025-08-28 17:16:21,33500.0,CASH,COMPLETED
TRX-KLN-20250828-00526,2025-08-28 16:16:55,95500.0,CASH,COMPLETED
TRX-KLN-20250828-00527,2025-08-28 16:30:44,58000.0,CASH,COMPLETED
TRX-KLN-20250828-00528,2025-08-28 17:52:36,71400.0,CASH,COMPLETED
TRX-KLN-20250828-00529,2025-08-28 15:14:22,6000.0,QRIS,COMPLETED
TRX-KLN-20250828-00530,2025-08-28 09:14:32,46000.0,CASH,COMPLETED
TRX-KLN-20250828-00531,2025-08-28 11:07:08,16000.0,CASH,COMPLETED
TRX-KLN-20250829-00532,2025-08-29 10:47:46,4000.0,CASH,COMPLETED
TRX-KLN-20250829-00533,2025-08-29 15:18:23,5500.0,CASH,COMPLETED
TRX-KLN-20250829-00534,2025-08-29 10:30:24,15000.0,CASH,COMPLETED
TRX-KLN-20250829-00535,2025-08-29 21:44:11,32000.0,CASH,COMPLETED
TRX-KLN-20250829-00536,2025-08-29 10:23:53,70000.0,CASH,COMPLETED
TRX-KLN-20250829-00537,2025-08-29 13:03:03,101000.0,CASH,COMPLETED
TRX-KLN-20250829-00538,2025-08-29 17:49:10,68000.0,CASH,COMPLETED
TRX-KLN-20250829-00539,2025-08-29 18:03:33,143000.0,CASH,COMPLETED
TRX-KLN-20250829-00540,2025-08-29 20:11:32,19000.0,QRIS,COMPLETED
TRX-KLN-20250829-00541,2025-08-29 09:37:31,16000.0,CASH,COMPLETED
TRX-KLN-20250829-00542,2025-08-29 20:04:12,6000.0,CASH,COMPLETED
TRX-KLN-20250829-00543,2025-08-29 13:32:57,14000.0,CASH,COMPLETED
TRX-KLN-20250829-00544,2025-08-29 14:32:01,4500.0,CASH,COMPLETED
TRX-KLN-20250829-00545,2025-08-29 21:12:19,117500.0,CASH,COMPLETED
TRX-KLN-20250829-00546,2025-08-29 13:38:07,111000.0,EWALLET,COMPLETED
TRX-KLN-20250829-00547,2025-08-29 14:07:24,45000.0,CASH,COMPLETED
TRX-KLN-20250829-00548,2025-08-29 14:42:35,29000.0,CASH,COMPLETED
TRX-KLN-20250829-00549,2025-08-29 09:04:28,152000.0,CASH,COMPLETED
TRX-KLN-20250829-00550,2025-08-29 21:12:29,120300.0,CASH,COMPLETED
TRX-KLN-20250829-00551,2025-08-29 14:09:02,103000.0,CASH,COMPLETED
TRX-KLN-20250829-00552,2025-08-29 10:21:05,66000.0,CASH,COMPLETED
TRX-KLN-20250829-00553,2025-08-29 10:48:58,9500.0,CASH,COMPLETED
TRX-KLN-20250829-00554,2025-08-29 17:42:09,60000.0,CASH,COMPLETED
TRX-KLN-20250829-00555,2025-08-29 10:01:35,136000.0,CASH,COMPLETED
TRX-KLN-20250829-00556,2025-08-29 08:23:09,33200.0,CASH,COMPLETED
TRX-KLN-20250829-00557,2025-08-29 11:03:30,6000.0,CASH,COMPLETED
TRX-KLN-20250830-00558,2025-08-30 13:29:43,42000.0,CASH,COMPLETED
TRX-KLN-20250830-00559,2025-08-30 08:42:25,16000.0,QRIS,COMPLETED
TRX-KLN-20250830-00560,2025-08-30 14:53:24,67000.0,QRIS,COMPLETED
TRX-KLN-20250830-00561,2025-08-30 09:45:24,14000.0,CASH,COMPLETED
TRX-KLN-20250830-00562,2025-08-30 10:40:31,57500.0,QRIS,COMPLETED
TRX-KLN-20250830-00563,2025-08-30 19:35:32,120000.0,CASH,COMPLETED
TRX-KLN-20250830-00564,2025-08-30 10:21:54,55500.0,CASH,COMPLETED
TRX-KLN-20250830-00565,2025-08-30 08:22:46,1500.0,CASH,COMPLETED
TRX-KLN-20250830-00566,2025-08-30 18:22:19,131000.0,CASH,COMPLETED
TRX-KLN-20250830-00567,2025-08-30 20:14:04,27000.0,CASH,COMPLETED
TRX-KLN-20250830-00568,2025-08-30 21:16:50,55500.0,CASH,COMPLETED
TRX-KLN-20250830-00569,2025-08-30 16:01:56,32000.0,CASH,COMPLETED
TRX-KLN-20250830-00570,2025-08-30 16:59:54,61000.0,EWALLET,COMPLETED
TRX-KLN-20250830-00571,2025-08-30 13:27:14,4000.0,EWALLET,COMPLETED
TRX-KLN-20250830-00572,2025-08-30 08:17:35,59000.0,CASH,COMPLETED
TRX-KLN-20250830-00573,2025-08-30 20:27:21,20500.0,CASH,COMPLETED
TRX-KLN-20250830-00574,2025-08-30 11:46:07,32000.0,CASH,COMPLETED
TRX-KLN-20250830-00575,2025-08-30 20:55:15,89000.0,CASH,COMPLETED
TRX-KLN-20250830-00576,2025-08-30 09:06:27,38000.0,CASH,COMPLETED
TRX-KLN-20250830-00577,2025-08-30 13:12:38,136000.0,CASH,COMPLETED
TRX-KLN-20250830-00578,2025-08-30 10:41:04,50200.0,TRANSFER,COMPLETED
TRX-KLN-20250830-00579,2025-08-30 18:05:48,83500.0,EWALLET,COMPLETED
TRX-KLN-20250830-00580,2025-08-30 17:39:18,12000.0,CASH,COMPLETED
TRX-KLN-20250830-00581,2025-08-30 12:23:39,28000.0,CASH,COMPLETED
TRX-KLN-20250830-00582,2025-08-30 10:45:04,83500.0,QRIS,COMPLETED
TRX-KLN-20250830-00583,2025-08-30 15:50:07,17000.0,QRIS,COMPLETED
TRX-KLN-20250830-00584,2025-08-30 07:11:58,30000.0,CASH,COMPLETED
TRX-KLN-20250830-00585,2025-08-30 19:02:09,32000.0,CASH,COMPLETED
TRX-KLN-20250830-00586,2025-08-30 11:48:07,14000.0,CASH,COMPLETED
TRX-KLN-20250830-00587,2025-08-30 10:37:13,12500.0,QRIS,COMPLETED
TRX-KLN-20250831-00588,2025-08-31 10:52:10,91000.0,CASH,COMPLETED
TRX-KLN-20250831-00589,2025-08-31 16:29:38,63500.0,CASH,COMPLETED
TRX-KLN-20250831-00590,2025-08-31 14:53:57,24500.0,CASH,COMPLETED
TRX-KLN-20250831-00591,2025-08-31 16:21:41,12500.0,TRANSFER,COMPLETED
TRX-KLN-20250831-00592,2025-08-31 16:13:31,117000.0,TRANSFER,COMPLETED
TRX-KLN-20250831-00593,2025-08-31 17:17:01,68500.0,CASH,COMPLETED
TRX-KLN-20250831-00594,2025-08-31 18:15:51,9000.0,QRIS,COMPLETED
TRX-KLN-20250831-00595,2025-08-31 11:51:08,32000.0,CASH,COMPLETED
TRX-KLN-20250831-00596,2025-08-31 17:19:50,117500.0,CASH,COMPLETED
TRX-KLN-20250831-00597,2025-08-31 10:09:29,60000.0,CASH,COMPLETED
TRX-KLN-20250831-00598,2025-08-31 17:41:37,21000.0,CASH,COMPLETED
TRX-KLN-20250831-00599,2025-08-31 09:33:56,44000.0,CASH,COMPLETED
TRX-KLN-20250831-00600,2025-08-31 13:28:08,38000.0,QRIS,COMPLETED
TRX-KLN-20250831-00601,2025-08-31 12:03:49,42000.0,QRIS,COMPLETED
TRX-KLN-20250831-00602,2025-08-31 17:37:04,26000.0,CASH,COMPLETED
TRX-KLN-20250831-00603,2025-08-31 12:55:15,17000.0,CASH,COMPLETED
TRX-KLN-20250831-00604,2025-08-31 07:52:21,86500.0,QRIS,COMPLETED
TRX-KLN-20250831-00605,2025-08-31 17:01:57,87500.0,CASH,COMPLETED
TRX-KLN-20250831-00606,2025-08-31 11:46:27,61300.0,CASH,COMPLETED
TRX-KLN-20250831-00607,2025-08-31 11:24:19,70000.0,QRIS,COMPLETED
TRX-KLN-20250831-00608,2025-08-31 15:36:08,36000.0,CASH,COMPLETED
TRX-KLN-20250831-00609,2025-08-31 10:31:57,4000.0,CASH,COMPLETED
TRX-KLN-20250831-00610,2025-08-31 15:37:50,22500.0,CASH,COMPLETED
TRX-KLN-20250831-00611,2025-08-31 19:40:40,4000.0,CASH,COMPLETED
TRX-KLN-20250831-00612,2025-08-31 17:36:33,51000.0,CASH,COMPLETED
TRX-KLN-20250831-00613,2025-08-31 18:12:56,21000.0,CASH,COMPLETED
TRX-KLN-20250831-00614,2025-08-31 07:03:05,63000.0,CASH,COMPLETED
TRX-KLN-20250831-00615,2025-08-31 18:44:23,8000.0,CASH,COMPLETED
TRX-KLN-20250831-00616,2025-08-31 20:17:02,28000.0,QRIS,COMPLETED
TRX-KLN-20250831-00617,2025-08-31 18:15:22,9500.0,CASH,COMPLETED
TRX-KLN-20250831-00618,2025-08-31 17:02:22,90500.0,QRIS,COMPLETED
TRX-KLN-20250831-00619,2025-08-31 09:25:30,120000.0,QRIS,COMPLETED
TRX-KLN-20250831-00620,2025-08-31 08:01:22,148000.0,CASH,COMPLETED
TRX-KLN-20250831-00621,2025-08-31 14:45:54,59000.0,TRANSFER,COMPLETED
TRX-KLN-20250831-00622,2025-08-31 07:30:14,76000.0,CASH,COMPLETED
TRX-KLN-20250901-00623,2025-09-01 15:00:22,60000.0,CASH,COMPLETED
TRX-KLN-20250901-00624,2025-09-01 10:07:19,73000.0,CASH,COMPLETED
TRX-KLN-20250901-00625,2025-09-01 17:16:13,41000.0,QRIS,COMPLETED
TRX-KLN-20250901-00626,2025-09-01 08:46:08,18500.0,CASH,COMPLETED
TRX-KLN-20250901-00627,2025-09-01 16:36:47,27000.0,CASH,COMPLETED
TRX-KLN-20250901-00628,2025-09-01 19:22:28,68000.0,QRIS,COMPLETED
TRX-KLN-20250901-00629,2025-09-01 17:46:30,176000.0,QRIS,COMPLETED
TRX-KLN-20250901-00630,2025-09-01 09:48:43,54000.0,CASH,COMPLETED
TRX-KLN-20250901-00631,2025-09-01 14:11:06,14000.0,CASH,COMPLETED
TRX-KLN-20250901-00632,2025-09-01 17:30:21,136000.0,QRIS,COMPLETED
TRX-KLN-20250901-00633,2025-09-01 14:35:27,97500.0,CASH,COMPLETED
TRX-KLN-20250901-00634,2025-09-01 08:38:40,113500.0,CASH,COMPLETED
TRX-KLN-20250901-00635,2025-09-01 07:05:33,60500.0,CASH,COMPLETED
TRX-KLN-20250901-00636,2025-09-01 11:42:16,23000.0,TRANSFER,COMPLETED
TRX-KLN-20250901-00637,2025-09-01 12:27:39,26500.0,CASH,COMPLETED
TRX-KLN-20250901-00638,2025-09-01 12:06:43,136000.0,EWALLET,COMPLETED
TRX-KLN-20250901-00639,2025-09-01 13:30:44,218000.0,CASH,COMPLETED
TRX-KLN-20250901-00640,2025-09-01 08:23:59,32000.0,EWALLET,COMPLETED
TRX-KLN-20250901-00641,2025-09-01 07:18:34,14000.0,CASH,COMPLETED
TRX-KLN-20250901-00642,2025-09-01 15:00:59,66000.0,CASH,COMPLETED
TRX-KLN-20250901-00643,2025-09-01 21:24:54,12000.0,CASH,COMPLETED
TRX-KLN-20250901-00644,2025-09-01 08:52:49,143000.0,CASH,COMPLETED
TRX-KLN-20250902-00645,2025-09-02 20:44:16,25000.0,EWALLET,COMPLETED
TRX-KLN-20250902-00646,2025-09-02 19:22:36,79000.0,CASH,COMPLETED
TRX-KLN-20250902-00647,2025-09-02 14:45:15,8500.0,CASH,COMPLETED
TRX-KLN-20250902-00648,2025-09-02 18:00:41,30000.0,CASH,COMPLETED
TRX-KLN-20250902-00649,2025-09-02 07:56:28,49000.0,TRANSFER,COMPLETED
TRX-KLN-20250902-00650,2025-09-02 18:47:27,68000.0,CASH,COMPLETED
TRX-KLN-20250902-00651,2025-09-02 15:05:36,37000.0,CASH,COMPLETED
TRX-KLN-20250902-00652,2025-09-02 17:45:59,19000.0,QRIS,COMPLETED
TRX-KLN-20250902-00653,2025-09-02 09:54:07,76500.0,EWALLET,COMPLETED
TRX-KLN-20250902-00654,2025-09-02 12:07:34,8500.0,EWALLET,COMPLETED
TRX-KLN-20250902-00655,2025-09-02 18:48:53,136000.0,CASH,COMPLETED
TRX-KLN-20250902-00656,2025-09-02 07:04:18,38000.0,CASH,COMPLETED
TRX-KLN-20250902-00657,2025-09-02 07:01:50,36000.0,TRANSFER,COMPLETED
TRX-KLN-20250902-00658,2025-09-02 10:49:09,49000.0,CASH,COMPLETED
TRX-KLN-20250902-00659,2025-09-02 08:11:56,12000.0,QRIS,COMPLETED
TRX-KLN-20250902-00660,2025-09-02 09:30:58,106000.0,CASH,COMPLETED
TRX-KLN-20250903-00661,2025-09-03 16:49:14,61000.0,CASH,COMPLETED
TRX-KLN-20250903-00662,2025-09-03 10:27:53,89000.0,TRANSFER,COMPLETED
TRX-KLN-20250903-00663,2025-09-03 10:42:39,11000.0,CASH,COMPLETED
TRX-KLN-20250903-00664,2025-09-03 17:35:24,76500.0,QRIS,COMPLETED
TRX-KLN-20250903-00665,2025-09-03 13:46:23,170000.0,CASH,COMPLETED
TRX-KLN-20250903-00666,2025-09-03 11:57:55,57000.0,TRANSFER,COMPLETED
TRX-KLN-20250903-00667,2025-09-03 11:12:31,32000.0,CASH,COMPLETED
TRX-KLN-20250903-00668,2025-09-03 18:08:07,11000.0,CASH,COMPLETED
TRX-KLN-20250903-00669,2025-09-03 19:48:42,48000.0,CASH,COMPLETED
TRX-KLN-20250903-00670,2025-09-03 07:15:47,64200.0,CASH,COMPLETED
TRX-KLN-20250903-00671,2025-09-03 15:34:51,68500.0,QRIS,COMPLETED
TRX-KLN-20250903-00672,2025-09-03 17:32:41,87500.0,EWALLET,COMPLETED
TRX-KLN-20250903-00673,2025-09-03 09:11:02,146000.0,CASH,COMPLETED
TRX-KLN-20250903-00674,2025-09-03 07:15:45,68000.0,CASH,COMPLETED
TRX-KLN-20250903-00675,2025-09-03 12:20:23,12000.0,QRIS,COMPLETED
TRX-KLN-20250904-00676,2025-09-04 19:00:31,3000.0,QRIS,COMPLETED
TRX-KLN-20250904-00677,2025-09-04 15:38:14,34500.0,CASH,COMPLETED
TRX-KLN-20250904-00678,2025-09-04 20:25:17,75500.0,TRANSFER,COMPLETED
TRX-KLN-20250904-00679,2025-09-04 15:08:09,80000.0,CASH,COMPLETED
TRX-KLN-20250904-00680,2025-09-04 07:18:30,45000.0,TRANSFER,COMPLETED
TRX-KLN-20250904-00681,2025-09-04 14:01:28,16000.0,CASH,COMPLETED
TRX-KLN-20250904-00682,2025-09-04 18:14:55,145000.0,CASH,COMPLETED
TRX-KLN-20250904-00683,2025-09-04 18:20:44,183000.0,CASH,COMPLETED
TRX-KLN-20250904-00684,2025-09-04 18:36:33,8000.0,CASH,COMPLETED
TRX-KLN-20250904-00685,2025-09-04 19:50:32,78000.0,CASH,COMPLETED
TRX-KLN-20250904-00686,2025-09-04 19:36:07,132000.0,CASH,COMPLETED
TRX-KLN-20250904-00687,2025-09-04 07:38:49,55500.0,CASH,COMPLETED
TRX-KLN-20250904-00688,2025-09-04 09:18:14,6000.0,CASH,COMPLETED
TRX-KLN-20250904-00689,2025-09-04 10:32:43,16000.0,CASH,COMPLETED
TRX-KLN-20250904-00690,2025-09-04 09:30:43,9300.0,CASH,COMPLETED
TRX-KLN-20250904-00691,2025-09-04 21:53:37,19000.0,CASH,COMPLETED
TRX-KLN-20250904-00692,2025-09-04 17:55:51,6200.0,CASH,COMPLETED
TRX-KLN-20250904-00693,2025-09-04 11:28:59,8500.0,QRIS,COMPLETED
TRX-KLN-20250904-00694,2025-09-04 08:16:50,45000.0,CASH,COMPLETED
TRX-KLN-20250904-00695,2025-09-04 20:29:25,49000.0,CASH,COMPLETED
TRX-KLN-20250904-00696,2025-09-04 18:02:22,72000.0,CASH,COMPLETED
TRX-KLN-20250904-00697,2025-09-04 18:53:40,34000.0,CASH,COMPLETED
TRX-KLN-20250904-00698,2025-09-04 11:50:50,8500.0,CASH,COMPLETED
TRX-KLN-20250905-00699,2025-09-05 17:49:42,196000.0,TRANSFER,COMPLETED
TRX-KLN-20250905-00700,2025-09-05 18:28:54,4000.0,EWALLET,COMPLETED
TRX-KLN-20250905-00701,2025-09-05 21:41:52,161500.0,CASH,COMPLETED
TRX-KLN-20250905-00702,2025-09-05 18:22:09,33000.0,CASH,COMPLETED
TRX-KLN-20250905-00703,2025-09-05 09:27:33,207000.0,CASH,COMPLETED
TRX-KLN-20250905-00704,2025-09-05 09:55:53,9000.0,CASH,COMPLETED
TRX-KLN-20250905-00705,2025-09-05 19:08:00,71000.0,CASH,COMPLETED
TRX-KLN-20250905-00706,2025-09-05 07:28:12,85500.0,CASH,COMPLETED
TRX-KLN-20250905-00707,2025-09-05 09:42:33,32700.0,CASH,COMPLETED
TRX-KLN-20250905-00708,2025-09-05 17:55:29,69500.0,CASH,COMPLETED
TRX-KLN-20250905-00709,2025-09-05 16:01:31,106000.0,CASH,COMPLETED
TRX-KLN-20250905-00710,2025-09-05 07:52:58,110500.0,CASH,COMPLETED
TRX-KLN-20250905-00711,2025-09-05 18:50:46,174000.0,CASH,COMPLETED
TRX-KLN-20250905-00712,2025-09-05 10:26:40,21000.0,CASH,COMPLETED
TRX-KLN-20250905-00713,2025-09-05 17:09:23,51000.0,QRIS,COMPLETED
TRX-KLN-20250905-00714,2025-09-05 14:54:40,38900.0,CASH,COMPLETED
TRX-KLN-20250906-00715,2025-09-06 17:35:58,25000.0,CASH,COMPLETED
TRX-KLN-20250906-00716,2025-09-06 16:14:49,62000.0,QRIS,COMPLETED
TRX-KLN-20250906-00717,2025-09-06 11:17:09,32000.0,CASH,COMPLETED
TRX-KLN-20250906-00718,2025-09-06 19:38:53,120000.0,CASH,COMPLETED
TRX-KLN-20250906-00719,2025-09-06 07:03:27,8000.0,CASH,COMPLETED
TRX-KLN-20250906-00720,2025-09-06 12:35:50,48000.0,TRANSFER,COMPLETED
TRX-KLN-20250906-00721,2025-09-06 16:32:34,59500.0,CASH,COMPLETED
TRX-KLN-20250906-00722,2025-09-06 18:06:50,19000.0,QRIS,COMPLETED
TRX-KLN-20250906-00723,2025-09-06 17:23:52,12400.0,CASH,COMPLETED
TRX-KLN-20250906-00724,2025-09-06 07:58:56,4000.0,TRANSFER,COMPLETED
TRX-KLN-20250906-00725,2025-09-06 09:48:50,18500.0,EWALLET,COMPLETED
TRX-KLN-20250906-00726,2025-09-06 15:48:30,21000.0,CASH,COMPLETED
TRX-KLN-20250906-00727,2025-09-06 12:43:22,40000.0,CASH,COMPLETED
TRX-KLN-20250906-00728,2025-09-06 12:13:41,69000.0,CASH,COMPLETED
TRX-KLN-20250906-00729,2025-09-06 17:46:04,34500.0,QRIS,COMPLETED
TRX-KLN-20250906-00730,2025-09-06 20:18:38,22500.0,QRIS,COMPLETED
TRX-KLN-20250907-00731,2025-09-07 19:43:32,31000.0,CASH,COMPLETED
TRX-KLN-20250907-00732,2025-09-07 20:32:20,25000.0,EWALLET,COMPLETED
TRX-KLN-20250907-00733,2025-09-07 12:30:25,20000.0,CASH,COMPLETED
TRX-KLN-20250907-00734,2025-09-07 19:10:05,22200.0,TRANSFER,COMPLETED
TRX-KLN-20250907-00735,2025-09-07 17:10:42,7000.0,CASH,COMPLETED
TRX-KLN-20250907-00736,2025-09-07 18:04:29,40000.0,CASH,COMPLETED
TRX-KLN-20250907-00737,2025-09-07 16:09:09,42500.0,CASH,COMPLETED
TRX-KLN-20250907-00738,2025-09-07 21:33:11,12000.0,CASH,COMPLETED
TRX-KLN-20250907-00739,2025-09-07 20:03:47,12500.0,CASH,COMPLETED
TRX-KLN-20250907-00740,2025-09-07 18:01:26,165000.0,CASH,COMPLETED
TRX-KLN-20250907-00741,2025-09-07 15:19:56,14000.0,EWALLET,COMPLETED
TRX-KLN-20250907-00742,2025-09-07 09:35:04,101000.0,TRANSFER,COMPLETED
TRX-KLN-20250907-00743,2025-09-07 08:37:38,85500.0,CASH,COMPLETED
TRX-KLN-20250907-00744,2025-09-07 16:17:00,129900.0,QRIS,COMPLETED
TRX-KLN-20250907-00745,2025-09-07 16:20:42,196000.0,QRIS,COMPLETED
TRX-KLN-20250907-00746,2025-09-07 19:42:16,12000.0,CASH,COMPLETED
TRX-KLN-20250908-00747,2025-09-08 15:24:05,21000.0,EWALLET,COMPLETED
TRX-KLN-20250908-00748,2025-09-08 13:29:07,46000.0,CASH,COMPLETED
TRX-KLN-20250908-00749,2025-09-08 18:22:10,101000.0,CASH,COMPLETED
TRX-KLN-20250908-00750,2025-09-08 10:25:54,28000.0,CASH,COMPLETED
TRX-KLN-20250908-00751,2025-09-08 11:06:21,12000.0,CASH,COMPLETED
TRX-KLN-20250908-00752,2025-09-08 17:34:51,68000.0,CASH,COMPLETED
TRX-KLN-20250908-00753,2025-09-08 16:02:22,48000.0,CASH,COMPLETED
TRX-KLN-20250908-00754,2025-09-08 12:16:15,198000.0,CASH,COMPLETED
TRX-KLN-20250908-00755,2025-09-08 17:04:07,7000.0,CASH,COMPLETED
TRX-KLN-20250908-00756,2025-09-08 18:01:31,30000.0,CASH,COMPLETED
TRX-KLN-20250908-00757,2025-09-08 20:34:03,12400.0,CASH,COMPLETED
TRX-KLN-20250908-00758,2025-09-08 18:32:18,81500.0,CASH,COMPLETED
TRX-KLN-20250908-00759,2025-09-08 09:30:44,12500.0,CASH,COMPLETED
TRX-KLN-20250908-00760,2025-09-08 09:44:18,30000.0,CASH,COMPLETED
TRX-KLN-20250908-00761,2025-09-08 09:21:13,85500.0,TRANSFER,COMPLETED
TRX-KLN-20250908-00762,2025-09-08 10:16:50,55500.0,CASH,COMPLETED
TRX-KLN-20250908-00763,2025-09-08 19:45:47,76000.0,CASH,COMPLETED
TRX-KLN-20250908-00764,2025-09-08 18:10:47,57500.0,CASH,COMPLETED
TRX-KLN-20250908-00765,2025-09-08 15:06:40,4000.0,CASH,COMPLETED
TRX-KLN-20250908-00766,2025-09-08 17:37:42,124000.0,QRIS,COMPLETED
TRX-KLN-20250909-00767,2025-09-09 17:11:28,15100.0,CASH,COMPLETED
TRX-KLN-20250909-00768,2025-09-09 20:45:03,53500.0,EWALLET,COMPLETED
TRX-KLN-20250909-00769,2025-09-09 18:17:22,51300.0,CASH,COMPLETED
TRX-KLN-20250909-00770,2025-09-09 18:24:24,45000.0,CASH,COMPLETED
TRX-KLN-20250909-00771,2025-09-09 17:17:24,16000.0,QRIS,COMPLETED
TRX-KLN-20250909-00772,2025-09-09 11:14:56,77000.0,CASH,COMPLETED
TRX-KLN-20250909-00773,2025-09-09 16:56:56,9500.0,CASH,COMPLETED
TRX-KLN-20250909-00774,2025-09-09 17:24:00,9500.0,QRIS,COMPLETED
TRX-KLN-20250909-00775,2025-09-09 18:04:14,88000.0,CASH,COMPLETED
TRX-KLN-20250909-00776,2025-09-09 07:22:07,14000.0,QRIS,COMPLETED
TRX-KLN-20250909-00777,2025-09-09 11:37:12,28000.0,QRIS,COMPLETED
TRX-KLN-20250909-00778,2025-09-09 12:45:04,48000.0,EWALLET,COMPLETED
TRX-KLN-20250909-00779,2025-09-09 15:44:37,58000.0,TRANSFER,COMPLETED
TRX-KLN-20250910-00780,2025-09-10 09:57:51,24000.0,QRIS,COMPLETED
TRX-KLN-20250910-00781,2025-09-10 07:24:43,16500.0,CASH,COMPLETED
TRX-KLN-20250910-00782,2025-09-10 20:21:07,25000.0,QRIS,COMPLETED
TRX-KLN-20250910-00783,2025-09-10 09:55:08,17300.0,TRANSFER,COMPLETED
TRX-KLN-20250910-00784,2025-09-10 17:12:57,4000.0,CASH,COMPLETED
TRX-KLN-20250910-00785,2025-09-10 17:35:00,15000.0,CASH,COMPLETED
TRX-KLN-20250910-00786,2025-09-10 19:35:46,16500.0,CASH,COMPLETED
TRX-KLN-20250910-00787,2025-09-10 07:10:02,4000.0,CASH,COMPLETED
TRX-KLN-20250910-00788,2025-09-10 18:59:31,20400.0,QRIS,COMPLETED
TRX-KLN-20250910-00789,2025-09-10 13:16:47,42000.0,CASH,COMPLETED
TRX-KLN-20250910-00790,2025-09-10 15:18:03,4000.0,QRIS,COMPLETED
TRX-KLN-20250910-00791,2025-09-10 20:17:38,60000.0,CASH,COMPLETED
TRX-KLN-20250910-00792,2025-09-10 21:46:45,29000.0,CASH,COMPLETED
TRX-KLN-20250910-00793,2025-09-10 18:22:52,45500.0,QRIS,COMPLETED
TRX-KLN-20250911-00794,2025-09-11 17:24:23,90500.0,CASH,COMPLETED
TRX-KLN-20250911-00795,2025-09-11 15:55:20,12000.0,CASH,COMPLETED
TRX-KLN-20250911-00796,2025-09-11 10:28:31,74000.0,TRANSFER,COMPLETED
TRX-KLN-20250911-00797,2025-09-11 09:50:34,55500.0,QRIS,COMPLETED
TRX-KLN-20250911-00798,2025-09-11 18:01:02,24000.0,CASH,COMPLETED
TRX-KLN-20250911-00799,2025-09-11 15:01:54,35000.0,CASH,COMPLETED
TRX-KLN-20250911-00800,2025-09-11 12:09:52,32000.0,CASH,COMPLETED
TRX-KLN-20250911-00801,2025-09-11 10:36:54,20000.0,CASH,COMPLETED
TRX-KLN-20250911-00802,2025-09-11 20:17:02,7000.0,QRIS,COMPLETED
TRX-KLN-20250911-00803,2025-09-11 17:02:24,58000.0,CASH,COMPLETED
TRX-KLN-20250911-00804,2025-09-11 21:20:23,143500.0,CASH,COMPLETED
TRX-KLN-20250911-00805,2025-09-11 18:08:04,8000.0,TRANSFER,COMPLETED
TRX-KLN-20250911-00806,2025-09-11 10:16:01,103000.0,TRANSFER,COMPLETED
TRX-KLN-20250911-00807,2025-09-11 17:52:02,14000.0,QRIS,COMPLETED
TRX-KLN-20250911-00808,2025-09-11 14:10:05,43000.0,CASH,COMPLETED
TRX-KLN-20250911-00809,2025-09-11 18:08:41,23000.0,CASH,COMPLETED
TRX-KLN-20250911-00810,2025-09-11 19:39:24,42000.0,EWALLET,COMPLETED
TRX-KLN-20250912-00811,2025-09-12 09:58:45,19000.0,CASH,COMPLETED
TRX-KLN-20250912-00812,2025-09-12 12:38:30,7000.0,CASH,COMPLETED
TRX-KLN-20250912-00813,2025-09-12 07:29:11,93500.0,QRIS,COMPLETED
TRX-KLN-20250912-00814,2025-09-12 18:02:57,112000.0,CASH,COMPLETED
TRX-KLN-20250912-00815,2025-09-12 09:25:20,87000.0,EWALLET,COMPLETED
TRX-KLN-20250912-00816,2025-09-12 13:18:33,26000.0,EWALLET,COMPLETED
TRX-KLN-20250912-00817,2025-09-12 10:46:52,32000.0,CASH,COMPLETED
TRX-KLN-20250912-00818,2025-09-12 07:52:23,14000.0,CASH,COMPLETED
TRX-KLN-20250912-00819,2025-09-12 13:10:07,29000.0,CASH,COMPLETED
TRX-KLN-20250912-00820,2025-09-12 11:21:22,47100.0,CASH,COMPLETED
TRX-KLN-20250912-00821,2025-09-12 11:03:21,3000.0,CASH,COMPLETED
TRX-KLN-20250912-00822,2025-09-12 09:23:49,40000.0,QRIS,COMPLETED
TRX-KLN-20250912-00823,2025-09-12 13:20:10,14000.0,CASH,COMPLETED
TRX-KLN-20250912-00824,2025-09-12 08:18:45,62500.0,CASH,COMPLETED
TRX-KLN-20250912-00825,2025-09-12 14:44:27,136000.0,QRIS,COMPLETED
TRX-KLN-20250912-00826,2025-09-12 18:47:32,60500.0,CASH,COMPLETED
TRX-KLN-20250912-00827,2025-09-12 18:17:30,16000.0,TRANSFER,COMPLETED
TRX-KLN-20250912-00828,2025-09-12 09:09:30,59500.0,CASH,COMPLETED
TRX-KLN-20250912-00829,2025-09-12 21:47:00,4000.0,QRIS,COMPLETED
TRX-KLN-20250912-00830,2025-09-12 13:33:16,11000.0,CASH,COMPLETED
TRX-KLN-20250913-00831,2025-09-13 12:38:37,17000.0,QRIS,COMPLETED
TRX-KLN-20250913-00832,2025-09-13 14:47:59,68000.0,CASH,COMPLETED
TRX-KLN-20250913-00833,2025-09-13 17:10:53,51000.0,CASH,COMPLETED
TRX-KLN-20250913-00834,2025-09-13 11:12:34,58000.0,CASH,COMPLETED
TRX-KLN-20250913-00835,2025-09-13 21:07:39,99000.0,TRANSFER,COMPLETED
TRX-KLN-20250913-00836,2025-09-13 18:02:15,18500.0,CASH,COMPLETED
TRX-KLN-20250913-00837,2025-09-13 18:34:44,164000.0,CASH,COMPLETED
TRX-KLN-20250913-00838,2025-09-13 15:28:06,50500.0,TRANSFER,COMPLETED
TRX-KLN-20250913-00839,2025-09-13 19:11:36,32000.0,CASH,COMPLETED
TRX-KLN-20250913-00840,2025-09-13 20:09:07,103500.0,CASH,COMPLETED
TRX-KLN-20250913-00841,2025-09-13 08:18:24,132000.0,CASH,COMPLETED
TRX-KLN-20250913-00842,2025-09-13 17:53:36,50500.0,QRIS,COMPLETED
TRX-KLN-20250913-00843,2025-09-13 13:10:21,38000.0,CASH,COMPLETED
TRX-KLN-20250913-00844,2025-09-13 19:36:34,3100.0,EWALLET,COMPLETED
TRX-KLN-20250913-00845,2025-09-13 08:06:16,55500.0,CASH,COMPLETED
TRX-KLN-20250913-00846,2025-09-13 17:39:05,14000.0,QRIS,COMPLETED
TRX-KLN-20250913-00847,2025-09-13 19:48:36,14000.0,CASH,COMPLETED
TRX-KLN-20250913-00848,2025-09-13 16:50:26,16000.0,QRIS,COMPLETED
TRX-KLN-20250913-00849,2025-09-13 12:19:18,117500.0,CASH,COMPLETED
TRX-KLN-20250913-00850,2025-09-13 17:16:32,68000.0,CASH,COMPLETED
TRX-KLN-20250913-00851,2025-09-13 09:44:00,19000.0,CASH,COMPLETED
TRX-KLN-20250913-00852,2025-09-13 17:53:22,120000.0,CASH,COMPLETED
TRX-KLN-20250913-00853,2025-09-13 13:29:26,58000.0,CASH,COMPLETED
TRX-KLN-20250913-00854,2025-09-13 10:12:55,118000.0,CASH,COMPLETED
TRX-KLN-20250913-00855,2025-09-13 18:04:28,213500.0,CASH,COMPLETED
TRX-KLN-20250913-00856,2025-09-13 13:18:23,136000.0,EWALLET,COMPLETED
TRX-KLN-20250914-00857,2025-09-14 07:25:35,49500.0,QRIS,COMPLETED
TRX-KLN-20250914-00858,2025-09-14 08:27:18,36000.0,EWALLET,COMPLETED
TRX-KLN-20250914-00859,2025-09-14 19:24:35,17000.0,CASH,COMPLETED
TRX-KLN-20250914-00860,2025-09-14 07:59:04,12000.0,CASH,COMPLETED
TRX-KLN-20250914-00861,2025-09-14 07:28:15,6000.0,CASH,COMPLETED
TRX-KLN-20250914-00862,2025-09-14 11:40:56,31000.0,CASH,COMPLETED
TRX-KLN-20250914-00863,2025-09-14 17:29:43,82500.0,CASH,COMPLETED
TRX-KLN-20250914-00864,2025-09-14 16:22:52,126500.0,CASH,COMPLETED
TRX-KLN-20250914-00865,2025-09-14 19:24:49,148000.0,QRIS,COMPLETED
TRX-KLN-20250914-00866,2025-09-14 19:08:15,8500.0,QRIS,COMPLETED
TRX-KLN-20250914-00867,2025-09-14 12:40:40,31000.0,QRIS,COMPLETED
TRX-KLN-20250914-00868,2025-09-14 08:33:11,58000.0,QRIS,COMPLETED
TRX-KLN-20250914-00869,2025-09-14 17:10:32,19000.0,CASH,COMPLETED
TRX-KLN-20250914-00870,2025-09-14 15:29:52,7000.0,CASH,COMPLETED
TRX-KLN-20250914-00871,2025-09-14 17:26:15,38000.0,CASH,COMPLETED
TRX-KLN-20250914-00872,2025-09-14 15:01:50,41400.0,CASH,COMPLETED
TRX-KLN-20250914-00873,2025-09-14 18:38:38,33000.0,QRIS,COMPLETED
TRX-KLN-20250914-00874,2025-09-14 20:12:27,82500.0,CASH,COMPLETED
TRX-KLN-20250914-00875,2025-09-14 17:04:10,14000.0,QRIS,COMPLETED
TRX-KLN-20250914-00876,2025-09-14 16:35:53,168000.0,CASH,COMPLETED
TRX-KLN-20250914-00877,2025-09-14 19:25:32,80000.0,QRIS,COMPLETED
TRX-KLN-20250914-00878,2025-09-14 20:01:30,19000.0,TRANSFER,COMPLETED
TRX-KLN-20250914-00879,2025-09-14 13:46:30,18000.0,CASH,COMPLETED
TRX-KLN-20250915-00880,2025-09-15 17:31:24,47000.0,CASH,COMPLETED
TRX-KLN-20250915-00881,2025-09-15 18:41:13,7000.0,QRIS,COMPLETED
TRX-KLN-20250915-00882,2025-09-15 18:31:31,29000.0,CASH,COMPLETED
TRX-KLN-20250915-00883,2025-09-15 15:38:24,88000.0,CASH,COMPLETED
TRX-KLN-20250915-00884,2025-09-15 20:04:52,21000.0,QRIS,COMPLETED
TRX-KLN-20250915-00885,2025-09-15 10:25:55,21000.0,TRANSFER,COMPLETED
TRX-KLN-20250915-00886,2025-09-15 19:07:35,73000.0,CASH,COMPLETED
TRX-KLN-20250915-00887,2025-09-15 19:06:50,52000.0,CASH,COMPLETED
TRX-KLN-20250915-00888,2025-09-15 07:37:39,108500.0,QRIS,COMPLETED
TRX-KLN-20250915-00889,2025-09-15 15:40:24,11100.0,CASH,COMPLETED
TRX-KLN-20250915-00890,2025-09-15 18:01:52,12000.0,CASH,COMPLETED
TRX-KLN-20250915-00891,2025-09-15 20:31:38,261500.0,EWALLET,COMPLETED
TRX-KLN-20250916-00892,2025-09-16 09:00:11,72000.0,CASH,COMPLETED
TRX-KLN-20250916-00893,2025-09-16 07:53:13,43000.0,QRIS,COMPLETED
TRX-KLN-20250916-00894,2025-09-16 20:31:50,7000.0,EWALLET,COMPLETED
TRX-KLN-20250916-00895,2025-09-16 19:22:53,39000.0,CASH,COMPLETED
TRX-KLN-20250916-00896,2025-09-16 12:21:58,48000.0,CASH,COMPLETED
TRX-KLN-20250916-00897,2025-09-16 13:18:49,68000.0,QRIS,COMPLETED
TRX-KLN-20250916-00898,2025-09-16 18:32:48,69000.0,CASH,COMPLETED
TRX-KLN-20250916-00899,2025-09-16 10:15:46,14000.0,CASH,COMPLETED
TRX-KLN-20250916-00900,2025-09-16 11:16:52,16500.0,QRIS,COMPLETED
TRX-KLN-20250916-00901,2025-09-16 15:09:24,77500.0,CASH,COMPLETED
TRX-KLN-20250916-00902,2025-09-16 18:40:36,20000.0,QRIS,COMPLETED
TRX-KLN-20250916-00903,2025-09-16 18:14:54,40000.0,CASH,COMPLETED
TRX-KLN-20250916-00904,2025-09-16 19:49:42,53000.0,CASH,COMPLETED
TRX-KLN-20250916-00905,2025-09-16 11:31:20,46000.0,CASH,COMPLETED
TRX-KLN-20250916-00906,2025-09-16 17:19:49,85500.0,EWALLET,COMPLETED
TRX-KLN-20250916-00907,2025-09-16 11:30:39,28000.0,TRANSFER,COMPLETED
TRX-KLN-20250916-00908,2025-09-16 19:10:26,78500.0,TRANSFER,COMPLETED
TRX-KLN-20250916-00909,2025-09-16 19:10:05,29500.0,CASH,COMPLETED
TRX-KLN-20250916-00910,2025-09-16 11:51:02,38000.0,QRIS,COMPLETED
TRX-KLN-20250917-00911,2025-09-17 10:22:44,70000.0,CASH,COMPLETED
TRX-KLN-20250917-00912,2025-09-17 19:21:04,41000.0,EWALLET,COMPLETED
TRX-KLN-20250917-00913,2025-09-17 11:41:24,21000.0,QRIS,COMPLETED
TRX-KLN-20250917-00914,2025-09-17 08:54:37,47000.0,CASH,COMPLETED
TRX-KLN-20250917-00915,2025-09-17 17:10:17,23100.0,CASH,COMPLETED
TRX-KLN-20250917-00916,2025-09-17 12:50:55,45000.0,CASH,COMPLETED
TRX-KLN-20250917-00917,2025-09-17 13:08:38,56500.0,QRIS,COMPLETED
TRX-KLN-20250917-00918,2025-09-17 07:00:57,3000.0,QRIS,COMPLETED
TRX-KLN-20250917-00919,2025-09-17 11:02:11,20000.0,QRIS,COMPLETED
TRX-KLN-20250917-00920,2025-09-17 13:39:15,4000.0,CASH,COMPLETED
TRX-KLN-20250917-00921,2025-09-17 08:02:17,14000.0,CASH,COMPLETED
TRX-KLN-20250917-00922,2025-09-17 18:34:44,28000.0,CASH,COMPLETED
TRX-KLN-20250917-00923,2025-09-17 20:29:32,60000.0,EWALLET,COMPLETED
TRX-KLN-20250917-00924,2025-09-17 13:44:26,44000.0,CASH,COMPLETED
TRX-KLN-20250917-00925,2025-09-17 17:13:04,53500.0,CASH,COMPLETED
TRX-KLN-20250917-00926,2025-09-17 07:29:22,34500.0,CASH,COMPLETED
TRX-KLN-20250917-00927,2025-09-17 13:00:56,50500.0,QRIS,COMPLETED
TRX-KLN-20250917-00928,2025-09-17 10:37:09,86000.0,QRIS,COMPLETED
TRX-KLN-20250917-00929,2025-09-17 20:37:07,12000.0,CASH,COMPLETED
TRX-KLN-20250918-00930,2025-09-18 16:06:47,4000.0,TRANSFER,COMPLETED
TRX-KLN-20250918-00931,2025-09-18 17:28:35,17000.0,CASH,COMPLETED
TRX-KLN-20250918-00932,2025-09-18 13:25:45,8000.0,QRIS,COMPLETED
TRX-KLN-20250918-00933,2025-09-18 17:10:30,52000.0,CASH,COMPLETED
TRX-KLN-20250918-00934,2025-09-18 17:30:11,3000.0,CASH,COMPLETED
TRX-KLN-20250918-00935,2025-09-18 10:34:24,4000.0,CASH,COMPLETED
TRX-KLN-20250918-00936,2025-09-18 19:04:35,42000.0,TRANSFER,COMPLETED
TRX-KLN-20250918-00937,2025-09-18 13:32:30,98000.0,TRANSFER,COMPLETED
TRX-KLN-20250918-00938,2025-09-18 13:21:38,30000.0,TRANSFER,COMPLETED
TRX-KLN-20250918-00939,2025-09-18 09:31:24,69000.0,CASH,COMPLETED
TRX-KLN-20250918-00940,2025-09-18 17:28:31,37500.0,CASH,COMPLETED
TRX-KLN-20250918-00941,2025-09-18 13:29:11,48000.0,CASH,COMPLETED
TRX-KLN-20250918-00942,2025-09-18 16:40:26,25000.0,CASH,COMPLETED
TRX-KLN-20250918-00943,2025-09-18 19:28:49,11000.0,TRANSFER,COMPLETED
TRX-KLN-20250919-00944,2025-09-19 18:14:13,3100.0,CASH,COMPLETED
TRX-KLN-20250919-00945,2025-09-19 07:41:10,3000.0,EWALLET,COMPLETED
TRX-KLN-20250919-00946,2025-09-19 17:52:38,87600.0,CASH,COMPLETED
TRX-KLN-20250919-00947,2025-09-19 13:45:28,4000.0,EWALLET,COMPLETED
TRX-KLN-20250919-00948,2025-09-19 13:15:42,55500.0,CASH,COMPLETED
TRX-KLN-20250919-00949,2025-09-19 21:57:30,12500.0,CASH,COMPLETED
TRX-KLN-20250919-00950,2025-09-19 17:44:56,35000.0,CASH,COMPLETED
TRX-KLN-20250919-00951,2025-09-19 17:56:24,29000.0,QRIS,COMPLETED
TRX-KLN-20250919-00952,2025-09-19 10:41:10,72600.0,QRIS,COMPLETED
TRX-KLN-20250919-00953,2025-09-19 17:40:56,86000.0,QRIS,COMPLETED
TRX-KLN-20250919-00954,2025-09-19 16:27:33,42000.0,QRIS,COMPLETED
TRX-KLN-20250919-00955,2025-09-19 21:15:16,98000.0,CASH,COMPLETED
TRX-KLN-20250919-00956,2025-09-19 20:01:08,8000.0,TRANSFER,COMPLETED
TRX-KLN-20250919-00957,2025-09-19 16:58:27,25000.0,TRANSFER,COMPLETED
TRX-KLN-20250919-00958,2025-09-19 07:53:40,22000.0,CASH,COMPLETED
TRX-KLN-20250920-00959,2025-09-20 09:27:26,19000.0,CASH,COMPLETED
TRX-KLN-20250920-00960,2025-09-20 12:13:42,37000.0,CASH,COMPLETED
TRX-KLN-20250920-00961,2025-09-20 16:07:09,36000.0,CASH,COMPLETED
TRX-KLN-20250920-00962,2025-09-20 16:02:15,11500.0,CASH,COMPLETED
TRX-KLN-20250920-00963,2025-09-20 16:39:28,18500.0,EWALLET,COMPLETED
TRX-KLN-20250920-00964,2025-09-20 08:57:12,12000.0,TRANSFER,COMPLETED
TRX-KLN-20250920-00965,2025-09-20 12:03:17,9300.0,QRIS,COMPLETED
TRX-KLN-20250920-00966,2025-09-20 10:50:42,53000.0,EWALLET,COMPLETED
TRX-KLN-20250920-00967,2025-09-20 18:31:14,129000.0,CASH,COMPLETED
TRX-KLN-20250920-00968,2025-09-20 18:20:44,63400.0,CASH,COMPLETED
TRX-KLN-20250920-00969,2025-09-20 15:58:45,19600.0,CASH,COMPLETED
TRX-KLN-20250920-00970,2025-09-20 12:39:35,42000.0,TRANSFER,COMPLETED
TRX-KLN-20250920-00971,2025-09-20 10:13:28,19000.0,CASH,COMPLETED
TRX-KLN-20250920-00972,2025-09-20 09:08:42,97000.0,CASH,COMPLETED
TRX-KLN-20250920-00973,2025-09-20 20:47:27,118000.0,EWALLET,COMPLETED
TRX-KLN-20250921-00974,2025-09-21 09:54:59,6000.0,CASH,COMPLETED
TRX-KLN-20250921-00975,2025-09-21 13:53:41,28000.0,CASH,COMPLETED
TRX-KLN-20250921-00976,2025-09-21 17:19:27,20000.0,CASH,COMPLETED
TRX-KLN-20250921-00977,2025-09-21 09:33:23,50500.0,CASH,COMPLETED
TRX-KLN-20250921-00978,2025-09-21 12:02:17,42000.0,CASH,COMPLETED
TRX-KLN-20250921-00979,2025-09-21 21:56:32,16500.0,CASH,COMPLETED
TRX-KLN-20250921-00980,2025-09-21 10:52:43,28000.0,CASH,COMPLETED
TRX-KLN-20250921-00981,2025-09-21 12:20:08,78000.0,CASH,COMPLETED
TRX-KLN-20250921-00982,2025-09-21 18:36:14,58000.0,TRANSFER,COMPLETED
TRX-KLN-20250921-00983,2025-09-21 07:43:22,69000.0,CASH,COMPLETED
TRX-KLN-20250921-00984,2025-09-21 10:28:29,175500.0,QRIS,COMPLETED
TRX-KLN-20250921-00985,2025-09-21 09:30:03,41000.0,CASH,COMPLETED
TRX-KLN-20250921-00986,2025-09-21 11:40:35,6000.0,CASH,COMPLETED
TRX-KLN-20250921-00987,2025-09-21 12:41:23,69000.0,CASH,COMPLETED
TRX-KLN-20250921-00988,2025-09-21 17:49:31,98000.0,QRIS,COMPLETED
TRX-KLN-20250922-00989,2025-09-22 15:46:41,9300.0,CASH,COMPLETED
TRX-KLN-20250922-00990,2025-09-22 18:16:11,73000.0,CASH,COMPLETED
TRX-KLN-20250922-00991,2025-09-22 16:25:51,47500.0,CASH,COMPLETED
TRX-KLN-20250922-00992,2025-09-22 11:38:28,19500.0,CASH,COMPLETED
TRX-KLN-20250922-00993,2025-09-22 21:40:34,16000.0,TRANSFER,COMPLETED
TRX-KLN-20250922-00994,2025-09-22 19:40:53,43000.0,CASH,COMPLETED
TRX-KLN-20250922-00995,2025-09-22 12:10:26,28000.0,CASH,COMPLETED
TRX-KLN-20250922-00996,2025-09-22 13:02:49,80000.0,EWALLET,COMPLETED
TRX-KLN-20250922-00997,2025-09-22 17:06:44,61000.0,QRIS,COMPLETED
TRX-KLN-20250922-00998,2025-09-22 14:38:03,31000.0,CASH,COMPLETED
TRX-KLN-20250922-00999,2025-09-22 08:18:40,48000.0,CASH,COMPLETED
TRX-KLN-20250922-01000,2025-09-22 16:12:05,8000.0,CASH,COMPLETED
TRX-KLN-20250922-01001,2025-09-22 18:00:55,58000.0,CASH,COMPLETED
TRX-KLN-20250923-01002,2025-09-23 15:32:34,58600.0,TRANSFER,COMPLETED
TRX-KLN-20250923-01003,2025-09-23 07:26:38,24500.0,CASH,COMPLETED
TRX-KLN-20250923-01004,2025-09-23 09:34:12,69000.0,CASH,COMPLETED
TRX-KLN-20250923-01005,2025-09-23 16:43:44,32000.0,CASH,COMPLETED
TRX-KLN-20250923-01006,2025-09-23 17:29:14,28000.0,CASH,COMPLETED
TRX-KLN-20250923-01007,2025-09-23 07:43:45,8500.0,CASH,COMPLETED
TRX-KLN-20250923-01008,2025-09-23 13:49:40,51500.0,CASH,COMPLETED
TRX-KLN-20250923-01009,2025-09-23 10:28:59,210500.0,CASH,COMPLETED
TRX-KLN-20250923-01010,2025-09-23 19:28:18,24200.0,QRIS,COMPLETED
TRX-KLN-20250923-01011,2025-09-23 15:19:09,99000.0,QRIS,COMPLETED
TRX-KLN-20250923-01012,2025-09-23 08:31:57,25000.0,CASH,COMPLETED
TRX-KLN-20250923-01013,2025-09-23 10:58:29,72500.0,CASH,COMPLETED
TRX-KLN-20250923-01014,2025-09-23 15:41:44,120000.0,QRIS,COMPLETED
TRX-KLN-20250923-01015,2025-09-23 08:30:03,83000.0,EWALLET,COMPLETED
TRX-KLN-20250923-01016,2025-09-23 09:41:38,200000.0,CASH,COMPLETED
TRX-KLN-20250923-01017,2025-09-23 08:51:43,11000.0,CASH,COMPLETED
TRX-KLN-20250924-01018,2025-09-24 20:46:07,52200.0,EWALLET,COMPLETED
TRX-KLN-20250924-01019,2025-09-24 16:17:17,102500.0,CASH,COMPLETED
TRX-KLN-20250924-01020,2025-09-24 15:43:40,12500.0,QRIS,COMPLETED
TRX-KLN-20250924-01021,2025-09-24 18:49:29,15100.0,CASH,COMPLETED
TRX-KLN-20250924-01022,2025-09-24 18:58:40,58000.0,CASH,COMPLETED
TRX-KLN-20250924-01023,2025-09-24 20:52:47,36500.0,CASH,COMPLETED
TRX-KLN-20250924-01024,2025-09-24 16:44:19,61000.0,CASH,COMPLETED
TRX-KLN-20250924-01025,2025-09-24 19:08:00,63000.0,QRIS,COMPLETED
TRX-KLN-20250924-01026,2025-09-24 13:02:27,18000.0,EWALLET,COMPLETED
TRX-KLN-20250924-01027,2025-09-24 16:13:02,110000.0,CASH,COMPLETED
TRX-KLN-20250924-01028,2025-09-24 21:48:26,47500.0,CASH,COMPLETED
TRX-KLN-20250924-01029,2025-09-24 13:05:11,23500.0,CASH,COMPLETED
TRX-KLN-20250924-01030,2025-09-24 10:05:14,41500.0,CASH,COMPLETED
TRX-KLN-20250924-01031,2025-09-24 16:39:39,39000.0,CASH,COMPLETED
TRX-KLN-20250924-01032,2025-09-24 11:37:57,8600.0,CASH,COMPLETED
TRX-KLN-20250924-01033,2025-09-24 09:54:23,4000.0,QRIS,COMPLETED
TRX-KLN-20250924-01034,2025-09-24 14:22:34,48000.0,CASH,COMPLETED
TRX-KLN-20250924-01035,2025-09-24 20:16:59,40500.0,CASH,COMPLETED
TRX-KLN-20250924-01036,2025-09-24 11:24:34,37000.0,QRIS,COMPLETED
TRX-KLN-20250924-01037,2025-09-24 07:49:41,28100.0,CASH,COMPLETED
TRX-KLN-20250924-01038,2025-09-24 10:09:23,16000.0,QRIS,COMPLETED
TRX-KLN-20250924-01039,2025-09-24 15:45:05,20000.0,CASH,COMPLETED
TRX-KLN-20250925-01040,2025-09-25 08:53:35,120000.0,CASH,COMPLETED
TRX-KLN-20250925-01041,2025-09-25 11:36:38,19000.0,TRANSFER,COMPLETED
TRX-KLN-20250925-01042,2025-09-25 11:15:28,73500.0,CASH,COMPLETED
TRX-KLN-20250925-01043,2025-09-25 14:36:38,21000.0,EWALLET,COMPLETED
TRX-KLN-20250925-01044,2025-09-25 13:09:30,48000.0,CASH,COMPLETED
TRX-KLN-20250925-01045,2025-09-25 20:45:57,152000.0,QRIS,COMPLETED
TRX-KLN-20250925-01046,2025-09-25 13:11:06,140000.0,CASH,COMPLETED
TRX-KLN-20250925-01047,2025-09-25 17:33:14,10000.0,CASH,COMPLETED
TRX-KLN-20250925-01048,2025-09-25 08:29:53,3000.0,CASH,COMPLETED
TRX-KLN-20250925-01049,2025-09-25 10:32:25,63500.0,QRIS,COMPLETED
TRX-KLN-20250925-01050,2025-09-25 08:31:19,5500.0,CASH,COMPLETED
TRX-KLN-20250925-01051,2025-09-25 12:39:01,100500.0,CASH,COMPLETED
TRX-KLN-20250925-01052,2025-09-25 10:55:46,7000.0,QRIS,COMPLETED
TRX-KLN-20250925-01053,2025-09-25 15:32:11,32000.0,CASH,COMPLETED
TRX-KLN-20250925-01054,2025-09-25 10:58:35,94500.0,CASH,COMPLETED
TRX-KLN-20250925-01055,2025-09-25 09:16:40,9000.0,CASH,COMPLETED
TRX-KLN-20250925-01056,2025-09-25 19:35:05,7000.0,CASH,COMPLETED
TRX-KLN-20250925-01057,2025-09-25 16:30:02,45000.0,CASH,COMPLETED
TRX-KLN-20250925-01058,2025-09-25 11:47:17,30000.0,CASH,COMPLETED
TRX-KLN-20250925-01059,2025-09-25 08:41:41,16500.0,CASH,COMPLETED
TRX-KLN-20250925-01060,2025-09-25 19:37:40,37000.0,CASH,COMPLETED
TRX-KLN-20250925-01061,2025-09-25 18:49:52,28600.0,CASH,COMPLETED
TRX-KLN-20250925-01062,2025-09-25 11:11:15,63000.0,CASH,COMPLETED
TRX-KLN-20250925-01063,2025-09-25 13:15:32,116000.0,CASH,COMPLETED
TRX-KLN-20250925-01064,2025-09-25 10:26:56,87000.0,CASH,COMPLETED
TRX-KLN-20250925-01065,2025-09-25 12:58:07,17000.0,CASH,COMPLETED
TRX-KLN-20250925-01066,2025-09-25 17:24:15,69000.0,CASH,COMPLETED
TRX-KLN-20250926-01067,2025-09-26 20:11:19,120000.0,QRIS,COMPLETED
TRX-KLN-20250926-01068,2025-09-26 14:25:12,26500.0,CASH,COMPLETED
TRX-KLN-20250926-01069,2025-09-26 07:20:38,28000.0,CASH,COMPLETED
TRX-KLN-20250926-01070,2025-09-26 07:40:24,169000.0,CASH,COMPLETED
TRX-KLN-20250926-01071,2025-09-26 13:04:29,13000.0,QRIS,COMPLETED
TRX-KLN-20250926-01072,2025-09-26 17:23:19,14000.0,EWALLET,COMPLETED
TRX-KLN-20250926-01073,2025-09-26 09:05:09,8500.0,CASH,COMPLETED
TRX-KLN-20250926-01074,2025-09-26 10:53:44,49000.0,CASH,COMPLETED
TRX-KLN-20250926-01075,2025-09-26 09:37:30,60000.0,EWALLET,COMPLETED
TRX-KLN-20250926-01076,2025-09-26 10:26:04,12000.0,QRIS,COMPLETED
TRX-KLN-20250926-01077,2025-09-26 10:35:29,44500.0,CASH,COMPLETED
TRX-KLN-20250926-01078,2025-09-26 11:20:11,178500.0,QRIS,COMPLETED
TRX-KLN-20250926-01079,2025-09-26 14:51:19,14000.0,CASH,COMPLETED
TRX-KLN-20250926-01080,2025-09-26 10:04:29,85500.0,CASH,COMPLETED
TRX-KLN-20250926-01081,2025-09-26 17:25:11,57000.0,TRANSFER,COMPLETED
TRX-KLN-20250926-01082,2025-09-26 10:03:44,45000.0,QRIS,COMPLETED
TRX-KLN-20250926-01083,2025-09-26 17:22:00,30500.0,QRIS,COMPLETED
TRX-KLN-20250926-01084,2025-09-26 12:26:47,39000.0,EWALLET,COMPLETED
TRX-KLN-20250926-01085,2025-09-26 19:47:54,57700.0,CASH,COMPLETED
TRX-KLN-20250926-01086,2025-09-26 18:14:59,16000.0,CASH,COMPLETED
TRX-KLN-20250926-01087,2025-09-26 18:18:23,14000.0,EWALLET,COMPLETED
TRX-KLN-20250926-01088,2025-09-26 19:58:53,165000.0,TRANSFER,COMPLETED
TRX-KLN-20250926-01089,2025-09-26 13:26:05,14000.0,QRIS,COMPLETED
TRX-KLN-20250926-01090,2025-09-26 17:25:44,19000.0,QRIS,COMPLETED
TRX-KLN-20250926-01091,2025-09-26 17:03:22,60000.0,QRIS,COMPLETED
TRX-KLN-20250927-01092,2025-09-27 17:44:51,14000.0,QRIS,COMPLETED
TRX-KLN-20250927-01093,2025-09-27 09:49:37,195000.0,QRIS,COMPLETED
TRX-KLN-20250927-01094,2025-09-27 17:43:38,63000.0,CASH,COMPLETED
TRX-KLN-20250927-01095,2025-09-27 20:06:23,7000.0,CASH,COMPLETED
TRX-KLN-20250927-01096,2025-09-27 18:22:19,93500.0,EWALLET,COMPLETED
TRX-KLN-20250927-01097,2025-09-27 12:16:02,18500.0,CASH,COMPLETED
TRX-KLN-20250927-01098,2025-09-27 14:14:50,103500.0,CASH,COMPLETED
TRX-KLN-20250927-01099,2025-09-27 11:26:59,16000.0,CASH,COMPLETED
TRX-KLN-20250927-01100,2025-09-27 18:02:04,55500.0,QRIS,COMPLETED
TRX-KLN-20250927-01101,2025-09-27 10:10:41,72000.0,QRIS,COMPLETED
TRX-KLN-20250927-01102,2025-09-27 21:12:18,16000.0,CASH,COMPLETED
TRX-KLN-20250927-01103,2025-09-27 13:15:16,14000.0,CASH,COMPLETED
TRX-KLN-20250927-01104,2025-09-27 19:00:33,60500.0,QRIS,COMPLETED
TRX-KLN-20250927-01105,2025-09-27 11:13:27,99000.0,EWALLET,COMPLETED
TRX-KLN-20250927-01106,2025-09-27 12:49:27,27500.0,EWALLET,COMPLETED
TRX-KLN-20250927-01107,2025-09-27 11:58:14,67000.0,CASH,COMPLETED
TRX-KLN-20250927-01108,2025-09-27 14:48:52,7000.0,CASH,COMPLETED
TRX-KLN-20250927-01109,2025-09-27 11:34:32,12400.0,CASH,COMPLETED
TRX-KLN-20250928-01110,2025-09-28 18:28:05,29000.0,CASH,COMPLETED
TRX-KLN-20250928-01111,2025-09-28 07:52:54,8500.0,EWALLET,COMPLETED
TRX-KLN-20250928-01112,2025-09-28 12:59:48,124500.0,QRIS,COMPLETED
TRX-KLN-20250928-01113,2025-09-28 21:22:17,31000.0,CASH,COMPLETED
TRX-KLN-20250928-01114,2025-09-28 15:42:13,32000.0,CASH,COMPLETED
TRX-KLN-20250928-01115,2025-09-28 14:58:54,17000.0,CASH,COMPLETED
TRX-KLN-20250928-01116,2025-09-28 13:54:33,44000.0,CASH,COMPLETED
TRX-KLN-20250928-01117,2025-09-28 16:11:29,120000.0,CASH,COMPLETED
TRX-KLN-20250928-01118,2025-09-28 17:11:03,15000.0,CASH,COMPLETED
TRX-KLN-20250928-01119,2025-09-28 13:02:16,50000.0,CASH,COMPLETED
TRX-KLN-20250928-01120,2025-09-28 18:05:28,19500.0,CASH,COMPLETED
TRX-KLN-20250928-01121,2025-09-28 12:11:01,208500.0,CASH,COMPLETED
TRX-KLN-20250928-01122,2025-09-28 21:17:48,143000.0,CASH,COMPLETED
TRX-KLN-20250928-01123,2025-09-28 09:49:00,69000.0,CASH,COMPLETED
TRX-KLN-20250928-01124,2025-09-28 17:01:15,12000.0,CASH,COMPLETED
TRX-KLN-20250928-01125,2025-09-28 15:48:25,38000.0,CASH,COMPLETED
TRX-KLN-20250928-01126,2025-09-28 12:18:33,29400.0,CASH,COMPLETED
TRX-KLN-20250928-01127,2025-09-28 13:26:52,6000.0,QRIS,COMPLETED
TRX-KLN-20250928-01128,2025-09-28 19:15:48,45000.0,QRIS,COMPLETED
TRX-KLN-20250928-01129,2025-09-28 09:50:56,8500.0,TRANSFER,COMPLETED
TRX-KLN-20250928-01130,2025-09-28 16:45:25,12000.0,CASH,COMPLETED
TRX-KLN-20250928-01131,2025-09-28 12:34:22,41500.0,TRANSFER,COMPLETED
TRX-KLN-20250928-01132,2025-09-28 15:54:22,30000.0,QRIS,COMPLETED
TRX-KLN-20250928-01133,2025-09-28 11:03:36,29000.0,CASH,COMPLETED
TRX-KLN-20250928-01134,2025-09-28 18:42:05,142500.0,CASH,COMPLETED
TRX-KLN-20250928-01135,2025-09-28 10:22:07,7000.0,QRIS,COMPLETED
TRX-KLN-20250928-01136,2025-09-28 19:23:33,129300.0,QRIS,COMPLETED
TRX-KLN-20250928-01137,2025-09-28 17:04:22,213500.0,CASH,COMPLETED
TRX-KLN-20250928-01138,2025-09-28 07:07:06,27500.0,CASH,COMPLETED
TRX-KLN-20250928-01139,2025-09-28 17:51:52,4000.0,CASH,COMPLETED
TRX-KLN-20250929-01140,2025-09-29 10:08:34,135000.0,CASH,COMPLETED
TRX-KLN-20250929-01141,2025-09-29 12:09:20,93000.0,CASH,COMPLETED
TRX-KLN-20250929-01142,2025-09-29 07:44:47,164000.0,CASH,COMPLETED
TRX-KLN-20250929-01143,2025-09-29 18:14:38,151000.0,CASH,COMPLETED
TRX-KLN-20250929-01144,2025-09-29 18:00:58,106500.0,CASH,COMPLETED
TRX-KLN-20250929-01145,2025-09-29 17:42:47,68000.0,TRANSFER,COMPLETED
TRX-KLN-20250929-01146,2025-09-29 11:17:19,90000.0,CASH,COMPLETED
TRX-KLN-20250929-01147,2025-09-29 16:46:57,18500.0,CASH,COMPLETED
TRX-KLN-20250929-01148,2025-09-29 09:31:07,191500.0,QRIS,COMPLETED
TRX-KLN-20250929-01149,2025-09-29 17:47:27,8000.0,CASH,COMPLETED
TRX-KLN-20250929-01150,2025-09-29 10:06:53,9500.0,CASH,COMPLETED
TRX-KLN-20250929-01151,2025-09-29 21:06:43,25500.0,QRIS,COMPLETED
TRX-KLN-20250929-01152,2025-09-29 12:14:01,21000.0,CASH,COMPLETED
TRX-KLN-20250929-01153,2025-09-29 11:09:16,60000.0,CASH,COMPLETED
TRX-KLN-20250929-01154,2025-09-29 16:11:01,34500.0,CASH,COMPLETED
TRX-KLN-20250929-01155,2025-09-29 16:08:55,110500.0,TRANSFER,COMPLETED
TRX-KLN-20250929-01156,2025-09-29 16:43:46,31000.0,CASH,COMPLETED
TRX-KLN-20250929-01157,2025-09-29 10:12:01,45000.0,CASH,COMPLETED
TRX-KLN-20250929-01158,2025-09-29 13:24:32,4000.0,QRIS,COMPLETED
TRX-KLN-20250929-01159,2025-09-29 18:14:14,37000.0,QRIS,COMPLETED
TRX-KLN-20250929-01160,2025-09-29 15:30:54,12400.0,QRIS,COMPLETED
TRX-KLN-20250929-01161,2025-09-29 12:31:34,4000.0,QRIS,COMPLETED
TRX-KLN-20250929-01162,2025-09-29 18:48:20,4000.0,EWALLET,COMPLETED
TRX-KLN-20250929-01163,2025-09-29 11:08:46,28000.0,CASH,COMPLETED
TRX-KLN-20250929-01164,2025-09-29 08:40:16,8000.0,CASH,COMPLETED
TRX-KLN-20250929-01165,2025-09-29 20:50:25,76500.0,CASH,COMPLETED
TRX-KLN-20250930-01166,2025-09-30 17:56:04,11000.0,CASH,COMPLETED
TRX-KLN-20250930-01167,2025-09-30 09:37:15,37000.0,CASH,COMPLETED
TRX-KLN-20250930-01168,2025-09-30 09:34:14,16000.0,EWALLET,COMPLETED
TRX-KLN-20250930-01169,2025-09-30 16:03:19,16000.0,EWALLET,COMPLETED
TRX-KLN-20250930-01170,2025-09-30 10:19:45,34500.0,CASH,COMPLETED
TRX-KLN-20250930-01171,2025-09-30 17:26:00,4000.0,QRIS,COMPLETED
TRX-KLN-20250930-01172,2025-09-30 17:43:04,83500.0,CASH,COMPLETED
TRX-KLN-20250930-01173,2025-09-30 17:23:36,86500.0,QRIS,COMPLETED
TRX-KLN-20250930-01174,2025-09-30 13:54:02,38000.0,CASH,COMPLETED
TRX-KLN-20250930-01175,2025-09-30 10:45:12,9000.0,CASH,COMPLETED
TRX-KLN-20250930-01176,2025-09-30 16:35:48,68000.0,CASH,COMPLETED
TRX-KLN-20250930-01177,2025-09-30 12:29:20,90000.0,EWALLET,COMPLETED
TRX-KLN-20250930-01178,2025-09-30 17:27:48,25300.0,CASH,COMPLETED
TRX-KLN-20250930-01179,2025-09-30 18:18:05,54000.0,CASH,COMPLETED
TRX-KLN-20250930-01180,2025-09-30 21:43:20,25000.0,QRIS,COMPLETED
TRX-KLN-20250930-01181,2025-09-30 11:34:25,148500.0,CASH,COMPLETED
TRX-KLN-20250930-01182,2025-09-30 17:46:07,67500.0,CASH,COMPLETED
TRX-KLN-20250930-01183,2025-09-30 21:46:30,53000.0,CASH,COMPLETED
TRX-KLN-20250930-01184,2025-09-30 13:57:27,66000.0,TRANSFER,COMPLETED
TRX-KLN-20250930-01185,2025-09-30 10:55:17,85500.0,CASH,COMPLETED
TRX-KLN-20251001-01186,2025-10-01 18:45:26,57500.0,QRIS,COMPLETED
TRX-KLN-20251001-01187,2025-10-01 10:29:26,103000.0,QRIS,COMPLETED
TRX-KLN-20251001-01188,2025-10-01 17:03:45,96500.0,CASH,COMPLETED
TRX-KLN-20251001-01189,2025-10-01 07:13:18,76500.0,TRANSFER,COMPLETED
TRX-KLN-20251001-01190,2025-10-01 15:45:34,30500.0,CASH,COMPLETED
TRX-KLN-20251001-01191,2025-10-01 10:50:21,16800.0,CASH,COMPLETED
TRX-KLN-20251001-01192,2025-10-01 07:09:51,44000.0,CASH,COMPLETED
TRX-KLN-20251001-01193,2025-10-01 16:00:50,84500.0,CASH,COMPLETED
TRX-KLN-20251001-01194,2025-10-01 10:24:20,118500.0,CASH,COMPLETED
TRX-KLN-20251001-01195,2025-10-01 16:26:01,15000.0,CASH,COMPLETED
TRX-KLN-20251001-01196,2025-10-01 13:39:11,14000.0,QRIS,COMPLETED
TRX-KLN-20251001-01197,2025-10-01 18:40:08,68000.0,QRIS,COMPLETED
TRX-KLN-20251001-01198,2025-10-01 18:07:26,46500.0,CASH,COMPLETED
TRX-KLN-20251001-01199,2025-10-01 18:20:40,63500.0,CASH,COMPLETED
TRX-KLN-20251001-01200,2025-10-01 17:53:57,18000.0,CASH,COMPLETED
TRX-KLN-20251001-01201,2025-10-01 18:06:09,6200.0,CASH,COMPLETED
TRX-KLN-20251001-01202,2025-10-01 17:55:51,25500.0,QRIS,COMPLETED
TRX-KLN-20251001-01203,2025-10-01 21:23:09,166000.0,CASH,COMPLETED
TRX-KLN-20251001-01204,2025-10-01 08:44:22,3000.0,CASH,COMPLETED
TRX-KLN-20251001-01205,2025-10-01 20:15:40,64200.0,CASH,COMPLETED
TRX-KLN-20251001-01206,2025-10-01 19:09:13,29000.0,CASH,COMPLETED
TRX-KLN-20251001-01207,2025-10-01 18:14:09,197000.0,TRANSFER,COMPLETED
TRX-KLN-20251001-01208,2025-10-01 12:58:48,70000.0,CASH,COMPLETED
TRX-KLN-20251001-01209,2025-10-01 15:19:27,65500.0,CASH,COMPLETED
TRX-KLN-20251001-01210,2025-10-01 14:05:35,7000.0,CASH,COMPLETED
TRX-KLN-20251001-01211,2025-10-01 18:16:31,20200.0,CASH,COMPLETED
TRX-KLN-20251002-01212,2025-10-02 16:50:39,66000.0,CASH,COMPLETED
TRX-KLN-20251002-01213,2025-10-02 19:25:59,31000.0,QRIS,COMPLETED
TRX-KLN-20251002-01214,2025-10-02 08:38:51,21000.0,CASH,COMPLETED
TRX-KLN-20251002-01215,2025-10-02 14:43:07,151000.0,QRIS,COMPLETED
TRX-KLN-20251002-01216,2025-10-02 21:33:26,22100.0,CASH,COMPLETED
TRX-KLN-20251002-01217,2025-10-02 16:46:22,3000.0,CASH,COMPLETED
TRX-KLN-20251002-01218,2025-10-02 19:15:40,14000.0,TRANSFER,COMPLETED
TRX-KLN-20251002-01219,2025-10-02 15:12:55,31300.0,CASH,COMPLETED
TRX-KLN-20251002-01220,2025-10-02 11:19:38,35000.0,CASH,COMPLETED
TRX-KLN-20251002-01221,2025-10-02 18:34:07,195000.0,CASH,COMPLETED
TRX-KLN-20251002-01222,2025-10-02 20:59:39,77500.0,QRIS,COMPLETED
TRX-KLN-20251002-01223,2025-10-02 21:54:34,10800.0,CASH,COMPLETED
TRX-KLN-20251002-01224,2025-10-02 16:27:45,6000.0,CASH,COMPLETED
TRX-KLN-20251002-01225,2025-10-02 17:59:26,35000.0,CASH,COMPLETED
TRX-KLN-20251002-01226,2025-10-02 09:15:12,7500.0,CASH,COMPLETED
TRX-KLN-20251002-01227,2025-10-02 10:04:03,51000.0,CASH,COMPLETED
TRX-KLN-20251002-01228,2025-10-02 17:05:04,26500.0,CASH,COMPLETED
TRX-KLN-20251002-01229,2025-10-02 17:59:49,90000.0,CASH,COMPLETED
TRX-KLN-20251002-01230,2025-10-02 12:00:44,24500.0,QRIS,COMPLETED
TRX-KLN-20251002-01231,2025-10-02 12:41:16,27200.0,TRANSFER,COMPLETED
TRX-KLN-20251002-01232,2025-10-02 10:21:53,50500.0,CASH,COMPLETED
TRX-KLN-20251002-01233,2025-10-02 16:50:40,50500.0,TRANSFER,COMPLETED
TRX-KLN-20251003-01234,2025-10-03 15:51:33,107000.0,EWALLET,COMPLETED
TRX-KLN-20251003-01235,2025-10-03 17:33:41,48000.0,CASH,COMPLETED
TRX-KLN-20251003-01236,2025-10-03 13:14:11,56500.0,TRANSFER,COMPLETED
TRX-KLN-20251003-01237,2025-10-03 10:30:49,28500.0,TRANSFER,COMPLETED
TRX-KLN-20251003-01238,2025-10-03 07:41:43,42000.0,CASH,COMPLETED
TRX-KLN-20251003-01239,2025-10-03 14:22:24,28000.0,QRIS,COMPLETED
TRX-KLN-20251003-01240,2025-10-03 15:48:56,61000.0,CASH,COMPLETED
TRX-KLN-20251003-01241,2025-10-03 16:42:48,66500.0,CASH,COMPLETED
TRX-KLN-20251003-01242,2025-10-03 17:46:25,70000.0,QRIS,COMPLETED
TRX-KLN-20251003-01243,2025-10-03 18:48:49,177500.0,EWALLET,COMPLETED
TRX-KLN-20251003-01244,2025-10-03 16:26:32,45000.0,CASH,COMPLETED
TRX-KLN-20251003-01245,2025-10-03 19:59:46,26000.0,CASH,COMPLETED
TRX-KLN-20251003-01246,2025-10-03 17:28:55,31000.0,EWALLET,COMPLETED
TRX-KLN-20251003-01247,2025-10-03 07:35:07,118000.0,CASH,COMPLETED
TRX-KLN-20251003-01248,2025-10-03 15:06:51,194000.0,CASH,COMPLETED
TRX-KLN-20251003-01249,2025-10-03 10:00:16,15500.0,CASH,COMPLETED
TRX-KLN-20251003-01250,2025-10-03 17:51:19,21500.0,CASH,COMPLETED
TRX-KLN-20251003-01251,2025-10-03 18:55:19,32000.0,CASH,COMPLETED
TRX-KLN-20251003-01252,2025-10-03 14:27:20,21000.0,CASH,COMPLETED
TRX-KLN-20251003-01253,2025-10-03 16:08:45,65500.0,CASH,COMPLETED
TRX-KLN-20251003-01254,2025-10-03 08:25:20,12400.0,CASH,COMPLETED
TRX-KLN-20251003-01255,2025-10-03 07:14:27,16000.0,CASH,COMPLETED
TRX-KLN-20251003-01256,2025-10-03 13:00:41,37500.0,CASH,COMPLETED
TRX-KLN-20251003-01257,2025-10-03 16:50:31,6000.0,CASH,COMPLETED
TRX-KLN-20251003-01258,2025-10-03 12:14:59,155000.0,EWALLET,COMPLETED
TRX-KLN-20251004-01259,2025-10-04 18:29:08,76000.0,CASH,COMPLETED
TRX-KLN-20251004-01260,2025-10-04 13:55:12,22000.0,TRANSFER,COMPLETED
TRX-KLN-20251004-01261,2025-10-04 17:37:04,77000.0,CASH,COMPLETED
TRX-KLN-20251004-01262,2025-10-04 10:55:17,38500.0,QRIS,COMPLETED
TRX-KLN-20251004-01263,2025-10-04 13:26:15,19000.0,QRIS,COMPLETED
TRX-KLN-20251004-01264,2025-10-04 18:10:26,78000.0,CASH,COMPLETED
TRX-KLN-20251004-01265,2025-10-04 16:24:28,54000.0,CASH,COMPLETED
TRX-KLN-20251004-01266,2025-10-04 13:30:38,16000.0,CASH,COMPLETED
TRX-KLN-20251004-01267,2025-10-04 15:55:07,13500.0,CASH,COMPLETED
TRX-KLN-20251004-01268,2025-10-04 17:40:23,47000.0,CASH,COMPLETED
TRX-KLN-20251004-01269,2025-10-04 17:25:54,30500.0,CASH,COMPLETED
TRX-KLN-20251004-01270,2025-10-04 07:34:09,27500.0,CASH,COMPLETED
TRX-KLN-20251004-01271,2025-10-04 09:49:57,5500.0,CASH,COMPLETED
TRX-KLN-20251004-01272,2025-10-04 17:05:57,48000.0,CASH,COMPLETED
TRX-KLN-20251004-01273,2025-10-04 11:43:59,4000.0,CASH,COMPLETED
TRX-KLN-20251004-01274,2025-10-04 18:52:47,3000.0,CASH,COMPLETED
TRX-KLN-20251004-01275,2025-10-04 16:30:05,25000.0,QRIS,COMPLETED
TRX-KLN-20251004-01276,2025-10-04 15:25:38,3000.0,TRANSFER,COMPLETED
TRX-KLN-20251004-01277,2025-10-04 17:19:43,21300.0,CASH,COMPLETED
TRX-KLN-20251004-01278,2025-10-04 15:48:36,70000.0,CASH,COMPLETED
TRX-KLN-20251004-01279,2025-10-04 09:17:34,4000.0,CASH,COMPLETED
TRX-KLN-20251004-01280,2025-10-04 09:12:19,19000.0,CASH,COMPLETED
TRX-KLN-20251004-01281,2025-10-04 17:47:09,4000.0,QRIS,COMPLETED
TRX-KLN-20251004-01282,2025-10-04 08:21:22,140500.0,CASH,COMPLETED
TRX-KLN-20251004-01283,2025-10-04 09:00:47,9300.0,CASH,COMPLETED
TRX-KLN-20251004-01284,2025-10-04 13:03:54,12500.0,CASH,COMPLETED
TRX-KLN-20251004-01285,2025-10-04 15:46:18,50500.0,CASH,COMPLETED
TRX-KLN-20251004-01286,2025-10-04 09:29:37,12400.0,CASH,COMPLETED
TRX-KLN-20251005-01287,2025-10-05 18:58:31,16000.0,CASH,COMPLETED
TRX-KLN-20251005-01288,2025-10-05 16:08:38,68000.0,CASH,COMPLETED
TRX-KLN-20251005-01289,2025-10-05 13:52:19,96000.0,CASH,COMPLETED
TRX-KLN-20251005-01290,2025-10-05 17:46:13,19000.0,CASH,COMPLETED
TRX-KLN-20251005-01291,2025-10-05 17:08:05,47000.0,CASH,COMPLETED
TRX-KLN-20251005-01292,2025-10-05 07:11:16,32000.0,CASH,COMPLETED
TRX-KLN-20251005-01293,2025-10-05 08:34:26,21500.0,CASH,COMPLETED
TRX-KLN-20251005-01294,2025-10-05 17:40:21,16000.0,CASH,COMPLETED
TRX-KLN-20251005-01295,2025-10-05 18:11:01,16000.0,TRANSFER,COMPLETED
TRX-KLN-20251005-01296,2025-10-05 16:20:04,58000.0,CASH,COMPLETED
TRX-KLN-20251005-01297,2025-10-05 12:04:59,38000.0,CASH,COMPLETED
TRX-KLN-20251005-01298,2025-10-05 18:41:11,103500.0,CASH,COMPLETED
TRX-KLN-20251005-01299,2025-10-05 15:11:42,204000.0,CASH,COMPLETED
TRX-KLN-20251005-01300,2025-10-05 14:53:46,45000.0,CASH,COMPLETED
TRX-KLN-20251005-01301,2025-10-05 10:41:13,14000.0,TRANSFER,COMPLETED
TRX-KLN-20251005-01302,2025-10-05 20:32:25,60000.0,EWALLET,COMPLETED
TRX-KLN-20251005-01303,2025-10-05 10:44:23,34500.0,QRIS,COMPLETED
TRX-KLN-20251005-01304,2025-10-05 17:26:15,18500.0,QRIS,COMPLETED
TRX-KLN-20251005-01305,2025-10-05 14:38:59,20500.0,CASH,COMPLETED
TRX-KLN-20251005-01306,2025-10-05 11:55:42,103500.0,CASH,COMPLETED
TRX-KLN-20251005-01307,2025-10-05 16:18:41,27500.0,CASH,COMPLETED
TRX-KLN-20251005-01308,2025-10-05 13:06:50,44000.0,CASH,COMPLETED
TRX-KLN-20251005-01309,2025-10-05 11:48:20,12000.0,QRIS,COMPLETED
TRX-KLN-20251005-01310,2025-10-05 11:11:22,8000.0,CASH,COMPLETED
TRX-KLN-20251005-01311,2025-10-05 08:12:21,78500.0,CASH,COMPLETED
TRX-KLN-20251005-01312,2025-10-05 21:16:21,9500.0,CASH,COMPLETED
TRX-KLN-20251005-01313,2025-10-05 13:32:09,14000.0,CASH,COMPLETED
TRX-KLN-20251006-01314,2025-10-06 08:54:21,49000.0,QRIS,COMPLETED
TRX-KLN-20251006-01315,2025-10-06 18:10:40,44000.0,EWALLET,COMPLETED
TRX-KLN-20251006-01316,2025-10-06 11:39:23,119500.0,CASH,COMPLETED
TRX-KLN-20251006-01317,2025-10-06 07:46:35,37000.0,QRIS,COMPLETED
TRX-KLN-20251006-01318,2025-10-06 16:48:21,6000.0,QRIS,COMPLETED
TRX-KLN-20251006-01319,2025-10-06 08:27:54,6000.0,QRIS,COMPLETED
TRX-KLN-20251006-01320,2025-10-06 10:56:04,1500.0,QRIS,COMPLETED
TRX-KLN-20251006-01321,2025-10-06 09:07:41,3000.0,QRIS,COMPLETED
TRX-KLN-20251006-01322,2025-10-06 07:20:15,36000.0,QRIS,COMPLETED
TRX-KLN-20251006-01323,2025-10-06 14:23:21,18000.0,CASH,COMPLETED
TRX-KLN-20251006-01324,2025-10-06 17:52:16,98000.0,CASH,COMPLETED
TRX-KLN-20251006-01325,2025-10-06 17:57:20,7000.0,CASH,COMPLETED
TRX-KLN-20251006-01326,2025-10-06 18:14:14,77000.0,CASH,COMPLETED
TRX-KLN-20251006-01327,2025-10-06 07:33:30,44000.0,QRIS,COMPLETED
TRX-KLN-20251006-01328,2025-10-06 15:39:05,136000.0,CASH,COMPLETED
TRX-KLN-20251006-01329,2025-10-06 19:46:32,14000.0,CASH,COMPLETED
TRX-KLN-20251007-01330,2025-10-07 12:15:41,12000.0,CASH,COMPLETED
TRX-KLN-20251007-01331,2025-10-07 13:16:16,28000.0,CASH,COMPLETED
TRX-KLN-20251007-01332,2025-10-07 21:30:22,14200.0,CASH,COMPLETED
TRX-KLN-20251007-01333,2025-10-07 17:51:22,69500.0,EWALLET,COMPLETED
TRX-KLN-20251007-01334,2025-10-07 08:12:42,11500.0,CASH,COMPLETED
TRX-KLN-20251007-01335,2025-10-07 13:50:37,38000.0,CASH,COMPLETED
TRX-KLN-20251007-01336,2025-10-07 09:51:30,12500.0,TRANSFER,COMPLETED
TRX-KLN-20251007-01337,2025-10-07 12:20:16,51000.0,CASH,COMPLETED
TRX-KLN-20251007-01338,2025-10-07 12:34:18,3000.0,CASH,COMPLETED
TRX-KLN-20251007-01339,2025-10-07 18:49:53,3000.0,QRIS,COMPLETED
TRX-KLN-20251007-01340,2025-10-07 13:17:44,12000.0,CASH,COMPLETED
TRX-KLN-20251007-01341,2025-10-07 08:37:33,53500.0,CASH,COMPLETED
TRX-KLN-20251007-01342,2025-10-07 11:12:08,6000.0,CASH,COMPLETED
TRX-KLN-20251008-01343,2025-10-08 07:17:54,9500.0,CASH,COMPLETED
TRX-KLN-20251008-01344,2025-10-08 09:57:40,39500.0,CASH,COMPLETED
TRX-KLN-20251008-01345,2025-10-08 19:16:42,14000.0,CASH,COMPLETED
TRX-KLN-20251008-01346,2025-10-08 17:50:23,31400.0,QRIS,COMPLETED
TRX-KLN-20251008-01347,2025-10-08 16:36:44,57000.0,CASH,COMPLETED
TRX-KLN-20251008-01348,2025-10-08 18:39:05,25000.0,CASH,COMPLETED
TRX-KLN-20251008-01349,2025-10-08 10:49:20,16000.0,CASH,COMPLETED
TRX-KLN-20251008-01350,2025-10-08 12:11:06,67500.0,CASH,COMPLETED
TRX-KLN-20251008-01351,2025-10-08 17:47:04,43000.0,CASH,COMPLETED
TRX-KLN-20251008-01352,2025-10-08 13:40:29,33000.0,TRANSFER,COMPLETED
TRX-KLN-20251008-01353,2025-10-08 14:17:05,24500.0,CASH,COMPLETED
TRX-KLN-20251008-01354,2025-10-08 18:28:57,4000.0,QRIS,COMPLETED
TRX-KLN-20251008-01355,2025-10-08 18:28:52,83000.0,EWALLET,COMPLETED
TRX-KLN-20251008-01356,2025-10-08 19:55:22,69000.0,CASH,COMPLETED
TRX-KLN-20251008-01357,2025-10-08 18:44:45,58000.0,QRIS,COMPLETED
TRX-KLN-20251008-01358,2025-10-08 11:17:27,14000.0,CASH,COMPLETED
TRX-KLN-20251008-01359,2025-10-08 19:50:22,83000.0,CASH,COMPLETED
TRX-KLN-20251008-01360,2025-10-08 09:06:18,3000.0,CASH,COMPLETED
TRX-KLN-20251008-01361,2025-10-08 18:08:46,22000.0,CASH,COMPLETED
TRX-KLN-20251008-01362,2025-10-08 09:12:07,1500.0,EWALLET,COMPLETED
TRX-KLN-20251008-01363,2025-10-08 09:30:03,138000.0,CASH,COMPLETED
TRX-KLN-20251008-01364,2025-10-08 10:54:28,109000.0,CASH,COMPLETED
TRX-KLN-20251009-01365,2025-10-09 21:21:56,46300.0,CASH,COMPLETED
TRX-KLN-20251009-01366,2025-10-09 07:02:49,77500.0,TRANSFER,COMPLETED
TRX-KLN-20251009-01367,2025-10-09 10:10:58,188000.0,CASH,COMPLETED
TRX-KLN-20251009-01368,2025-10-09 18:26:07,14000.0,CASH,COMPLETED
TRX-KLN-20251009-01369,2025-10-09 14:39:09,48000.0,CASH,COMPLETED
TRX-KLN-20251009-01370,2025-10-09 16:50:54,3000.0,CASH,COMPLETED
TRX-KLN-20251009-01371,2025-10-09 19:00:15,29000.0,CASH,COMPLETED
TRX-KLN-20251009-01372,2025-10-09 21:49:50,53000.0,CASH,COMPLETED
TRX-KLN-20251009-01373,2025-10-09 10:13:36,14000.0,CASH,COMPLETED
TRX-KLN-20251009-01374,2025-10-09 11:57:04,131000.0,CASH,COMPLETED
TRX-KLN-20251009-01375,2025-10-09 18:37:17,61000.0,CASH,COMPLETED
TRX-KLN-20251009-01376,2025-10-09 18:30:31,17000.0,CASH,COMPLETED
TRX-KLN-20251009-01377,2025-10-09 18:22:11,16500.0,CASH,COMPLETED
TRX-KLN-20251009-01378,2025-10-09 16:58:07,102000.0,CASH,COMPLETED
TRX-KLN-20251010-01379,2025-10-10 11:16:35,47500.0,CASH,COMPLETED
TRX-KLN-20251010-01380,2025-10-10 21:47:37,16000.0,CASH,COMPLETED
TRX-KLN-20251010-01381,2025-10-10 12:37:24,25000.0,CASH,COMPLETED
TRX-KLN-20251010-01382,2025-10-10 14:23:06,212500.0,CASH,COMPLETED
TRX-KLN-20251010-01383,2025-10-10 07:57:10,19000.0,EWALLET,COMPLETED
TRX-KLN-20251010-01384,2025-10-10 20:53:08,58000.0,CASH,COMPLETED
TRX-KLN-20251010-01385,2025-10-10 21:52:08,23000.0,TRANSFER,COMPLETED
TRX-KLN-20251010-01386,2025-10-10 09:03:28,14000.0,QRIS,COMPLETED
TRX-KLN-20251010-01387,2025-10-10 17:26:21,4000.0,EWALLET,COMPLETED
TRX-KLN-20251010-01388,2025-10-10 21:07:19,85500.0,CASH,COMPLETED
TRX-KLN-20251010-01389,2025-10-10 21:59:49,102500.0,QRIS,COMPLETED
TRX-KLN-20251010-01390,2025-10-10 08:06:40,42000.0,CASH,COMPLETED
TRX-KLN-20251010-01391,2025-10-10 19:00:51,56000.0,CASH,COMPLETED
TRX-KLN-20251010-01392,2025-10-10 16:41:34,79000.0,CASH,COMPLETED
TRX-KLN-20251010-01393,2025-10-10 18:05:46,9000.0,CASH,COMPLETED
TRX-KLN-20251010-01394,2025-10-10 12:46:53,136000.0,QRIS,COMPLETED
TRX-KLN-20251010-01395,2025-10-10 17:59:16,50600.0,CASH,COMPLETED
TRX-KLN-20251010-01396,2025-10-10 19:20:16,51000.0,CASH,COMPLETED
TRX-KLN-20251010-01397,2025-10-10 16:13:42,14000.0,CASH,COMPLETED
TRX-KLN-20251010-01398,2025-10-10 12:01:26,23000.0,QRIS,COMPLETED
TRX-KLN-20251011-01399,2025-10-11 20:29:16,25000.0,CASH,COMPLETED
TRX-KLN-20251011-01400,2025-10-11 09:48:05,37500.0,QRIS,COMPLETED
TRX-KLN-20251011-01401,2025-10-11 09:08:26,9500.0,QRIS,COMPLETED
TRX-KLN-20251011-01402,2025-10-11 20:55:42,34500.0,CASH,COMPLETED
TRX-KLN-20251011-01403,2025-10-11 13:33:06,64000.0,CASH,COMPLETED
TRX-KLN-20251011-01404,2025-10-11 16:40:59,6000.0,EWALLET,COMPLETED
TRX-KLN-20251011-01405,2025-10-11 12:22:54,16000.0,CASH,COMPLETED
TRX-KLN-20251011-01406,2025-10-11 17:20:48,31500.0,CASH,COMPLETED
TRX-KLN-20251011-01407,2025-10-11 12:05:00,89500.0,QRIS,COMPLETED
TRX-KLN-20251011-01408,2025-10-11 12:55:59,134000.0,QRIS,COMPLETED
TRX-KLN-20251011-01409,2025-10-11 20:56:21,50500.0,CASH,COMPLETED
TRX-KLN-20251011-01410,2025-10-11 10:27:51,126000.0,CASH,COMPLETED
TRX-KLN-20251011-01411,2025-10-11 13:37:43,48000.0,CASH,COMPLETED
TRX-KLN-20251011-01412,2025-10-11 10:24:32,64200.0,CASH,COMPLETED
TRX-KLN-20251011-01413,2025-10-11 12:47:33,33500.0,CASH,COMPLETED
TRX-KLN-20251011-01414,2025-10-11 16:36:27,51000.0,CASH,COMPLETED
TRX-KLN-20251012-01415,2025-10-12 12:10:39,3000.0,CASH,COMPLETED
TRX-KLN-20251012-01416,2025-10-12 13:55:26,18000.0,CASH,COMPLETED
TRX-KLN-20251012-01417,2025-10-12 10:37:58,8500.0,CASH,COMPLETED
TRX-KLN-20251012-01418,2025-10-12 08:52:10,9000.0,EWALLET,COMPLETED
TRX-KLN-20251012-01419,2025-10-12 16:11:44,3000.0,CASH,COMPLETED
TRX-KLN-20251012-01420,2025-10-12 16:15:11,75700.0,QRIS,COMPLETED
TRX-KLN-20251012-01421,2025-10-12 15:39:47,37000.0,EWALLET,COMPLETED
TRX-KLN-20251012-01422,2025-10-12 11:08:52,120000.0,TRANSFER,COMPLETED
TRX-KLN-20251012-01423,2025-10-12 09:33:04,5500.0,CASH,COMPLETED
TRX-KLN-20251012-01424,2025-10-12 12:02:51,11000.0,CASH,COMPLETED
TRX-KLN-20251012-01425,2025-10-12 14:38:13,37000.0,CASH,COMPLETED
TRX-KLN-20251012-01426,2025-10-12 19:14:12,67500.0,CASH,COMPLETED
TRX-KLN-20251012-01427,2025-10-12 14:24:16,50000.0,QRIS,COMPLETED
TRX-KLN-20251012-01428,2025-10-12 08:25:21,66000.0,QRIS,COMPLETED
TRX-KLN-20251012-01429,2025-10-12 10:26:42,15000.0,CASH,COMPLETED
TRX-KLN-20251012-01430,2025-10-12 14:30:32,59000.0,TRANSFER,COMPLETED
TRX-KLN-20251012-01431,2025-10-12 18:32:46,14000.0,CASH,COMPLETED
TRX-KLN-20251012-01432,2025-10-12 21:35:11,117500.0,TRANSFER,COMPLETED
TRX-KLN-20251012-01433,2025-10-12 17:44:05,101500.0,CASH,COMPLETED
TRX-KLN-20251013-01434,2025-10-13 10:22:00,42000.0,CASH,COMPLETED
TRX-KLN-20251013-01435,2025-10-13 13:36:48,51000.0,TRANSFER,COMPLETED
TRX-KLN-20251013-01436,2025-10-13 17:31:58,15000.0,CASH,COMPLETED
TRX-KLN-20251013-01437,2025-10-13 16:12:31,82000.0,CASH,COMPLETED
TRX-KLN-20251013-01438,2025-10-13 09:36:12,39000.0,EWALLET,COMPLETED
TRX-KLN-20251013-01439,2025-10-13 07:45:27,19000.0,CASH,COMPLETED
TRX-KLN-20251013-01440,2025-10-13 09:37:38,32000.0,CASH,COMPLETED
TRX-KLN-20251013-01441,2025-10-13 16:30:08,3000.0,CASH,COMPLETED
TRX-KLN-20251013-01442,2025-10-13 12:06:10,103500.0,CASH,COMPLETED
TRX-KLN-20251013-01443,2025-10-13 07:31:14,60000.0,QRIS,COMPLETED
TRX-KLN-20251013-01444,2025-10-13 11:25:25,8000.0,CASH,COMPLETED
TRX-KLN-20251013-01445,2025-10-13 13:55:15,57000.0,CASH,COMPLETED
TRX-KLN-20251013-01446,2025-10-13 17:00:10,76500.0,CASH,COMPLETED
TRX-KLN-20251013-01447,2025-10-13 07:00:03,55000.0,CASH,COMPLETED
TRX-KLN-20251013-01448,2025-10-13 11:06:25,12000.0,CASH,COMPLETED
TRX-KLN-20251013-01449,2025-10-13 09:44:34,6000.0,EWALLET,COMPLETED
TRX-KLN-20251013-01450,2025-10-13 18:37:49,28000.0,CASH,COMPLETED
TRX-KLN-20251013-01451,2025-10-13 15:41:51,38000.0,QRIS,COMPLETED
TRX-KLN-20251013-01452,2025-10-13 15:34:44,23300.0,CASH,COMPLETED
TRX-KLN-20251013-01453,2025-10-13 21:43:38,70400.0,CASH,COMPLETED
TRX-KLN-20251013-01454,2025-10-13 11:53:25,76500.0,TRANSFER,COMPLETED
TRX-KLN-20251014-01455,2025-10-14 17:20:52,53000.0,CASH,COMPLETED
TRX-KLN-20251014-01456,2025-10-14 14:08:31,35000.0,CASH,COMPLETED
TRX-KLN-20251014-01457,2025-10-14 17:06:10,32000.0,CASH,COMPLETED
TRX-KLN-20251014-01458,2025-10-14 17:04:27,45000.0,CASH,COMPLETED
TRX-KLN-20251014-01459,2025-10-14 17:34:35,34500.0,EWALLET,COMPLETED
TRX-KLN-20251014-01460,2025-10-14 16:54:01,20000.0,TRANSFER,COMPLETED
TRX-KLN-20251014-01461,2025-10-14 18:22:40,16000.0,TRANSFER,COMPLETED
TRX-KLN-20251014-01462,2025-10-14 16:13:12,6000.0,CASH,COMPLETED
TRX-KLN-20251014-01463,2025-10-14 16:52:07,29000.0,CASH,COMPLETED
TRX-KLN-20251014-01464,2025-10-14 18:36:22,4000.0,CASH,COMPLETED
TRX-KLN-20251014-01465,2025-10-14 15:34:53,55500.0,CASH,COMPLETED
TRX-KLN-20251014-01466,2025-10-14 13:02:19,44000.0,CASH,COMPLETED
TRX-KLN-20251015-01467,2025-10-15 10:13:36,16000.0,CASH,COMPLETED
TRX-KLN-20251015-01468,2025-10-15 09:49:07,32000.0,CASH,COMPLETED
TRX-KLN-20251015-01469,2025-10-15 12:19:15,77000.0,QRIS,COMPLETED
TRX-KLN-20251015-01470,2025-10-15 15:51:51,14000.0,CASH,COMPLETED
TRX-KLN-20251015-01471,2025-10-15 20:39:30,3000.0,CASH,COMPLETED
TRX-KLN-20251015-01472,2025-10-15 11:05:43,3000.0,CASH,COMPLETED
TRX-KLN-20251015-01473,2025-10-15 07:56:31,8500.0,QRIS,COMPLETED
TRX-KLN-20251015-01474,2025-10-15 21:06:07,7000.0,TRANSFER,COMPLETED
TRX-KLN-20251015-01475,2025-10-15 19:46:32,60000.0,TRANSFER,COMPLETED
TRX-KLN-20251015-01476,2025-10-15 18:03:34,8500.0,CASH,COMPLETED
TRX-KLN-20251015-01477,2025-10-15 13:44:42,16000.0,QRIS,COMPLETED
TRX-KLN-20251015-01478,2025-10-15 15:40:16,64000.0,CASH,COMPLETED
TRX-KLN-20251015-01479,2025-10-15 12:40:46,33500.0,CASH,COMPLETED
TRX-KLN-20251015-01480,2025-10-15 13:24:41,3000.0,CASH,COMPLETED
TRX-KLN-20251015-01481,2025-10-15 20:16:58,39000.0,QRIS,COMPLETED
TRX-KLN-20251015-01482,2025-10-15 18:37:47,31000.0,CASH,COMPLETED
TRX-KLN-20251015-01483,2025-10-15 14:08:08,16000.0,CASH,COMPLETED
TRX-KLN-20251016-01484,2025-10-16 15:29:12,157500.0,CASH,COMPLETED
TRX-KLN-20251016-01485,2025-10-16 20:38:55,9000.0,CASH,COMPLETED
TRX-KLN-20251016-01486,2025-10-16 09:30:50,34500.0,CASH,COMPLETED
TRX-KLN-20251016-01487,2025-10-16 12:29:28,45000.0,QRIS,COMPLETED
TRX-KLN-20251016-01488,2025-10-16 19:34:41,7000.0,CASH,COMPLETED
TRX-KLN-20251016-01489,2025-10-16 17:33:03,260800.0,CASH,COMPLETED
TRX-KLN-20251016-01490,2025-10-16 12:08:15,12400.0,CASH,COMPLETED
TRX-KLN-20251016-01491,2025-10-16 17:09:10,34500.0,CASH,COMPLETED
TRX-KLN-20251016-01492,2025-10-16 10:15:37,19400.0,CASH,COMPLETED
TRX-KLN-20251016-01493,2025-10-16 20:13:16,32500.0,EWALLET,COMPLETED
TRX-KLN-20251016-01494,2025-10-16 13:41:48,150000.0,CASH,COMPLETED
TRX-KLN-20251016-01495,2025-10-16 16:05:39,42000.0,CASH,COMPLETED
TRX-KLN-20251016-01496,2025-10-16 08:13:52,68000.0,CASH,COMPLETED
TRX-KLN-20251016-01497,2025-10-16 13:41:57,32000.0,CASH,COMPLETED
TRX-KLN-20251016-01498,2025-10-16 08:01:40,89000.0,CASH,COMPLETED
TRX-KLN-20251016-01499,2025-10-16 17:39:05,26500.0,QRIS,COMPLETED
TRX-KLN-20251016-01500,2025-10-16 17:36:51,45000.0,TRANSFER,COMPLETED
TRX-KLN-20251016-01501,2025-10-16 10:45:50,7000.0,CASH,COMPLETED
TRX-KLN-20251016-01502,2025-10-16 13:56:22,16000.0,CASH,COMPLETED
TRX-KLN-20251016-01503,2025-10-16 16:50:57,34500.0,CASH,COMPLETED
TRX-KLN-20251017-01504,2025-10-17 11:37:13,28000.0,CASH,COMPLETED
TRX-KLN-20251017-01505,2025-10-17 15:33:32,96500.0,QRIS,COMPLETED
TRX-KLN-20251017-01506,2025-10-17 18:05:06,150500.0,CASH,COMPLETED
TRX-KLN-20251017-01507,2025-10-17 08:50:28,42000.0,CASH,COMPLETED
TRX-KLN-20251017-01508,2025-10-17 10:52:48,148000.0,CASH,COMPLETED
TRX-KLN-20251017-01509,2025-10-17 14:00:03,7000.0,QRIS,COMPLETED
TRX-KLN-20251017-01510,2025-10-17 16:33:55,14000.0,CASH,COMPLETED
TRX-KLN-20251017-01511,2025-10-17 13:43:58,36000.0,CASH,COMPLETED
TRX-KLN-20251017-01512,2025-10-17 13:10:14,140000.0,CASH,COMPLETED
TRX-KLN-20251017-01513,2025-10-17 18:20:21,3000.0,QRIS,COMPLETED
TRX-KLN-20251017-01514,2025-10-17 19:24:29,9000.0,TRANSFER,COMPLETED
TRX-KLN-20251017-01515,2025-10-17 14:41:24,19000.0,EWALLET,COMPLETED
TRX-KLN-20251017-01516,2025-10-17 14:12:02,31500.0,QRIS,COMPLETED
TRX-KLN-20251018-01517,2025-10-18 13:47:59,32500.0,CASH,COMPLETED
TRX-KLN-20251018-01518,2025-10-18 08:02:43,47500.0,CASH,COMPLETED
TRX-KLN-20251018-01519,2025-10-18 17:08:48,80000.0,CASH,COMPLETED
TRX-KLN-20251018-01520,2025-10-18 17:32:32,9500.0,CASH,COMPLETED
TRX-KLN-20251018-01521,2025-10-18 17:29:39,12400.0,CASH,COMPLETED
TRX-KLN-20251018-01522,2025-10-18 07:27:25,18000.0,CASH,COMPLETED
TRX-KLN-20251018-01523,2025-10-18 07:41:12,51000.0,QRIS,COMPLETED
TRX-KLN-20251018-01524,2025-10-18 11:09:10,71000.0,CASH,COMPLETED
TRX-KLN-20251018-01525,2025-10-18 09:31:20,59500.0,CASH,COMPLETED
TRX-KLN-20251018-01526,2025-10-18 08:22:03,110000.0,TRANSFER,COMPLETED
TRX-KLN-20251018-01527,2025-10-18 09:23:56,76500.0,CASH,COMPLETED
TRX-KLN-20251018-01528,2025-10-18 10:25:58,11000.0,CASH,COMPLETED
TRX-KLN-20251018-01529,2025-10-18 19:34:21,35000.0,TRANSFER,COMPLETED
TRX-KLN-20251018-01530,2025-10-18 15:49:01,40000.0,CASH,COMPLETED
TRX-KLN-20251018-01531,2025-10-18 21:42:53,67000.0,TRANSFER,COMPLETED
TRX-KLN-20251018-01532,2025-10-18 08:00:05,55500.0,CASH,COMPLETED
TRX-KLN-20251018-01533,2025-10-18 17:37:08,79500.0,CASH,COMPLETED
TRX-KLN-20251018-01534,2025-10-18 17:12:19,187000.0,QRIS,COMPLETED
TRX-KLN-20251018-01535,2025-10-18 19:18:09,137000.0,CASH,COMPLETED
TRX-KLN-20251018-01536,2025-10-18 10:09:36,23000.0,QRIS,COMPLETED
TRX-KLN-20251018-01537,2025-10-18 09:16:36,175300.0,CASH,COMPLETED
TRX-KLN-20251018-01538,2025-10-18 21:39:20,23000.0,TRANSFER,COMPLETED
TRX-KLN-20251018-01539,2025-10-18 16:43:54,32000.0,CASH,COMPLETED
TRX-KLN-20251018-01540,2025-10-18 16:20:42,6000.0,QRIS,COMPLETED
TRX-KLN-20251019-01541,2025-10-19 17:27:55,53000.0,CASH,COMPLETED
TRX-KLN-20251019-01542,2025-10-19 11:25:26,68000.0,CASH,COMPLETED
TRX-KLN-20251019-01543,2025-10-19 10:58:49,28000.0,QRIS,COMPLETED
TRX-KLN-20251019-01544,2025-10-19 15:10:48,32000.0,QRIS,COMPLETED
TRX-KLN-20251019-01545,2025-10-19 20:47:15,73000.0,CASH,COMPLETED
TRX-KLN-20251019-01546,2025-10-19 13:47:46,14000.0,CASH,COMPLETED
TRX-KLN-20251019-01547,2025-10-19 08:19:26,23000.0,CASH,COMPLETED
TRX-KLN-20251019-01548,2025-10-19 16:56:52,48000.0,CASH,COMPLETED
TRX-KLN-20251019-01549,2025-10-19 18:13:34,24000.0,CASH,COMPLETED
TRX-KLN-20251019-01550,2025-10-19 12:02:47,93500.0,CASH,COMPLETED
TRX-KLN-20251019-01551,2025-10-19 13:25:59,1500.0,CASH,COMPLETED
TRX-KLN-20251019-01552,2025-10-19 08:27:07,111000.0,CASH,COMPLETED
TRX-KLN-20251019-01553,2025-10-19 18:29:10,79000.0,CASH,COMPLETED
TRX-KLN-20251019-01554,2025-10-19 20:58:10,31000.0,CASH,COMPLETED
TRX-KLN-20251019-01555,2025-10-19 08:53:13,136000.0,TRANSFER,COMPLETED
TRX-KLN-20251019-01556,2025-10-19 10:59:05,60000.0,CASH,COMPLETED
TRX-KLN-20251019-01557,2025-10-19 09:00:50,14000.0,CASH,COMPLETED
TRX-KLN-20251019-01558,2025-10-19 16:27:37,12000.0,QRIS,COMPLETED
TRX-KLN-20251019-01559,2025-10-19 13:23:12,93500.0,CASH,COMPLETED
TRX-KLN-20251019-01560,2025-10-19 18:40:28,19000.0,CASH,COMPLETED
TRX-KLN-20251019-01561,2025-10-19 18:34:53,82000.0,CASH,COMPLETED
TRX-KLN-20251019-01562,2025-10-19 17:32:36,136000.0,QRIS,COMPLETED
TRX-KLN-20251019-01563,2025-10-19 09:20:34,37000.0,CASH,COMPLETED
TRX-KLN-20251019-01564,2025-10-19 15:30:03,187000.0,CASH,COMPLETED
TRX-KLN-20251019-01565,2025-10-19 13:03:55,8500.0,CASH,COMPLETED
TRX-KLN-20251019-01566,2025-10-19 18:28:23,16000.0,CASH,COMPLETED
TRX-KLN-20251019-01567,2025-10-19 18:11:03,31500.0,CASH,COMPLETED
TRX-KLN-20251020-01568,2025-10-20 17:05:18,62500.0,CASH,COMPLETED
TRX-KLN-20251020-01569,2025-10-20 17:17:53,17000.0,CASH,COMPLETED
TRX-KLN-20251020-01570,2025-10-20 18:26:25,32000.0,CASH,COMPLETED
TRX-KLN-20251020-01571,2025-10-20 08:22:54,45000.0,CASH,COMPLETED
TRX-KLN-20251020-01572,2025-10-20 21:33:03,21800.0,QRIS,COMPLETED
TRX-KLN-20251020-01573,2025-10-20 19:14:32,62000.0,QRIS,COMPLETED
TRX-KLN-20251020-01574,2025-10-20 17:25:00,55000.0,CASH,COMPLETED
TRX-KLN-20251020-01575,2025-10-20 21:12:43,31000.0,CASH,COMPLETED
TRX-KLN-20251020-01576,2025-10-20 15:53:52,14000.0,CASH,COMPLETED
TRX-KLN-20251020-01577,2025-10-20 16:39:35,31500.0,CASH,COMPLETED
TRX-KLN-20251020-01578,2025-10-20 10:54:44,47000.0,QRIS,COMPLETED
TRX-KLN-20251020-01579,2025-10-20 09:30:03,6000.0,TRANSFER,COMPLETED
TRX-KLN-20251020-01580,2025-10-20 12:58:58,45000.0,CASH,COMPLETED
TRX-KLN-20251020-01581,2025-10-20 18:48:09,74500.0,CASH,COMPLETED
TRX-KLN-20251020-01582,2025-10-20 17:08:44,6000.0,CASH,COMPLETED
TRX-KLN-20251020-01583,2025-10-20 08:06:32,42000.0,CASH,COMPLETED
TRX-KLN-20251020-01584,2025-10-20 11:22:29,17000.0,CASH,COMPLETED
TRX-KLN-20251021-01585,2025-10-21 17:14:29,7000.0,QRIS,COMPLETED
TRX-KLN-20251021-01586,2025-10-21 12:07:53,19000.0,CASH,COMPLETED
TRX-KLN-20251021-01587,2025-10-21 14:09:00,106000.0,CASH,COMPLETED
TRX-KLN-20251021-01588,2025-10-21 13:06:11,23000.0,CASH,COMPLETED
TRX-KLN-20251021-01589,2025-10-21 13:50:25,88000.0,CASH,COMPLETED
TRX-KLN-20251021-01590,2025-10-21 21:52:20,7000.0,EWALLET,COMPLETED
TRX-KLN-20251021-01591,2025-10-21 18:00:37,17000.0,CASH,COMPLETED
TRX-KLN-20251021-01592,2025-10-21 17:19:27,25000.0,TRANSFER,COMPLETED
TRX-KLN-20251021-01593,2025-10-21 10:21:46,41500.0,QRIS,COMPLETED
TRX-KLN-20251021-01594,2025-10-21 19:27:40,103500.0,CASH,COMPLETED
TRX-KLN-20251021-01595,2025-10-21 16:23:44,34500.0,CASH,COMPLETED
TRX-KLN-20251021-01596,2025-10-21 12:08:40,67000.0,TRANSFER,COMPLETED
TRX-KLN-20251021-01597,2025-10-21 18:18:48,138500.0,CASH,COMPLETED
TRX-KLN-20251021-01598,2025-10-21 10:10:40,19000.0,CASH,COMPLETED
TRX-KLN-20251021-01599,2025-10-21 07:37:17,84500.0,CASH,COMPLETED
TRX-KLN-20251022-01600,2025-10-22 13:29:40,66500.0,TRANSFER,COMPLETED
TRX-KLN-20251022-01601,2025-10-22 12:48:35,28000.0,QRIS,COMPLETED
TRX-KLN-20251022-01602,2025-10-22 10:12:24,9500.0,QRIS,COMPLETED
TRX-KLN-20251022-01603,2025-10-22 17:35:25,19000.0,CASH,COMPLETED
TRX-KLN-20251022-01604,2025-10-22 09:52:47,92500.0,CASH,COMPLETED
TRX-KLN-20251022-01605,2025-10-22 17:05:30,120000.0,CASH,COMPLETED
TRX-KLN-20251022-01606,2025-10-22 16:59:29,15000.0,CASH,COMPLETED
TRX-KLN-20251022-01607,2025-10-22 19:40:26,136000.0,CASH,COMPLETED
TRX-KLN-20251022-01608,2025-10-22 15:05:55,178500.0,CASH,COMPLETED
TRX-KLN-20251022-01609,2025-10-22 16:13:39,69000.0,CASH,COMPLETED
TRX-KLN-20251022-01610,2025-10-22 18:44:48,44000.0,QRIS,COMPLETED
TRX-KLN-20251022-01611,2025-10-22 09:59:44,24000.0,QRIS,COMPLETED
TRX-KLN-20251022-01612,2025-10-22 21:57:52,18500.0,CASH,COMPLETED
TRX-KLN-20251023-01613,2025-10-23 08:11:35,7000.0,CASH,COMPLETED
TRX-KLN-20251023-01614,2025-10-23 14:19:20,9500.0,EWALLET,COMPLETED
TRX-KLN-20251023-01615,2025-10-23 12:41:30,161000.0,CASH,COMPLETED
TRX-KLN-20251023-01616,2025-10-23 14:12:39,34500.0,CASH,COMPLETED
TRX-KLN-20251023-01617,2025-10-23 10:13:00,51000.0,CASH,COMPLETED
TRX-KLN-20251023-01618,2025-10-23 09:21:45,28000.0,QRIS,COMPLETED
TRX-KLN-20251023-01619,2025-10-23 12:13:05,10000.0,CASH,COMPLETED
TRX-KLN-20251023-01620,2025-10-23 08:01:41,3100.0,CASH,COMPLETED
TRX-KLN-20251023-01621,2025-10-23 18:04:11,3000.0,CASH,COMPLETED
TRX-KLN-20251023-01622,2025-10-23 16:56:35,12400.0,EWALLET,COMPLETED
TRX-KLN-20251023-01623,2025-10-23 16:23:10,7000.0,CASH,COMPLETED
TRX-KLN-20251023-01624,2025-10-23 09:01:21,48000.0,CASH,COMPLETED
TRX-KLN-20251023-01625,2025-10-23 13:20:18,6000.0,CASH,COMPLETED
TRX-KLN-20251023-01626,2025-10-23 10:09:39,187300.0,CASH,COMPLETED
TRX-KLN-20251023-01627,2025-10-23 18:32:17,19000.0,CASH,COMPLETED
TRX-KLN-20251023-01628,2025-10-23 15:47:40,18500.0,CASH,COMPLETED
TRX-KLN-20251023-01629,2025-10-23 16:55:31,45400.0,QRIS,COMPLETED
TRX-KLN-20251023-01630,2025-10-23 12:01:17,74500.0,CASH,COMPLETED
TRX-KLN-20251024-01631,2025-10-24 17:02:42,48500.0,CASH,COMPLETED
TRX-KLN-20251024-01632,2025-10-24 14:50:07,4000.0,CASH,COMPLETED
TRX-KLN-20251024-01633,2025-10-24 16:45:00,70000.0,TRANSFER,COMPLETED
TRX-KLN-20251024-01634,2025-10-24 10:23:29,32500.0,QRIS,COMPLETED
TRX-KLN-20251024-01635,2025-10-24 20:26:00,6000.0,QRIS,COMPLETED
TRX-KLN-20251024-01636,2025-10-24 17:14:01,164500.0,QRIS,COMPLETED
TRX-KLN-20251024-01637,2025-10-24 12:18:39,25000.0,CASH,COMPLETED
TRX-KLN-20251024-01638,2025-10-24 18:34:59,18700.0,CASH,COMPLETED
TRX-KLN-20251024-01639,2025-10-24 17:30:05,34500.0,CASH,COMPLETED
TRX-KLN-20251024-01640,2025-10-24 08:41:59,136500.0,CASH,COMPLETED
TRX-KLN-20251024-01641,2025-10-24 19:50:35,37000.0,CASH,COMPLETED
TRX-KLN-20251024-01642,2025-10-24 15:58:24,9000.0,CASH,COMPLETED
TRX-KLN-20251024-01643,2025-10-24 18:19:22,14000.0,CASH,COMPLETED
TRX-KLN-20251024-01644,2025-10-24 12:07:58,88000.0,CASH,COMPLETED
TRX-KLN-20251024-01645,2025-10-24 17:45:40,17000.0,CASH,COMPLETED
TRX-KLN-20251024-01646,2025-10-24 10:31:17,124500.0,CASH,COMPLETED
TRX-KLN-20251024-01647,2025-10-24 07:15:53,34500.0,TRANSFER,COMPLETED
TRX-KLN-20251024-01648,2025-10-24 09:48:16,8000.0,QRIS,COMPLETED
TRX-KLN-20251024-01649,2025-10-24 09:47:47,42000.0,CASH,COMPLETED
TRX-KLN-20251024-01650,2025-10-24 12:12:05,3000.0,CASH,COMPLETED
TRX-KLN-20251024-01651,2025-10-24 09:57:15,8000.0,CASH,COMPLETED
TRX-KLN-20251025-01652,2025-10-25 09:06:36,13500.0,QRIS,COMPLETED
TRX-KLN-20251025-01653,2025-10-25 09:44:08,12000.0,TRANSFER,COMPLETED
TRX-KLN-20251025-01654,2025-10-25 17:02:38,57000.0,CASH,COMPLETED
TRX-KLN-20251025-01655,2025-10-25 15:42:20,60000.0,CASH,COMPLETED
TRX-KLN-20251025-01656,2025-10-25 14:08:34,55500.0,CASH,COMPLETED
TRX-KLN-20251025-01657,2025-10-25 10:16:15,21000.0,CASH,COMPLETED
TRX-KLN-20251025-01658,2025-10-25 17:13:48,33000.0,TRANSFER,COMPLETED
TRX-KLN-20251025-01659,2025-10-25 09:12:55,60000.0,CASH,COMPLETED
TRX-KLN-20251025-01660,2025-10-25 11:02:45,62000.0,TRANSFER,COMPLETED
TRX-KLN-20251025-01661,2025-10-25 17:26:22,5500.0,EWALLET,COMPLETED
TRX-KLN-20251025-01662,2025-10-25 09:46:36,23000.0,CASH,COMPLETED
TRX-KLN-20251025-01663,2025-10-25 10:18:55,92500.0,CASH,COMPLETED
TRX-KLN-20251025-01664,2025-10-25 08:12:16,103500.0,TRANSFER,COMPLETED
TRX-KLN-20251025-01665,2025-10-25 17:39:37,68500.0,QRIS,COMPLETED
TRX-KLN-20251025-01666,2025-10-25 19:41:22,51000.0,QRIS,COMPLETED
TRX-KLN-20251025-01667,2025-10-25 12:27:07,14000.0,CASH,COMPLETED
TRX-KLN-20251025-01668,2025-10-25 12:14:05,8500.0,QRIS,COMPLETED
TRX-KLN-20251025-01669,2025-10-25 19:10:20,17000.0,CASH,COMPLETED
TRX-KLN-20251025-01670,2025-10-25 14:14:05,136000.0,CASH,COMPLETED
TRX-KLN-20251025-01671,2025-10-25 15:20:51,127000.0,CASH,COMPLETED
TRX-KLN-20251025-01672,2025-10-25 17:00:13,8000.0,CASH,COMPLETED
TRX-KLN-20251025-01673,2025-10-25 08:48:25,15000.0,CASH,COMPLETED
TRX-KLN-20251025-01674,2025-10-25 07:05:31,81000.0,CASH,COMPLETED
TRX-KLN-20251025-01675,2025-10-25 12:21:47,146000.0,CASH,COMPLETED
TRX-KLN-20251025-01676,2025-10-25 10:14:24,25500.0,CASH,COMPLETED
TRX-KLN-20251026-01677,2025-10-26 21:57:51,43000.0,CASH,COMPLETED
TRX-KLN-20251026-01678,2025-10-26 10:37:28,131000.0,CASH,COMPLETED
TRX-KLN-20251026-01679,2025-10-26 21:59:07,150000.0,TRANSFER,COMPLETED
TRX-KLN-20251026-01680,2025-10-26 07:15:51,16000.0,CASH,COMPLETED
TRX-KLN-20251026-01681,2025-10-26 16:28:01,12000.0,CASH,COMPLETED
TRX-KLN-20251026-01682,2025-10-26 20:28:03,68000.0,CASH,COMPLETED
TRX-KLN-20251026-01683,2025-10-26 17:23:41,23000.0,TRANSFER,COMPLETED
TRX-KLN-20251026-01684,2025-10-26 12:06:08,53000.0,CASH,COMPLETED
TRX-KLN-20251026-01685,2025-10-26 19:42:02,55000.0,CASH,COMPLETED
TRX-KLN-20251026-01686,2025-10-26 15:03:24,6000.0,CASH,COMPLETED
TRX-KLN-20251026-01687,2025-10-26 16:05:38,36500.0,CASH,COMPLETED
TRX-KLN-20251026-01688,2025-10-26 20:16:19,15000.0,CASH,COMPLETED
TRX-KLN-20251026-01689,2025-10-26 16:35:09,60500.0,QRIS,COMPLETED
TRX-KLN-20251026-01690,2025-10-26 21:16:20,103500.0,QRIS,COMPLETED
TRX-KLN-20251026-01691,2025-10-26 09:36:04,51000.0,QRIS,COMPLETED
TRX-KLN-20251026-01692,2025-10-26 18:44:53,12000.0,EWALLET,COMPLETED
TRX-KLN-20251026-01693,2025-10-26 13:07:02,105500.0,CASH,COMPLETED
TRX-KLN-20251026-01694,2025-10-26 16:38:20,87000.0,CASH,COMPLETED
TRX-KLN-20251026-01695,2025-10-26 15:15:12,38000.0,CASH,COMPLETED
TRX-KLN-20251026-01696,2025-10-26 08:30:55,6000.0,QRIS,COMPLETED
TRX-KLN-20251026-01697,2025-10-26 20:53:42,84000.0,CASH,COMPLETED
TRX-KLN-20251026-01698,2025-10-26 13:46:22,7000.0,CASH,COMPLETED
TRX-KLN-20251026-01699,2025-10-26 10:40:10,68000.0,QRIS,COMPLETED
TRX-KLN-20251026-01700,2025-10-26 20:06:18,9000.0,CASH,COMPLETED
TRX-KLN-20251026-01701,2025-10-26 19:18:34,183500.0,CASH,COMPLETED
TRX-KLN-20251026-01702,2025-10-26 16:03:48,9300.0,CASH,COMPLETED
TRX-KLN-20251026-01703,2025-10-26 11:55:38,120000.0,QRIS,COMPLETED
TRX-KLN-20251026-01704,2025-10-26 11:50:17,27000.0,CASH,COMPLETED
TRX-KLN-20251026-01705,2025-10-26 11:26:23,40500.0,CASH,COMPLETED
TRX-KLN-20251026-01706,2025-10-26 17:17:47,42000.0,CASH,COMPLETED
TRX-KLN-20251026-01707,2025-10-26 10:45:59,62500.0,CASH,COMPLETED
TRX-KLN-20251026-01708,2025-10-26 17:04:27,48000.0,CASH,COMPLETED
TRX-KLN-20251026-01709,2025-10-26 15:34:12,38000.0,TRANSFER,COMPLETED
TRX-KLN-20251026-01710,2025-10-26 15:34:38,14000.0,CASH,COMPLETED
TRX-KLN-20251026-01711,2025-10-26 17:04:22,9300.0,CASH,COMPLETED
TRX-KLN-20251027-01712,2025-10-27 10:06:16,32000.0,CASH,COMPLETED
TRX-KLN-20251027-01713,2025-10-27 10:21:14,36000.0,CASH,COMPLETED
TRX-KLN-20251027-01714,2025-10-27 18:37:23,29000.0,CASH,COMPLETED
TRX-KLN-20251027-01715,2025-10-27 11:20:36,39500.0,CASH,COMPLETED
TRX-KLN-20251027-01716,2025-10-27 10:38:02,45000.0,QRIS,COMPLETED
TRX-KLN-20251027-01717,2025-10-27 12:29:24,25000.0,EWALLET,COMPLETED
TRX-KLN-20251027-01718,2025-10-27 13:17:00,3100.0,CASH,COMPLETED
TRX-KLN-20251027-01719,2025-10-27 17:06:32,3000.0,CASH,COMPLETED
TRX-KLN-20251027-01720,2025-10-27 09:57:52,45000.0,CASH,COMPLETED
TRX-KLN-20251027-01721,2025-10-27 19:58:12,20500.0,QRIS,COMPLETED
TRX-KLN-20251027-01722,2025-10-27 16:10:01,51000.0,CASH,COMPLETED
TRX-KLN-20251027-01723,2025-10-27 17:56:52,96000.0,CASH,COMPLETED
TRX-KLN-20251027-01724,2025-10-27 11:51:13,26500.0,CASH,COMPLETED
TRX-KLN-20251027-01725,2025-10-27 10:08:08,55500.0,CASH,COMPLETED
TRX-KLN-20251027-01726,2025-10-27 18:24:46,14000.0,CASH,COMPLETED
TRX-KLN-20251027-01727,2025-10-27 07:22:03,81000.0,EWALLET,COMPLETED
TRX-KLN-20251027-01728,2025-10-27 16:52:38,68500.0,CASH,COMPLETED
TRX-KLN-20251027-01729,2025-10-27 20:31:15,175500.0,CASH,COMPLETED
TRX-KLN-20251027-01730,2025-10-27 14:01:52,45000.0,QRIS,COMPLETED
TRX-KLN-20251027-01731,2025-10-27 17:29:16,18500.0,CASH,COMPLETED
TRX-KLN-20251027-01732,2025-10-27 17:15:21,14000.0,TRANSFER,COMPLETED
TRX-KLN-20251028-01733,2025-10-28 16:40:00,6200.0,QRIS,COMPLETED
TRX-KLN-20251028-01734,2025-10-28 16:35:12,32000.0,CASH,COMPLETED
TRX-KLN-20251028-01735,2025-10-28 18:53:38,71000.0,CASH,COMPLETED
TRX-KLN-20251028-01736,2025-10-28 07:17:12,118500.0,CASH,COMPLETED
TRX-KLN-20251028-01737,2025-10-28 17:58:40,61100.0,CASH,COMPLETED
TRX-KLN-20251028-01738,2025-10-28 08:25:16,103500.0,CASH,COMPLETED
TRX-KLN-20251028-01739,2025-10-28 17:48:57,20000.0,CASH,COMPLETED
TRX-KLN-20251028-01740,2025-10-28 12:31:46,136000.0,CASH,COMPLETED
TRX-KLN-20251028-01741,2025-10-28 10:01:46,62500.0,CASH,COMPLETED
TRX-KLN-20251028-01742,2025-10-28 21:16:45,37000.0,QRIS,COMPLETED
TRX-KLN-20251028-01743,2025-10-28 14:06:02,14000.0,CASH,COMPLETED
TRX-KLN-20251028-01744,2025-10-28 19:51:05,45000.0,CASH,COMPLETED
TRX-KLN-20251028-01745,2025-10-28 10:47:09,21000.0,CASH,COMPLETED
TRX-KLN-20251028-01746,2025-10-28 07:35:30,150000.0,CASH,COMPLETED
TRX-KLN-20251028-01747,2025-10-28 13:45:28,30000.0,CASH,COMPLETED
TRX-KLN-20251028-01748,2025-10-28 10:31:22,41000.0,CASH,COMPLETED
TRX-KLN-20251028-01749,2025-10-28 15:22:13,21000.0,CASH,COMPLETED
TRX-KLN-20251028-01750,2025-10-28 19:58:05,60000.0,QRIS,COMPLETED
TRX-KLN-20251028-01751,2025-10-28 18:56:42,31000.0,CASH,COMPLETED
TRX-KLN-20251028-01752,2025-10-28 12:36:32,93000.0,QRIS,COMPLETED
TRX-KLN-20251028-01753,2025-10-28 11:34:52,18500.0,CASH,COMPLETED
TRX-KLN-20251029-01754,2025-10-29 11:46:09,8500.0,CASH,COMPLETED
TRX-KLN-20251029-01755,2025-10-29 11:04:37,28000.0,CASH,COMPLETED
TRX-KLN-20251029-01756,2025-10-29 15:14:00,38000.0,CASH,COMPLETED
TRX-KLN-20251029-01757,2025-10-29 16:46:36,14000.0,TRANSFER,COMPLETED
TRX-KLN-20251029-01758,2025-10-29 17:32:42,55000.0,CASH,COMPLETED
TRX-KLN-20251029-01759,2025-10-29 18:13:34,7000.0,CASH,COMPLETED
TRX-KLN-20251029-01760,2025-10-29 10:18:48,136000.0,QRIS,COMPLETED
TRX-KLN-20251029-01761,2025-10-29 14:33:08,15000.0,CASH,COMPLETED
TRX-KLN-20251029-01762,2025-10-29 19:26:02,16000.0,CASH,COMPLETED
TRX-KLN-20251029-01763,2025-10-29 19:42:48,23000.0,QRIS,COMPLETED
TRX-KLN-20251029-01764,2025-10-29 19:15:56,67500.0,QRIS,COMPLETED
TRX-KLN-20251029-01765,2025-10-29 10:47:38,41500.0,CASH,COMPLETED
TRX-KLN-20251029-01766,2025-10-29 14:39:41,12400.0,CASH,COMPLETED
TRX-KLN-20251029-01767,2025-10-29 07:13:38,38000.0,EWALLET,COMPLETED
TRX-KLN-20251029-01768,2025-10-29 19:30:54,81800.0,CASH,COMPLETED
TRX-KLN-20251029-01769,2025-10-29 07:34:36,7000.0,QRIS,COMPLETED
TRX-KLN-20251030-01770,2025-10-30 21:18:41,7000.0,CASH,COMPLETED
TRX-KLN-20251030-01771,2025-10-30 07:24:33,125500.0,TRANSFER,COMPLETED
TRX-KLN-20251030-01772,2025-10-30 07:10:44,82000.0,TRANSFER,COMPLETED
TRX-KLN-20251030-01773,2025-10-30 11:01:37,231500.0,QRIS,COMPLETED
TRX-KLN-20251030-01774,2025-10-30 18:43:33,29000.0,CASH,COMPLETED
TRX-KLN-20251030-01775,2025-10-30 19:16:53,68000.0,CASH,COMPLETED
TRX-KLN-20251030-01776,2025-10-30 20:35:44,24500.0,CASH,COMPLETED
TRX-KLN-20251030-01777,2025-10-30 16:22:34,16000.0,CASH,COMPLETED
TRX-KLN-20251030-01778,2025-10-30 19:19:35,35200.0,QRIS,COMPLETED
TRX-KLN-20251030-01779,2025-10-30 11:42:34,34500.0,CASH,COMPLETED
TRX-KLN-20251030-01780,2025-10-30 14:18:21,12000.0,CASH,COMPLETED
TRX-KLN-20251030-01781,2025-10-30 17:02:37,11500.0,CASH,COMPLETED
TRX-KLN-20251030-01782,2025-10-30 08:10:42,6000.0,CASH,COMPLETED
TRX-KLN-20251030-01783,2025-10-30 09:35:36,19000.0,CASH,COMPLETED
TRX-KLN-20251030-01784,2025-10-30 15:04:57,7000.0,CASH,COMPLETED
TRX-KLN-20251030-01785,2025-10-30 15:38:31,18500.0,CASH,COMPLETED
TRX-KLN-20251030-01786,2025-10-30 18:51:49,3000.0,CASH,COMPLETED
TRX-KLN-20251030-01787,2025-10-30 17:18:29,4000.0,TRANSFER,COMPLETED
TRX-KLN-20251030-01788,2025-10-30 10:46:39,19500.0,TRANSFER,COMPLETED
TRX-KLN-20251030-01789,2025-10-30 09:11:42,164000.0,CASH,COMPLETED
TRX-KLN-20251030-01790,2025-10-30 12:25:09,12000.0,CASH,COMPLETED
TRX-KLN-20251030-01791,2025-10-30 14:13:24,168000.0,QRIS,COMPLETED
TRX-KLN-20251030-01792,2025-10-30 09:22:44,65500.0,QRIS,COMPLETED
TRX-KLN-20251030-01793,2025-10-30 16:08:09,64500.0,CASH,COMPLETED
TRX-KLN-20251030-01794,2025-10-30 18:18:16,11000.0,EWALLET,COMPLETED
TRX-KLN-20251031-01795,2025-10-31 11:22:02,25300.0,QRIS,COMPLETED
TRX-KLN-20251031-01796,2025-10-31 16:39:42,24500.0,CASH,COMPLETED
TRX-KLN-20251031-01797,2025-10-31 19:55:33,161500.0,CASH,COMPLETED
TRX-KLN-20251031-01798,2025-10-31 08:10:44,7000.0,CASH,COMPLETED
TRX-KLN-20251031-01799,2025-10-31 11:32:19,32000.0,CASH,COMPLETED
TRX-KLN-20251031-01800,2025-10-31 09:03:46,53000.0,QRIS,COMPLETED
TRX-KLN-20251031-01801,2025-10-31 20:36:53,49500.0,TRANSFER,COMPLETED
TRX-KLN-20251031-01802,2025-10-31 20:13:46,3000.0,CASH,COMPLETED
TRX-KLN-20251031-01803,2025-10-31 17:37:11,23000.0,CASH,COMPLETED
TRX-KLN-20251031-01804,2025-10-31 13:14:29,155000.0,EWALLET,COMPLETED
TRX-KLN-20251031-01805,2025-10-31 18:55:04,67500.0,CASH,COMPLETED
TRX-KLN-20251031-01806,2025-10-31 08:15:38,42300.0,CASH,COMPLETED
TRX-KLN-20251031-01807,2025-10-31 07:08:49,4000.0,CASH,COMPLETED
TRX-KLN-20251031-01808,2025-10-31 20:20:29,84500.0,CASH,COMPLETED
TRX-KLN-20251031-01809,2025-10-31 10:56:10,145500.0,QRIS,COMPLETED
TRX-KLN-20251101-01810,2025-11-01 10:08:26,17000.0,CASH,COMPLETED
TRX-KLN-20251101-01811,2025-11-01 10:35:23,4500.0,CASH,COMPLETED
TRX-KLN-20251101-01812,2025-11-01 07:11:02,4000.0,TRANSFER,COMPLETED
TRX-KLN-20251101-01813,2025-11-01 18:54:08,94000.0,QRIS,COMPLETED
TRX-KLN-20251101-01814,2025-11-01 16:29:15,41000.0,CASH,COMPLETED
TRX-KLN-20251101-01815,2025-11-01 19:08:34,16000.0,CASH,COMPLETED
TRX-KLN-20251101-01816,2025-11-01 15:14:23,8500.0,QRIS,COMPLETED
TRX-KLN-20251101-01817,2025-11-01 17:33:29,73500.0,TRANSFER,COMPLETED
TRX-KLN-20251101-01818,2025-11-01 20:03:22,4000.0,QRIS,COMPLETED
TRX-KLN-20251101-01819,2025-11-01 20:02:52,19000.0,EWALLET,COMPLETED
TRX-KLN-20251101-01820,2025-11-01 11:47:38,12500.0,CASH,COMPLETED
TRX-KLN-20251101-01821,2025-11-01 09:21:50,58000.0,CASH,COMPLETED
TRX-KLN-20251101-01822,2025-11-01 12:03:48,37500.0,QRIS,COMPLETED
TRX-KLN-20251101-01823,2025-11-01 16:40:33,3100.0,QRIS,COMPLETED
TRX-KLN-20251101-01824,2025-11-01 17:13:57,16000.0,CASH,COMPLETED
TRX-KLN-20251101-01825,2025-11-01 19:23:33,21500.0,CASH,COMPLETED
TRX-KLN-20251101-01826,2025-11-01 10:02:54,35500.0,CASH,COMPLETED
TRX-KLN-20251101-01827,2025-11-01 10:33:22,42000.0,EWALLET,COMPLETED
TRX-KLN-20251101-01828,2025-11-01 19:45:54,94000.0,QRIS,COMPLETED
TRX-KLN-20251101-01829,2025-11-01 09:29:32,53500.0,TRANSFER,COMPLETED
TRX-KLN-20251101-01830,2025-11-01 10:34:13,29000.0,CASH,COMPLETED
TRX-KLN-20251101-01831,2025-11-01 17:46:48,45000.0,CASH,COMPLETED
TRX-KLN-20251101-01832,2025-11-01 10:26:45,157000.0,CASH,COMPLETED
TRX-KLN-20251101-01833,2025-11-01 18:31:05,72500.0,CASH,COMPLETED
TRX-KLN-20251101-01834,2025-11-01 18:27:40,28500.0,QRIS,COMPLETED
TRX-KLN-20251101-01835,2025-11-01 18:04:13,29000.0,TRANSFER,COMPLETED
TRX-KLN-20251101-01836,2025-11-01 12:04:50,22000.0,CASH,COMPLETED
TRX-KLN-20251101-01837,2025-11-01 15:03:42,68000.0,CASH,COMPLETED
TRX-KLN-20251102-01838,2025-11-02 09:21:00,73000.0,CASH,COMPLETED
TRX-KLN-20251102-01839,2025-11-02 18:11:38,32000.0,EWALLET,COMPLETED
TRX-KLN-20251102-01840,2025-11-02 07:43:00,31000.0,CASH,COMPLETED
TRX-KLN-20251102-01841,2025-11-02 17:15:51,1500.0,QRIS,COMPLETED
TRX-KLN-20251102-01842,2025-11-02 09:21:09,8500.0,QRIS,COMPLETED
TRX-KLN-20251102-01843,2025-11-02 12:11:33,14000.0,TRANSFER,COMPLETED
TRX-KLN-20251102-01844,2025-11-02 16:51:35,29000.0,CASH,COMPLETED
TRX-KLN-20251102-01845,2025-11-02 09:54:54,21000.0,EWALLET,COMPLETED
TRX-KLN-20251102-01846,2025-11-02 15:39:46,89000.0,CASH,COMPLETED
TRX-KLN-20251102-01847,2025-11-02 15:57:31,45000.0,CASH,COMPLETED
TRX-KLN-20251102-01848,2025-11-02 13:15:41,20900.0,QRIS,COMPLETED
TRX-KLN-20251102-01849,2025-11-02 09:40:11,8500.0,TRANSFER,COMPLETED
TRX-KLN-20251102-01850,2025-11-02 18:50:58,41000.0,CASH,COMPLETED
TRX-KLN-20251102-01851,2025-11-02 10:51:36,120000.0,TRANSFER,COMPLETED
TRX-KLN-20251102-01852,2025-11-02 09:49:56,19000.0,QRIS,COMPLETED
TRX-KLN-20251102-01853,2025-11-02 08:41:42,38300.0,CASH,COMPLETED
TRX-KLN-20251102-01854,2025-11-02 17:32:19,5500.0,CASH,COMPLETED
TRX-KLN-20251102-01855,2025-11-02 18:35:53,4500.0,QRIS,COMPLETED
TRX-KLN-20251102-01856,2025-11-02 16:32:47,58200.0,QRIS,COMPLETED
TRX-KLN-20251102-01857,2025-11-02 19:14:50,33000.0,EWALLET,COMPLETED
TRX-KLN-20251102-01858,2025-11-02 19:33:21,3100.0,CASH,COMPLETED
TRX-KLN-20251102-01859,2025-11-02 07:24:07,18500.0,CASH,COMPLETED
TRX-KLN-20251102-01860,2025-11-02 17:10:02,33000.0,QRIS,COMPLETED
TRX-KLN-20251102-01861,2025-11-02 07:57:38,59500.0,QRIS,COMPLETED
TRX-KLN-20251102-01862,2025-11-02 16:10:49,9000.0,QRIS,COMPLETED
TRX-KLN-20251103-01863,2025-11-03 07:15:16,25000.0,QRIS,COMPLETED
TRX-KLN-20251103-01864,2025-11-03 19:08:49,93000.0,CASH,COMPLETED
TRX-KLN-20251103-01865,2025-11-03 15:59:21,6200.0,CASH,COMPLETED
TRX-KLN-20251103-01866,2025-11-03 11:24:16,3000.0,QRIS,COMPLETED
TRX-KLN-20251103-01867,2025-11-03 18:53:02,12000.0,QRIS,COMPLETED
TRX-KLN-20251103-01868,2025-11-03 11:01:28,44000.0,CASH,COMPLETED
TRX-KLN-20251103-01869,2025-11-03 19:57:38,11500.0,QRIS,COMPLETED
TRX-KLN-20251103-01870,2025-11-03 19:23:12,6000.0,CASH,COMPLETED
TRX-KLN-20251103-01871,2025-11-03 07:47:08,16000.0,CASH,COMPLETED
TRX-KLN-20251103-01872,2025-11-03 20:58:16,32000.0,CASH,COMPLETED
TRX-KLN-20251103-01873,2025-11-03 18:21:52,12000.0,EWALLET,COMPLETED
TRX-KLN-20251103-01874,2025-11-03 19:06:22,12000.0,QRIS,COMPLETED
TRX-KLN-20251103-01875,2025-11-03 19:57:29,51000.0,CASH,COMPLETED
TRX-KLN-20251103-01876,2025-11-03 16:27:14,42000.0,CASH,COMPLETED
TRX-KLN-20251103-01877,2025-11-03 10:29:24,110000.0,CASH,COMPLETED
TRX-KLN-20251104-01878,2025-11-04 19:13:49,120000.0,CASH,COMPLETED
TRX-KLN-20251104-01879,2025-11-04 07:46:17,46500.0,CASH,COMPLETED
TRX-KLN-20251104-01880,2025-11-04 17:02:40,120000.0,QRIS,COMPLETED
TRX-KLN-20251104-01881,2025-11-04 16:01:50,82700.0,CASH,COMPLETED
TRX-KLN-20251104-01882,2025-11-04 17:51:40,20500.0,CASH,COMPLETED
TRX-KLN-20251104-01883,2025-11-04 10:38:48,19400.0,CASH,COMPLETED
TRX-KLN-20251104-01884,2025-11-04 09:47:48,120000.0,CASH,COMPLETED
TRX-KLN-20251104-01885,2025-11-04 15:33:33,7000.0,TRANSFER,COMPLETED
TRX-KLN-20251104-01886,2025-11-04 15:32:00,93000.0,CASH,COMPLETED
TRX-KLN-20251104-01887,2025-11-04 19:57:29,16000.0,CASH,COMPLETED
TRX-KLN-20251104-01888,2025-11-04 18:00:30,78000.0,CASH,COMPLETED
TRX-KLN-20251104-01889,2025-11-04 19:54:41,19000.0,CASH,COMPLETED
TRX-KLN-20251104-01890,2025-11-04 17:07:03,18500.0,QRIS,COMPLETED
TRX-KLN-20251104-01891,2025-11-04 20:17:13,125500.0,CASH,COMPLETED
TRX-KLN-20251104-01892,2025-11-04 11:29:46,64500.0,CASH,COMPLETED
TRX-KLN-20251104-01893,2025-11-04 21:11:51,18000.0,EWALLET,COMPLETED
TRX-KLN-20251105-01894,2025-11-05 15:32:05,42300.0,CASH,COMPLETED
TRX-KLN-20251105-01895,2025-11-05 09:31:22,67000.0,CASH,COMPLETED
TRX-KLN-20251105-01896,2025-11-05 10:28:45,25500.0,CASH,COMPLETED
TRX-KLN-20251105-01897,2025-11-05 17:21:27,14000.0,TRANSFER,COMPLETED
TRX-KLN-20251105-01898,2025-11-05 09:37:04,62000.0,CASH,COMPLETED
TRX-KLN-20251105-01899,2025-11-05 13:02:58,68000.0,TRANSFER,COMPLETED
TRX-KLN-20251105-01900,2025-11-05 18:25:13,8500.0,CASH,COMPLETED
TRX-KLN-20251105-01901,2025-11-05 07:50:23,3000.0,TRANSFER,COMPLETED
TRX-KLN-20251105-01902,2025-11-05 12:40:01,114500.0,TRANSFER,COMPLETED
TRX-KLN-20251105-01903,2025-11-05 18:45:53,82000.0,CASH,COMPLETED
TRX-KLN-20251105-01904,2025-11-05 15:05:55,6000.0,CASH,COMPLETED
TRX-KLN-20251105-01905,2025-11-05 14:19:28,38500.0,CASH,COMPLETED
TRX-KLN-20251105-01906,2025-11-05 19:09:33,138000.0,QRIS,COMPLETED
TRX-KLN-20251105-01907,2025-11-05 09:08:42,65000.0,EWALLET,COMPLETED
TRX-KLN-20251105-01908,2025-11-05 07:09:23,24900.0,CASH,COMPLETED
TRX-KLN-20251105-01909,2025-11-05 19:22:05,3000.0,TRANSFER,COMPLETED
TRX-KLN-20251105-01910,2025-11-05 18:17:38,38000.0,CASH,COMPLETED
TRX-KLN-20251105-01911,2025-11-05 13:03:10,15000.0,CASH,COMPLETED
TRX-KLN-20251106-01912,2025-11-06 15:07:07,56000.0,TRANSFER,COMPLETED
TRX-KLN-20251106-01913,2025-11-06 11:53:40,17000.0,QRIS,COMPLETED
TRX-KLN-20251106-01914,2025-11-06 17:16:50,28000.0,CASH,COMPLETED
TRX-KLN-20251106-01915,2025-11-06 19:22:27,55500.0,CASH,COMPLETED
TRX-KLN-20251106-01916,2025-11-06 12:46:37,9000.0,CASH,COMPLETED
TRX-KLN-20251106-01917,2025-11-06 19:00:11,25500.0,CASH,COMPLETED
TRX-KLN-20251106-01918,2025-11-06 09:00:39,60000.0,TRANSFER,COMPLETED
TRX-KLN-20251106-01919,2025-11-06 13:52:29,18000.0,CASH,COMPLETED
TRX-KLN-20251106-01920,2025-11-06 17:04:04,37000.0,CASH,COMPLETED
TRX-KLN-20251106-01921,2025-11-06 14:47:31,3000.0,EWALLET,COMPLETED
TRX-KLN-20251106-01922,2025-11-06 11:35:51,16000.0,CASH,COMPLETED
TRX-KLN-20251106-01923,2025-11-06 12:39:28,23000.0,CASH,COMPLETED
TRX-KLN-20251106-01924,2025-11-06 15:41:08,38000.0,CASH,COMPLETED
TRX-KLN-20251106-01925,2025-11-06 11:03:29,28000.0,QRIS,COMPLETED
TRX-KLN-20251106-01926,2025-11-06 21:00:44,132500.0,CASH,COMPLETED
TRX-KLN-20251106-01927,2025-11-06 13:29:44,62000.0,CASH,COMPLETED
TRX-KLN-20251106-01928,2025-11-06 19:24:20,8500.0,CASH,COMPLETED
TRX-KLN-20251107-01929,2025-11-07 11:58:24,8500.0,CASH,COMPLETED
TRX-KLN-20251107-01930,2025-11-07 18:23:19,42000.0,CASH,COMPLETED
TRX-KLN-20251107-01931,2025-11-07 21:00:26,9300.0,QRIS,COMPLETED
TRX-KLN-20251107-01932,2025-11-07 13:00:01,8000.0,CASH,COMPLETED
TRX-KLN-20251107-01933,2025-11-07 18:38:47,114000.0,CASH,COMPLETED
TRX-KLN-20251107-01934,2025-11-07 11:45:07,38000.0,CASH,COMPLETED
TRX-KLN-20251107-01935,2025-11-07 12:53:22,68000.0,EWALLET,COMPLETED
TRX-KLN-20251107-01936,2025-11-07 14:28:13,32500.0,CASH,COMPLETED
TRX-KLN-20251107-01937,2025-11-07 19:29:26,256000.0,CASH,COMPLETED
TRX-KLN-20251107-01938,2025-11-07 10:45:52,35000.0,CASH,COMPLETED
TRX-KLN-20251107-01939,2025-11-07 13:44:05,7000.0,CASH,COMPLETED
TRX-KLN-20251107-01940,2025-11-07 10:52:50,49000.0,CASH,COMPLETED
TRX-KLN-20251107-01941,2025-11-07 07:40:24,7000.0,QRIS,COMPLETED
TRX-KLN-20251107-01942,2025-11-07 18:41:20,9500.0,CASH,COMPLETED
TRX-KLN-20251107-01943,2025-11-07 17:07:01,58000.0,CASH,COMPLETED
TRX-KLN-20251107-01944,2025-11-07 12:22:38,58400.0,CASH,COMPLETED
TRX-KLN-20251107-01945,2025-11-07 08:08:36,12000.0,TRANSFER,COMPLETED
TRX-KLN-20251107-01946,2025-11-07 17:31:06,12000.0,CASH,COMPLETED
TRX-KLN-20251107-01947,2025-11-07 17:06:07,4000.0,QRIS,COMPLETED
TRX-KLN-20251107-01948,2025-11-07 19:26:58,131500.0,QRIS,COMPLETED
TRX-KLN-20251108-01949,2025-11-08 09:32:00,39300.0,CASH,COMPLETED
TRX-KLN-20251108-01950,2025-11-08 21:32:39,41500.0,CASH,COMPLETED
TRX-KLN-20251108-01951,2025-11-08 14:55:24,28300.0,CASH,COMPLETED
TRX-KLN-20251108-01952,2025-11-08 11:43:50,35000.0,CASH,COMPLETED
TRX-KLN-20251108-01953,2025-11-08 11:07:58,18000.0,CASH,COMPLETED
TRX-KLN-20251108-01954,2025-11-08 09:18:51,4000.0,CASH,COMPLETED
TRX-KLN-20251108-01955,2025-11-08 18:02:05,93500.0,EWALLET,COMPLETED
TRX-KLN-20251108-01956,2025-11-08 18:05:38,25000.0,QRIS,COMPLETED
TRX-KLN-20251108-01957,2025-11-08 18:41:23,4000.0,CASH,COMPLETED
TRX-KLN-20251108-01958,2025-11-08 19:59:44,166000.0,EWALLET,COMPLETED
TRX-KLN-20251108-01959,2025-11-08 16:39:29,46500.0,QRIS,COMPLETED
TRX-KLN-20251108-01960,2025-11-08 20:52:50,12000.0,QRIS,COMPLETED
TRX-KLN-20251108-01961,2025-11-08 17:29:46,69000.0,QRIS,COMPLETED
TRX-KLN-20251108-01962,2025-11-08 09:19:06,76500.0,CASH,COMPLETED
TRX-KLN-20251108-01963,2025-11-08 18:48:24,4500.0,CASH,COMPLETED
TRX-KLN-20251108-01964,2025-11-08 18:40:25,61400.0,CASH,COMPLETED
TRX-KLN-20251108-01965,2025-11-08 10:32:38,24000.0,CASH,COMPLETED
TRX-KLN-20251108-01966,2025-11-08 17:33:46,47000.0,QRIS,COMPLETED
TRX-KLN-20251108-01967,2025-11-08 16:41:19,14000.0,CASH,COMPLETED
TRX-KLN-20251108-01968,2025-11-08 20:00:43,9000.0,CASH,COMPLETED
TRX-KLN-20251108-01969,2025-11-08 17:16:26,29000.0,CASH,COMPLETED
TRX-KLN-20251108-01970,2025-11-08 15:37:43,14000.0,QRIS,COMPLETED
TRX-KLN-20251108-01971,2025-11-08 15:39:16,155000.0,QRIS,COMPLETED
TRX-KLN-20251108-01972,2025-11-08 17:22:49,47000.0,CASH,COMPLETED
TRX-KLN-20251108-01973,2025-11-08 14:17:57,21000.0,CASH,COMPLETED
TRX-KLN-20251108-01974,2025-11-08 13:33:47,170500.0,CASH,COMPLETED
TRX-KLN-20251108-01975,2025-11-08 08:48:29,29000.0,EWALLET,COMPLETED
TRX-KLN-20251109-01976,2025-11-09 16:16:08,12500.0,EWALLET,COMPLETED
TRX-KLN-20251109-01977,2025-11-09 07:19:16,49000.0,QRIS,COMPLETED
TRX-KLN-20251109-01978,2025-11-09 07:53:15,91000.0,CASH,COMPLETED
TRX-KLN-20251109-01979,2025-11-09 13:39:07,118400.0,CASH,COMPLETED
TRX-KLN-20251109-01980,2025-11-09 10:51:38,19000.0,CASH,COMPLETED
TRX-KLN-20251109-01981,2025-11-09 10:45:32,44500.0,TRANSFER,COMPLETED
TRX-KLN-20251109-01982,2025-11-09 14:10:09,49000.0,CASH,COMPLETED
TRX-KLN-20251109-01983,2025-11-09 12:53:33,29000.0,QRIS,COMPLETED
TRX-KLN-20251109-01984,2025-11-09 14:37:07,51500.0,QRIS,COMPLETED
TRX-KLN-20251109-01985,2025-11-09 17:20:12,53000.0,CASH,COMPLETED
TRX-KLN-20251109-01986,2025-11-09 12:22:50,40000.0,CASH,COMPLETED
TRX-KLN-20251109-01987,2025-11-09 08:50:06,19500.0,CASH,COMPLETED
TRX-KLN-20251109-01988,2025-11-09 10:09:19,69400.0,EWALLET,COMPLETED
TRX-KLN-20251109-01989,2025-11-09 07:31:51,34000.0,EWALLET,COMPLETED
TRX-KLN-20251109-01990,2025-11-09 18:40:10,82000.0,TRANSFER,COMPLETED
TRX-KLN-20251109-01991,2025-11-09 19:09:21,32000.0,CASH,COMPLETED
TRX-KLN-20251109-01992,2025-11-09 18:54:21,12000.0,CASH,COMPLETED
TRX-KLN-20251109-01993,2025-11-09 20:05:01,14000.0,TRANSFER,COMPLETED
TRX-KLN-20251109-01994,2025-11-09 19:01:20,161500.0,CASH,COMPLETED
TRX-KLN-20251109-01995,2025-11-09 17:38:56,51400.0,QRIS,COMPLETED
TRX-KLN-20251110-01996,2025-11-10 18:19:34,16000.0,CASH,COMPLETED
TRX-KLN-20251110-01997,2025-11-10 13:07:50,66000.0,CASH,COMPLETED
TRX-KLN-20251110-01998,2025-11-10 08:15:27,115500.0,CASH,COMPLETED
TRX-KLN-20251110-01999,2025-11-10 14:48:02,12000.0,EWALLET,COMPLETED
TRX-KLN-20251110-02000,2025-11-10 09:22:32,66500.0,CASH,COMPLETED
TRX-KLN-20251110-02001,2025-11-10 20:59:01,6000.0,CASH,COMPLETED
TRX-KLN-20251110-02002,2025-11-10 11:56:33,265500.0,QRIS,COMPLETED
TRX-KLN-20251110-02003,2025-11-10 14:59:45,6000.0,CASH,COMPLETED
TRX-KLN-20251110-02004,2025-11-10 12:43:06,47500.0,QRIS,COMPLETED
TRX-KLN-20251110-02005,2025-11-10 07:06:12,76500.0,CASH,COMPLETED
TRX-KLN-20251110-02006,2025-11-10 11:13:22,67000.0,CASH,COMPLETED
TRX-KLN-20251110-02007,2025-11-10 17:41:39,32000.0,CASH,COMPLETED
TRX-KLN-20251110-02008,2025-11-10 12:44:55,120000.0,CASH,COMPLETED
TRX-KLN-20251110-02009,2025-11-10 15:28:10,54000.0,QRIS,COMPLETED
TRX-KLN-20251111-02010,2025-11-11 18:07:35,25000.0,CASH,COMPLETED
TRX-KLN-20251111-02011,2025-11-11 20:52:04,9300.0,CASH,COMPLETED
TRX-KLN-20251111-02012,2025-11-11 13:40:07,4000.0,CASH,COMPLETED
TRX-KLN-20251111-02013,2025-11-11 18:17:39,150000.0,CASH,COMPLETED
TRX-KLN-20251111-02014,2025-11-11 10:19:25,103000.0,CASH,COMPLETED
TRX-KLN-20251111-02015,2025-11-11 13:44:22,33000.0,CASH,COMPLETED
TRX-KLN-20251111-02016,2025-11-11 14:37:55,62000.0,CASH,COMPLETED
TRX-KLN-20251111-02017,2025-11-11 08:44:54,16000.0,QRIS,COMPLETED
TRX-KLN-20251111-02018,2025-11-11 20:31:31,95500.0,CASH,COMPLETED
TRX-KLN-20251111-02019,2025-11-11 18:43:07,15000.0,QRIS,COMPLETED
TRX-KLN-20251111-02020,2025-11-11 18:41:16,31400.0,CASH,COMPLETED
TRX-KLN-20251111-02021,2025-11-11 12:19:10,22000.0,CASH,COMPLETED
TRX-KLN-20251111-02022,2025-11-11 11:10:21,12500.0,CASH,COMPLETED
TRX-KLN-20251111-02023,2025-11-11 07:39:45,53000.0,QRIS,COMPLETED
TRX-KLN-20251111-02024,2025-11-11 09:37:21,35000.0,CASH,COMPLETED
TRX-KLN-20251111-02025,2025-11-11 17:09:55,15000.0,QRIS,COMPLETED
TRX-KLN-20251111-02026,2025-11-11 17:42:34,136000.0,CASH,COMPLETED
TRX-KLN-20251111-02027,2025-11-11 15:20:17,188000.0,EWALLET,COMPLETED
TRX-KLN-20251112-02028,2025-11-12 07:57:32,7000.0,CASH,COMPLETED
TRX-KLN-20251112-02029,2025-11-12 10:33:06,87000.0,CASH,COMPLETED
TRX-KLN-20251112-02030,2025-11-12 16:32:09,9000.0,QRIS,COMPLETED
TRX-KLN-20251112-02031,2025-11-12 18:43:36,7100.0,QRIS,COMPLETED
TRX-KLN-20251112-02032,2025-11-12 17:24:27,32000.0,TRANSFER,COMPLETED
TRX-KLN-20251112-02033,2025-11-12 13:19:13,76600.0,CASH,COMPLETED
TRX-KLN-20251112-02034,2025-11-12 19:38:35,68000.0,QRIS,COMPLETED
TRX-KLN-20251112-02035,2025-11-12 20:36:21,19000.0,CASH,COMPLETED
TRX-KLN-20251112-02036,2025-11-12 11:04:47,19000.0,CASH,COMPLETED
TRX-KLN-20251112-02037,2025-11-12 18:12:51,44500.0,CASH,COMPLETED
TRX-KLN-20251112-02038,2025-11-12 08:08:15,132000.0,CASH,COMPLETED
TRX-KLN-20251112-02039,2025-11-12 11:39:02,124500.0,CASH,COMPLETED
TRX-KLN-20251113-02040,2025-11-13 13:22:57,18500.0,CASH,COMPLETED
TRX-KLN-20251113-02041,2025-11-13 11:54:19,62000.0,EWALLET,COMPLETED
TRX-KLN-20251113-02042,2025-11-13 13:36:11,101300.0,CASH,COMPLETED
TRX-KLN-20251113-02043,2025-11-13 18:50:03,14800.0,EWALLET,COMPLETED
TRX-KLN-20251113-02044,2025-11-13 16:25:48,23500.0,CASH,COMPLETED
TRX-KLN-20251113-02045,2025-11-13 16:31:16,93000.0,TRANSFER,COMPLETED
TRX-KLN-20251113-02046,2025-11-13 17:04:39,163000.0,CASH,COMPLETED
TRX-KLN-20251113-02047,2025-11-13 08:20:20,32000.0,QRIS,COMPLETED
TRX-KLN-20251113-02048,2025-11-13 11:29:11,93500.0,TRANSFER,COMPLETED
TRX-KLN-20251113-02049,2025-11-13 07:04:15,46000.0,EWALLET,COMPLETED
TRX-KLN-20251113-02050,2025-11-13 13:36:20,88500.0,QRIS,COMPLETED
TRX-KLN-20251113-02051,2025-11-13 12:50:53,60000.0,EWALLET,COMPLETED
TRX-KLN-20251113-02052,2025-11-13 09:50:58,19000.0,CASH,COMPLETED
TRX-KLN-20251113-02053,2025-11-13 17:30:19,17000.0,CASH,COMPLETED
TRX-KLN-20251113-02054,2025-11-13 15:03:56,39500.0,CASH,COMPLETED
TRX-KLN-20251113-02055,2025-11-13 15:11:21,134500.0,CASH,COMPLETED
TRX-KLN-20251113-02056,2025-11-13 10:48:04,42000.0,CASH,COMPLETED
TRX-KLN-20251113-02057,2025-11-13 19:57:22,18500.0,QRIS,COMPLETED
TRX-KLN-20251113-02058,2025-11-13 09:25:11,68000.0,CASH,COMPLETED
TRX-KLN-20251113-02059,2025-11-13 11:47:55,21000.0,CASH,COMPLETED
TRX-KLN-20251114-02060,2025-11-14 17:15:52,86000.0,QRIS,COMPLETED
TRX-KLN-20251114-02061,2025-11-14 07:01:24,70500.0,QRIS,COMPLETED
TRX-KLN-20251114-02062,2025-11-14 10:44:04,66500.0,CASH,COMPLETED
TRX-KLN-20251114-02063,2025-11-14 17:53:21,131500.0,CASH,COMPLETED
TRX-KLN-20251114-02064,2025-11-14 18:43:55,86000.0,CASH,COMPLETED
TRX-KLN-20251114-02065,2025-11-14 20:51:49,170000.0,CASH,COMPLETED
TRX-KLN-20251114-02066,2025-11-14 12:55:24,120000.0,CASH,COMPLETED
TRX-KLN-20251114-02067,2025-11-14 20:09:40,165000.0,QRIS,COMPLETED
TRX-KLN-20251114-02068,2025-11-14 17:40:41,22000.0,QRIS,COMPLETED
TRX-KLN-20251114-02069,2025-11-14 15:16:27,19000.0,EWALLET,COMPLETED
TRX-KLN-20251114-02070,2025-11-14 17:07:08,23500.0,CASH,COMPLETED
TRX-KLN-20251114-02071,2025-11-14 12:22:54,3000.0,CASH,COMPLETED
TRX-KLN-20251114-02072,2025-11-14 17:03:23,53000.0,TRANSFER,COMPLETED
TRX-KLN-20251114-02073,2025-11-14 19:37:07,26000.0,QRIS,COMPLETED
TRX-KLN-20251115-02074,2025-11-15 18:58:02,33500.0,CASH,COMPLETED
TRX-KLN-20251115-02075,2025-11-15 11:50:48,5500.0,CASH,COMPLETED
TRX-KLN-20251115-02076,2025-11-15 18:13:35,16000.0,EWALLET,COMPLETED
TRX-KLN-20251115-02077,2025-11-15 17:22:18,51000.0,CASH,COMPLETED
TRX-KLN-20251115-02078,2025-11-15 15:19:29,3100.0,CASH,COMPLETED
TRX-KLN-20251115-02079,2025-11-15 13:58:56,31400.0,CASH,COMPLETED
TRX-KLN-20251115-02080,2025-11-15 12:46:50,7000.0,EWALLET,COMPLETED
TRX-KLN-20251115-02081,2025-11-15 20:06:05,16000.0,CASH,COMPLETED
TRX-KLN-20251115-02082,2025-11-15 12:48:50,37000.0,CASH,COMPLETED
TRX-KLN-20251115-02083,2025-11-15 21:29:50,25500.0,EWALLET,COMPLETED
TRX-KLN-20251115-02084,2025-11-15 13:34:54,55500.0,CASH,COMPLETED
TRX-KLN-20251115-02085,2025-11-15 19:21:43,3100.0,EWALLET,COMPLETED
TRX-KLN-20251115-02086,2025-11-15 21:39:27,12000.0,CASH,COMPLETED
TRX-KLN-20251115-02087,2025-11-15 08:45:01,12400.0,CASH,COMPLETED
TRX-KLN-20251115-02088,2025-11-15 19:43:11,20500.0,QRIS,COMPLETED
TRX-KLN-20251115-02089,2025-11-15 16:42:22,45000.0,CASH,COMPLETED
TRX-KLN-20251116-02090,2025-11-16 16:22:21,19500.0,EWALLET,COMPLETED
TRX-KLN-20251116-02091,2025-11-16 14:28:15,32000.0,CASH,COMPLETED
TRX-KLN-20251116-02092,2025-11-16 10:25:11,16000.0,QRIS,COMPLETED
TRX-KLN-20251116-02093,2025-11-16 12:43:26,13500.0,CASH,COMPLETED
TRX-KLN-20251116-02094,2025-11-16 11:59:47,16000.0,CASH,COMPLETED
TRX-KLN-20251116-02095,2025-11-16 17:11:05,38000.0,QRIS,COMPLETED
TRX-KLN-20251116-02096,2025-11-16 09:10:39,54500.0,TRANSFER,COMPLETED
TRX-KLN-20251116-02097,2025-11-16 09:22:10,42000.0,CASH,COMPLETED
TRX-KLN-20251116-02098,2025-11-16 11:10:10,51000.0,QRIS,COMPLETED
TRX-KLN-20251116-02099,2025-11-16 17:34:28,85300.0,QRIS,COMPLETED
TRX-KLN-20251116-02100,2025-11-16 07:34:02,18700.0,CASH,COMPLETED
TRX-KLN-20251116-02101,2025-11-16 12:04:13,28500.0,CASH,COMPLETED
TRX-KLN-20251116-02102,2025-11-16 15:01:38,81500.0,CASH,COMPLETED
TRX-KLN-20251116-02103,2025-11-16 07:08:20,21000.0,CASH,COMPLETED
TRX-KLN-20251116-02104,2025-11-16 14:14:10,12000.0,CASH,COMPLETED
TRX-KLN-20251116-02105,2025-11-16 10:43:27,38300.0,TRANSFER,COMPLETED
TRX-KLN-20251116-02106,2025-11-16 16:53:42,81000.0,QRIS,COMPLETED
TRX-KLN-20251116-02107,2025-11-16 08:45:55,103500.0,CASH,COMPLETED
TRX-KLN-20251116-02108,2025-11-16 18:21:34,20500.0,QRIS,COMPLETED
TRX-KLN-20251116-02109,2025-11-16 12:38:50,56000.0,CASH,COMPLETED
TRX-KLN-20251116-02110,2025-11-16 11:10:07,44500.0,CASH,COMPLETED
TRX-KLN-20251116-02111,2025-11-16 19:21:44,68000.0,CASH,COMPLETED
TRX-KLN-20251116-02112,2025-11-16 08:50:12,34500.0,TRANSFER,COMPLETED
TRX-KLN-20251117-02113,2025-11-17 10:52:06,47000.0,CASH,COMPLETED
TRX-KLN-20251117-02114,2025-11-17 11:54:29,72500.0,CASH,COMPLETED
TRX-KLN-20251117-02115,2025-11-17 14:01:05,3100.0,CASH,COMPLETED
TRX-KLN-20251117-02116,2025-11-17 18:14:50,48000.0,QRIS,COMPLETED
TRX-KLN-20251117-02117,2025-11-17 16:46:59,34500.0,CASH,COMPLETED
TRX-KLN-20251117-02118,2025-11-17 07:51:39,37000.0,CASH,COMPLETED
TRX-KLN-20251117-02119,2025-11-17 14:09:16,6000.0,QRIS,COMPLETED
TRX-KLN-20251117-02120,2025-11-17 19:28:00,28000.0,CASH,COMPLETED
TRX-KLN-20251117-02121,2025-11-17 15:04:35,74500.0,CASH,COMPLETED
TRX-KLN-20251117-02122,2025-11-17 13:18:37,3000.0,QRIS,COMPLETED
TRX-KLN-20251117-02123,2025-11-17 08:51:32,29000.0,CASH,COMPLETED
TRX-KLN-20251117-02124,2025-11-17 18:15:45,16400.0,CASH,COMPLETED
TRX-KLN-20251117-02125,2025-11-17 20:15:09,19000.0,CASH,COMPLETED
TRX-KLN-20251117-02126,2025-11-17 10:18:58,65000.0,CASH,COMPLETED
TRX-KLN-20251117-02127,2025-11-17 09:37:17,55500.0,EWALLET,COMPLETED
TRX-KLN-20251117-02128,2025-11-17 13:32:00,17000.0,CASH,COMPLETED
TRX-KLN-20251117-02129,2025-11-17 12:00:56,4000.0,CASH,COMPLETED
TRX-KLN-20251117-02130,2025-11-17 16:03:30,13500.0,CASH,COMPLETED
TRX-KLN-20251117-02131,2025-11-17 09:14:11,53000.0,QRIS,COMPLETED
TRX-KLN-20251117-02132,2025-11-17 10:40:19,29000.0,QRIS,COMPLETED
TRX-KLN-20251118-02133,2025-11-18 07:11:06,23000.0,TRANSFER,COMPLETED
TRX-KLN-20251118-02134,2025-11-18 21:08:44,29000.0,QRIS,COMPLETED
TRX-KLN-20251118-02135,2025-11-18 14:43:18,108500.0,EWALLET,COMPLETED
TRX-KLN-20251118-02136,2025-11-18 13:08:34,4000.0,CASH,COMPLETED
TRX-KLN-20251118-02137,2025-11-18 07:06:56,19000.0,CASH,COMPLETED
TRX-KLN-20251118-02138,2025-11-18 20:31:19,7000.0,CASH,COMPLETED
TRX-KLN-20251118-02139,2025-11-18 14:33:33,48000.0,CASH,COMPLETED
TRX-KLN-20251118-02140,2025-11-18 18:21:08,45500.0,CASH,COMPLETED
TRX-KLN-20251118-02141,2025-11-18 21:11:54,44000.0,CASH,COMPLETED
TRX-KLN-20251118-02142,2025-11-18 20:20:00,18500.0,CASH,COMPLETED
TRX-KLN-20251118-02143,2025-11-18 13:03:06,70500.0,EWALLET,COMPLETED
TRX-KLN-20251118-02144,2025-11-18 18:00:08,48000.0,TRANSFER,COMPLETED
TRX-KLN-20251118-02145,2025-11-18 12:39:51,12000.0,CASH,COMPLETED
TRX-KLN-20251118-02146,2025-11-18 16:38:49,41500.0,TRANSFER,COMPLETED
TRX-KLN-20251118-02147,2025-11-18 20:54:30,76500.0,CASH,COMPLETED
TRX-KLN-20251118-02148,2025-11-18 19:06:00,12000.0,CASH,COMPLETED
TRX-KLN-20251118-02149,2025-11-18 11:29:12,12000.0,CASH,COMPLETED
TRX-KLN-20251118-02150,2025-11-18 07:26:35,17000.0,CASH,COMPLETED
TRX-KLN-20251118-02151,2025-11-18 11:29:26,23500.0,CASH,COMPLETED
TRX-KLN-20251118-02152,2025-11-18 19:35:44,16000.0,QRIS,COMPLETED
TRX-KLN-20251118-02153,2025-11-18 21:57:40,8000.0,CASH,COMPLETED
TRX-KLN-20251119-02154,2025-11-19 11:19:37,18500.0,CASH,COMPLETED
TRX-KLN-20251119-02155,2025-11-19 15:09:54,17000.0,QRIS,COMPLETED
TRX-KLN-20251119-02156,2025-11-19 18:32:15,8500.0,EWALLET,COMPLETED
TRX-KLN-20251119-02157,2025-11-19 10:57:04,39900.0,CASH,COMPLETED
TRX-KLN-20251119-02158,2025-11-19 15:31:35,161000.0,CASH,COMPLETED
TRX-KLN-20251119-02159,2025-11-19 15:13:22,39000.0,TRANSFER,COMPLETED
TRX-KLN-20251119-02160,2025-11-19 07:41:22,7000.0,TRANSFER,COMPLETED
TRX-KLN-20251119-02161,2025-11-19 16:46:59,22000.0,QRIS,COMPLETED
TRX-KLN-20251119-02162,2025-11-19 17:17:01,19000.0,CASH,COMPLETED
TRX-KLN-20251119-02163,2025-11-19 09:44:48,136000.0,CASH,COMPLETED
TRX-KLN-20251119-02164,2025-11-19 09:04:09,29000.0,TRANSFER,COMPLETED
TRX-KLN-20251119-02165,2025-11-19 15:35:44,12000.0,CASH,COMPLETED
TRX-KLN-20251119-02166,2025-11-19 15:00:41,101000.0,CASH,COMPLETED
TRX-KLN-20251119-02167,2025-11-19 19:06:41,24500.0,QRIS,COMPLETED
TRX-KLN-20251119-02168,2025-11-19 07:44:18,44000.0,EWALLET,COMPLETED
TRX-KLN-20251119-02169,2025-11-19 19:37:19,67000.0,CASH,COMPLETED
TRX-KLN-20251119-02170,2025-11-19 17:02:37,12000.0,QRIS,COMPLETED
TRX-KLN-20251119-02171,2025-11-19 10:39:34,17000.0,QRIS,COMPLETED
TRX-KLN-20251119-02172,2025-11-19 15:09:54,5500.0,QRIS,COMPLETED
TRX-KLN-20251120-02173,2025-11-20 15:49:36,25500.0,QRIS,COMPLETED
TRX-KLN-20251120-02174,2025-11-20 08:43:16,8500.0,CASH,COMPLETED
TRX-KLN-20251120-02175,2025-11-20 13:49:47,19000.0,CASH,COMPLETED
TRX-KLN-20251120-02176,2025-11-20 12:16:03,69000.0,TRANSFER,COMPLETED
TRX-KLN-20251120-02177,2025-11-20 15:30:35,12400.0,TRANSFER,COMPLETED
TRX-KLN-20251120-02178,2025-11-20 09:33:23,69000.0,CASH,COMPLETED
TRX-KLN-20251120-02179,2025-11-20 12:36:29,39500.0,CASH,COMPLETED
TRX-KLN-20251120-02180,2025-11-20 20:43:05,19400.0,CASH,COMPLETED
TRX-KLN-20251120-02181,2025-11-20 16:01:31,79000.0,QRIS,COMPLETED
TRX-KLN-20251120-02182,2025-11-20 18:16:38,16000.0,CASH,COMPLETED
TRX-KLN-20251120-02183,2025-11-20 12:47:49,21200.0,CASH,COMPLETED
TRX-KLN-20251120-02184,2025-11-20 13:35:12,9500.0,CASH,COMPLETED
TRX-KLN-20251120-02185,2025-11-20 18:54:01,19000.0,EWALLET,COMPLETED
TRX-KLN-20251120-02186,2025-11-20 10:43:40,33000.0,QRIS,COMPLETED
TRX-KLN-20251121-02187,2025-11-21 17:01:04,3000.0,TRANSFER,COMPLETED
TRX-KLN-20251121-02188,2025-11-21 08:35:47,71000.0,EWALLET,COMPLETED
TRX-KLN-20251121-02189,2025-11-21 16:47:03,157300.0,CASH,COMPLETED
TRX-KLN-20251121-02190,2025-11-21 12:29:07,103500.0,QRIS,COMPLETED
TRX-KLN-20251121-02191,2025-11-21 18:09:21,70600.0,CASH,COMPLETED
TRX-KLN-20251121-02192,2025-11-21 11:32:06,20000.0,CASH,COMPLETED
TRX-KLN-20251121-02193,2025-11-21 07:16:34,51000.0,CASH,COMPLETED
TRX-KLN-20251121-02194,2025-11-21 19:21:06,62000.0,QRIS,COMPLETED
TRX-KLN-20251121-02195,2025-11-21 17:07:19,33500.0,CASH,COMPLETED
TRX-KLN-20251121-02196,2025-11-21 16:54:24,39000.0,CASH,COMPLETED
TRX-KLN-20251121-02197,2025-11-21 10:00:55,23000.0,CASH,COMPLETED
TRX-KLN-20251121-02198,2025-11-21 17:59:15,76500.0,EWALLET,COMPLETED
TRX-KLN-20251121-02199,2025-11-21 12:19:53,88000.0,CASH,COMPLETED
TRX-KLN-20251121-02200,2025-11-21 09:34:12,25500.0,CASH,COMPLETED
TRX-KLN-20251121-02201,2025-11-21 10:49:53,91000.0,QRIS,COMPLETED
TRX-KLN-20251121-02202,2025-11-21 12:05:26,68500.0,EWALLET,COMPLETED
TRX-KLN-20251122-02203,2025-11-22 18:53:15,37400.0,QRIS,COMPLETED
TRX-KLN-20251122-02204,2025-11-22 18:09:18,14000.0,CASH,COMPLETED
TRX-KLN-20251122-02205,2025-11-22 15:25:09,4000.0,CASH,COMPLETED
TRX-KLN-20251122-02206,2025-11-22 10:51:29,80000.0,QRIS,COMPLETED
TRX-KLN-20251122-02207,2025-11-22 11:53:10,19000.0,CASH,COMPLETED
TRX-KLN-20251122-02208,2025-11-22 18:42:51,124500.0,QRIS,COMPLETED
TRX-KLN-20251122-02209,2025-11-22 16:34:17,48500.0,EWALLET,COMPLETED
TRX-KLN-20251122-02210,2025-11-22 18:59:37,38000.0,CASH,COMPLETED
TRX-KLN-20251122-02211,2025-11-22 10:16:06,13500.0,EWALLET,COMPLETED
TRX-KLN-20251122-02212,2025-11-22 19:07:45,77000.0,QRIS,COMPLETED
TRX-KLN-20251122-02213,2025-11-22 17:14:40,4000.0,CASH,COMPLETED
TRX-KLN-20251122-02214,2025-11-22 20:32:11,160500.0,TRANSFER,COMPLETED
TRX-KLN-20251122-02215,2025-11-22 17:43:03,86500.0,QRIS,COMPLETED
TRX-KLN-20251122-02216,2025-11-22 18:10:42,89000.0,CASH,COMPLETED
TRX-KLN-20251122-02217,2025-11-22 08:00:03,62500.0,CASH,COMPLETED
TRX-KLN-20251122-02218,2025-11-22 12:56:50,12000.0,TRANSFER,COMPLETED
TRX-KLN-20251122-02219,2025-11-22 07:12:40,47000.0,CASH,COMPLETED
TRX-KLN-20251122-02220,2025-11-22 13:41:24,103500.0,CASH,COMPLETED
TRX-KLN-20251123-02221,2025-11-23 17:13:06,84000.0,QRIS,COMPLETED
TRX-KLN-20251123-02222,2025-11-23 12:07:44,16000.0,CASH,COMPLETED
TRX-KLN-20251123-02223,2025-11-23 16:35:45,8000.0,CASH,COMPLETED
TRX-KLN-20251123-02224,2025-11-23 09:09:14,38000.0,CASH,COMPLETED
TRX-KLN-20251123-02225,2025-11-23 15:03:00,210500.0,CASH,COMPLETED
TRX-KLN-20251123-02226,2025-11-23 14:08:32,19000.0,EWALLET,COMPLETED
TRX-KLN-20251123-02227,2025-11-23 18:24:27,16000.0,TRANSFER,COMPLETED
TRX-KLN-20251123-02228,2025-11-23 20:23:15,4000.0,CASH,COMPLETED
TRX-KLN-20251123-02229,2025-11-23 18:54:54,32000.0,CASH,COMPLETED
TRX-KLN-20251123-02230,2025-11-23 20:56:02,82000.0,CASH,COMPLETED
TRX-KLN-20251123-02231,2025-11-23 09:33:15,64000.0,QRIS,COMPLETED
TRX-KLN-20251123-02232,2025-11-23 10:01:31,21000.0,CASH,COMPLETED
TRX-KLN-20251123-02233,2025-11-23 07:07:14,12000.0,CASH,COMPLETED
TRX-KLN-20251123-02234,2025-11-23 17:10:07,66000.0,TRANSFER,COMPLETED
TRX-KLN-20251123-02235,2025-11-23 13:32:01,57000.0,CASH,COMPLETED
TRX-KLN-20251123-02236,2025-11-23 10:31:00,32500.0,CASH,COMPLETED
TRX-KLN-20251123-02237,2025-11-23 12:18:59,51000.0,CASH,COMPLETED
TRX-KLN-20251123-02238,2025-11-23 09:50:30,98000.0,CASH,COMPLETED
TRX-KLN-20251123-02239,2025-11-23 18:25:08,22000.0,TRANSFER,COMPLETED
TRX-KLN-20251123-02240,2025-11-23 20:11:05,14000.0,QRIS,COMPLETED
TRX-KLN-20251123-02241,2025-11-23 08:57:01,169500.0,EWALLET,COMPLETED
TRX-KLN-20251123-02242,2025-11-23 13:12:22,8500.0,CASH,COMPLETED
TRX-KLN-20251123-02243,2025-11-23 21:37:56,106500.0,CASH,COMPLETED
TRX-KLN-20251123-02244,2025-11-23 10:09:37,84500.0,QRIS,COMPLETED
TRX-KLN-20251123-02245,2025-11-23 10:43:52,32000.0,QRIS,COMPLETED
TRX-KLN-20251123-02246,2025-11-23 17:32:37,6000.0,QRIS,COMPLETED
TRX-KLN-20251123-02247,2025-11-23 18:21:08,55500.0,CASH,COMPLETED
TRX-KLN-20251124-02248,2025-11-24 18:49:19,22000.0,CASH,COMPLETED
TRX-KLN-20251124-02249,2025-11-24 16:24:47,12000.0,CASH,COMPLETED
TRX-KLN-20251124-02250,2025-11-24 11:33:14,78000.0,QRIS,COMPLETED
TRX-KLN-20251124-02251,2025-11-24 09:19:56,55000.0,CASH,COMPLETED
TRX-KLN-20251124-02252,2025-11-24 14:34:43,61000.0,QRIS,COMPLETED
TRX-KLN-20251124-02253,2025-11-24 10:33:33,21000.0,CASH,COMPLETED
TRX-KLN-20251124-02254,2025-11-24 07:22:01,24500.0,CASH,COMPLETED
TRX-KLN-20251124-02255,2025-11-24 19:48:39,45500.0,CASH,COMPLETED
TRX-KLN-20251124-02256,2025-11-24 12:30:22,28000.0,QRIS,COMPLETED
TRX-KLN-20251124-02257,2025-11-24 19:10:11,110000.0,CASH,COMPLETED
TRX-KLN-20251124-02258,2025-11-24 16:00:29,76000.0,CASH,COMPLETED
TRX-KLN-20251124-02259,2025-11-24 19:11:01,62000.0,CASH,COMPLETED
TRX-KLN-20251124-02260,2025-11-24 08:16:55,136000.0,QRIS,COMPLETED
TRX-KLN-20251124-02261,2025-11-24 17:36:28,90000.0,CASH,COMPLETED
TRX-KLN-20251124-02262,2025-11-24 10:59:45,186000.0,QRIS,COMPLETED
TRX-KLN-20251124-02263,2025-11-24 09:24:12,79500.0,CASH,COMPLETED
TRX-KLN-20251124-02264,2025-11-24 12:32:33,38000.0,CASH,COMPLETED
TRX-KLN-20251125-02265,2025-11-25 17:16:13,136000.0,CASH,COMPLETED
TRX-KLN-20251125-02266,2025-11-25 07:16:10,25000.0,QRIS,COMPLETED
TRX-KLN-20251125-02267,2025-11-25 14:38:56,54500.0,CASH,COMPLETED
TRX-KLN-20251125-02268,2025-11-25 18:10:39,103500.0,TRANSFER,COMPLETED
TRX-KLN-20251125-02269,2025-11-25 08:39:41,42000.0,CASH,COMPLETED
TRX-KLN-20251125-02270,2025-11-25 09:31:46,173000.0,CASH,COMPLETED
TRX-KLN-20251125-02271,2025-11-25 15:04:05,92500.0,CASH,COMPLETED
TRX-KLN-20251125-02272,2025-11-25 18:29:35,12000.0,CASH,COMPLETED
TRX-KLN-20251125-02273,2025-11-25 20:56:33,76500.0,CASH,COMPLETED
TRX-KLN-20251125-02274,2025-11-25 20:05:11,17500.0,CASH,COMPLETED
TRX-KLN-20251125-02275,2025-11-25 18:51:44,20000.0,CASH,COMPLETED
TRX-KLN-20251125-02276,2025-11-25 16:35:06,53000.0,EWALLET,COMPLETED
TRX-KLN-20251125-02277,2025-11-25 12:57:37,80500.0,CASH,COMPLETED
TRX-KLN-20251125-02278,2025-11-25 08:11:04,20000.0,EWALLET,COMPLETED
TRX-KLN-20251125-02279,2025-11-25 17:02:35,28000.0,TRANSFER,COMPLETED
TRX-KLN-20251125-02280,2025-11-25 18:05:12,7000.0,TRANSFER,COMPLETED
TRX-KLN-20251126-02281,2025-11-26 10:25:30,121500.0,CASH,COMPLETED
TRX-KLN-20251126-02282,2025-11-26 21:26:20,3000.0,CASH,COMPLETED
TRX-KLN-20251126-02283,2025-11-26 16:58:21,28000.0,QRIS,COMPLETED
TRX-KLN-20251126-02284,2025-11-26 18:53:13,59500.0,TRANSFER,COMPLETED
TRX-KLN-20251126-02285,2025-11-26 11:44:48,64000.0,CASH,COMPLETED
TRX-KLN-20251126-02286,2025-11-26 08:06:12,31500.0,QRIS,COMPLETED
TRX-KLN-20251126-02287,2025-11-26 12:26:01,75000.0,CASH,COMPLETED
TRX-KLN-20251126-02288,2025-11-26 14:37:33,14000.0,QRIS,COMPLETED
TRX-KLN-20251126-02289,2025-11-26 11:13:45,220500.0,CASH,COMPLETED
TRX-KLN-20251126-02290,2025-11-26 17:57:44,6000.0,CASH,COMPLETED
TRX-KLN-20251126-02291,2025-11-26 10:29:42,7000.0,CASH,COMPLETED
TRX-KLN-20251126-02292,2025-11-26 09:26:38,33000.0,CASH,COMPLETED
TRX-KLN-20251126-02293,2025-11-26 08:21:06,28000.0,TRANSFER,COMPLETED
TRX-KLN-20251126-02294,2025-11-26 09:11:34,87500.0,QRIS,COMPLETED
TRX-KLN-20251126-02295,2025-11-26 13:03:02,72000.0,CASH,COMPLETED
TRX-KLN-20251126-02296,2025-11-26 16:27:05,54000.0,TRANSFER,COMPLETED
TRX-KLN-20251126-02297,2025-11-26 19:42:56,19000.0,EWALLET,COMPLETED
TRX-KLN-20251126-02298,2025-11-26 20:24:19,77000.0,CASH,COMPLETED
TRX-KLN-20251126-02299,2025-11-26 09:58:07,114500.0,QRIS,COMPLETED
TRX-KLN-20251126-02300,2025-11-26 09:01:29,40500.0,CASH,COMPLETED
TRX-KLN-20251126-02301,2025-11-26 14:01:13,16000.0,CASH,COMPLETED
TRX-KLN-20251126-02302,2025-11-26 12:54:23,58500.0,QRIS,COMPLETED
TRX-KLN-20251126-02303,2025-11-26 09:35:26,16000.0,CASH,COMPLETED
TRX-KLN-20251126-02304,2025-11-26 20:28:07,101000.0,CASH,COMPLETED
TRX-KLN-20251126-02305,2025-11-26 10:08:17,93500.0,QRIS,COMPLETED
TRX-KLN-20251126-02306,2025-11-26 13:57:27,6000.0,QRIS,COMPLETED
TRX-KLN-20251127-02307,2025-11-27 10:17:35,4000.0,CASH,COMPLETED
TRX-KLN-20251127-02308,2025-11-27 17:51:04,86000.0,CASH,COMPLETED
TRX-KLN-20251127-02309,2025-11-27 12:16:07,16000.0,CASH,COMPLETED
TRX-KLN-20251127-02310,2025-11-27 10:10:46,66000.0,CASH,COMPLETED
TRX-KLN-20251127-02311,2025-11-27 21:58:02,112500.0,QRIS,COMPLETED
TRX-KLN-20251127-02312,2025-11-27 08:18:07,53000.0,QRIS,COMPLETED
TRX-KLN-20251127-02313,2025-11-27 12:15:17,116000.0,TRANSFER,COMPLETED
TRX-KLN-20251127-02314,2025-11-27 19:28:08,7000.0,CASH,COMPLETED
TRX-KLN-20251127-02315,2025-11-27 13:47:52,87000.0,QRIS,COMPLETED
TRX-KLN-20251127-02316,2025-11-27 16:50:54,167500.0,QRIS,COMPLETED
TRX-KLN-20251127-02317,2025-11-27 13:24:30,8500.0,CASH,COMPLETED
TRX-KLN-20251127-02318,2025-11-27 17:48:27,7000.0,EWALLET,COMPLETED
TRX-KLN-20251127-02319,2025-11-27 16:31:26,136000.0,CASH,COMPLETED
TRX-KLN-20251127-02320,2025-11-27 18:25:22,81400.0,CASH,COMPLETED
TRX-KLN-20251127-02321,2025-11-27 17:03:35,58000.0,CASH,COMPLETED
TRX-KLN-20251127-02322,2025-11-27 20:46:01,106500.0,CASH,COMPLETED
TRX-KLN-20251127-02323,2025-11-27 11:49:10,65500.0,CASH,COMPLETED
TRX-KLN-20251127-02324,2025-11-27 10:41:43,22500.0,QRIS,COMPLETED
TRX-KLN-20251127-02325,2025-11-27 09:07:46,25000.0,CASH,COMPLETED
TRX-KLN-20251127-02326,2025-11-27 13:31:47,4500.0,CASH,COMPLETED
TRX-KLN-20251127-02327,2025-11-27 07:44:15,16000.0,CASH,COMPLETED
TRX-KLN-20251128-02328,2025-11-28 10:55:34,55500.0,TRANSFER,COMPLETED
TRX-KLN-20251128-02329,2025-11-28 09:13:04,44500.0,CASH,COMPLETED
TRX-KLN-20251128-02330,2025-11-28 09:20:06,28000.0,CASH,COMPLETED
TRX-KLN-20251128-02331,2025-11-28 11:38:13,25000.0,CASH,COMPLETED
TRX-KLN-20251128-02332,2025-11-28 21:30:36,26000.0,CASH,COMPLETED
TRX-KLN-20251128-02333,2025-11-28 17:39:09,79000.0,EWALLET,COMPLETED
TRX-KLN-20251128-02334,2025-11-28 09:56:09,68000.0,QRIS,COMPLETED
TRX-KLN-20251128-02335,2025-11-28 14:24:33,268500.0,CASH,COMPLETED
TRX-KLN-20251128-02336,2025-11-28 17:31:28,172000.0,QRIS,COMPLETED
TRX-KLN-20251128-02337,2025-11-28 16:21:18,174000.0,CASH,COMPLETED
TRX-KLN-20251128-02338,2025-11-28 08:48:35,165000.0,CASH,COMPLETED
TRX-KLN-20251128-02339,2025-11-28 07:25:11,38000.0,CASH,COMPLETED
TRX-KLN-20251128-02340,2025-11-28 18:51:17,176000.0,CASH,COMPLETED
TRX-KLN-20251128-02341,2025-11-28 17:20:47,23000.0,CASH,COMPLETED
TRX-KLN-20251128-02342,2025-11-28 09:01:09,8000.0,CASH,COMPLETED
TRX-KLN-20251128-02343,2025-11-28 11:23:59,56500.0,CASH,COMPLETED
TRX-KLN-20251128-02344,2025-11-28 09:16:34,164000.0,CASH,COMPLETED
TRX-KLN-20251128-02345,2025-11-28 20:21:35,9500.0,CASH,COMPLETED
TRX-KLN-20251128-02346,2025-11-28 16:27:56,113000.0,CASH,COMPLETED
TRX-KLN-20251128-02347,2025-11-28 18:51:10,91000.0,CASH,COMPLETED
TRX-KLN-20251128-02348,2025-11-28 18:32:06,30000.0,CASH,COMPLETED
TRX-KLN-20251128-02349,2025-11-28 09:23:45,129000.0,CASH,COMPLETED
TRX-KLN-20251128-02350,2025-11-28 17:02:57,14000.0,QRIS,COMPLETED
TRX-KLN-20251129-02351,2025-11-29 18:45:40,17000.0,CASH,COMPLETED
TRX-KLN-20251129-02352,2025-11-29 11:09:33,12500.0,QRIS,COMPLETED
TRX-KLN-20251129-02353,2025-11-29 17:05:25,84000.0,EWALLET,COMPLETED
TRX-KLN-20251129-02354,2025-11-29 18:41:54,41000.0,CASH,COMPLETED
TRX-KLN-20251129-02355,2025-11-29 07:19:58,45000.0,CASH,COMPLETED
TRX-KLN-20251129-02356,2025-11-29 18:48:05,38000.0,CASH,COMPLETED
TRX-KLN-20251129-02357,2025-11-29 18:42:10,40000.0,QRIS,COMPLETED
TRX-KLN-20251129-02358,2025-11-29 18:05:05,37500.0,QRIS,COMPLETED
TRX-KLN-20251129-02359,2025-11-29 16:23:43,6000.0,CASH,COMPLETED
TRX-KLN-20251129-02360,2025-11-29 17:30:12,8500.0,QRIS,COMPLETED
TRX-KLN-20251129-02361,2025-11-29 10:30:13,140000.0,CASH,COMPLETED
TRX-KLN-20251129-02362,2025-11-29 10:16:03,72000.0,CASH,COMPLETED
TRX-KLN-20251129-02363,2025-11-29 15:45:00,3000.0,CASH,COMPLETED
TRX-KLN-20251129-02364,2025-11-29 09:27:47,58000.0,CASH,COMPLETED
TRX-KLN-20251129-02365,2025-11-29 08:02:59,25500.0,CASH,COMPLETED
TRX-KLN-20251129-02366,2025-11-29 08:09:11,45500.0,CASH,COMPLETED
TRX-KLN-20251129-02367,2025-11-29 15:08:13,108500.0,QRIS,COMPLETED
TRX-KLN-20251129-02368,2025-11-29 21:52:09,16500.0,CASH,COMPLETED
TRX-KLN-20251129-02369,2025-11-29 07:08:14,4000.0,EWALLET,COMPLETED
TRX-KLN-20251129-02370,2025-11-29 12:38:33,83000.0,CASH,COMPLETED
TRX-KLN-20251129-02371,2025-11-29 18:19:06,78300.0,CASH,COMPLETED
TRX-KLN-20251129-02372,2025-11-29 17:33:40,70000.0,CASH,COMPLETED
TRX-KLN-20251129-02373,2025-11-29 17:27:17,57000.0,QRIS,COMPLETED
TRX-KLN-20251129-02374,2025-11-29 10:45:24,164000.0,TRANSFER,COMPLETED
TRX-KLN-20251129-02375,2025-11-29 20:06:05,50500.0,CASH,COMPLETED
TRX-KLN-20251129-02376,2025-11-29 09:21:14,14000.0,QRIS,COMPLETED
TRX-KLN-20251129-02377,2025-11-29 08:56:08,38000.0,TRANSFER,COMPLETED
TRX-KLN-20251129-02378,2025-11-29 16:51:51,18100.0,CASH,COMPLETED
TRX-KLN-20251129-02379,2025-11-29 20:28:13,11000.0,CASH,COMPLETED
TRX-KLN-20251129-02380,2025-11-29 12:11:26,12000.0,CASH,COMPLETED
TRX-KLN-20251129-02381,2025-11-29 20:55:35,16000.0,EWALLET,COMPLETED
TRX-KLN-20251129-02382,2025-11-29 15:00:18,13000.0,CASH,COMPLETED
TRX-KLN-20251130-02383,2025-11-30 17:53:59,44000.0,QRIS,COMPLETED
TRX-KLN-20251130-02384,2025-11-30 12:00:48,7000.0,CASH,COMPLETED
TRX-KLN-20251130-02385,2025-11-30 18:51:08,14200.0,QRIS,COMPLETED
TRX-KLN-20251130-02386,2025-11-30 18:40:50,38000.0,CASH,COMPLETED
TRX-KLN-20251130-02387,2025-11-30 07:39:02,29000.0,TRANSFER,COMPLETED
TRX-KLN-20251130-02388,2025-11-30 11:35:54,41300.0,CASH,COMPLETED
TRX-KLN-20251130-02389,2025-11-30 10:49:21,25000.0,CASH,COMPLETED
TRX-KLN-20251130-02390,2025-11-30 20:57:59,46000.0,CASH,COMPLETED
TRX-KLN-20251130-02391,2025-11-30 17:32:39,6000.0,CASH,COMPLETED
TRX-KLN-20251130-02392,2025-11-30 16:09:32,29500.0,EWALLET,COMPLETED
TRX-KLN-20251130-02393,2025-11-30 09:03:40,63500.0,CASH,COMPLETED
TRX-KLN-20251130-02394,2025-11-30 13:33:05,58000.0,CASH,COMPLETED
TRX-KLN-20251130-02395,2025-11-30 15:54:06,25500.0,TRANSFER,COMPLETED
TRX-KLN-20251130-02396,2025-11-30 16:08:36,229000.0,CASH,COMPLETED
TRX-KLN-20251130-02397,2025-11-30 08:28:45,17000.0,CASH,COMPLETED
TRX-KLN-20251130-02398,2025-11-30 08:08:02,25500.0,CASH,COMPLETED
TRX-KLN-20251130-02399,2025-11-30 14:57:58,15500.0,QRIS,COMPLETED
TRX-KLN-20251130-02400,2025-11-30 10:27:26,15000.0,CASH,COMPLETED
TRX-KLN-20251130-02401,2025-11-30 19:21:39,5500.0,CASH,COMPLETED
TRX-KLN-20251130-02402,2025-11-30 14:03:44,101500.0,TRANSFER,COMPLETED
TRX-KLN-20251130-02403,2025-11-30 09:49:03,32500.0,TRANSFER,COMPLETED
TRX-KLN-20251130-02404,2025-11-30 10:16:16,16500.0,CASH,COMPLETED
TRX-KLN-20251130-02405,2025-11-30 09:25:40,182000.0,QRIS,COMPLETED
TRX-KLN-20251130-02406,2025-11-30 07:14:00,58000.0,CASH,COMPLETED
TRX-KLN-20251130-02407,2025-11-30 20:14:19,48000.0,CASH,COMPLETED
TRX-KLN-20251130-02408,2025-11-30 17:26:05,63000.0,EWALLET,COMPLETED
TRX-KLN-20251130-02409,2025-11-30 08:17:13,33000.0,CASH,COMPLETED
TRX-KLN-20251130-02410,2025-11-30 18:25:04,25000.0,EWALLET,COMPLETED
TRX-KLN-20251201-02411,2025-12-01 07:21:05,38000.0,QRIS,COMPLETED
TRX-KLN-20251201-02412,2025-12-01 07:31:02,3000.0,QRIS,COMPLETED
TRX-KLN-20251201-02413,2025-12-01 17:20:05,17500.0,CASH,COMPLETED
TRX-KLN-20251201-02414,2025-12-01 16:55:51,40000.0,EWALLET,COMPLETED
TRX-KLN-20251201-02415,2025-12-01 11:53:55,42000.0,CASH,COMPLETED
TRX-KLN-20251201-02416,2025-12-01 17:14:04,25500.0,TRANSFER,COMPLETED
TRX-KLN-20251201-02417,2025-12-01 11:59:10,80000.0,EWALLET,COMPLETED
TRX-KLN-20251201-02418,2025-12-01 19:05:02,3000.0,QRIS,COMPLETED
TRX-KLN-20251201-02419,2025-12-01 19:23:38,70700.0,CASH,COMPLETED
TRX-KLN-20251201-02420,2025-12-01 09:16:42,22000.0,CASH,COMPLETED
TRX-KLN-20251201-02421,2025-12-01 12:28:48,53100.0,QRIS,COMPLETED
TRX-KLN-20251201-02422,2025-12-01 12:40:46,173300.0,CASH,COMPLETED
TRX-KLN-20251201-02423,2025-12-01 14:33:52,19000.0,CASH,COMPLETED
TRX-KLN-20251201-02424,2025-12-01 09:46:37,8000.0,CASH,COMPLETED
TRX-KLN-20251201-02425,2025-12-01 20:24:12,152500.0,CASH,COMPLETED
TRX-KLN-20251202-02426,2025-12-02 17:07:51,38000.0,EWALLET,COMPLETED
TRX-KLN-20251202-02427,2025-12-02 18:05:34,32000.0,CASH,COMPLETED
TRX-KLN-20251202-02428,2025-12-02 10:41:07,79000.0,CASH,COMPLETED
TRX-KLN-20251202-02429,2025-12-02 15:32:54,12000.0,CASH,COMPLETED
TRX-KLN-20251202-02430,2025-12-02 18:38:13,60000.0,EWALLET,COMPLETED
TRX-KLN-20251202-02431,2025-12-02 19:49:48,11000.0,CASH,COMPLETED
TRX-KLN-20251202-02432,2025-12-02 15:57:04,110000.0,TRANSFER,COMPLETED
TRX-KLN-20251202-02433,2025-12-02 18:37:31,12500.0,CASH,COMPLETED
TRX-KLN-20251202-02434,2025-12-02 17:49:16,32000.0,TRANSFER,COMPLETED
TRX-KLN-20251202-02435,2025-12-02 17:06:09,12500.0,EWALLET,COMPLETED
TRX-KLN-20251202-02436,2025-12-02 13:42:56,83000.0,CASH,COMPLETED
TRX-KLN-20251202-02437,2025-12-02 21:57:50,33000.0,CASH,COMPLETED
TRX-KLN-20251202-02438,2025-12-02 17:24:48,32000.0,CASH,COMPLETED
TRX-KLN-20251202-02439,2025-12-02 07:50:10,9000.0,CASH,COMPLETED
TRX-KLN-20251202-02440,2025-12-02 16:19:25,27000.0,CASH,COMPLETED
TRX-KLN-20251202-02441,2025-12-02 17:51:12,165000.0,EWALLET,COMPLETED
TRX-KLN-20251202-02442,2025-12-02 12:01:27,47000.0,CASH,COMPLETED
TRX-KLN-20251202-02443,2025-12-02 09:17:51,122500.0,CASH,COMPLETED
TRX-KLN-20251203-02444,2025-12-03 13:44:54,126000.0,CASH,COMPLETED
TRX-KLN-20251203-02445,2025-12-03 15:46:09,60000.0,CASH,COMPLETED
TRX-KLN-20251203-02446,2025-12-03 18:14:53,8000.0,EWALLET,COMPLETED
TRX-KLN-20251203-02447,2025-12-03 11:02:00,3000.0,CASH,COMPLETED
TRX-KLN-20251203-02448,2025-12-03 17:07:41,28000.0,CASH,COMPLETED
TRX-KLN-20251203-02449,2025-12-03 17:55:10,12000.0,CASH,COMPLETED
TRX-KLN-20251203-02450,2025-12-03 19:11:23,11000.0,CASH,COMPLETED
TRX-KLN-20251203-02451,2025-12-03 14:35:09,112500.0,CASH,COMPLETED
TRX-KLN-20251203-02452,2025-12-03 20:25:27,72000.0,TRANSFER,COMPLETED
TRX-KLN-20251203-02453,2025-12-03 10:57:29,16500.0,CASH,COMPLETED
TRX-KLN-20251203-02454,2025-12-03 14:00:16,98500.0,CASH,COMPLETED
TRX-KLN-20251203-02455,2025-12-03 18:29:02,101500.0,EWALLET,COMPLETED
TRX-KLN-20251203-02456,2025-12-03 18:23:55,43000.0,CASH,COMPLETED
TRX-KLN-20251203-02457,2025-12-03 14:59:33,81000.0,CASH,COMPLETED
TRX-KLN-20251203-02458,2025-12-03 12:25:40,128000.0,QRIS,COMPLETED
TRX-KLN-20251203-02459,2025-12-03 09:00:57,70500.0,QRIS,COMPLETED
TRX-KLN-20251203-02460,2025-12-03 19:15:43,63500.0,QRIS,COMPLETED
TRX-KLN-20251203-02461,2025-12-03 18:59:37,19000.0,EWALLET,COMPLETED
TRX-KLN-20251203-02462,2025-12-03 17:11:52,19000.0,CASH,COMPLETED
TRX-KLN-20251203-02463,2025-12-03 11:52:23,4000.0,CASH,COMPLETED
TRX-KLN-20251203-02464,2025-12-03 10:31:59,82500.0,CASH,COMPLETED
TRX-KLN-20251204-02465,2025-12-04 19:01:38,174000.0,CASH,COMPLETED
TRX-KLN-20251204-02466,2025-12-04 09:30:28,15000.0,CASH,COMPLETED
TRX-KLN-20251204-02467,2025-12-04 13:28:00,31700.0,EWALLET,COMPLETED
TRX-KLN-20251204-02468,2025-12-04 15:07:22,14000.0,CASH,COMPLETED
TRX-KLN-20251204-02469,2025-12-04 18:42:18,148500.0,CASH,COMPLETED
TRX-KLN-20251204-02470,2025-12-04 14:39:56,30000.0,QRIS,COMPLETED
TRX-KLN-20251204-02471,2025-12-04 18:50:35,16000.0,CASH,COMPLETED
TRX-KLN-20251204-02472,2025-12-04 18:02:59,16000.0,CASH,COMPLETED
TRX-KLN-20251204-02473,2025-12-04 19:21:00,56000.0,TRANSFER,COMPLETED
TRX-KLN-20251204-02474,2025-12-04 17:09:57,170500.0,EWALLET,COMPLETED
TRX-KLN-20251204-02475,2025-12-04 08:45:53,35000.0,TRANSFER,COMPLETED
TRX-KLN-20251204-02476,2025-12-04 08:30:50,47000.0,CASH,COMPLETED
TRX-KLN-20251204-02477,2025-12-04 17:39:31,30000.0,QRIS,COMPLETED
TRX-KLN-20251204-02478,2025-12-04 09:21:29,36100.0,CASH,COMPLETED
TRX-KLN-20251204-02479,2025-12-04 19:50:09,59000.0,CASH,COMPLETED
TRX-KLN-20251204-02480,2025-12-04 08:01:53,9000.0,CASH,COMPLETED
TRX-KLN-20251204-02481,2025-12-04 12:22:57,30500.0,TRANSFER,COMPLETED
TRX-KLN-20251204-02482,2025-12-04 20:35:31,24500.0,CASH,COMPLETED
TRX-KLN-20251204-02483,2025-12-04 15:01:37,192300.0,QRIS,COMPLETED
TRX-KLN-20251204-02484,2025-12-04 12:17:37,64500.0,CASH,COMPLETED
TRX-KLN-20251204-02485,2025-12-04 15:50:50,108700.0,CASH,COMPLETED
TRX-KLN-20251204-02486,2025-12-04 19:15:10,87500.0,CASH,COMPLETED
TRX-KLN-20251205-02487,2025-12-05 20:28:40,127500.0,QRIS,COMPLETED
TRX-KLN-20251205-02488,2025-12-05 13:57:41,9000.0,CASH,COMPLETED
TRX-KLN-20251205-02489,2025-12-05 19:40:48,132000.0,CASH,COMPLETED
TRX-KLN-20251205-02490,2025-12-05 18:03:15,44500.0,CASH,COMPLETED
TRX-KLN-20251205-02491,2025-12-05 20:29:39,16000.0,CASH,COMPLETED
TRX-KLN-20251205-02492,2025-12-05 10:52:41,7000.0,CASH,COMPLETED
TRX-KLN-20251205-02493,2025-12-05 14:24:32,12000.0,QRIS,COMPLETED
TRX-KLN-20251205-02494,2025-12-05 11:47:12,194000.0,QRIS,COMPLETED
TRX-KLN-20251205-02495,2025-12-05 07:47:20,54500.0,CASH,COMPLETED
TRX-KLN-20251205-02496,2025-12-05 13:39:52,16000.0,CASH,COMPLETED
TRX-KLN-20251205-02497,2025-12-05 08:37:39,37900.0,QRIS,COMPLETED
TRX-KLN-20251205-02498,2025-12-05 16:50:46,72100.0,CASH,COMPLETED
TRX-KLN-20251205-02499,2025-12-05 17:56:13,20000.0,CASH,COMPLETED
TRX-KLN-20251205-02500,2025-12-05 07:29:54,13500.0,CASH,COMPLETED
TRX-KLN-20251205-02501,2025-12-05 09:16:09,65000.0,CASH,COMPLETED
TRX-KLN-20251205-02502,2025-12-05 15:54:28,19000.0,CASH,COMPLETED
TRX-KLN-20251205-02503,2025-12-05 13:40:58,32000.0,QRIS,COMPLETED
TRX-KLN-20251205-02504,2025-12-05 08:27:36,88500.0,CASH,COMPLETED
TRX-KLN-20251206-02505,2025-12-06 18:46:38,164000.0,CASH,COMPLETED
TRX-KLN-20251206-02506,2025-12-06 15:29:32,7000.0,CASH,COMPLETED
TRX-KLN-20251206-02507,2025-12-06 21:56:42,33000.0,CASH,COMPLETED
TRX-KLN-20251206-02508,2025-12-06 09:10:59,161000.0,QRIS,COMPLETED
TRX-KLN-20251206-02509,2025-12-06 17:04:29,14000.0,EWALLET,COMPLETED
TRX-KLN-20251206-02510,2025-12-06 17:00:14,8000.0,CASH,COMPLETED
TRX-KLN-20251206-02511,2025-12-06 18:04:35,79000.0,QRIS,COMPLETED
TRX-KLN-20251206-02512,2025-12-06 10:47:11,21000.0,QRIS,COMPLETED
TRX-KLN-20251206-02513,2025-12-06 15:19:41,162500.0,QRIS,COMPLETED
TRX-KLN-20251206-02514,2025-12-06 21:31:34,8000.0,CASH,COMPLETED
TRX-KLN-20251206-02515,2025-12-06 10:40:30,64800.0,CASH,COMPLETED
TRX-KLN-20251206-02516,2025-12-06 10:09:31,28500.0,CASH,COMPLETED
TRX-KLN-20251206-02517,2025-12-06 16:14:52,12000.0,CASH,COMPLETED
TRX-KLN-20251206-02518,2025-12-06 12:26:25,3000.0,CASH,COMPLETED
TRX-KLN-20251206-02519,2025-12-06 11:30:21,3000.0,EWALLET,COMPLETED
TRX-KLN-20251206-02520,2025-12-06 07:07:04,120000.0,CASH,COMPLETED
TRX-KLN-20251206-02521,2025-12-06 17:14:26,7000.0,EWALLET,COMPLETED
TRX-KLN-20251206-02522,2025-12-06 15:48:51,98000.0,CASH,COMPLETED
TRX-KLN-20251206-02523,2025-12-06 09:48:39,14000.0,CASH,COMPLETED
TRX-KLN-20251206-02524,2025-12-06 07:27:05,32000.0,CASH,COMPLETED
TRX-KLN-20251206-02525,2025-12-06 20:09:28,1500.0,TRANSFER,COMPLETED
TRX-KLN-20251206-02526,2025-12-06 14:26:20,44000.0,CASH,COMPLETED
TRX-KLN-20251206-02527,2025-12-06 18:22:08,38000.0,QRIS,COMPLETED
TRX-KLN-20251206-02528,2025-12-06 18:12:26,7000.0,CASH,COMPLETED
TRX-KLN-20251207-02529,2025-12-07 14:09:03,36000.0,CASH,COMPLETED
TRX-KLN-20251207-02530,2025-12-07 16:59:35,15200.0,CASH,COMPLETED
TRX-KLN-20251207-02531,2025-12-07 08:59:19,120000.0,CASH,COMPLETED
TRX-KLN-20251207-02532,2025-12-07 17:55:02,45000.0,QRIS,COMPLETED
TRX-KLN-20251207-02533,2025-12-07 10:01:54,89000.0,TRANSFER,COMPLETED
TRX-KLN-20251207-02534,2025-12-07 12:18:45,31000.0,CASH,COMPLETED
TRX-KLN-20251207-02535,2025-12-07 09:27:32,30500.0,QRIS,COMPLETED
TRX-KLN-20251207-02536,2025-12-07 17:00:31,68000.0,CASH,COMPLETED
TRX-KLN-20251207-02537,2025-12-07 13:57:36,25000.0,CASH,COMPLETED
TRX-KLN-20251207-02538,2025-12-07 07:29:36,16000.0,QRIS,COMPLETED
TRX-KLN-20251207-02539,2025-12-07 10:44:09,21000.0,CASH,COMPLETED
TRX-KLN-20251207-02540,2025-12-07 19:03:19,41000.0,CASH,COMPLETED
TRX-KLN-20251207-02541,2025-12-07 21:57:54,53500.0,CASH,COMPLETED
TRX-KLN-20251207-02542,2025-12-07 11:45:14,11100.0,CASH,COMPLETED
TRX-KLN-20251207-02543,2025-12-07 14:32:35,86500.0,QRIS,COMPLETED
TRX-KLN-20251207-02544,2025-12-07 19:42:43,149000.0,EWALLET,COMPLETED
TRX-KLN-20251207-02545,2025-12-07 19:44:38,66500.0,QRIS,COMPLETED
TRX-KLN-20251207-02546,2025-12-07 18:33:38,6200.0,CASH,COMPLETED
TRX-KLN-20251207-02547,2025-12-07 12:43:25,21000.0,CASH,COMPLETED
TRX-KLN-20251207-02548,2025-12-07 12:13:41,148200.0,QRIS,COMPLETED
TRX-KLN-20251207-02549,2025-12-07 14:42:01,140000.0,CASH,COMPLETED
TRX-KLN-20251207-02550,2025-12-07 09:55:08,29000.0,CASH,COMPLETED
TRX-KLN-20251207-02551,2025-12-07 15:50:01,60000.0,CASH,COMPLETED
TRX-KLN-20251207-02552,2025-12-07 10:18:15,32000.0,CASH,COMPLETED
TRX-KLN-20251207-02553,2025-12-07 17:24:21,42000.0,CASH,COMPLETED
TRX-KLN-20251207-02554,2025-12-07 19:28:38,166500.0,QRIS,COMPLETED
TRX-KLN-20251207-02555,2025-12-07 15:40:52,42000.0,CASH,COMPLETED
TRX-KLN-20251208-02556,2025-12-08 08:24:54,37000.0,CASH,COMPLETED
TRX-KLN-20251208-02557,2025-12-08 09:10:26,4000.0,CASH,COMPLETED
TRX-KLN-20251208-02558,2025-12-08 09:38:18,21000.0,CASH,COMPLETED
TRX-KLN-20251208-02559,2025-12-08 17:38:46,12000.0,CASH,COMPLETED
TRX-KLN-20251208-02560,2025-12-08 10:35:57,155000.0,CASH,COMPLETED
TRX-KLN-20251208-02561,2025-12-08 15:28:11,39000.0,CASH,COMPLETED
TRX-KLN-20251208-02562,2025-12-08 18:56:45,18500.0,CASH,COMPLETED
TRX-KLN-20251208-02563,2025-12-08 09:23:25,76500.0,CASH,COMPLETED
TRX-KLN-20251208-02564,2025-12-08 17:04:14,21000.0,CASH,COMPLETED
TRX-KLN-20251208-02565,2025-12-08 12:44:48,53000.0,EWALLET,COMPLETED
TRX-KLN-20251208-02566,2025-12-08 16:27:51,17000.0,QRIS,COMPLETED
TRX-KLN-20251208-02567,2025-12-08 19:12:48,57500.0,CASH,COMPLETED
TRX-KLN-20251208-02568,2025-12-08 18:36:30,51000.0,CASH,COMPLETED
TRX-KLN-20251208-02569,2025-12-08 17:19:55,9500.0,CASH,COMPLETED
TRX-KLN-20251208-02570,2025-12-08 16:20:01,16000.0,QRIS,COMPLETED
TRX-KLN-20251208-02571,2025-12-08 21:52:34,16000.0,TRANSFER,COMPLETED
TRX-KLN-20251208-02572,2025-12-08 15:53:28,120000.0,CASH,COMPLETED
TRX-KLN-20251209-02573,2025-12-09 10:50:41,85000.0,TRANSFER,COMPLETED
TRX-KLN-20251209-02574,2025-12-09 13:58:07,173000.0,CASH,COMPLETED
TRX-KLN-20251209-02575,2025-12-09 09:23:35,14000.0,QRIS,COMPLETED
TRX-KLN-20251209-02576,2025-12-09 17:31:28,98500.0,CASH,COMPLETED
TRX-KLN-20251209-02577,2025-12-09 17:48:54,14000.0,QRIS,COMPLETED
TRX-KLN-20251209-02578,2025-12-09 14:26:49,164200.0,CASH,COMPLETED
TRX-KLN-20251209-02579,2025-12-09 09:02:02,108500.0,QRIS,COMPLETED
TRX-KLN-20251209-02580,2025-12-09 07:14:02,11000.0,CASH,COMPLETED
TRX-KLN-20251209-02581,2025-12-09 18:54:32,105000.0,CASH,COMPLETED
TRX-KLN-20251209-02582,2025-12-09 14:05:56,8000.0,QRIS,COMPLETED
TRX-KLN-20251209-02583,2025-12-09 14:07:49,38000.0,CASH,COMPLETED
TRX-KLN-20251209-02584,2025-12-09 16:03:22,7000.0,QRIS,COMPLETED
TRX-KLN-20251209-02585,2025-12-09 18:53:09,67000.0,CASH,COMPLETED
TRX-KLN-20251209-02586,2025-12-09 17:18:42,134500.0,CASH,COMPLETED
TRX-KLN-20251209-02587,2025-12-09 17:54:01,43500.0,CASH,COMPLETED
TRX-KLN-20251209-02588,2025-12-09 16:30:34,25000.0,TRANSFER,COMPLETED
TRX-KLN-20251209-02589,2025-12-09 13:15:31,17000.0,TRANSFER,COMPLETED
TRX-KLN-20251209-02590,2025-12-09 07:14:31,16000.0,CASH,COMPLETED
TRX-KLN-20251209-02591,2025-12-09 17:43:35,12500.0,QRIS,COMPLETED
TRX-KLN-20251209-02592,2025-12-09 09:13:57,36500.0,CASH,COMPLETED
TRX-KLN-20251209-02593,2025-12-09 19:24:00,43000.0,QRIS,COMPLETED
TRX-KLN-20251209-02594,2025-12-09 19:35:35,58000.0,CASH,COMPLETED
TRX-KLN-20251210-02595,2025-12-10 19:23:08,32000.0,CASH,COMPLETED
TRX-KLN-20251210-02596,2025-12-10 17:19:44,60300.0,QRIS,COMPLETED
TRX-KLN-20251210-02597,2025-12-10 17:10:34,45000.0,CASH,COMPLETED
TRX-KLN-20251210-02598,2025-12-10 08:12:38,26300.0,TRANSFER,COMPLETED
TRX-KLN-20251210-02599,2025-12-10 10:29:24,85000.0,CASH,COMPLETED
TRX-KLN-20251210-02600,2025-12-10 08:30:00,57000.0,CASH,COMPLETED
TRX-KLN-20251210-02601,2025-12-10 10:44:17,66300.0,QRIS,COMPLETED
TRX-KLN-20251210-02602,2025-12-10 11:47:43,128000.0,QRIS,COMPLETED
TRX-KLN-20251210-02603,2025-12-10 11:56:23,8000.0,TRANSFER,COMPLETED
TRX-KLN-20251210-02604,2025-12-10 19:52:02,82000.0,CASH,COMPLETED
TRX-KLN-20251210-02605,2025-12-10 13:13:38,9500.0,CASH,COMPLETED
TRX-KLN-20251210-02606,2025-12-10 19:55:48,26000.0,CASH,COMPLETED
TRX-KLN-20251210-02607,2025-12-10 19:27:28,14000.0,CASH,COMPLETED
TRX-KLN-20251210-02608,2025-12-10 18:31:56,3000.0,EWALLET,COMPLETED
TRX-KLN-20251210-02609,2025-12-10 17:22:06,68000.0,QRIS,COMPLETED
TRX-KLN-20251210-02610,2025-12-10 18:30:58,194000.0,CASH,COMPLETED
TRX-KLN-20251210-02611,2025-12-10 14:50:56,48500.0,CASH,COMPLETED
TRX-KLN-20251210-02612,2025-12-10 10:10:38,19000.0,CASH,COMPLETED
TRX-KLN-20251210-02613,2025-12-10 10:34:01,218500.0,QRIS,COMPLETED
TRX-KLN-20251211-02614,2025-12-11 07:43:18,6000.0,CASH,COMPLETED
TRX-KLN-20251211-02615,2025-12-11 10:22:41,55500.0,QRIS,COMPLETED
TRX-KLN-20251211-02616,2025-12-11 17:46:23,88000.0,CASH,COMPLETED
TRX-KLN-20251211-02617,2025-12-11 12:05:14,30000.0,CASH,COMPLETED
TRX-KLN-20251211-02618,2025-12-11 09:21:09,111500.0,TRANSFER,COMPLETED
TRX-KLN-20251211-02619,2025-12-11 17:15:16,12000.0,QRIS,COMPLETED
TRX-KLN-20251211-02620,2025-12-11 11:02:45,19000.0,CASH,COMPLETED
TRX-KLN-20251211-02621,2025-12-11 12:10:24,72000.0,QRIS,COMPLETED
TRX-KLN-20251211-02622,2025-12-11 12:37:18,7000.0,CASH,COMPLETED
TRX-KLN-20251211-02623,2025-12-11 14:19:54,12500.0,CASH,COMPLETED
TRX-KLN-20251211-02624,2025-12-11 08:28:33,23000.0,CASH,COMPLETED
TRX-KLN-20251211-02625,2025-12-11 21:10:35,64000.0,CASH,COMPLETED
TRX-KLN-20251211-02626,2025-12-11 13:01:56,38200.0,QRIS,COMPLETED
TRX-KLN-20251211-02627,2025-12-11 13:40:14,34500.0,QRIS,COMPLETED
TRX-KLN-20251211-02628,2025-12-11 17:30:18,4500.0,CASH,COMPLETED
TRX-KLN-20251211-02629,2025-12-11 17:21:55,14000.0,QRIS,COMPLETED
TRX-KLN-20251211-02630,2025-12-11 20:20:50,29000.0,QRIS,COMPLETED
TRX-KLN-20251211-02631,2025-12-11 20:53:23,69500.0,CASH,COMPLETED
TRX-KLN-20251211-02632,2025-12-11 09:48:24,26000.0,CASH,COMPLETED
TRX-KLN-20251211-02633,2025-12-11 15:16:30,4000.0,CASH,COMPLETED
TRX-KLN-20251211-02634,2025-12-11 07:26:47,79500.0,CASH,COMPLETED
TRX-KLN-20251212-02635,2025-12-12 17:48:21,82500.0,CASH,COMPLETED
TRX-KLN-20251212-02636,2025-12-12 17:22:13,100000.0,CASH,COMPLETED
TRX-KLN-20251212-02637,2025-12-12 11:08:56,48500.0,CASH,COMPLETED
TRX-KLN-20251212-02638,2025-12-12 16:59:02,27000.0,CASH,COMPLETED
TRX-KLN-20251212-02639,2025-12-12 09:04:34,32000.0,CASH,COMPLETED
TRX-KLN-20251212-02640,2025-12-12 08:30:32,5500.0,QRIS,COMPLETED
TRX-KLN-20251212-02641,2025-12-12 20:56:02,51500.0,CASH,COMPLETED
TRX-KLN-20251212-02642,2025-12-12 19:34:16,70000.0,CASH,COMPLETED
TRX-KLN-20251212-02643,2025-12-12 10:25:44,3100.0,CASH,COMPLETED
TRX-KLN-20251212-02644,2025-12-12 07:06:19,55500.0,CASH,COMPLETED
TRX-KLN-20251212-02645,2025-12-12 17:50:47,48000.0,CASH,COMPLETED
TRX-KLN-20251212-02646,2025-12-12 19:46:53,94500.0,CASH,COMPLETED
TRX-KLN-20251212-02647,2025-12-12 21:48:02,9000.0,TRANSFER,COMPLETED
TRX-KLN-20251212-02648,2025-12-12 18:31:26,8500.0,CASH,COMPLETED
TRX-KLN-20251212-02649,2025-12-12 09:58:35,53500.0,CASH,COMPLETED
TRX-KLN-20251212-02650,2025-12-12 17:14:27,6000.0,CASH,COMPLETED
TRX-KLN-20251212-02651,2025-12-12 16:20:44,3000.0,CASH,COMPLETED
TRX-KLN-20251212-02652,2025-12-12 19:48:21,80000.0,QRIS,COMPLETED
TRX-KLN-20251212-02653,2025-12-12 09:20:07,42000.0,QRIS,COMPLETED
TRX-KLN-20251212-02654,2025-12-12 16:58:35,32000.0,CASH,COMPLETED
TRX-KLN-20251213-02655,2025-12-13 16:42:51,16000.0,CASH,COMPLETED
TRX-KLN-20251213-02656,2025-12-13 11:25:14,70500.0,CASH,COMPLETED
TRX-KLN-20251213-02657,2025-12-13 07:37:52,21000.0,CASH,COMPLETED
TRX-KLN-20251213-02658,2025-12-13 17:50:08,22000.0,CASH,COMPLETED
TRX-KLN-20251213-02659,2025-12-13 08:57:48,55000.0,CASH,COMPLETED
TRX-KLN-20251213-02660,2025-12-13 09:43:43,14000.0,CASH,COMPLETED
TRX-KLN-20251213-02661,2025-12-13 16:58:04,42000.0,CASH,COMPLETED
TRX-KLN-20251213-02662,2025-12-13 09:55:06,4500.0,QRIS,COMPLETED
TRX-KLN-20251213-02663,2025-12-13 17:23:44,3000.0,CASH,COMPLETED
TRX-KLN-20251213-02664,2025-12-13 19:27:42,16000.0,CASH,COMPLETED
TRX-KLN-20251213-02665,2025-12-13 18:50:53,132500.0,CASH,COMPLETED
TRX-KLN-20251213-02666,2025-12-13 17:18:51,14000.0,QRIS,COMPLETED
TRX-KLN-20251213-02667,2025-12-13 12:42:34,113500.0,CASH,COMPLETED
TRX-KLN-20251213-02668,2025-12-13 18:53:43,103500.0,CASH,COMPLETED
TRX-KLN-20251213-02669,2025-12-13 12:36:25,33600.0,CASH,COMPLETED
TRX-KLN-20251213-02670,2025-12-13 15:32:36,7000.0,CASH,COMPLETED
TRX-KLN-20251213-02671,2025-12-13 12:43:01,31000.0,CASH,COMPLETED
TRX-KLN-20251213-02672,2025-12-13 12:24:26,167000.0,CASH,COMPLETED
TRX-KLN-20251213-02673,2025-12-13 16:42:22,89500.0,CASH,COMPLETED
TRX-KLN-20251213-02674,2025-12-13 11:37:22,8000.0,TRANSFER,COMPLETED
TRX-KLN-20251213-02675,2025-12-13 14:01:38,82000.0,CASH,COMPLETED
TRX-KLN-20251213-02676,2025-12-13 12:51:05,14000.0,CASH,COMPLETED
TRX-KLN-20251214-02677,2025-12-14 14:23:52,58000.0,CASH,COMPLETED
TRX-KLN-20251214-02678,2025-12-14 18:41:52,57000.0,CASH,COMPLETED
TRX-KLN-20251214-02679,2025-12-14 17:28:21,192500.0,CASH,COMPLETED
TRX-KLN-20251214-02680,2025-12-14 15:53:09,4000.0,CASH,COMPLETED
TRX-KLN-20251214-02681,2025-12-14 11:55:01,28000.0,QRIS,COMPLETED
TRX-KLN-20251214-02682,2025-12-14 18:21:58,136000.0,QRIS,COMPLETED
TRX-KLN-20251214-02683,2025-12-14 19:17:07,14000.0,CASH,COMPLETED
TRX-KLN-20251214-02684,2025-12-14 16:22:56,18500.0,QRIS,COMPLETED
TRX-KLN-20251214-02685,2025-12-14 12:16:26,19000.0,CASH,COMPLETED
TRX-KLN-20251214-02686,2025-12-14 10:06:18,63000.0,TRANSFER,COMPLETED
TRX-KLN-20251214-02687,2025-12-14 18:59:20,58000.0,CASH,COMPLETED
TRX-KLN-20251214-02688,2025-12-14 09:54:07,13500.0,CASH,COMPLETED
TRX-KLN-20251214-02689,2025-12-14 08:23:16,4500.0,TRANSFER,COMPLETED
TRX-KLN-20251214-02690,2025-12-14 07:01:26,4000.0,CASH,COMPLETED
TRX-KLN-20251214-02691,2025-12-14 17:00:19,81000.0,QRIS,COMPLETED
TRX-KLN-20251214-02692,2025-12-14 15:52:48,8000.0,CASH,COMPLETED
TRX-KLN-20251214-02693,2025-12-14 11:45:00,20000.0,CASH,COMPLETED
TRX-KLN-20251214-02694,2025-12-14 18:09:42,34500.0,QRIS,COMPLETED
TRX-KLN-20251214-02695,2025-12-14 18:13:33,1500.0,TRANSFER,COMPLETED
TRX-KLN-20251215-02696,2025-12-15 17:24:40,14500.0,TRANSFER,COMPLETED
TRX-KLN-20251215-02697,2025-12-15 17:15:30,132000.0,CASH,COMPLETED
TRX-KLN-20251215-02698,2025-12-15 09:07:28,11000.0,CASH,COMPLETED
TRX-KLN-20251215-02699,2025-12-15 09:14:33,60000.0,CASH,COMPLETED
TRX-KLN-20251215-02700,2025-12-15 18:31:04,60000.0,CASH,COMPLETED
TRX-KLN-20251215-02701,2025-12-15 13:06:20,120000.0,TRANSFER,COMPLETED
TRX-KLN-20251215-02702,2025-12-15 18:12:36,103500.0,QRIS,COMPLETED
TRX-KLN-20251215-02703,2025-12-15 12:00:38,81000.0,CASH,COMPLETED
TRX-KLN-20251215-02704,2025-12-15 10:23:59,15500.0,CASH,COMPLETED
TRX-KLN-20251215-02705,2025-12-15 18:17:41,63000.0,CASH,COMPLETED
TRX-KLN-20251215-02706,2025-12-15 08:10:01,42000.0,CASH,COMPLETED
TRX-KLN-20251215-02707,2025-12-15 09:24:02,45000.0,CASH,COMPLETED
TRX-KLN-20251215-02708,2025-12-15 07:45:56,110500.0,CASH,COMPLETED
TRX-KLN-20251215-02709,2025-12-15 14:08:04,16000.0,CASH,COMPLETED
TRX-KLN-20251215-02710,2025-12-15 16:24:43,77500.0,CASH,COMPLETED
TRX-KLN-20251215-02711,2025-12-15 18:25:57,21000.0,CASH,COMPLETED
TRX-KLN-20251215-02712,2025-12-15 18:53:14,60000.0,CASH,COMPLETED
TRX-KLN-20251215-02713,2025-12-15 19:11:55,3000.0,QRIS,COMPLETED
TRX-KLN-20251215-02714,2025-12-15 15:57:58,14000.0,QRIS,COMPLETED
TRX-KLN-20251215-02715,2025-12-15 10:29:27,42500.0,CASH,COMPLETED
TRX-KLN-20251216-02716,2025-12-16 11:56:18,69000.0,QRIS,COMPLETED
TRX-KLN-20251216-02717,2025-12-16 20:32:47,54200.0,CASH,COMPLETED
TRX-KLN-20251216-02718,2025-12-16 12:03:19,58000.0,CASH,COMPLETED
TRX-KLN-20251216-02719,2025-12-16 08:05:55,98000.0,CASH,COMPLETED
TRX-KLN-20251216-02720,2025-12-16 13:09:43,7000.0,CASH,COMPLETED
TRX-KLN-20251216-02721,2025-12-16 14:56:41,34000.0,CASH,COMPLETED
TRX-KLN-20251216-02722,2025-12-16 14:33:44,90000.0,CASH,COMPLETED
TRX-KLN-20251216-02723,2025-12-16 19:23:21,19000.0,QRIS,COMPLETED
TRX-KLN-20251216-02724,2025-12-16 14:02:12,36000.0,QRIS,COMPLETED
TRX-KLN-20251216-02725,2025-12-16 11:34:43,25000.0,CASH,COMPLETED
TRX-KLN-20251216-02726,2025-12-16 17:12:45,9300.0,CASH,COMPLETED
TRX-KLN-20251216-02727,2025-12-16 09:27:03,22100.0,CASH,COMPLETED
TRX-KLN-20251216-02728,2025-12-16 10:43:40,25000.0,QRIS,COMPLETED
TRX-KLN-20251216-02729,2025-12-16 15:51:33,90000.0,QRIS,COMPLETED
TRX-KLN-20251216-02730,2025-12-16 08:31:36,58000.0,CASH,COMPLETED
TRX-KLN-20251216-02731,2025-12-16 09:14:23,81000.0,CASH,COMPLETED
TRX-KLN-20251216-02732,2025-12-16 17:38:31,4500.0,CASH,COMPLETED
TRX-KLN-20251216-02733,2025-12-16 18:31:36,21000.0,CASH,COMPLETED
TRX-KLN-20251217-02734,2025-12-17 07:15:09,74000.0,CASH,COMPLETED
TRX-KLN-20251217-02735,2025-12-17 08:06:07,15000.0,CASH,COMPLETED
TRX-KLN-20251217-02736,2025-12-17 12:35:25,9100.0,QRIS,COMPLETED
TRX-KLN-20251217-02737,2025-12-17 11:42:53,86500.0,EWALLET,COMPLETED
TRX-KLN-20251217-02738,2025-12-17 17:29:06,28000.0,QRIS,COMPLETED
TRX-KLN-20251217-02739,2025-12-17 10:08:58,120000.0,CASH,COMPLETED
TRX-KLN-20251217-02740,2025-12-17 12:02:46,17000.0,CASH,COMPLETED
TRX-KLN-20251217-02741,2025-12-17 13:05:11,12000.0,CASH,COMPLETED
TRX-KLN-20251217-02742,2025-12-17 13:29:38,187500.0,CASH,COMPLETED
TRX-KLN-20251217-02743,2025-12-17 18:32:43,6000.0,CASH,COMPLETED
TRX-KLN-20251217-02744,2025-12-17 19:09:06,164500.0,CASH,COMPLETED
TRX-KLN-20251217-02745,2025-12-17 10:00:43,31000.0,CASH,COMPLETED
TRX-KLN-20251217-02746,2025-12-17 20:38:02,36000.0,CASH,COMPLETED
TRX-KLN-20251217-02747,2025-12-17 10:35:50,72000.0,CASH,COMPLETED
TRX-KLN-20251217-02748,2025-12-17 20:01:29,80000.0,CASH,COMPLETED
TRX-KLN-20251217-02749,2025-12-17 19:07:22,12500.0,QRIS,COMPLETED
TRX-KLN-20251217-02750,2025-12-17 09:46:09,16000.0,TRANSFER,COMPLETED
TRX-KLN-20251217-02751,2025-12-17 14:52:09,72000.0,CASH,COMPLETED
TRX-KLN-20251217-02752,2025-12-17 15:52:05,14000.0,QRIS,COMPLETED
TRX-KLN-20251218-02753,2025-12-18 20:07:40,16000.0,CASH,COMPLETED
TRX-KLN-20251218-02754,2025-12-18 07:57:15,12000.0,EWALLET,COMPLETED
TRX-KLN-20251218-02755,2025-12-18 19:22:14,136000.0,CASH,COMPLETED
TRX-KLN-20251218-02756,2025-12-18 13:16:31,12000.0,CASH,COMPLETED
TRX-KLN-20251218-02757,2025-12-18 19:06:58,54000.0,CASH,COMPLETED
TRX-KLN-20251218-02758,2025-12-18 08:51:27,14000.0,CASH,COMPLETED
TRX-KLN-20251218-02759,2025-12-18 18:52:02,41000.0,CASH,COMPLETED
TRX-KLN-20251218-02760,2025-12-18 12:50:40,34300.0,QRIS,COMPLETED
TRX-KLN-20251218-02761,2025-12-18 20:30:57,19100.0,QRIS,COMPLETED
TRX-KLN-20251218-02762,2025-12-18 11:41:17,16000.0,CASH,COMPLETED
TRX-KLN-20251218-02763,2025-12-18 08:39:57,67000.0,CASH,COMPLETED
TRX-KLN-20251218-02764,2025-12-18 14:34:18,44000.0,TRANSFER,COMPLETED
TRX-KLN-20251218-02765,2025-12-18 16:38:11,18500.0,CASH,COMPLETED
TRX-KLN-20251218-02766,2025-12-18 20:29:57,23500.0,CASH,COMPLETED
TRX-KLN-20251218-02767,2025-12-18 18:42:49,144000.0,CASH,COMPLETED
TRX-KLN-20251218-02768,2025-12-18 11:28:49,14000.0,CASH,COMPLETED
TRX-KLN-20251218-02769,2025-12-18 17:52:54,55000.0,TRANSFER,COMPLETED
TRX-KLN-20251218-02770,2025-12-18 14:19:58,46000.0,CASH,COMPLETED
TRX-KLN-20251218-02771,2025-12-18 16:22:23,81500.0,QRIS,COMPLETED
TRX-KLN-20251218-02772,2025-12-18 12:29:52,12000.0,EWALLET,COMPLETED
TRX-KLN-20251218-02773,2025-12-18 10:28:55,14000.0,QRIS,COMPLETED
TRX-KLN-20251219-02774,2025-12-19 18:04:11,64000.0,CASH,COMPLETED
TRX-KLN-20251219-02775,2025-12-19 16:44:30,46000.0,CASH,COMPLETED
TRX-KLN-20251219-02776,2025-12-19 19:03:04,33500.0,QRIS,COMPLETED
TRX-KLN-20251219-02777,2025-12-19 08:16:39,54000.0,QRIS,COMPLETED
TRX-KLN-20251219-02778,2025-12-19 14:50:47,35000.0,CASH,COMPLETED
TRX-KLN-20251219-02779,2025-12-19 11:57:27,22000.0,CASH,COMPLETED
TRX-KLN-20251219-02780,2025-12-19 18:59:30,16000.0,CASH,COMPLETED
TRX-KLN-20251219-02781,2025-12-19 16:54:27,22000.0,CASH,COMPLETED
TRX-KLN-20251219-02782,2025-12-19 14:24:31,5500.0,CASH,COMPLETED
TRX-KLN-20251219-02783,2025-12-19 10:24:25,33000.0,TRANSFER,COMPLETED
TRX-KLN-20251219-02784,2025-12-19 19:30:31,43000.0,CASH,COMPLETED
TRX-KLN-20251219-02785,2025-12-19 17:50:18,62000.0,TRANSFER,COMPLETED
TRX-KLN-20251219-02786,2025-12-19 11:07:11,81000.0,EWALLET,COMPLETED
TRX-KLN-20251219-02787,2025-12-19 07:52:33,8000.0,CASH,COMPLETED
TRX-KLN-20251219-02788,2025-12-19 18:10:44,68000.0,QRIS,COMPLETED
TRX-KLN-20251219-02789,2025-12-19 19:16:08,85500.0,CASH,COMPLETED
TRX-KLN-20251220-02790,2025-12-20 08:57:45,60000.0,CASH,COMPLETED
TRX-KLN-20251220-02791,2025-12-20 17:10:05,9000.0,CASH,COMPLETED
TRX-KLN-20251220-02792,2025-12-20 11:28:23,18000.0,QRIS,COMPLETED
TRX-KLN-20251220-02793,2025-12-20 09:40:14,60000.0,QRIS,COMPLETED
TRX-KLN-20251220-02794,2025-12-20 10:10:49,45000.0,CASH,COMPLETED
TRX-KLN-20251220-02795,2025-12-20 16:18:17,57500.0,CASH,COMPLETED
TRX-KLN-20251220-02796,2025-12-20 14:44:55,201500.0,QRIS,COMPLETED
TRX-KLN-20251220-02797,2025-12-20 18:04:12,44500.0,CASH,COMPLETED
TRX-KLN-20251220-02798,2025-12-20 17:05:41,12000.0,CASH,COMPLETED
TRX-KLN-20251220-02799,2025-12-20 14:08:18,137000.0,CASH,COMPLETED
TRX-KLN-20251220-02800,2025-12-20 18:08:39,18500.0,CASH,COMPLETED
TRX-KLN-20251220-02801,2025-12-20 13:46:26,43900.0,CASH,COMPLETED
TRX-KLN-20251220-02802,2025-12-20 16:50:25,28000.0,CASH,COMPLETED
TRX-KLN-20251220-02803,2025-12-20 17:02:16,6000.0,CASH,COMPLETED
TRX-KLN-20251220-02804,2025-12-20 11:52:17,41000.0,CASH,COMPLETED
TRX-KLN-20251220-02805,2025-12-20 15:09:24,105000.0,CASH,COMPLETED
TRX-KLN-20251220-02806,2025-12-20 17:56:52,28000.0,CASH,COMPLETED
TRX-KLN-20251220-02807,2025-12-20 21:49:18,141500.0,CASH,COMPLETED
TRX-KLN-20251220-02808,2025-12-20 19:51:21,178000.0,QRIS,COMPLETED
TRX-KLN-20251221-02809,2025-12-21 17:40:02,58500.0,CASH,COMPLETED
TRX-KLN-20251221-02810,2025-12-21 10:44:18,12500.0,CASH,COMPLETED
TRX-KLN-20251221-02811,2025-12-21 16:18:58,150000.0,CASH,COMPLETED
TRX-KLN-20251221-02812,2025-12-21 15:18:25,14000.0,CASH,COMPLETED
TRX-KLN-20251221-02813,2025-12-21 13:25:43,19000.0,CASH,COMPLETED
TRX-KLN-20251221-02814,2025-12-21 19:17:15,12500.0,CASH,COMPLETED
TRX-KLN-20251221-02815,2025-12-21 08:27:07,4000.0,CASH,COMPLETED
TRX-KLN-20251221-02816,2025-12-21 13:07:27,75000.0,EWALLET,COMPLETED
TRX-KLN-20251221-02817,2025-12-21 16:09:46,14000.0,CASH,COMPLETED
TRX-KLN-20251221-02818,2025-12-21 19:09:34,14000.0,TRANSFER,COMPLETED
TRX-KLN-20251221-02819,2025-12-21 16:40:33,45500.0,CASH,COMPLETED
TRX-KLN-20251221-02820,2025-12-21 15:02:18,73000.0,QRIS,COMPLETED
TRX-KLN-20251221-02821,2025-12-21 13:47:25,136000.0,CASH,COMPLETED
TRX-KLN-20251221-02822,2025-12-21 15:00:50,85100.0,CASH,COMPLETED
TRX-KLN-20251221-02823,2025-12-21 16:30:06,76500.0,CASH,COMPLETED
TRX-KLN-20251221-02824,2025-12-21 17:42:59,16000.0,CASH,COMPLETED
TRX-KLN-20251221-02825,2025-12-21 08:15:53,7000.0,CASH,COMPLETED
TRX-KLN-20251221-02826,2025-12-21 12:55:39,85500.0,QRIS,COMPLETED
TRX-KLN-20251221-02827,2025-12-21 13:35:29,21000.0,CASH,COMPLETED
TRX-KLN-20251221-02828,2025-12-21 12:49:48,23500.0,CASH,COMPLETED
TRX-KLN-20251221-02829,2025-12-21 12:30:30,224000.0,CASH,COMPLETED
TRX-KLN-20251221-02830,2025-12-21 14:21:29,4000.0,QRIS,COMPLETED
TRX-KLN-20251221-02831,2025-12-21 07:45:05,149000.0,QRIS,COMPLETED
TRX-KLN-20251221-02832,2025-12-21 07:57:09,3000.0,CASH,COMPLETED
TRX-KLN-20251222-02833,2025-12-22 18:22:43,179000.0,TRANSFER,COMPLETED
TRX-KLN-20251222-02834,2025-12-22 19:01:41,31000.0,CASH,COMPLETED
TRX-KLN-20251222-02835,2025-12-22 09:53:31,58000.0,CASH,COMPLETED
TRX-KLN-20251222-02836,2025-12-22 16:56:30,69000.0,QRIS,COMPLETED
TRX-KLN-20251222-02837,2025-12-22 17:17:18,3000.0,QRIS,COMPLETED
TRX-KLN-20251222-02838,2025-12-22 11:29:35,163000.0,CASH,COMPLETED
TRX-KLN-20251222-02839,2025-12-22 09:15:06,55500.0,EWALLET,COMPLETED
TRX-KLN-20251222-02840,2025-12-22 08:50:48,48000.0,CASH,COMPLETED
TRX-KLN-20251222-02841,2025-12-22 18:50:12,134000.0,CASH,COMPLETED
TRX-KLN-20251222-02842,2025-12-22 19:13:52,88500.0,QRIS,COMPLETED
TRX-KLN-20251222-02843,2025-12-22 15:58:02,16000.0,CASH,COMPLETED
TRX-KLN-20251222-02844,2025-12-22 17:49:52,28000.0,CASH,COMPLETED
TRX-KLN-20251222-02845,2025-12-22 09:19:32,63500.0,CASH,COMPLETED
TRX-KLN-20251222-02846,2025-12-22 16:34:56,76500.0,CASH,COMPLETED
TRX-KLN-20251222-02847,2025-12-22 20:31:14,45000.0,EWALLET,COMPLETED
TRX-KLN-20251222-02848,2025-12-22 15:08:55,20500.0,CASH,COMPLETED
TRX-KLN-20251222-02849,2025-12-22 11:52:04,124000.0,CASH,COMPLETED
TRX-KLN-20251222-02850,2025-12-22 10:17:53,39000.0,CASH,COMPLETED
TRX-KLN-20251222-02851,2025-12-22 12:33:07,29000.0,CASH,COMPLETED
TRX-KLN-20251222-02852,2025-12-22 13:25:58,3000.0,TRANSFER,COMPLETED
TRX-KLN-20251222-02853,2025-12-22 08:57:01,63000.0,CASH,COMPLETED
TRX-KLN-20251222-02854,2025-12-22 20:31:40,12500.0,CASH,COMPLETED
TRX-KLN-20251223-02855,2025-12-23 11:56:49,42000.0,CASH,COMPLETED
TRX-KLN-20251223-02856,2025-12-23 19:55:31,40500.0,QRIS,COMPLETED
TRX-KLN-20251223-02857,2025-12-23 10:30:41,21000.0,CASH,COMPLETED
TRX-KLN-20251223-02858,2025-12-23 09:23:34,26500.0,QRIS,COMPLETED
TRX-KLN-20251223-02859,2025-12-23 16:24:18,22000.0,QRIS,COMPLETED
TRX-KLN-20251223-02860,2025-12-23 20:19:09,69000.0,QRIS,COMPLETED
TRX-KLN-20251223-02861,2025-12-23 15:14:07,6200.0,TRANSFER,COMPLETED
TRX-KLN-20251223-02862,2025-12-23 16:28:35,12400.0,CASH,COMPLETED
TRX-KLN-20251223-02863,2025-12-23 17:07:36,49500.0,CASH,COMPLETED
TRX-KLN-20251223-02864,2025-12-23 14:14:52,12000.0,CASH,COMPLETED
TRX-KLN-20251223-02865,2025-12-23 13:48:25,4000.0,CASH,COMPLETED
TRX-KLN-20251223-02866,2025-12-23 12:12:02,6000.0,CASH,COMPLETED
TRX-KLN-20251223-02867,2025-12-23 21:08:32,33000.0,CASH,COMPLETED
TRX-KLN-20251223-02868,2025-12-23 08:08:20,90000.0,CASH,COMPLETED
TRX-KLN-20251223-02869,2025-12-23 18:44:12,11500.0,TRANSFER,COMPLETED
TRX-KLN-20251223-02870,2025-12-23 10:09:49,12000.0,CASH,COMPLETED
TRX-KLN-20251223-02871,2025-12-23 16:29:43,17000.0,CASH,COMPLETED
TRX-KLN-20251223-02872,2025-12-23 20:15:54,29500.0,EWALLET,COMPLETED
TRX-KLN-20251223-02873,2025-12-23 19:38:36,103500.0,CASH,COMPLETED
TRX-KLN-20251223-02874,2025-12-23 13:09:30,15100.0,CASH,COMPLETED
TRX-KLN-20251223-02875,2025-12-23 09:56:18,9500.0,CASH,COMPLETED
TRX-KLN-20251223-02876,2025-12-23 19:46:05,70000.0,QRIS,COMPLETED
TRX-KLN-20251224-02877,2025-12-24 19:14:23,12000.0,TRANSFER,COMPLETED
TRX-KLN-20251224-02878,2025-12-24 10:19:56,25000.0,QRIS,COMPLETED
TRX-KLN-20251224-02879,2025-12-24 08:26:21,8000.0,CASH,COMPLETED
TRX-KLN-20251224-02880,2025-12-24 17:41:30,30000.0,QRIS,COMPLETED
TRX-KLN-20251224-02881,2025-12-24 16:29:36,66200.0,CASH,COMPLETED
TRX-KLN-20251224-02882,2025-12-24 17:17:53,90500.0,CASH,COMPLETED
TRX-KLN-20251224-02883,2025-12-24 12:37:36,159500.0,CASH,COMPLETED
TRX-KLN-20251224-02884,2025-12-24 07:09:59,54300.0,CASH,COMPLETED
TRX-KLN-20251224-02885,2025-12-24 12:29:29,36200.0,CASH,COMPLETED
TRX-KLN-20251224-02886,2025-12-24 11:35:50,163000.0,CASH,COMPLETED
TRX-KLN-20251224-02887,2025-12-24 18:15:46,6000.0,CASH,COMPLETED
TRX-KLN-20251224-02888,2025-12-24 18:19:52,62000.0,QRIS,COMPLETED
TRX-KLN-20251224-02889,2025-12-24 19:32:13,28000.0,CASH,COMPLETED
TRX-KLN-20251224-02890,2025-12-24 17:12:05,25200.0,CASH,COMPLETED
TRX-KLN-20251224-02891,2025-12-24 18:05:37,43000.0,CASH,COMPLETED
TRX-KLN-20251224-02892,2025-12-24 08:10:42,7000.0,CASH,COMPLETED
TRX-KLN-20251224-02893,2025-12-24 10:58:41,9000.0,CASH,COMPLETED
TRX-KLN-20251225-02894,2025-12-25 09:23:37,69000.0,CASH,COMPLETED
TRX-KLN-20251225-02895,2025-12-25 14:51:24,129300.0,CASH,COMPLETED
TRX-KLN-20251225-02896,2025-12-25 11:55:30,28000.0,CASH,COMPLETED
TRX-KLN-20251225-02897,2025-12-25 16:23:22,98500.0,QRIS,COMPLETED
TRX-KLN-20251225-02898,2025-12-25 10:23:04,76000.0,CASH,COMPLETED
TRX-KLN-20251225-02899,2025-12-25 07:03:01,38000.0,CASH,COMPLETED
TRX-KLN-20251225-02900,2025-12-25 18:07:28,19000.0,CASH,COMPLETED
TRX-KLN-20251225-02901,2025-12-25 16:07:13,87000.0,QRIS,COMPLETED
TRX-KLN-20251225-02902,2025-12-25 11:50:18,23000.0,CASH,COMPLETED
TRX-KLN-20251225-02903,2025-12-25 07:35:51,18500.0,CASH,COMPLETED
TRX-KLN-20251225-02904,2025-12-25 18:13:09,80000.0,EWALLET,COMPLETED
TRX-KLN-20251225-02905,2025-12-25 19:26:10,56000.0,QRIS,COMPLETED
TRX-KLN-20251226-02906,2025-12-26 07:11:31,68000.0,CASH,COMPLETED
TRX-KLN-20251226-02907,2025-12-26 19:40:14,63000.0,QRIS,COMPLETED
TRX-KLN-20251226-02908,2025-12-26 17:45:29,14000.0,CASH,COMPLETED
TRX-KLN-20251226-02909,2025-12-26 17:01:26,21000.0,QRIS,COMPLETED
TRX-KLN-20251226-02910,2025-12-26 09:04:51,4000.0,CASH,COMPLETED
TRX-KLN-20251226-02911,2025-12-26 17:30:41,57000.0,QRIS,COMPLETED
TRX-KLN-20251226-02912,2025-12-26 21:22:44,25500.0,EWALLET,COMPLETED
TRX-KLN-20251226-02913,2025-12-26 07:33:25,53500.0,QRIS,COMPLETED
TRX-KLN-20251226-02914,2025-12-26 17:29:12,120000.0,EWALLET,COMPLETED
TRX-KLN-20251226-02915,2025-12-26 16:09:41,89000.0,CASH,COMPLETED
TRX-KLN-20251226-02916,2025-12-26 18:54:30,240500.0,CASH,COMPLETED
TRX-KLN-20251226-02917,2025-12-26 08:08:08,47000.0,CASH,COMPLETED
TRX-KLN-20251226-02918,2025-12-26 11:10:37,52500.0,TRANSFER,COMPLETED
TRX-KLN-20251226-02919,2025-12-26 18:34:46,18500.0,QRIS,COMPLETED
TRX-KLN-20251226-02920,2025-12-26 11:00:28,33000.0,CASH,COMPLETED
TRX-KLN-20251226-02921,2025-12-26 12:34:19,4000.0,CASH,COMPLETED
TRX-KLN-20251226-02922,2025-12-26 18:50:40,83000.0,CASH,COMPLETED
TRX-KLN-20251226-02923,2025-12-26 15:03:15,12500.0,EWALLET,COMPLETED
TRX-KLN-20251226-02924,2025-12-26 11:56:36,34500.0,TRANSFER,COMPLETED
TRX-KLN-20251226-02925,2025-12-26 20:34:57,62000.0,CASH,COMPLETED
TRX-KLN-20251226-02926,2025-12-26 19:52:22,4000.0,TRANSFER,COMPLETED
TRX-KLN-20251226-02927,2025-12-26 16:46:59,29000.0,CASH,COMPLETED
TRX-KLN-20251226-02928,2025-12-26 17:10:21,29000.0,QRIS,COMPLETED
TRX-KLN-20251226-02929,2025-12-26 12:04:10,31000.0,CASH,COMPLETED
TRX-KLN-20251226-02930,2025-12-26 12:07:50,4000.0,CASH,COMPLETED
TRX-KLN-20251227-02931,2025-12-27 13:31:28,36000.0,CASH,COMPLETED
TRX-KLN-20251227-02932,2025-12-27 09:52:39,32000.0,CASH,COMPLETED
TRX-KLN-20251227-02933,2025-12-27 14:35:13,72000.0,TRANSFER,COMPLETED
TRX-KLN-20251227-02934,2025-12-27 14:59:54,136000.0,TRANSFER,COMPLETED
TRX-KLN-20251227-02935,2025-12-27 14:44:08,52000.0,QRIS,COMPLETED
TRX-KLN-20251227-02936,2025-12-27 11:58:47,17500.0,CASH,COMPLETED
TRX-KLN-20251227-02937,2025-12-27 12:28:33,7000.0,CASH,COMPLETED
TRX-KLN-20251227-02938,2025-12-27 08:07:26,48000.0,CASH,COMPLETED
TRX-KLN-20251227-02939,2025-12-27 09:30:14,38500.0,EWALLET,COMPLETED
TRX-KLN-20251227-02940,2025-12-27 09:44:03,12000.0,EWALLET,COMPLETED
TRX-KLN-20251227-02941,2025-12-27 15:49:17,7000.0,CASH,COMPLETED
TRX-KLN-20251227-02942,2025-12-27 08:40:11,47500.0,CASH,COMPLETED
TRX-KLN-20251227-02943,2025-12-27 18:50:43,85000.0,EWALLET,COMPLETED
TRX-KLN-20251227-02944,2025-12-27 14:54:27,151000.0,CASH,COMPLETED
TRX-KLN-20251227-02945,2025-12-27 08:12:43,14000.0,CASH,COMPLETED
TRX-KLN-20251227-02946,2025-12-27 16:09:39,6200.0,QRIS,COMPLETED
TRX-KLN-20251227-02947,2025-12-27 14:22:56,59300.0,CASH,COMPLETED
TRX-KLN-20251227-02948,2025-12-27 10:37:20,136000.0,QRIS,COMPLETED
TRX-KLN-20251227-02949,2025-12-27 16:16:42,88000.0,TRANSFER,COMPLETED
TRX-KLN-20251227-02950,2025-12-27 12:24:21,45000.0,QRIS,COMPLETED
TRX-KLN-20251227-02951,2025-12-27 19:09:11,46500.0,TRANSFER,COMPLETED
TRX-KLN-20251227-02952,2025-12-27 17:01:02,100000.0,CASH,COMPLETED
TRX-KLN-20251227-02953,2025-12-27 17:49:18,21500.0,CASH,COMPLETED
TRX-KLN-20251227-02954,2025-12-27 12:55:00,18000.0,CASH,COMPLETED
TRX-KLN-20251227-02955,2025-12-27 19:13:54,17000.0,CASH,COMPLETED
TRX-KLN-20251227-02956,2025-12-27 18:48:17,16000.0,TRANSFER,COMPLETED
TRX-KLN-20251227-02957,2025-12-27 18:14:15,29000.0,CASH,COMPLETED
TRX-KLN-20251228-02958,2025-12-28 12:01:38,58000.0,CASH,COMPLETED
TRX-KLN-20251228-02959,2025-12-28 13:33:03,83500.0,CASH,COMPLETED
TRX-KLN-20251228-02960,2025-12-28 10:14:48,15000.0,CASH,COMPLETED
TRX-KLN-20251228-02961,2025-12-28 18:00:11,61400.0,QRIS,COMPLETED
TRX-KLN-20251228-02962,2025-12-28 08:40:41,76500.0,CASH,COMPLETED
TRX-KLN-20251228-02963,2025-12-28 11:55:50,136000.0,CASH,COMPLETED
TRX-KLN-20251228-02964,2025-12-28 17:51:57,14200.0,CASH,COMPLETED
TRX-KLN-20251228-02965,2025-12-28 18:20:29,33000.0,CASH,COMPLETED
TRX-KLN-20251228-02966,2025-12-28 13:23:55,81400.0,CASH,COMPLETED
TRX-KLN-20251228-02967,2025-12-28 08:13:24,103500.0,CASH,COMPLETED
TRX-KLN-20251228-02968,2025-12-28 11:43:51,10200.0,CASH,COMPLETED
TRX-KLN-20251228-02969,2025-12-28 12:02:12,3000.0,CASH,COMPLETED
TRX-KLN-20251228-02970,2025-12-28 17:20:41,125000.0,QRIS,COMPLETED
TRX-KLN-20251228-02971,2025-12-28 18:21:12,236000.0,QRIS,COMPLETED
TRX-KLN-20251228-02972,2025-12-28 21:04:42,3100.0,CASH,COMPLETED
TRX-KLN-20251228-02973,2025-12-28 08:14:39,14000.0,QRIS,COMPLETED
TRX-KLN-20251228-02974,2025-12-28 16:22:27,21000.0,CASH,COMPLETED
TRX-KLN-20251228-02975,2025-12-28 17:11:50,136000.0,CASH,COMPLETED
TRX-KLN-20251229-02976,2025-12-29 08:05:18,69000.0,CASH,COMPLETED
TRX-KLN-20251229-02977,2025-12-29 11:02:00,5500.0,CASH,COMPLETED
TRX-KLN-20251229-02978,2025-12-29 14:06:48,125000.0,QRIS,COMPLETED
TRX-KLN-20251229-02979,2025-12-29 16:30:51,6200.0,QRIS,COMPLETED
TRX-KLN-20251229-02980,2025-12-29 08:00:50,94500.0,CASH,COMPLETED
TRX-KLN-20251229-02981,2025-12-29 09:04:14,52500.0,CASH,COMPLETED
TRX-KLN-20251229-02982,2025-12-29 12:09:44,74000.0,CASH,COMPLETED
TRX-KLN-20251229-02983,2025-12-29 17:13:23,60500.0,CASH,COMPLETED
TRX-KLN-20251229-02984,2025-12-29 07:28:41,164500.0,QRIS,COMPLETED
TRX-KLN-20251229-02985,2025-12-29 07:18:16,11000.0,CASH,COMPLETED
TRX-KLN-20251229-02986,2025-12-29 18:11:27,29200.0,QRIS,COMPLETED
TRX-KLN-20251229-02987,2025-12-29 17:19:38,67000.0,CASH,COMPLETED
TRX-KLN-20251229-02988,2025-12-29 15:03:51,7000.0,TRANSFER,COMPLETED
TRX-KLN-20251229-02989,2025-12-29 10:09:50,58500.0,CASH,COMPLETED
TRX-KLN-20251229-02990,2025-12-29 10:58:21,16000.0,QRIS,COMPLETED
TRX-KLN-20251229-02991,2025-12-29 16:04:53,49000.0,QRIS,COMPLETED
TRX-KLN-20251229-02992,2025-12-29 17:53:06,53500.0,CASH,COMPLETED
TRX-KLN-20251229-02993,2025-12-29 09:19:30,57000.0,CASH,COMPLETED
TRX-KLN-20251230-02994,2025-12-30 10:00:52,120000.0,CASH,COMPLETED
TRX-KLN-20251230-02995,2025-12-30 17:29:45,131000.0,CASH,COMPLETED
TRX-KLN-20251230-02996,2025-12-30 09:46:20,3100.0,CASH,COMPLETED
TRX-KLN-20251230-02997,2025-12-30 19:34:31,69000.0,CASH,COMPLETED
TRX-KLN-20251230-02998,2025-12-30 20:17:52,38000.0,CASH,COMPLETED
TRX-KLN-20251230-02999,2025-12-30 14:48:32,42000.0,CASH,COMPLETED
TRX-KLN-20251230-03000,2025-12-30 18:06:09,51000.0,CASH,COMPLETED
TRX-KLN-20251230-03001,2025-12-30 17:10:05,55500.0,CASH,COMPLETED
TRX-KLN-20251230-03002,2025-12-30 09:51:18,24500.0,QRIS,COMPLETED
TRX-KLN-20251230-03003,2025-12-30 09:39:52,100900.0,CASH,COMPLETED
TRX-KLN-20251230-03004,2025-12-30 11:40:46,51000.0,CASH,COMPLETED
TRX-KLN-20251230-03005,2025-12-30 21:50:37,45500.0,CASH,COMPLETED
TRX-KLN-20251230-03006,2025-12-30 17:07:51,60000.0,CASH,COMPLETED
TRX-KLN-20251230-03007,2025-12-30 14:13:22,27000.0,CASH,COMPLETED
TRX-KLN-20251230-03008,2025-12-30 10:07:18,4000.0,CASH,COMPLETED
TRX-KLN-20251230-03009,2025-12-30 12:10:10,51000.0,CASH,COMPLETED
TRX-KLN-20251230-03010,2025-12-30 19:23:38,71500.0,CASH,COMPLETED
TRX-KLN-20251230-03011,2025-12-30 18:30:51,111500.0,CASH,COMPLETED
TRX-KLN-20251230-03012,2025-12-30 13:10:38,58000.0,TRANSFER,COMPLETED
TRX-KLN-20251230-03013,2025-12-30 17:26:21,44200.0,QRIS,COMPLETED
TRX-KLN-20251230-03014,2025-12-30 14:29:40,140500.0,CASH,COMPLETED
TRX-KLN-20251230-03015,2025-12-30 08:26:41,22000.0,CASH,COMPLETED
TRX-KLN-20251231-03016,2025-12-31 11:52:51,80500.0,CASH,COMPLETED
TRX-KLN-20251231-03017,2025-12-31 19:01:33,128000.0,CASH,COMPLETED
TRX-KLN-20251231-03018,2025-12-31 19:24:31,34800.0,CASH,COMPLETED
TRX-KLN-20251231-03019,2025-12-31 19:45:06,148400.0,EWALLET,COMPLETED
TRX-KLN-20251231-03020,2025-12-31 17:45:14,98500.0,QRIS,COMPLETED
TRX-KLN-20251231-03021,2025-12-31 19:36:12,113000.0,CASH,COMPLETED
TRX-KLN-20251231-03022,2025-12-31 18:37:54,16000.0,CASH,COMPLETED
TRX-KLN-20251231-03023,2025-12-31 12:40:16,62600.0,CASH,COMPLETED
TRX-KLN-20251231-03024,2025-12-31 10:38:16,9000.0,CASH,COMPLETED
TRX-KLN-20251231-03025,2025-12-31 20:51:22,25000.0,QRIS,COMPLETED
TRX-KLN-20251231-03026,2025-12-31 21:34:51,97000.0,CASH,COMPLETED
TRX-KLN-20251231-03027,2025-12-31 20:11:19,68500.0,CASH,COMPLETED
TRX-KLN-20251231-03028,2025-12-31 09:07:14,6200.0,CASH,COMPLETED
TRX-KLN-20251231-03029,2025-12-31 20:36:23,4000.0,CASH,COMPLETED
TRX-KLN-20251231-03030,2025-12-31 15:37:40,24000.0,QRIS,COMPLETED
TRX-KLN-20251231-03031,2025-12-31 18:15:16,72000.0,CASH,COMPLETED
TRX-KLN-20251231-03032,2025-12-31 15:20:54,45000.0,CASH,COMPLETED
TRX-KLN-20251231-03033,2025-12-31 15:56:31,8500.0,QRIS,COMPLETED
TRX-KLN-20260101-03034,2026-01-01 18:42:12,14000.0,EWALLET,COMPLETED
TRX-KLN-20260101-03035,2026-01-01 18:00:33,27500.0,CASH,COMPLETED
TRX-KLN-20260101-03036,2026-01-01 09:40:17,7000.0,CASH,COMPLETED
TRX-KLN-20260101-03037,2026-01-01 16:09:27,80000.0,CASH,COMPLETED
TRX-KLN-20260101-03038,2026-01-01 12:20:37,1500.0,QRIS,COMPLETED
TRX-KLN-20260101-03039,2026-01-01 12:08:51,30500.0,CASH,COMPLETED
TRX-KLN-20260101-03040,2026-01-01 10:36:34,85500.0,CASH,COMPLETED
TRX-KLN-20260101-03041,2026-01-01 19:50:35,89500.0,EWALLET,COMPLETED
TRX-KLN-20260101-03042,2026-01-01 12:50:24,135500.0,EWALLET,COMPLETED
TRX-KLN-20260101-03043,2026-01-01 12:44:58,63000.0,EWALLET,COMPLETED
TRX-KLN-20260101-03044,2026-01-01 21:50:19,6000.0,EWALLET,COMPLETED
TRX-KLN-20260101-03045,2026-01-01 20:48:22,111500.0,TRANSFER,COMPLETED
TRX-KLN-20260101-03046,2026-01-01 18:08:00,14000.0,TRANSFER,COMPLETED
TRX-KLN-20260102-03047,2026-01-02 14:19:25,67000.0,TRANSFER,COMPLETED
TRX-KLN-20260102-03048,2026-01-02 10:34:05,4000.0,CASH,COMPLETED
TRX-KLN-20260102-03049,2026-01-02 10:32:08,65000.0,CASH,COMPLETED
TRX-KLN-20260102-03050,2026-01-02 16:13:11,6000.0,EWALLET,COMPLETED
TRX-KLN-20260102-03051,2026-01-02 11:52:34,28000.0,CASH,COMPLETED
TRX-KLN-20260102-03052,2026-01-02 20:18:12,84500.0,CASH,COMPLETED
TRX-KLN-20260102-03053,2026-01-02 21:36:02,26000.0,CASH,COMPLETED
TRX-KLN-20260102-03054,2026-01-02 16:51:18,167500.0,CASH,COMPLETED
TRX-KLN-20260102-03055,2026-01-02 14:49:13,41500.0,CASH,COMPLETED
TRX-KLN-20260102-03056,2026-01-02 09:07:18,189000.0,CASH,COMPLETED
TRX-KLN-20260102-03057,2026-01-02 21:26:44,92500.0,TRANSFER,COMPLETED
TRX-KLN-20260102-03058,2026-01-02 18:10:01,142000.0,CASH,COMPLETED
TRX-KLN-20260102-03059,2026-01-02 18:41:37,16000.0,QRIS,COMPLETED
TRX-KLN-20260102-03060,2026-01-02 18:42:29,19000.0,QRIS,COMPLETED
TRX-KLN-20260102-03061,2026-01-02 15:40:08,28500.0,QRIS,COMPLETED
TRX-KLN-20260102-03062,2026-01-02 07:56:00,69300.0,CASH,COMPLETED
TRX-KLN-20260102-03063,2026-01-02 16:55:55,59000.0,CASH,COMPLETED
TRX-KLN-20260102-03064,2026-01-02 08:20:24,45000.0,TRANSFER,COMPLETED
TRX-KLN-20260102-03065,2026-01-02 07:01:48,67000.0,CASH,COMPLETED
TRX-KLN-20260102-03066,2026-01-02 21:36:51,9300.0,CASH,COMPLETED
TRX-KLN-20260103-03067,2026-01-03 18:10:55,18200.0,CASH,COMPLETED
TRX-KLN-20260103-03068,2026-01-03 18:52:26,68000.0,CASH,COMPLETED
TRX-KLN-20260103-03069,2026-01-03 18:16:00,9500.0,CASH,COMPLETED
TRX-KLN-20260103-03070,2026-01-03 11:03:18,16000.0,CASH,COMPLETED
TRX-KLN-20260103-03071,2026-01-03 14:15:04,38000.0,QRIS,COMPLETED
TRX-KLN-20260103-03072,2026-01-03 07:35:50,31000.0,CASH,COMPLETED
TRX-KLN-20260103-03073,2026-01-03 19:19:55,44000.0,TRANSFER,COMPLETED
TRX-KLN-20260103-03074,2026-01-03 16:36:05,56000.0,CASH,COMPLETED
TRX-KLN-20260103-03075,2026-01-03 10:11:03,16000.0,QRIS,COMPLETED
TRX-KLN-20260103-03076,2026-01-03 16:55:54,85000.0,CASH,COMPLETED
TRX-KLN-20260103-03077,2026-01-03 19:30:49,15000.0,QRIS,COMPLETED
TRX-KLN-20260103-03078,2026-01-03 11:12:48,42000.0,CASH,COMPLETED
TRX-KLN-20260103-03079,2026-01-03 19:12:48,37000.0,CASH,COMPLETED
TRX-KLN-20260103-03080,2026-01-03 08:43:17,32000.0,CASH,COMPLETED
TRX-KLN-20260103-03081,2026-01-03 14:29:50,15300.0,CASH,COMPLETED
TRX-KLN-20260103-03082,2026-01-03 07:31:50,85500.0,CASH,COMPLETED
TRX-KLN-20260103-03083,2026-01-03 14:38:20,14000.0,CASH,COMPLETED
TRX-KLN-20260103-03084,2026-01-03 19:05:36,16000.0,CASH,COMPLETED
TRX-KLN-20260103-03085,2026-01-03 19:15:53,75500.0,CASH,COMPLETED
TRX-KLN-20260103-03086,2026-01-03 10:46:09,70000.0,QRIS,COMPLETED
TRX-KLN-20260103-03087,2026-01-03 12:39:44,21500.0,CASH,COMPLETED
TRX-KLN-20260103-03088,2026-01-03 10:45:40,92500.0,CASH,COMPLETED
TRX-KLN-20260103-03089,2026-01-03 19:57:00,17000.0,TRANSFER,COMPLETED
TRX-KLN-20260103-03090,2026-01-03 17:38:35,40500.0,CASH,COMPLETED
TRX-KLN-20260103-03091,2026-01-03 13:11:53,55000.0,CASH,COMPLETED
TRX-KLN-20260103-03092,2026-01-03 15:46:22,219500.0,CASH,COMPLETED
TRX-KLN-20260103-03093,2026-01-03 16:01:54,120500.0,CASH,COMPLETED
TRX-KLN-20260103-03094,2026-01-03 09:35:53,12500.0,CASH,COMPLETED
TRX-KLN-20260103-03095,2026-01-03 14:14:31,44500.0,CASH,COMPLETED
TRX-KLN-20260103-03096,2026-01-03 14:35:29,38000.0,CASH,COMPLETED
TRX-KLN-20260103-03097,2026-01-03 08:13:17,126200.0,CASH,COMPLETED
TRX-KLN-20260103-03098,2026-01-03 08:42:09,60400.0,CASH,COMPLETED
TRX-KLN-20260103-03099,2026-01-03 19:38:43,1500.0,QRIS,COMPLETED
TRX-KLN-20260104-03100,2026-01-04 08:31:10,48000.0,CASH,COMPLETED
TRX-KLN-20260104-03101,2026-01-04 19:13:24,16000.0,CASH,COMPLETED
TRX-KLN-20260104-03102,2026-01-04 19:09:57,26500.0,CASH,COMPLETED
TRX-KLN-20260104-03103,2026-01-04 16:52:14,50000.0,CASH,COMPLETED
TRX-KLN-20260104-03104,2026-01-04 16:31:34,42000.0,CASH,COMPLETED
TRX-KLN-20260104-03105,2026-01-04 15:35:50,21000.0,TRANSFER,COMPLETED
TRX-KLN-20260104-03106,2026-01-04 19:49:39,44000.0,CASH,COMPLETED
TRX-KLN-20260104-03107,2026-01-04 16:42:52,16500.0,CASH,COMPLETED
TRX-KLN-20260104-03108,2026-01-04 08:49:10,31000.0,CASH,COMPLETED
TRX-KLN-20260104-03109,2026-01-04 08:05:48,17000.0,CASH,COMPLETED
TRX-KLN-20260104-03110,2026-01-04 17:49:55,19000.0,CASH,COMPLETED
TRX-KLN-20260104-03111,2026-01-04 07:13:38,9000.0,CASH,COMPLETED
TRX-KLN-20260104-03112,2026-01-04 09:55:13,18500.0,CASH,COMPLETED
TRX-KLN-20260104-03113,2026-01-04 09:54:36,9000.0,CASH,COMPLETED
TRX-KLN-20260104-03114,2026-01-04 20:29:35,71000.0,CASH,COMPLETED
TRX-KLN-20260104-03115,2026-01-04 16:20:09,41000.0,QRIS,COMPLETED
TRX-KLN-20260104-03116,2026-01-04 12:10:28,76400.0,QRIS,COMPLETED
TRX-KLN-20260104-03117,2026-01-04 17:19:10,18000.0,CASH,COMPLETED
TRX-KLN-20260104-03118,2026-01-04 20:33:01,25000.0,CASH,COMPLETED
TRX-KLN-20260104-03119,2026-01-04 12:21:15,9500.0,CASH,COMPLETED
TRX-KLN-20260104-03120,2026-01-04 17:13:13,52000.0,QRIS,COMPLETED
TRX-KLN-20260104-03121,2026-01-04 16:32:15,12400.0,CASH,COMPLETED
TRX-KLN-20260104-03122,2026-01-04 21:17:51,14000.0,CASH,COMPLETED
TRX-KLN-20260104-03123,2026-01-04 08:28:28,104000.0,TRANSFER,COMPLETED
TRX-KLN-20260104-03124,2026-01-04 16:32:05,129500.0,CASH,COMPLETED
TRX-KLN-20260104-03125,2026-01-04 16:36:02,30000.0,CASH,COMPLETED
TRX-KLN-20260104-03126,2026-01-04 10:36:14,31500.0,CASH,COMPLETED
TRX-KLN-20260105-03127,2026-01-05 17:12:41,26500.0,CASH,COMPLETED
TRX-KLN-20260105-03128,2026-01-05 15:27:18,74500.0,CASH,COMPLETED
TRX-KLN-20260105-03129,2026-01-05 11:06:46,23000.0,QRIS,COMPLETED
TRX-KLN-20260105-03130,2026-01-05 19:11:55,44500.0,QRIS,COMPLETED
TRX-KLN-20260105-03131,2026-01-05 17:08:17,115000.0,EWALLET,COMPLETED
TRX-KLN-20260105-03132,2026-01-05 12:18:37,37400.0,CASH,COMPLETED
TRX-KLN-20260105-03133,2026-01-05 16:14:58,62000.0,EWALLET,COMPLETED
TRX-KLN-20260105-03134,2026-01-05 15:55:43,37500.0,QRIS,COMPLETED
TRX-KLN-20260105-03135,2026-01-05 19:25:17,12000.0,CASH,COMPLETED
TRX-KLN-20260105-03136,2026-01-05 07:53:09,60000.0,EWALLET,COMPLETED
TRX-KLN-20260105-03137,2026-01-05 09:37:01,50000.0,CASH,COMPLETED
TRX-KLN-20260105-03138,2026-01-05 19:37:11,21500.0,CASH,COMPLETED
TRX-KLN-20260105-03139,2026-01-05 19:30:02,62000.0,CASH,COMPLETED
TRX-KLN-20260105-03140,2026-01-05 21:49:58,8000.0,CASH,COMPLETED
TRX-KLN-20260105-03141,2026-01-05 14:15:24,29500.0,EWALLET,COMPLETED
TRX-KLN-20260105-03142,2026-01-05 18:09:00,47000.0,CASH,COMPLETED
TRX-KLN-20260105-03143,2026-01-05 19:30:41,42000.0,CASH,COMPLETED
TRX-KLN-20260105-03144,2026-01-05 10:17:28,78000.0,CASH,COMPLETED
TRX-KLN-20260105-03145,2026-01-05 08:27:31,9500.0,QRIS,COMPLETED
TRX-KLN-20260105-03146,2026-01-05 18:33:43,4000.0,QRIS,COMPLETED
TRX-KLN-20260105-03147,2026-01-05 09:55:29,136000.0,CASH,COMPLETED
TRX-KLN-20260105-03148,2026-01-05 12:00:37,74000.0,EWALLET,COMPLETED
TRX-KLN-20260106-03149,2026-01-06 10:52:43,98000.0,CASH,COMPLETED
TRX-KLN-20260106-03150,2026-01-06 18:57:53,18500.0,TRANSFER,COMPLETED
TRX-KLN-20260106-03151,2026-01-06 17:07:08,16000.0,EWALLET,COMPLETED
TRX-KLN-20260106-03152,2026-01-06 16:05:06,17000.0,CASH,COMPLETED
TRX-KLN-20260106-03153,2026-01-06 13:52:37,76000.0,TRANSFER,COMPLETED
TRX-KLN-20260106-03154,2026-01-06 14:39:03,19000.0,CASH,COMPLETED
TRX-KLN-20260106-03155,2026-01-06 18:24:54,111000.0,CASH,COMPLETED
TRX-KLN-20260106-03156,2026-01-06 10:49:02,7000.0,CASH,COMPLETED
TRX-KLN-20260106-03157,2026-01-06 16:35:57,19000.0,CASH,COMPLETED
TRX-KLN-20260106-03158,2026-01-06 07:50:45,82000.0,EWALLET,COMPLETED
TRX-KLN-20260106-03159,2026-01-06 19:29:52,19500.0,CASH,COMPLETED
TRX-KLN-20260106-03160,2026-01-06 15:49:39,143500.0,CASH,COMPLETED
TRX-KLN-20260106-03161,2026-01-06 08:45:02,17000.0,QRIS,COMPLETED
TRX-KLN-20260106-03162,2026-01-06 11:54:33,16500.0,CASH,COMPLETED
TRX-KLN-20260106-03163,2026-01-06 16:15:08,68400.0,TRANSFER,COMPLETED
TRX-KLN-20260107-03164,2026-01-07 16:01:31,19000.0,CASH,COMPLETED
TRX-KLN-20260107-03165,2026-01-07 19:43:01,29000.0,CASH,COMPLETED
TRX-KLN-20260107-03166,2026-01-07 14:07:36,76500.0,QRIS,COMPLETED
TRX-KLN-20260107-03167,2026-01-07 19:16:05,109000.0,QRIS,COMPLETED
TRX-KLN-20260107-03168,2026-01-07 21:36:09,10000.0,CASH,COMPLETED
TRX-KLN-20260107-03169,2026-01-07 21:47:03,62500.0,QRIS,COMPLETED
TRX-KLN-20260107-03170,2026-01-07 17:25:27,28500.0,CASH,COMPLETED
TRX-KLN-20260107-03171,2026-01-07 11:42:22,120000.0,CASH,COMPLETED
TRX-KLN-20260107-03172,2026-01-07 20:06:09,100400.0,CASH,COMPLETED
TRX-KLN-20260107-03173,2026-01-07 18:08:45,120000.0,CASH,COMPLETED
TRX-KLN-20260107-03174,2026-01-07 14:24:59,98500.0,CASH,COMPLETED
TRX-KLN-20260107-03175,2026-01-07 14:05:06,133500.0,QRIS,COMPLETED
TRX-KLN-20260108-03176,2026-01-08 10:20:53,123600.0,QRIS,COMPLETED
TRX-KLN-20260108-03177,2026-01-08 16:14:54,152000.0,CASH,COMPLETED
TRX-KLN-20260108-03178,2026-01-08 20:59:35,168000.0,EWALLET,COMPLETED
TRX-KLN-20260108-03179,2026-01-08 20:37:21,6200.0,CASH,COMPLETED
TRX-KLN-20260108-03180,2026-01-08 14:08:52,87000.0,CASH,COMPLETED
TRX-KLN-20260108-03181,2026-01-08 18:21:05,16000.0,CASH,COMPLETED
TRX-KLN-20260108-03182,2026-01-08 16:18:35,25000.0,CASH,COMPLETED
TRX-KLN-20260108-03183,2026-01-08 13:38:45,44000.0,CASH,COMPLETED
TRX-KLN-20260108-03184,2026-01-08 17:59:10,101000.0,CASH,COMPLETED
TRX-KLN-20260108-03185,2026-01-08 15:26:50,18000.0,CASH,COMPLETED
TRX-KLN-20260108-03186,2026-01-08 14:14:53,25500.0,CASH,COMPLETED
TRX-KLN-20260108-03187,2026-01-08 20:25:43,42000.0,CASH,COMPLETED
TRX-KLN-20260108-03188,2026-01-08 13:00:33,30000.0,CASH,COMPLETED
TRX-KLN-20260108-03189,2026-01-08 07:24:33,144000.0,CASH,COMPLETED
TRX-KLN-20260108-03190,2026-01-08 08:20:02,73000.0,CASH,COMPLETED
TRX-KLN-20260108-03191,2026-01-08 12:16:04,42000.0,CASH,COMPLETED
TRX-KLN-20260108-03192,2026-01-08 16:16:25,14000.0,QRIS,COMPLETED
TRX-KLN-20260108-03193,2026-01-08 10:55:27,11000.0,EWALLET,COMPLETED
TRX-KLN-20260108-03194,2026-01-08 07:50:13,13000.0,CASH,COMPLETED
TRX-KLN-20260108-03195,2026-01-08 12:32:03,9500.0,CASH,COMPLETED
TRX-KLN-20260109-03196,2026-01-09 15:25:00,15500.0,CASH,COMPLETED
TRX-KLN-20260109-03197,2026-01-09 08:09:07,17500.0,CASH,COMPLETED
TRX-KLN-20260109-03198,2026-01-09 12:19:55,31000.0,CASH,COMPLETED
TRX-KLN-20260109-03199,2026-01-09 17:28:44,8000.0,CASH,COMPLETED
TRX-KLN-20260109-03200,2026-01-09 18:25:16,85000.0,CASH,COMPLETED
TRX-KLN-20260109-03201,2026-01-09 19:06:21,97500.0,CASH,COMPLETED
TRX-KLN-20260109-03202,2026-01-09 18:05:25,174000.0,CASH,COMPLETED
TRX-KLN-20260109-03203,2026-01-09 10:55:42,8000.0,CASH,COMPLETED
TRX-KLN-20260109-03204,2026-01-09 17:12:26,9000.0,CASH,COMPLETED
TRX-KLN-20260109-03205,2026-01-09 09:29:32,4500.0,QRIS,COMPLETED
TRX-KLN-20260109-03206,2026-01-09 09:36:51,32500.0,CASH,COMPLETED
TRX-KLN-20260109-03207,2026-01-09 19:48:15,7000.0,EWALLET,COMPLETED
TRX-KLN-20260109-03208,2026-01-09 08:21:45,19000.0,CASH,COMPLETED
TRX-KLN-20260109-03209,2026-01-09 16:09:01,34500.0,CASH,COMPLETED
TRX-KLN-20260109-03210,2026-01-09 19:52:04,7000.0,CASH,COMPLETED
TRX-KLN-20260109-03211,2026-01-09 18:41:08,18000.0,CASH,COMPLETED
TRX-KLN-20260109-03212,2026-01-09 13:22:20,39000.0,CASH,COMPLETED
TRX-KLN-20260109-03213,2026-01-09 10:54:06,1500.0,CASH,COMPLETED
TRX-KLN-20260109-03214,2026-01-09 18:39:49,58000.0,CASH,COMPLETED
TRX-KLN-20260109-03215,2026-01-09 07:18:00,8000.0,TRANSFER,COMPLETED
TRX-KLN-20260110-03216,2026-01-10 14:59:43,14000.0,CASH,COMPLETED
TRX-KLN-20260110-03217,2026-01-10 10:51:20,5500.0,EWALLET,COMPLETED
TRX-KLN-20260110-03218,2026-01-10 18:36:14,37500.0,CASH,COMPLETED
TRX-KLN-20260110-03219,2026-01-10 11:34:10,16400.0,QRIS,COMPLETED
TRX-KLN-20260110-03220,2026-01-10 12:37:45,44500.0,CASH,COMPLETED
TRX-KLN-20260110-03221,2026-01-10 19:35:32,46500.0,EWALLET,COMPLETED
TRX-KLN-20260110-03222,2026-01-10 21:02:55,14000.0,CASH,COMPLETED
TRX-KLN-20260110-03223,2026-01-10 14:36:00,9300.0,QRIS,COMPLETED
TRX-KLN-20260110-03224,2026-01-10 08:32:06,30000.0,CASH,COMPLETED
TRX-KLN-20260110-03225,2026-01-10 11:31:04,6000.0,QRIS,COMPLETED
TRX-KLN-20260110-03226,2026-01-10 10:25:21,51000.0,CASH,COMPLETED
TRX-KLN-20260110-03227,2026-01-10 09:39:36,12000.0,CASH,COMPLETED
TRX-KLN-20260110-03228,2026-01-10 16:34:57,21000.0,CASH,COMPLETED
TRX-KLN-20260110-03229,2026-01-10 11:29:09,64000.0,EWALLET,COMPLETED
TRX-KLN-20260110-03230,2026-01-10 08:35:46,10000.0,CASH,COMPLETED
TRX-KLN-20260110-03231,2026-01-10 13:54:14,142000.0,CASH,COMPLETED
TRX-KLN-20260110-03232,2026-01-10 16:34:25,28000.0,EWALLET,COMPLETED
TRX-KLN-20260110-03233,2026-01-10 07:16:57,126500.0,CASH,COMPLETED
TRX-KLN-20260110-03234,2026-01-10 21:17:21,33500.0,CASH,COMPLETED
TRX-KLN-20260110-03235,2026-01-10 16:06:39,38000.0,CASH,COMPLETED
TRX-KLN-20260110-03236,2026-01-10 14:57:42,7000.0,QRIS,COMPLETED
TRX-KLN-20260110-03237,2026-01-10 17:31:31,14000.0,TRANSFER,COMPLETED
TRX-KLN-20260110-03238,2026-01-10 14:02:08,141500.0,TRANSFER,COMPLETED
TRX-KLN-20260110-03239,2026-01-10 18:06:53,3000.0,CASH,COMPLETED
TRX-KLN-20260110-03240,2026-01-10 09:40:45,87100.0,CASH,COMPLETED
TRX-KLN-20260110-03241,2026-01-10 16:33:11,18500.0,QRIS,COMPLETED
TRX-KLN-20260111-03242,2026-01-11 17:04:07,8000.0,CASH,COMPLETED
TRX-KLN-20260111-03243,2026-01-11 10:42:17,6000.0,CASH,COMPLETED
TRX-KLN-20260111-03244,2026-01-11 17:12:16,35000.0,CASH,COMPLETED
TRX-KLN-20260111-03245,2026-01-11 18:15:23,15500.0,TRANSFER,COMPLETED
TRX-KLN-20260111-03246,2026-01-11 13:03:01,9500.0,CASH,COMPLETED
TRX-KLN-20260111-03247,2026-01-11 13:06:25,32000.0,CASH,COMPLETED
TRX-KLN-20260111-03248,2026-01-11 15:08:49,127000.0,CASH,COMPLETED
TRX-KLN-20260111-03249,2026-01-11 19:17:03,200500.0,TRANSFER,COMPLETED
TRX-KLN-20260111-03250,2026-01-11 14:56:46,4000.0,QRIS,COMPLETED
TRX-KLN-20260111-03251,2026-01-11 16:53:18,16000.0,CASH,COMPLETED
TRX-KLN-20260111-03252,2026-01-11 12:07:27,21800.0,CASH,COMPLETED
TRX-KLN-20260111-03253,2026-01-11 07:11:32,119000.0,CASH,COMPLETED
TRX-KLN-20260111-03254,2026-01-11 13:55:24,19000.0,QRIS,COMPLETED
TRX-KLN-20260111-03255,2026-01-11 07:18:06,60000.0,CASH,COMPLETED
TRX-KLN-20260111-03256,2026-01-11 10:37:04,16000.0,QRIS,COMPLETED
TRX-KLN-20260111-03257,2026-01-11 19:53:47,45000.0,CASH,COMPLETED
TRX-KLN-20260111-03258,2026-01-11 15:12:38,76500.0,CASH,COMPLETED
TRX-KLN-20260111-03259,2026-01-11 09:45:28,154500.0,QRIS,COMPLETED
TRX-KLN-20260111-03260,2026-01-11 11:30:41,174000.0,CASH,COMPLETED
TRX-KLN-20260112-03261,2026-01-12 17:00:54,69000.0,CASH,COMPLETED
TRX-KLN-20260112-03262,2026-01-12 12:28:20,232000.0,CASH,COMPLETED
TRX-KLN-20260112-03263,2026-01-12 09:15:26,16000.0,CASH,COMPLETED
TRX-KLN-20260112-03264,2026-01-12 08:53:00,30000.0,CASH,COMPLETED
TRX-KLN-20260112-03265,2026-01-12 16:21:59,19000.0,CASH,COMPLETED
TRX-KLN-20260112-03266,2026-01-12 10:58:06,58000.0,CASH,COMPLETED
TRX-KLN-20260112-03267,2026-01-12 18:11:21,145500.0,CASH,COMPLETED
TRX-KLN-20260112-03268,2026-01-12 09:33:44,27000.0,CASH,COMPLETED
TRX-KLN-20260112-03269,2026-01-12 15:53:40,22200.0,CASH,COMPLETED
TRX-KLN-20260112-03270,2026-01-12 21:49:25,32000.0,TRANSFER,COMPLETED
TRX-KLN-20260112-03271,2026-01-12 17:27:40,41000.0,CASH,COMPLETED
TRX-KLN-20260112-03272,2026-01-12 08:01:58,72000.0,CASH,COMPLETED
TRX-KLN-20260112-03273,2026-01-12 13:17:33,126000.0,CASH,COMPLETED
TRX-KLN-20260112-03274,2026-01-12 18:37:48,51000.0,CASH,COMPLETED
TRX-KLN-20260112-03275,2026-01-12 17:59:14,5500.0,CASH,COMPLETED
TRX-KLN-20260112-03276,2026-01-12 09:56:05,67000.0,TRANSFER,COMPLETED
TRX-KLN-20260112-03277,2026-01-12 19:58:49,4000.0,CASH,COMPLETED
TRX-KLN-20260112-03278,2026-01-12 18:03:03,14000.0,CASH,COMPLETED
TRX-KLN-20260112-03279,2026-01-12 15:18:22,30000.0,TRANSFER,COMPLETED
TRX-KLN-20260112-03280,2026-01-12 12:26:57,17000.0,CASH,COMPLETED
TRX-KLN-20260112-03281,2026-01-12 10:40:47,25500.0,QRIS,COMPLETED
TRX-KLN-20260112-03282,2026-01-12 09:15:10,52000.0,CASH,COMPLETED
TRX-KLN-20260113-03283,2026-01-13 18:47:54,16000.0,CASH,COMPLETED
TRX-KLN-20260113-03284,2026-01-13 19:04:46,144500.0,QRIS,COMPLETED
TRX-KLN-20260113-03285,2026-01-13 16:11:53,12000.0,CASH,COMPLETED
TRX-KLN-20260113-03286,2026-01-13 08:24:04,14000.0,QRIS,COMPLETED
TRX-KLN-20260113-03287,2026-01-13 19:48:22,25500.0,CASH,COMPLETED
TRX-KLN-20260113-03288,2026-01-13 18:44:03,32000.0,CASH,COMPLETED
TRX-KLN-20260113-03289,2026-01-13 07:44:36,136000.0,CASH,COMPLETED
TRX-KLN-20260113-03290,2026-01-13 10:31:34,13000.0,CASH,COMPLETED
TRX-KLN-20260113-03291,2026-01-13 10:29:47,159000.0,CASH,COMPLETED
TRX-KLN-20260113-03292,2026-01-13 11:45:01,32000.0,CASH,COMPLETED
TRX-KLN-20260113-03293,2026-01-13 17:10:42,86000.0,CASH,COMPLETED
TRX-KLN-20260113-03294,2026-01-13 08:30:40,40000.0,CASH,COMPLETED
TRX-KLN-20260113-03295,2026-01-13 16:34:22,52000.0,CASH,COMPLETED
TRX-KLN-20260113-03296,2026-01-13 13:10:17,6000.0,CASH,COMPLETED
TRX-KLN-20260113-03297,2026-01-13 17:50:01,51000.0,EWALLET,COMPLETED
TRX-KLN-20260113-03298,2026-01-13 09:45:50,35000.0,CASH,COMPLETED
TRX-KLN-20260114-03299,2026-01-14 17:58:02,63000.0,CASH,COMPLETED
TRX-KLN-20260114-03300,2026-01-14 20:04:02,9300.0,CASH,COMPLETED
TRX-KLN-20260114-03301,2026-01-14 12:49:06,12000.0,CASH,COMPLETED
TRX-KLN-20260114-03302,2026-01-14 19:39:53,35000.0,QRIS,COMPLETED
TRX-KLN-20260114-03303,2026-01-14 12:46:02,21500.0,CASH,COMPLETED
TRX-KLN-20260114-03304,2026-01-14 16:40:45,117500.0,CASH,COMPLETED
TRX-KLN-20260114-03305,2026-01-14 09:58:48,131000.0,CASH,COMPLETED
TRX-KLN-20260114-03306,2026-01-14 08:13:54,69000.0,CASH,COMPLETED
TRX-KLN-20260114-03307,2026-01-14 15:16:11,44000.0,QRIS,COMPLETED
TRX-KLN-20260114-03308,2026-01-14 08:13:12,140500.0,CASH,COMPLETED
TRX-KLN-20260114-03309,2026-01-14 17:26:36,21000.0,CASH,COMPLETED
TRX-KLN-20260114-03310,2026-01-14 15:25:49,157000.0,CASH,COMPLETED
TRX-KLN-20260114-03311,2026-01-14 08:59:22,26000.0,CASH,COMPLETED
TRX-KLN-20260114-03312,2026-01-14 18:22:05,165000.0,QRIS,COMPLETED
TRX-KLN-20260115-03313,2026-01-15 09:57:53,116000.0,CASH,COMPLETED
TRX-KLN-20260115-03314,2026-01-15 21:32:32,21000.0,CASH,COMPLETED
TRX-KLN-20260115-03315,2026-01-15 20:00:11,19500.0,QRIS,COMPLETED
TRX-KLN-20260115-03316,2026-01-15 09:41:49,158000.0,TRANSFER,COMPLETED
TRX-KLN-20260115-03317,2026-01-15 17:52:18,16000.0,QRIS,COMPLETED
TRX-KLN-20260115-03318,2026-01-15 10:23:25,66000.0,QRIS,COMPLETED
TRX-KLN-20260115-03319,2026-01-15 09:41:35,19000.0,CASH,COMPLETED
TRX-KLN-20260115-03320,2026-01-15 16:58:37,44000.0,CASH,COMPLETED
TRX-KLN-20260115-03321,2026-01-15 07:53:43,15000.0,CASH,COMPLETED
TRX-KLN-20260115-03322,2026-01-15 12:15:43,18200.0,CASH,COMPLETED
TRX-KLN-20260115-03323,2026-01-15 17:44:44,82000.0,CASH,COMPLETED
TRX-KLN-20260115-03324,2026-01-15 16:16:07,49000.0,CASH,COMPLETED
TRX-KLN-20260115-03325,2026-01-15 14:19:53,31000.0,QRIS,COMPLETED
TRX-KLN-20260115-03326,2026-01-15 18:41:43,46900.0,CASH,COMPLETED
TRX-KLN-20260115-03327,2026-01-15 07:18:54,72000.0,QRIS,COMPLETED
TRX-KLN-20260115-03328,2026-01-15 12:14:30,136000.0,CASH,COMPLETED
TRX-KLN-20260115-03329,2026-01-15 07:40:08,3000.0,CASH,COMPLETED
TRX-KLN-20260115-03330,2026-01-15 07:03:56,26500.0,CASH,COMPLETED
TRX-KLN-20260115-03331,2026-01-15 21:50:24,7000.0,QRIS,COMPLETED
TRX-KLN-20260115-03332,2026-01-15 16:15:10,134000.0,CASH,COMPLETED
TRX-KLN-20260116-03333,2026-01-16 16:30:37,26000.0,CASH,COMPLETED
TRX-KLN-20260116-03334,2026-01-16 18:02:05,47500.0,QRIS,COMPLETED
TRX-KLN-20260116-03335,2026-01-16 14:30:38,29000.0,CASH,COMPLETED
TRX-KLN-20260116-03336,2026-01-16 10:58:03,29000.0,CASH,COMPLETED
TRX-KLN-20260116-03337,2026-01-16 08:07:49,80500.0,TRANSFER,COMPLETED
TRX-KLN-20260116-03338,2026-01-16 16:54:47,32000.0,EWALLET,COMPLETED
TRX-KLN-20260116-03339,2026-01-16 13:11:03,34500.0,CASH,COMPLETED
TRX-KLN-20260116-03340,2026-01-16 16:59:26,50000.0,QRIS,COMPLETED
TRX-KLN-20260116-03341,2026-01-16 10:44:09,16000.0,CASH,COMPLETED
TRX-KLN-20260116-03342,2026-01-16 09:17:51,7000.0,CASH,COMPLETED
TRX-KLN-20260116-03343,2026-01-16 16:51:06,34500.0,CASH,COMPLETED
TRX-KLN-20260116-03344,2026-01-16 21:16:39,7000.0,CASH,COMPLETED
TRX-KLN-20260116-03345,2026-01-16 12:14:27,30000.0,CASH,COMPLETED
TRX-KLN-20260116-03346,2026-01-16 21:05:50,42000.0,QRIS,COMPLETED
TRX-KLN-20260116-03347,2026-01-16 11:36:16,18500.0,CASH,COMPLETED
TRX-KLN-20260116-03348,2026-01-16 13:41:25,63000.0,CASH,COMPLETED
TRX-KLN-20260116-03349,2026-01-16 11:50:56,25000.0,CASH,COMPLETED
TRX-KLN-20260116-03350,2026-01-16 18:01:11,45000.0,CASH,COMPLETED
TRX-KLN-20260116-03351,2026-01-16 11:00:03,45000.0,QRIS,COMPLETED
TRX-KLN-20260117-03352,2026-01-17 09:01:54,28000.0,QRIS,COMPLETED
TRX-KLN-20260117-03353,2026-01-17 07:31:46,34500.0,CASH,COMPLETED
TRX-KLN-20260117-03354,2026-01-17 09:05:37,72000.0,CASH,COMPLETED
TRX-KLN-20260117-03355,2026-01-17 14:32:57,96000.0,TRANSFER,COMPLETED
TRX-KLN-20260117-03356,2026-01-17 17:31:20,68000.0,CASH,COMPLETED
TRX-KLN-20260117-03357,2026-01-17 12:42:22,74500.0,TRANSFER,COMPLETED
TRX-KLN-20260117-03358,2026-01-17 07:04:01,14000.0,QRIS,COMPLETED
TRX-KLN-20260117-03359,2026-01-17 08:58:34,7000.0,QRIS,COMPLETED
TRX-KLN-20260117-03360,2026-01-17 17:07:40,63000.0,CASH,COMPLETED
TRX-KLN-20260117-03361,2026-01-17 17:41:29,68000.0,CASH,COMPLETED
TRX-KLN-20260117-03362,2026-01-17 19:04:41,51000.0,CASH,COMPLETED
TRX-KLN-20260117-03363,2026-01-17 16:11:41,51000.0,QRIS,COMPLETED
TRX-KLN-20260117-03364,2026-01-17 13:02:13,4000.0,CASH,COMPLETED
TRX-KLN-20260117-03365,2026-01-17 11:24:09,212500.0,CASH,COMPLETED
TRX-KLN-20260117-03366,2026-01-17 07:41:51,43800.0,CASH,COMPLETED
TRX-KLN-20260117-03367,2026-01-17 09:22:50,46000.0,CASH,COMPLETED
TRX-KLN-20260117-03368,2026-01-17 17:25:30,38000.0,CASH,COMPLETED
TRX-KLN-20260117-03369,2026-01-17 17:17:15,101700.0,CASH,COMPLETED
TRX-KLN-20260118-03370,2026-01-18 16:48:54,40500.0,CASH,COMPLETED
TRX-KLN-20260118-03371,2026-01-18 19:43:01,127000.0,CASH,COMPLETED
TRX-KLN-20260118-03372,2026-01-18 17:13:43,7000.0,CASH,COMPLETED
TRX-KLN-20260118-03373,2026-01-18 17:54:18,56000.0,CASH,COMPLETED
TRX-KLN-20260118-03374,2026-01-18 17:47:08,60400.0,CASH,COMPLETED
TRX-KLN-20260118-03375,2026-01-18 18:28:03,12000.0,TRANSFER,COMPLETED
TRX-KLN-20260118-03376,2026-01-18 21:18:45,9300.0,CASH,COMPLETED
TRX-KLN-20260118-03377,2026-01-18 15:51:38,17500.0,TRANSFER,COMPLETED
TRX-KLN-20260118-03378,2026-01-18 17:09:55,12400.0,CASH,COMPLETED
TRX-KLN-20260118-03379,2026-01-18 13:52:29,6200.0,CASH,COMPLETED
TRX-KLN-20260118-03380,2026-01-18 20:40:28,31000.0,EWALLET,COMPLETED
TRX-KLN-20260118-03381,2026-01-18 07:56:23,14000.0,TRANSFER,COMPLETED
TRX-KLN-20260118-03382,2026-01-18 09:41:15,16000.0,CASH,COMPLETED
TRX-KLN-20260118-03383,2026-01-18 17:20:27,64000.0,QRIS,COMPLETED
TRX-KLN-20260118-03384,2026-01-18 07:46:53,62500.0,CASH,COMPLETED
TRX-KLN-20260118-03385,2026-01-18 14:01:00,53000.0,CASH,COMPLETED
TRX-KLN-20260118-03386,2026-01-18 19:45:10,7500.0,CASH,COMPLETED
TRX-KLN-20260118-03387,2026-01-18 18:02:40,34000.0,QRIS,COMPLETED
TRX-KLN-20260118-03388,2026-01-18 17:05:36,138500.0,CASH,COMPLETED
TRX-KLN-20260118-03389,2026-01-18 16:46:51,7000.0,CASH,COMPLETED
TRX-KLN-20260118-03390,2026-01-18 18:51:30,58000.0,QRIS,COMPLETED
TRX-KLN-20260118-03391,2026-01-18 09:15:12,3000.0,CASH,COMPLETED
TRX-KLN-20260118-03392,2026-01-18 08:37:53,3000.0,QRIS,COMPLETED
TRX-KLN-20260118-03393,2026-01-18 16:50:56,137000.0,QRIS,COMPLETED
TRX-KLN-20260118-03394,2026-01-18 19:48:44,39500.0,CASH,COMPLETED
TRX-KLN-20260118-03395,2026-01-18 13:21:35,83000.0,CASH,COMPLETED
TRX-KLN-20260119-03396,2026-01-19 18:19:59,25000.0,TRANSFER,COMPLETED
TRX-KLN-20260119-03397,2026-01-19 18:19:43,15000.0,CASH,COMPLETED
TRX-KLN-20260119-03398,2026-01-19 18:56:58,4500.0,CASH,COMPLETED
TRX-KLN-20260119-03399,2026-01-19 12:36:48,16000.0,CASH,COMPLETED
TRX-KLN-20260119-03400,2026-01-19 16:30:22,55500.0,CASH,COMPLETED
TRX-KLN-20260119-03401,2026-01-19 17:33:18,14000.0,CASH,COMPLETED
TRX-KLN-20260119-03402,2026-01-19 17:48:46,20000.0,QRIS,COMPLETED
TRX-KLN-20260119-03403,2026-01-19 13:36:49,7000.0,QRIS,COMPLETED
TRX-KLN-20260119-03404,2026-01-19 19:21:14,16000.0,CASH,COMPLETED
TRX-KLN-20260119-03405,2026-01-19 08:23:42,28000.0,CASH,COMPLETED
TRX-KLN-20260119-03406,2026-01-19 14:41:34,76500.0,CASH,COMPLETED
TRX-KLN-20260119-03407,2026-01-19 21:41:23,25500.0,CASH,COMPLETED
TRX-KLN-20260119-03408,2026-01-19 19:12:02,5500.0,QRIS,COMPLETED
TRX-KLN-20260119-03409,2026-01-19 07:51:13,28000.0,CASH,COMPLETED
TRX-KLN-20260119-03410,2026-01-19 17:26:07,6200.0,CASH,COMPLETED
TRX-KLN-20260119-03411,2026-01-19 17:05:37,6200.0,CASH,COMPLETED
TRX-KLN-20260119-03412,2026-01-19 18:55:07,3000.0,CASH,COMPLETED
TRX-KLN-20260119-03413,2026-01-19 19:33:22,42000.0,CASH,COMPLETED
TRX-KLN-20260119-03414,2026-01-19 10:58:47,60000.0,CASH,COMPLETED
TRX-KLN-20260119-03415,2026-01-19 09:37:26,16000.0,CASH,COMPLETED
TRX-KLN-20260120-03416,2026-01-20 16:36:34,74000.0,QRIS,COMPLETED
TRX-KLN-20260120-03417,2026-01-20 12:04:12,60000.0,QRIS,COMPLETED
TRX-KLN-20260120-03418,2026-01-20 07:28:17,43000.0,CASH,COMPLETED
TRX-KLN-20260120-03419,2026-01-20 18:04:39,48000.0,EWALLET,COMPLETED
TRX-KLN-20260120-03420,2026-01-20 07:31:57,43000.0,CASH,COMPLETED
TRX-KLN-20260120-03421,2026-01-20 08:31:41,60000.0,CASH,COMPLETED
TRX-KLN-20260120-03422,2026-01-20 19:11:44,4000.0,CASH,COMPLETED
TRX-KLN-20260120-03423,2026-01-20 13:28:51,21000.0,CASH,COMPLETED
TRX-KLN-20260120-03424,2026-01-20 17:14:43,11000.0,QRIS,COMPLETED
TRX-KLN-20260120-03425,2026-01-20 12:14:38,67000.0,CASH,COMPLETED
TRX-KLN-20260120-03426,2026-01-20 18:59:10,13200.0,QRIS,COMPLETED
TRX-KLN-20260120-03427,2026-01-20 18:45:03,29000.0,CASH,COMPLETED
TRX-KLN-20260120-03428,2026-01-20 16:23:26,54500.0,CASH,COMPLETED
TRX-KLN-20260120-03429,2026-01-20 16:49:29,49500.0,CASH,COMPLETED
TRX-KLN-20260121-03430,2026-01-21 16:23:28,14000.0,CASH,COMPLETED
TRX-KLN-20260121-03431,2026-01-21 09:46:48,61000.0,TRANSFER,COMPLETED
TRX-KLN-20260121-03432,2026-01-21 18:11:13,15200.0,CASH,COMPLETED
TRX-KLN-20260121-03433,2026-01-21 08:01:37,123000.0,CASH,COMPLETED
TRX-KLN-20260121-03434,2026-01-21 13:11:14,17000.0,TRANSFER,COMPLETED
TRX-KLN-20260121-03435,2026-01-21 07:17:35,37000.0,QRIS,COMPLETED
TRX-KLN-20260121-03436,2026-01-21 20:19:08,56000.0,EWALLET,COMPLETED
TRX-KLN-20260121-03437,2026-01-21 09:43:19,15000.0,CASH,COMPLETED
TRX-KLN-20260121-03438,2026-01-21 17:45:10,18400.0,CASH,COMPLETED
TRX-KLN-20260121-03439,2026-01-21 16:45:52,15500.0,CASH,COMPLETED
TRX-KLN-20260121-03440,2026-01-21 08:20:03,60000.0,CASH,COMPLETED
TRX-KLN-20260121-03441,2026-01-21 16:16:36,16000.0,EWALLET,COMPLETED
TRX-KLN-20260122-03442,2026-01-22 19:25:46,7000.0,CASH,COMPLETED
TRX-KLN-20260122-03443,2026-01-22 16:17:38,44500.0,TRANSFER,COMPLETED
TRX-KLN-20260122-03444,2026-01-22 13:30:39,29000.0,CASH,COMPLETED
TRX-KLN-20260122-03445,2026-01-22 08:15:29,61700.0,QRIS,COMPLETED
TRX-KLN-20260122-03446,2026-01-22 21:49:58,21000.0,CASH,COMPLETED
TRX-KLN-20260122-03447,2026-01-22 09:14:16,145000.0,CASH,COMPLETED
TRX-KLN-20260122-03448,2026-01-22 16:24:06,8000.0,CASH,COMPLETED
TRX-KLN-20260122-03449,2026-01-22 16:55:53,57000.0,EWALLET,COMPLETED
TRX-KLN-20260122-03450,2026-01-22 19:46:42,34000.0,TRANSFER,COMPLETED
TRX-KLN-20260122-03451,2026-01-22 19:10:17,4500.0,CASH,COMPLETED
TRX-KLN-20260122-03452,2026-01-22 16:15:55,18000.0,QRIS,COMPLETED
TRX-KLN-20260122-03453,2026-01-22 11:17:37,16000.0,CASH,COMPLETED
TRX-KLN-20260122-03454,2026-01-22 08:55:12,68000.0,CASH,COMPLETED
TRX-KLN-20260122-03455,2026-01-22 12:01:00,119000.0,CASH,COMPLETED
TRX-KLN-20260123-03456,2026-01-23 11:17:09,20000.0,CASH,COMPLETED
TRX-KLN-20260123-03457,2026-01-23 16:42:18,14000.0,CASH,COMPLETED
TRX-KLN-20260123-03458,2026-01-23 19:48:45,25000.0,CASH,COMPLETED
TRX-KLN-20260123-03459,2026-01-23 08:22:09,26000.0,CASH,COMPLETED
TRX-KLN-20260123-03460,2026-01-23 07:51:25,19000.0,CASH,COMPLETED
TRX-KLN-20260123-03461,2026-01-23 20:05:43,42000.0,EWALLET,COMPLETED
TRX-KLN-20260123-03462,2026-01-23 20:24:57,56700.0,TRANSFER,COMPLETED
TRX-KLN-20260123-03463,2026-01-23 18:59:35,25500.0,CASH,COMPLETED
TRX-KLN-20260123-03464,2026-01-23 18:45:15,86000.0,TRANSFER,COMPLETED
TRX-KLN-20260123-03465,2026-01-23 14:03:37,53500.0,QRIS,COMPLETED
TRX-KLN-20260123-03466,2026-01-23 12:38:10,28000.0,CASH,COMPLETED
TRX-KLN-20260123-03467,2026-01-23 16:42:26,5500.0,CASH,COMPLETED
TRX-KLN-20260123-03468,2026-01-23 18:14:44,21000.0,CASH,COMPLETED
TRX-KLN-20260123-03469,2026-01-23 13:56:01,54500.0,CASH,COMPLETED
TRX-KLN-20260123-03470,2026-01-23 15:38:09,58500.0,EWALLET,COMPLETED
TRX-KLN-20260123-03471,2026-01-23 19:40:53,30000.0,TRANSFER,COMPLETED
TRX-KLN-20260123-03472,2026-01-23 17:02:20,61500.0,CASH,COMPLETED
TRX-KLN-20260123-03473,2026-01-23 10:39:06,147000.0,CASH,COMPLETED
TRX-KLN-20260123-03474,2026-01-23 10:52:41,55500.0,TRANSFER,COMPLETED
TRX-KLN-20260123-03475,2026-01-23 13:37:31,12000.0,EWALLET,COMPLETED
TRX-KLN-20260123-03476,2026-01-23 19:14:54,12500.0,EWALLET,COMPLETED
TRX-KLN-20260123-03477,2026-01-23 07:25:24,139000.0,CASH,COMPLETED
TRX-KLN-20260124-03478,2026-01-24 17:51:48,30300.0,CASH,COMPLETED
TRX-KLN-20260124-03479,2026-01-24 15:13:08,118000.0,QRIS,COMPLETED
TRX-KLN-20260124-03480,2026-01-24 18:46:54,137900.0,CASH,COMPLETED
TRX-KLN-20260124-03481,2026-01-24 19:35:18,139000.0,CASH,COMPLETED
TRX-KLN-20260124-03482,2026-01-24 16:46:07,58000.0,CASH,COMPLETED
TRX-KLN-20260124-03483,2026-01-24 07:43:11,26900.0,CASH,COMPLETED
TRX-KLN-20260124-03484,2026-01-24 19:39:07,6000.0,CASH,COMPLETED
TRX-KLN-20260124-03485,2026-01-24 17:54:11,29000.0,CASH,COMPLETED
TRX-KLN-20260124-03486,2026-01-24 08:00:49,18500.0,QRIS,COMPLETED
TRX-KLN-20260124-03487,2026-01-24 14:06:56,45000.0,CASH,COMPLETED
TRX-KLN-20260124-03488,2026-01-24 19:26:40,139000.0,EWALLET,COMPLETED
TRX-KLN-20260124-03489,2026-01-24 18:58:59,68000.0,QRIS,COMPLETED
TRX-KLN-20260124-03490,2026-01-24 10:46:57,60000.0,CASH,COMPLETED
TRX-KLN-20260124-03491,2026-01-24 16:32:21,48000.0,CASH,COMPLETED
TRX-KLN-20260124-03492,2026-01-24 09:22:21,126000.0,QRIS,COMPLETED
TRX-KLN-20260124-03493,2026-01-24 17:40:10,9000.0,CASH,COMPLETED
TRX-KLN-20260124-03494,2026-01-24 12:55:03,34500.0,CASH,COMPLETED
TRX-KLN-20260124-03495,2026-01-24 15:22:24,20000.0,CASH,COMPLETED
TRX-KLN-20260124-03496,2026-01-24 13:27:54,8500.0,EWALLET,COMPLETED
TRX-KLN-20260124-03497,2026-01-24 08:59:19,13000.0,CASH,COMPLETED
TRX-KLN-20260124-03498,2026-01-24 12:22:14,74000.0,QRIS,COMPLETED
TRX-KLN-20260124-03499,2026-01-24 19:43:19,32000.0,EWALLET,COMPLETED
TRX-KLN-20260124-03500,2026-01-24 18:30:32,106000.0,CASH,COMPLETED
TRX-KLN-20260124-03501,2026-01-24 14:03:34,53000.0,CASH,COMPLETED
TRX-KLN-20260124-03502,2026-01-24 09:25:28,9500.0,CASH,COMPLETED
TRX-KLN-20260124-03503,2026-01-24 09:20:39,70000.0,CASH,COMPLETED
TRX-KLN-20260125-03504,2026-01-25 09:26:03,15000.0,EWALLET,COMPLETED
TRX-KLN-20260125-03505,2026-01-25 18:32:50,206500.0,CASH,COMPLETED
TRX-KLN-20260125-03506,2026-01-25 14:25:36,53500.0,QRIS,COMPLETED
TRX-KLN-20260125-03507,2026-01-25 10:43:25,55500.0,CASH,COMPLETED
TRX-KLN-20260125-03508,2026-01-25 20:26:59,83500.0,CASH,COMPLETED
TRX-KLN-20260125-03509,2026-01-25 12:35:16,69500.0,CASH,COMPLETED
TRX-KLN-20260125-03510,2026-01-25 09:55:23,79000.0,CASH,COMPLETED
TRX-KLN-20260125-03511,2026-01-25 09:43:25,96500.0,CASH,COMPLETED
TRX-KLN-20260125-03512,2026-01-25 08:39:19,86000.0,CASH,COMPLETED
TRX-KLN-20260125-03513,2026-01-25 12:44:30,69500.0,CASH,COMPLETED
TRX-KLN-20260125-03514,2026-01-25 11:20:18,52800.0,CASH,COMPLETED
TRX-KLN-20260125-03515,2026-01-25 09:57:57,136000.0,CASH,COMPLETED
TRX-KLN-20260125-03516,2026-01-25 19:51:37,16500.0,CASH,COMPLETED
TRX-KLN-20260125-03517,2026-01-25 15:11:49,7000.0,EWALLET,COMPLETED
TRX-KLN-20260125-03518,2026-01-25 16:27:20,12100.0,QRIS,COMPLETED
TRX-KLN-20260125-03519,2026-01-25 13:54:27,48000.0,QRIS,COMPLETED
TRX-KLN-20260125-03520,2026-01-25 19:18:42,20500.0,CASH,COMPLETED
TRX-KLN-20260125-03521,2026-01-25 10:38:48,29000.0,CASH,COMPLETED
TRX-KLN-20260125-03522,2026-01-25 16:15:43,4000.0,CASH,COMPLETED
TRX-KLN-20260125-03523,2026-01-25 19:52:13,4000.0,EWALLET,COMPLETED
TRX-KLN-20260125-03524,2026-01-25 13:30:58,45500.0,CASH,COMPLETED
TRX-KLN-20260125-03525,2026-01-25 09:29:47,58000.0,CASH,COMPLETED
TRX-KLN-20260125-03526,2026-01-25 17:01:02,67000.0,QRIS,COMPLETED
TRX-KLN-20260125-03527,2026-01-25 14:28:26,28500.0,CASH,COMPLETED
TRX-KLN-20260125-03528,2026-01-25 10:08:55,3000.0,CASH,COMPLETED
TRX-KLN-20260125-03529,2026-01-25 12:02:08,9000.0,CASH,COMPLETED
TRX-KLN-20260125-03530,2026-01-25 18:15:01,164000.0,CASH,COMPLETED
TRX-KLN-20260125-03531,2026-01-25 14:45:57,12000.0,QRIS,COMPLETED
TRX-KLN-20260125-03532,2026-01-25 20:25:23,11000.0,CASH,COMPLETED
TRX-KLN-20260125-03533,2026-01-25 08:49:23,45000.0,CASH,COMPLETED
TRX-KLN-20260126-03534,2026-01-26 16:22:23,132000.0,CASH,COMPLETED
TRX-KLN-20260126-03535,2026-01-26 12:45:30,3100.0,CASH,COMPLETED
TRX-KLN-20260126-03536,2026-01-26 08:53:56,15000.0,CASH,COMPLETED
TRX-KLN-20260126-03537,2026-01-26 17:38:27,55000.0,CASH,COMPLETED
TRX-KLN-20260126-03538,2026-01-26 15:06:09,16000.0,CASH,COMPLETED
TRX-KLN-20260126-03539,2026-01-26 18:55:39,34800.0,CASH,COMPLETED
TRX-KLN-20260126-03540,2026-01-26 16:34:30,21000.0,CASH,COMPLETED
TRX-KLN-20260126-03541,2026-01-26 15:21:30,6200.0,CASH,COMPLETED
TRX-KLN-20260126-03542,2026-01-26 08:24:18,38000.0,CASH,COMPLETED
TRX-KLN-20260126-03543,2026-01-26 08:31:01,9500.0,CASH,COMPLETED
TRX-KLN-20260126-03544,2026-01-26 18:48:19,72000.0,CASH,COMPLETED
TRX-KLN-20260126-03545,2026-01-26 11:26:55,18500.0,CASH,COMPLETED
TRX-KLN-20260126-03546,2026-01-26 09:50:13,9500.0,EWALLET,COMPLETED
TRX-KLN-20260126-03547,2026-01-26 14:08:52,11000.0,CASH,COMPLETED
TRX-KLN-20260126-03548,2026-01-26 18:08:39,68000.0,CASH,COMPLETED
TRX-KLN-20260126-03549,2026-01-26 13:27:09,178000.0,QRIS,COMPLETED
TRX-KLN-20260126-03550,2026-01-26 09:13:49,53500.0,EWALLET,COMPLETED
TRX-KLN-20260126-03551,2026-01-26 18:58:30,16000.0,QRIS,COMPLETED
TRX-KLN-20260127-03552,2026-01-27 18:56:59,40500.0,TRANSFER,COMPLETED
TRX-KLN-20260127-03553,2026-01-27 19:10:13,76500.0,QRIS,COMPLETED
TRX-KLN-20260127-03554,2026-01-27 09:39:28,197000.0,EWALLET,COMPLETED
TRX-KLN-20260127-03555,2026-01-27 14:28:12,64000.0,CASH,COMPLETED
TRX-KLN-20260127-03556,2026-01-27 17:08:41,50300.0,CASH,COMPLETED
TRX-KLN-20260127-03557,2026-01-27 21:11:41,110500.0,CASH,COMPLETED
TRX-KLN-20260127-03558,2026-01-27 07:08:29,34400.0,CASH,COMPLETED
TRX-KLN-20260127-03559,2026-01-27 18:26:54,77500.0,TRANSFER,COMPLETED
TRX-KLN-20260127-03560,2026-01-27 19:39:41,30500.0,EWALLET,COMPLETED
TRX-KLN-20260127-03561,2026-01-27 21:43:44,88000.0,CASH,COMPLETED
TRX-KLN-20260127-03562,2026-01-27 20:58:12,39000.0,CASH,COMPLETED
TRX-KLN-20260127-03563,2026-01-27 17:04:36,106000.0,CASH,COMPLETED
TRX-KLN-20260127-03564,2026-01-27 07:37:02,38000.0,CASH,COMPLETED
TRX-KLN-20260127-03565,2026-01-27 17:18:23,111500.0,CASH,COMPLETED
TRX-KLN-20260127-03566,2026-01-27 14:41:18,73500.0,QRIS,COMPLETED
TRX-KLN-20260127-03567,2026-01-27 10:08:00,35000.0,CASH,COMPLETED
TRX-KLN-20260127-03568,2026-01-27 18:34:41,18000.0,CASH,COMPLETED
TRX-KLN-20260127-03569,2026-01-27 08:09:53,8000.0,CASH,COMPLETED
TRX-KLN-20260128-03570,2026-01-28 09:02:56,33000.0,CASH,COMPLETED
TRX-KLN-20260128-03571,2026-01-28 18:44:36,6000.0,CASH,COMPLETED
TRX-KLN-20260128-03572,2026-01-28 12:19:54,12000.0,CASH,COMPLETED
TRX-KLN-20260128-03573,2026-01-28 17:13:22,65500.0,QRIS,COMPLETED
TRX-KLN-20260128-03574,2026-01-28 17:39:54,25000.0,CASH,COMPLETED
TRX-KLN-20260128-03575,2026-01-28 15:27:45,3000.0,CASH,COMPLETED
TRX-KLN-20260128-03576,2026-01-28 15:16:17,19000.0,CASH,COMPLETED
TRX-KLN-20260128-03577,2026-01-28 17:01:12,30000.0,CASH,COMPLETED
TRX-KLN-20260128-03578,2026-01-28 21:21:19,19000.0,CASH,COMPLETED
TRX-KLN-20260128-03579,2026-01-28 13:11:21,32000.0,CASH,COMPLETED
TRX-KLN-20260128-03580,2026-01-28 20:24:56,32000.0,TRANSFER,COMPLETED
TRX-KLN-20260128-03581,2026-01-28 09:12:45,6000.0,QRIS,COMPLETED
TRX-KLN-20260128-03582,2026-01-28 17:40:12,54000.0,EWALLET,COMPLETED
TRX-KLN-20260128-03583,2026-01-28 19:18:00,51000.0,TRANSFER,COMPLETED
TRX-KLN-20260128-03584,2026-01-28 20:58:28,6000.0,QRIS,COMPLETED
TRX-KLN-20260128-03585,2026-01-28 13:26:48,43500.0,CASH,COMPLETED
TRX-KLN-20260128-03586,2026-01-28 16:06:03,61500.0,CASH,COMPLETED
TRX-KLN-20260128-03587,2026-01-28 16:32:29,26000.0,QRIS,COMPLETED
TRX-KLN-20260128-03588,2026-01-28 09:30:15,95000.0,CASH,COMPLETED
TRX-KLN-20260128-03589,2026-01-28 18:36:03,41000.0,EWALLET,COMPLETED
TRX-KLN-20260129-03590,2026-01-29 09:27:26,48000.0,TRANSFER,COMPLETED
TRX-KLN-20260129-03591,2026-01-29 12:49:50,91500.0,CASH,COMPLETED
TRX-KLN-20260129-03592,2026-01-29 15:53:13,16000.0,QRIS,COMPLETED
TRX-KLN-20260129-03593,2026-01-29 10:33:09,178000.0,CASH,COMPLETED
TRX-KLN-20260129-03594,2026-01-29 16:07:52,127000.0,CASH,COMPLETED
TRX-KLN-20260129-03595,2026-01-29 21:16:22,12500.0,TRANSFER,COMPLETED
TRX-KLN-20260129-03596,2026-01-29 20:59:20,50500.0,CASH,COMPLETED
TRX-KLN-20260129-03597,2026-01-29 08:35:22,8000.0,QRIS,COMPLETED
TRX-KLN-20260129-03598,2026-01-29 16:14:35,14000.0,CASH,COMPLETED
TRX-KLN-20260129-03599,2026-01-29 18:47:28,32000.0,QRIS,COMPLETED
TRX-KLN-20260129-03600,2026-01-29 16:13:17,16000.0,CASH,COMPLETED
TRX-KLN-20260129-03601,2026-01-29 09:35:00,173000.0,CASH,COMPLETED
TRX-KLN-20260129-03602,2026-01-29 12:36:02,46500.0,CASH,COMPLETED
TRX-KLN-20260129-03603,2026-01-29 10:50:40,24500.0,CASH,COMPLETED
TRX-KLN-20260129-03604,2026-01-29 09:56:14,10000.0,CASH,COMPLETED
TRX-KLN-20260129-03605,2026-01-29 18:13:02,44000.0,CASH,COMPLETED
TRX-KLN-20260129-03606,2026-01-29 18:22:47,9300.0,CASH,COMPLETED
TRX-KLN-20260129-03607,2026-01-29 20:13:23,76500.0,CASH,COMPLETED
TRX-KLN-20260129-03608,2026-01-29 09:44:56,156000.0,CASH,COMPLETED
TRX-KLN-20260129-03609,2026-01-29 19:42:14,8500.0,CASH,COMPLETED
TRX-KLN-20260129-03610,2026-01-29 15:54:26,12500.0,CASH,COMPLETED
TRX-KLN-20260129-03611,2026-01-29 10:15:14,49000.0,CASH,COMPLETED
TRX-KLN-20260129-03612,2026-01-29 12:50:21,44500.0,CASH,COMPLETED
TRX-KLN-20260130-03613,2026-01-30 10:01:21,131000.0,CASH,COMPLETED
TRX-KLN-20260130-03614,2026-01-30 19:19:41,69000.0,CASH,COMPLETED
TRX-KLN-20260130-03615,2026-01-30 16:23:28,11000.0,CASH,COMPLETED
TRX-KLN-20260130-03616,2026-01-30 11:50:03,6000.0,CASH,COMPLETED
TRX-KLN-20260130-03617,2026-01-30 18:37:58,1500.0,QRIS,COMPLETED
TRX-KLN-20260130-03618,2026-01-30 18:17:33,28000.0,CASH,COMPLETED
TRX-KLN-20260130-03619,2026-01-30 19:33:42,60000.0,QRIS,COMPLETED
TRX-KLN-20260130-03620,2026-01-30 10:17:24,15000.0,CASH,COMPLETED
TRX-KLN-20260130-03621,2026-01-30 18:54:22,67600.0,QRIS,COMPLETED
TRX-KLN-20260130-03622,2026-01-30 18:41:01,3000.0,CASH,COMPLETED
TRX-KLN-20260130-03623,2026-01-30 10:58:31,109500.0,CASH,COMPLETED
TRX-KLN-20260130-03624,2026-01-30 20:02:43,3100.0,CASH,COMPLETED
TRX-KLN-20260130-03625,2026-01-30 21:05:59,90500.0,EWALLET,COMPLETED
TRX-KLN-20260130-03626,2026-01-30 17:12:18,28000.0,QRIS,COMPLETED
TRX-KLN-20260130-03627,2026-01-30 14:40:56,112000.0,CASH,COMPLETED
TRX-KLN-20260130-03628,2026-01-30 13:36:48,92000.0,CASH,COMPLETED
TRX-KLN-20260130-03629,2026-01-30 17:01:16,66500.0,QRIS,COMPLETED
TRX-KLN-20260130-03630,2026-01-30 15:43:40,33000.0,CASH,COMPLETED
TRX-KLN-20260130-03631,2026-01-30 14:16:02,80000.0,EWALLET,COMPLETED
TRX-KLN-20260130-03632,2026-01-30 12:22:36,3100.0,CASH,COMPLETED
TRX-KLN-20260130-03633,2026-01-30 13:57:49,76500.0,CASH,COMPLETED
TRX-KLN-20260131-03634,2026-01-31 17:48:45,4000.0,CASH,COMPLETED
TRX-KLN-20260131-03635,2026-01-31 21:53:07,19000.0,QRIS,COMPLETED
TRX-KLN-20260131-03636,2026-01-31 21:14:51,6000.0,TRANSFER,COMPLETED
TRX-KLN-20260131-03637,2026-01-31 19:32:21,16500.0,QRIS,COMPLETED
TRX-KLN-20260131-03638,2026-01-31 14:27:30,69000.0,QRIS,COMPLETED
TRX-KLN-20260131-03639,2026-01-31 12:48:16,28000.0,CASH,COMPLETED
TRX-KLN-20260131-03640,2026-01-31 18:35:54,40000.0,CASH,COMPLETED
TRX-KLN-20260131-03641,2026-01-31 13:34:50,62200.0,CASH,COMPLETED
TRX-KLN-20260131-03642,2026-01-31 09:33:01,44500.0,CASH,COMPLETED
TRX-KLN-20260131-03643,2026-01-31 17:47:09,50500.0,CASH,COMPLETED
TRX-KLN-20260131-03644,2026-01-31 09:24:34,13300.0,QRIS,COMPLETED
TRX-KLN-20260131-03645,2026-01-31 13:41:01,161500.0,QRIS,COMPLETED
TRX-KLN-20260131-03646,2026-01-31 12:40:52,38000.0,CASH,COMPLETED
TRX-KLN-20260131-03647,2026-01-31 13:52:02,98000.0,CASH,COMPLETED
TRX-KLN-20260131-03648,2026-01-31 09:20:06,79000.0,CASH,COMPLETED
TRX-KLN-20260131-03649,2026-01-31 11:19:21,7000.0,TRANSFER,COMPLETED
TRX-KLN-20260131-03650,2026-01-31 09:48:08,40500.0,CASH,COMPLETED
TRX-KLN-20260131-03651,2026-01-31 18:42:44,8000.0,CASH,COMPLETED
TRX-KLN-20260201-03652,2026-02-01 07:05:46,31000.0,CASH,COMPLETED
TRX-KLN-20260201-03653,2026-02-01 15:45:53,126500.0,CASH,COMPLETED
TRX-KLN-20260201-03654,2026-02-01 19:25:23,19500.0,CASH,COMPLETED
TRX-KLN-20260201-03655,2026-02-01 16:26:43,60000.0,CASH,COMPLETED
TRX-KLN-20260201-03656,2026-02-01 17:34:21,78000.0,CASH,COMPLETED
TRX-KLN-20260201-03657,2026-02-01 18:23:27,69000.0,TRANSFER,COMPLETED
TRX-KLN-20260201-03658,2026-02-01 21:17:06,3000.0,TRANSFER,COMPLETED
TRX-KLN-20260201-03659,2026-02-01 19:53:59,21000.0,CASH,COMPLETED
TRX-KLN-20260201-03660,2026-02-01 17:28:44,17000.0,CASH,COMPLETED
TRX-KLN-20260201-03661,2026-02-01 19:59:52,45000.0,QRIS,COMPLETED
TRX-KLN-20260201-03662,2026-02-01 10:30:22,161400.0,CASH,COMPLETED
TRX-KLN-20260201-03663,2026-02-01 12:58:02,109100.0,CASH,COMPLETED
TRX-KLN-20260201-03664,2026-02-01 18:32:39,128500.0,CASH,COMPLETED
TRX-KLN-20260201-03665,2026-02-01 18:27:50,120000.0,CASH,COMPLETED
TRX-KLN-20260201-03666,2026-02-01 20:26:20,39500.0,CASH,COMPLETED
TRX-KLN-20260201-03667,2026-02-01 20:30:14,21500.0,CASH,COMPLETED
TRX-KLN-20260201-03668,2026-02-01 10:15:12,13300.0,EWALLET,COMPLETED
TRX-KLN-20260201-03669,2026-02-01 14:39:09,37500.0,CASH,COMPLETED
TRX-KLN-20260201-03670,2026-02-01 17:18:34,55500.0,CASH,COMPLETED
TRX-KLN-20260201-03671,2026-02-01 09:15:53,37000.0,QRIS,COMPLETED
TRX-KLN-20260201-03672,2026-02-01 10:22:26,147000.0,CASH,COMPLETED
TRX-KLN-20260201-03673,2026-02-01 10:00:29,17000.0,TRANSFER,COMPLETED
TRX-KLN-20260201-03674,2026-02-01 21:45:51,9500.0,EWALLET,COMPLETED
TRX-KLN-20260201-03675,2026-02-01 10:12:47,32000.0,CASH,COMPLETED
TRX-KLN-20260201-03676,2026-02-01 21:07:46,60000.0,CASH,COMPLETED
TRX-KLN-20260201-03677,2026-02-01 16:30:26,103500.0,CASH,COMPLETED
TRX-KLN-20260201-03678,2026-02-01 21:39:28,24500.0,CASH,COMPLETED
TRX-KLN-20260201-03679,2026-02-01 18:45:53,3100.0,TRANSFER,COMPLETED
TRX-KLN-20260201-03680,2026-02-01 07:12:18,134000.0,EWALLET,COMPLETED
TRX-KLN-20260201-03681,2026-02-01 20:30:32,113000.0,CASH,COMPLETED
TRX-KLN-20260202-03682,2026-02-02 17:10:04,19500.0,CASH,COMPLETED
TRX-KLN-20260202-03683,2026-02-02 20:24:27,32000.0,CASH,COMPLETED
TRX-KLN-20260202-03684,2026-02-02 19:30:01,9500.0,CASH,COMPLETED
TRX-KLN-20260202-03685,2026-02-02 07:26:57,1500.0,CASH,COMPLETED
TRX-KLN-20260202-03686,2026-02-02 15:24:54,16000.0,EWALLET,COMPLETED
TRX-KLN-20260202-03687,2026-02-02 19:30:25,100000.0,CASH,COMPLETED
TRX-KLN-20260202-03688,2026-02-02 15:53:09,9200.0,CASH,COMPLETED
TRX-KLN-20260202-03689,2026-02-02 09:44:11,61000.0,CASH,COMPLETED
TRX-KLN-20260202-03690,2026-02-02 18:22:58,87500.0,CASH,COMPLETED
TRX-KLN-20260202-03691,2026-02-02 20:39:12,32000.0,CASH,COMPLETED
TRX-KLN-20260202-03692,2026-02-02 17:13:40,19000.0,CASH,COMPLETED
TRX-KLN-20260202-03693,2026-02-02 17:57:10,6000.0,CASH,COMPLETED
TRX-KLN-20260202-03694,2026-02-02 13:34:21,34000.0,QRIS,COMPLETED
TRX-KLN-20260202-03695,2026-02-02 12:44:54,4000.0,CASH,COMPLETED
TRX-KLN-20260202-03696,2026-02-02 09:21:57,11000.0,CASH,COMPLETED
TRX-KLN-20260202-03697,2026-02-02 17:51:47,25000.0,QRIS,COMPLETED
TRX-KLN-20260202-03698,2026-02-02 21:36:34,32000.0,CASH,COMPLETED
TRX-KLN-20260202-03699,2026-02-02 21:30:35,26000.0,CASH,COMPLETED
TRX-KLN-20260202-03700,2026-02-02 17:41:49,19000.0,TRANSFER,COMPLETED
TRX-KLN-20260202-03701,2026-02-02 09:06:13,12500.0,TRANSFER,COMPLETED
TRX-KLN-20260202-03702,2026-02-02 14:03:27,136000.0,CASH,COMPLETED
TRX-KLN-20260203-03703,2026-02-03 16:33:34,8000.0,CASH,COMPLETED
TRX-KLN-20260203-03704,2026-02-03 11:11:34,145000.0,CASH,COMPLETED
TRX-KLN-20260203-03705,2026-02-03 18:29:51,21000.0,QRIS,COMPLETED
TRX-KLN-20260203-03706,2026-02-03 18:45:41,42000.0,CASH,COMPLETED
TRX-KLN-20260203-03707,2026-02-03 17:47:35,29000.0,CASH,COMPLETED
TRX-KLN-20260203-03708,2026-02-03 19:00:04,69500.0,QRIS,COMPLETED
TRX-KLN-20260203-03709,2026-02-03 17:52:52,37000.0,CASH,COMPLETED
TRX-KLN-20260203-03710,2026-02-03 13:42:06,32000.0,QRIS,COMPLETED
TRX-KLN-20260203-03711,2026-02-03 19:49:44,7000.0,QRIS,COMPLETED
TRX-KLN-20260203-03712,2026-02-03 15:27:24,3000.0,CASH,COMPLETED
TRX-KLN-20260203-03713,2026-02-03 17:27:23,12500.0,QRIS,COMPLETED
TRX-KLN-20260203-03714,2026-02-03 09:27:33,13300.0,CASH,COMPLETED
TRX-KLN-20260203-03715,2026-02-03 15:31:07,38000.0,CASH,COMPLETED
TRX-KLN-20260203-03716,2026-02-03 13:51:47,26100.0,CASH,COMPLETED
TRX-KLN-20260203-03717,2026-02-03 12:35:54,203000.0,TRANSFER,COMPLETED
TRX-KLN-20260204-03718,2026-02-04 19:06:14,39000.0,CASH,COMPLETED
TRX-KLN-20260204-03719,2026-02-04 18:23:22,19000.0,CASH,COMPLETED
TRX-KLN-20260204-03720,2026-02-04 17:44:20,51000.0,QRIS,COMPLETED
TRX-KLN-20260204-03721,2026-02-04 07:06:15,50500.0,CASH,COMPLETED
TRX-KLN-20260204-03722,2026-02-04 08:00:05,64000.0,CASH,COMPLETED
TRX-KLN-20260204-03723,2026-02-04 13:25:29,46000.0,CASH,COMPLETED
TRX-KLN-20260204-03724,2026-02-04 17:38:05,25000.0,CASH,COMPLETED
TRX-KLN-20260204-03725,2026-02-04 13:57:55,12000.0,TRANSFER,COMPLETED
TRX-KLN-20260204-03726,2026-02-04 16:54:28,121500.0,CASH,COMPLETED
TRX-KLN-20260204-03727,2026-02-04 08:19:44,17300.0,QRIS,COMPLETED
TRX-KLN-20260204-03728,2026-02-04 09:17:36,108500.0,CASH,COMPLETED
TRX-KLN-20260204-03729,2026-02-04 15:28:23,14000.0,CASH,COMPLETED
TRX-KLN-20260204-03730,2026-02-04 12:53:44,21500.0,CASH,COMPLETED
TRX-KLN-20260204-03731,2026-02-04 16:28:58,49000.0,QRIS,COMPLETED
TRX-KLN-20260204-03732,2026-02-04 18:51:04,12400.0,CASH,COMPLETED
TRX-KLN-20260204-03733,2026-02-04 14:14:02,72000.0,CASH,COMPLETED
TRX-KLN-20260204-03734,2026-02-04 17:26:25,44000.0,CASH,COMPLETED
TRX-KLN-20260204-03735,2026-02-04 14:16:48,8500.0,CASH,COMPLETED
TRX-KLN-20260205-03736,2026-02-05 20:08:58,21200.0,CASH,COMPLETED
TRX-KLN-20260205-03737,2026-02-05 08:10:15,30400.0,CASH,COMPLETED
TRX-KLN-20260205-03738,2026-02-05 21:53:16,25000.0,CASH,COMPLETED
TRX-KLN-20260205-03739,2026-02-05 17:59:45,12500.0,CASH,COMPLETED
TRX-KLN-20260205-03740,2026-02-05 12:09:22,46000.0,EWALLET,COMPLETED
TRX-KLN-20260205-03741,2026-02-05 07:23:20,8000.0,CASH,COMPLETED
TRX-KLN-20260205-03742,2026-02-05 11:30:49,30000.0,EWALLET,COMPLETED
TRX-KLN-20260205-03743,2026-02-05 10:48:13,59000.0,TRANSFER,COMPLETED
TRX-KLN-20260205-03744,2026-02-05 11:34:23,10500.0,CASH,COMPLETED
TRX-KLN-20260205-03745,2026-02-05 12:20:49,21000.0,QRIS,COMPLETED
TRX-KLN-20260205-03746,2026-02-05 11:47:19,48000.0,CASH,COMPLETED
TRX-KLN-20260205-03747,2026-02-05 14:01:02,51000.0,CASH,COMPLETED
TRX-KLN-20260205-03748,2026-02-05 17:57:35,66500.0,CASH,COMPLETED
TRX-KLN-20260205-03749,2026-02-05 19:52:42,131000.0,EWALLET,COMPLETED
TRX-KLN-20260205-03750,2026-02-05 14:26:47,26000.0,CASH,COMPLETED
TRX-KLN-20260205-03751,2026-02-05 15:13:52,36000.0,CASH,COMPLETED
TRX-KLN-20260205-03752,2026-02-05 15:26:01,25500.0,CASH,COMPLETED
TRX-KLN-20260205-03753,2026-02-05 11:00:11,124500.0,CASH,COMPLETED
TRX-KLN-20260205-03754,2026-02-05 17:13:10,113000.0,CASH,COMPLETED
TRX-KLN-20260205-03755,2026-02-05 16:46:50,74000.0,TRANSFER,COMPLETED
TRX-KLN-20260205-03756,2026-02-05 18:35:57,4000.0,EWALLET,COMPLETED
TRX-KLN-20260205-03757,2026-02-05 16:37:16,16000.0,CASH,COMPLETED
TRX-KLN-20260205-03758,2026-02-05 11:46:20,8500.0,CASH,COMPLETED
TRX-KLN-20260205-03759,2026-02-05 18:13:34,19500.0,CASH,COMPLETED
TRX-KLN-20260205-03760,2026-02-05 21:55:46,49200.0,CASH,COMPLETED
TRX-KLN-20260206-03761,2026-02-06 16:56:58,37000.0,EWALLET,COMPLETED
TRX-KLN-20260206-03762,2026-02-06 17:08:29,29000.0,CASH,COMPLETED
TRX-KLN-20260206-03763,2026-02-06 09:00:19,28000.0,CASH,COMPLETED
TRX-KLN-20260206-03764,2026-02-06 14:57:35,89000.0,EWALLET,COMPLETED
TRX-KLN-20260206-03765,2026-02-06 12:44:47,171500.0,CASH,COMPLETED
TRX-KLN-20260206-03766,2026-02-06 11:18:35,114000.0,CASH,COMPLETED
TRX-KLN-20260206-03767,2026-02-06 09:49:23,155500.0,TRANSFER,COMPLETED
TRX-KLN-20260206-03768,2026-02-06 15:18:45,12000.0,EWALLET,COMPLETED
TRX-KLN-20260206-03769,2026-02-06 13:58:34,27500.0,CASH,COMPLETED
TRX-KLN-20260206-03770,2026-02-06 21:04:40,38000.0,CASH,COMPLETED
TRX-KLN-20260206-03771,2026-02-06 12:55:41,139400.0,QRIS,COMPLETED
TRX-KLN-20260206-03772,2026-02-06 18:32:07,41000.0,CASH,COMPLETED
TRX-KLN-20260206-03773,2026-02-06 16:03:53,12500.0,EWALLET,COMPLETED
TRX-KLN-20260206-03774,2026-02-06 18:27:43,6000.0,CASH,COMPLETED
TRX-KLN-20260206-03775,2026-02-06 18:15:32,16500.0,CASH,COMPLETED
TRX-KLN-20260206-03776,2026-02-06 12:23:04,8000.0,QRIS,COMPLETED
TRX-KLN-20260206-03777,2026-02-06 08:22:06,24500.0,QRIS,COMPLETED
TRX-KLN-20260206-03778,2026-02-06 15:14:26,120000.0,EWALLET,COMPLETED
TRX-KLN-20260206-03779,2026-02-06 17:56:44,110500.0,QRIS,COMPLETED
TRX-KLN-20260207-03780,2026-02-07 07:46:25,37000.0,QRIS,COMPLETED
TRX-KLN-20260207-03781,2026-02-07 09:55:49,12500.0,CASH,COMPLETED
TRX-KLN-20260207-03782,2026-02-07 12:22:40,9300.0,CASH,COMPLETED
TRX-KLN-20260207-03783,2026-02-07 14:56:11,37000.0,CASH,COMPLETED
TRX-KLN-20260207-03784,2026-02-07 17:47:24,79000.0,TRANSFER,COMPLETED
TRX-KLN-20260207-03785,2026-02-07 07:49:51,21000.0,CASH,COMPLETED
TRX-KLN-20260207-03786,2026-02-07 17:51:09,15000.0,CASH,COMPLETED
TRX-KLN-20260207-03787,2026-02-07 08:09:54,32000.0,CASH,COMPLETED
TRX-KLN-20260207-03788,2026-02-07 17:25:21,28500.0,CASH,COMPLETED
TRX-KLN-20260207-03789,2026-02-07 12:38:37,32000.0,CASH,COMPLETED
TRX-KLN-20260207-03790,2026-02-07 16:06:19,28500.0,CASH,COMPLETED
TRX-KLN-20260207-03791,2026-02-07 16:07:43,18000.0,CASH,COMPLETED
TRX-KLN-20260207-03792,2026-02-07 09:55:59,16000.0,CASH,COMPLETED
TRX-KLN-20260207-03793,2026-02-07 12:55:19,80500.0,CASH,COMPLETED
TRX-KLN-20260207-03794,2026-02-07 18:21:35,53000.0,CASH,COMPLETED
TRX-KLN-20260207-03795,2026-02-07 15:50:03,36500.0,CASH,COMPLETED
TRX-KLN-20260207-03796,2026-02-07 15:43:10,51000.0,QRIS,COMPLETED
TRX-KLN-20260207-03797,2026-02-07 12:25:54,149500.0,CASH,COMPLETED
TRX-KLN-20260207-03798,2026-02-07 12:33:15,103500.0,QRIS,COMPLETED
TRX-KLN-20260207-03799,2026-02-07 18:07:53,8000.0,CASH,COMPLETED
TRX-KLN-20260207-03800,2026-02-07 14:38:32,12000.0,CASH,COMPLETED
TRX-KLN-20260207-03801,2026-02-07 21:56:11,32000.0,CASH,COMPLETED
TRX-KLN-20260208-03802,2026-02-08 11:29:39,50500.0,CASH,COMPLETED
TRX-KLN-20260208-03803,2026-02-08 17:13:58,14200.0,EWALLET,COMPLETED
TRX-KLN-20260208-03804,2026-02-08 14:02:26,21500.0,QRIS,COMPLETED
TRX-KLN-20260208-03805,2026-02-08 12:34:37,67000.0,CASH,COMPLETED
TRX-KLN-20260208-03806,2026-02-08 16:45:08,16500.0,CASH,COMPLETED
TRX-KLN-20260208-03807,2026-02-08 09:58:46,9500.0,TRANSFER,COMPLETED
TRX-KLN-20260208-03808,2026-02-08 12:18:46,45000.0,CASH,COMPLETED
TRX-KLN-20260208-03809,2026-02-08 08:34:26,120000.0,CASH,COMPLETED
TRX-KLN-20260208-03810,2026-02-08 19:19:09,16000.0,CASH,COMPLETED
TRX-KLN-20260208-03811,2026-02-08 14:37:31,8000.0,QRIS,COMPLETED
TRX-KLN-20260208-03812,2026-02-08 17:56:23,77000.0,QRIS,COMPLETED
TRX-KLN-20260208-03813,2026-02-08 12:21:38,49000.0,CASH,COMPLETED
TRX-KLN-20260208-03814,2026-02-08 10:02:04,58000.0,CASH,COMPLETED
TRX-KLN-20260208-03815,2026-02-08 19:29:10,60000.0,CASH,COMPLETED
TRX-KLN-20260208-03816,2026-02-08 14:16:32,8000.0,QRIS,COMPLETED
TRX-KLN-20260208-03817,2026-02-08 09:31:25,51000.0,CASH,COMPLETED
TRX-KLN-20260208-03818,2026-02-08 17:56:40,72500.0,QRIS,COMPLETED
TRX-KLN-20260208-03819,2026-02-08 12:12:36,24000.0,CASH,COMPLETED
TRX-KLN-20260208-03820,2026-02-08 15:39:19,12000.0,CASH,COMPLETED
TRX-KLN-20260208-03821,2026-02-08 11:37:41,48000.0,CASH,COMPLETED
TRX-KLN-20260209-03822,2026-02-09 08:28:47,23000.0,QRIS,COMPLETED
TRX-KLN-20260209-03823,2026-02-09 19:47:49,38000.0,CASH,COMPLETED
TRX-KLN-20260209-03824,2026-02-09 17:36:14,19000.0,CASH,COMPLETED
TRX-KLN-20260209-03825,2026-02-09 18:20:33,45000.0,QRIS,COMPLETED
TRX-KLN-20260209-03826,2026-02-09 14:58:55,31500.0,CASH,COMPLETED
TRX-KLN-20260209-03827,2026-02-09 08:36:04,65000.0,CASH,COMPLETED
TRX-KLN-20260209-03828,2026-02-09 21:56:18,51000.0,EWALLET,COMPLETED
TRX-KLN-20260209-03829,2026-02-09 11:53:59,48000.0,QRIS,COMPLETED
TRX-KLN-20260209-03830,2026-02-09 08:33:20,37000.0,CASH,COMPLETED
TRX-KLN-20260209-03831,2026-02-09 15:51:04,25500.0,CASH,COMPLETED
TRX-KLN-20260209-03832,2026-02-09 19:38:15,8000.0,TRANSFER,COMPLETED
TRX-KLN-20260209-03833,2026-02-09 19:04:29,14700.0,QRIS,COMPLETED
TRX-KLN-20260209-03834,2026-02-09 17:36:50,164000.0,TRANSFER,COMPLETED
TRX-KLN-20260209-03835,2026-02-09 18:23:51,17000.0,QRIS,COMPLETED
TRX-KLN-20260209-03836,2026-02-09 09:37:01,9300.0,CASH,COMPLETED
TRX-KLN-20260209-03837,2026-02-09 11:10:26,69000.0,EWALLET,COMPLETED
TRX-KLN-20260209-03838,2026-02-09 18:50:55,17000.0,CASH,COMPLETED
TRX-KLN-20260209-03839,2026-02-09 15:34:21,30500.0,CASH,COMPLETED
TRX-KLN-20260210-03840,2026-02-10 16:46:09,4000.0,CASH,COMPLETED
TRX-KLN-20260210-03841,2026-02-10 07:09:36,121000.0,CASH,COMPLETED
TRX-KLN-20260210-03842,2026-02-10 18:27:37,38000.0,CASH,COMPLETED
TRX-KLN-20260210-03843,2026-02-10 19:21:45,65000.0,CASH,COMPLETED
TRX-KLN-20260210-03844,2026-02-10 20:44:59,61000.0,CASH,COMPLETED
TRX-KLN-20260210-03845,2026-02-10 20:59:04,16000.0,EWALLET,COMPLETED
TRX-KLN-20260210-03846,2026-02-10 16:59:08,16000.0,CASH,COMPLETED
TRX-KLN-20260210-03847,2026-02-10 15:17:33,5500.0,CASH,COMPLETED
TRX-KLN-20260210-03848,2026-02-10 17:38:31,45000.0,CASH,COMPLETED
TRX-KLN-20260210-03849,2026-02-10 19:15:16,28000.0,CASH,COMPLETED
TRX-KLN-20260210-03850,2026-02-10 10:36:45,12000.0,CASH,COMPLETED
TRX-KLN-20260210-03851,2026-02-10 08:13:00,51000.0,CASH,COMPLETED
TRX-KLN-20260210-03852,2026-02-10 15:37:16,180400.0,CASH,COMPLETED
TRX-KLN-20260210-03853,2026-02-10 11:02:58,103500.0,QRIS,COMPLETED
TRX-KLN-20260210-03854,2026-02-10 07:33:19,220500.0,QRIS,COMPLETED
TRX-KLN-20260210-03855,2026-02-10 07:39:58,21000.0,CASH,COMPLETED
TRX-KLN-20260210-03856,2026-02-10 19:35:17,81000.0,CASH,COMPLETED
TRX-KLN-20260210-03857,2026-02-10 19:57:04,63000.0,CASH,COMPLETED
TRX-KLN-20260210-03858,2026-02-10 17:51:40,64000.0,CASH,COMPLETED
TRX-KLN-20260211-03859,2026-02-11 10:37:53,30500.0,CASH,COMPLETED
TRX-KLN-20260211-03860,2026-02-11 18:45:47,34000.0,CASH,COMPLETED
TRX-KLN-20260211-03861,2026-02-11 12:50:07,124000.0,CASH,COMPLETED
TRX-KLN-20260211-03862,2026-02-11 11:39:32,8500.0,CASH,COMPLETED
TRX-KLN-20260211-03863,2026-02-11 10:26:42,52000.0,CASH,COMPLETED
TRX-KLN-20260211-03864,2026-02-11 19:13:36,8500.0,CASH,COMPLETED
TRX-KLN-20260211-03865,2026-02-11 09:46:16,77000.0,CASH,COMPLETED
TRX-KLN-20260211-03866,2026-02-11 16:22:04,32000.0,QRIS,COMPLETED
TRX-KLN-20260211-03867,2026-02-11 12:50:12,96000.0,QRIS,COMPLETED
TRX-KLN-20260211-03868,2026-02-11 09:53:48,17500.0,QRIS,COMPLETED
TRX-KLN-20260211-03869,2026-02-11 13:34:22,68000.0,CASH,COMPLETED
TRX-KLN-20260211-03870,2026-02-11 11:28:04,144500.0,CASH,COMPLETED
TRX-KLN-20260211-03871,2026-02-11 16:28:11,9500.0,CASH,COMPLETED
TRX-KLN-20260211-03872,2026-02-11 21:36:26,26800.0,TRANSFER,COMPLETED
TRX-KLN-20260211-03873,2026-02-11 21:08:17,61000.0,CASH,COMPLETED
TRX-KLN-20260211-03874,2026-02-11 13:53:54,60000.0,CASH,COMPLETED
TRX-KLN-20260211-03875,2026-02-11 18:11:32,12000.0,QRIS,COMPLETED
TRX-KLN-20260211-03876,2026-02-11 19:03:43,31000.0,EWALLET,COMPLETED
TRX-KLN-20260211-03877,2026-02-11 10:57:16,37000.0,CASH,COMPLETED
TRX-KLN-20260211-03878,2026-02-11 18:40:29,12000.0,CASH,COMPLETED
TRX-KLN-20260211-03879,2026-02-11 09:42:22,63500.0,QRIS,COMPLETED
TRX-KLN-20260212-03880,2026-02-12 13:16:13,75000.0,QRIS,COMPLETED
TRX-KLN-20260212-03881,2026-02-12 11:03:56,8000.0,CASH,COMPLETED
TRX-KLN-20260212-03882,2026-02-12 15:40:07,3000.0,QRIS,COMPLETED
TRX-KLN-20260212-03883,2026-02-12 19:50:32,60000.0,QRIS,COMPLETED
TRX-KLN-20260212-03884,2026-02-12 13:12:11,82000.0,EWALLET,COMPLETED
TRX-KLN-20260212-03885,2026-02-12 09:00:48,31000.0,CASH,COMPLETED
TRX-KLN-20260212-03886,2026-02-12 14:57:01,25800.0,QRIS,COMPLETED
TRX-KLN-20260212-03887,2026-02-12 08:41:11,75000.0,EWALLET,COMPLETED
TRX-KLN-20260212-03888,2026-02-12 15:16:28,7000.0,EWALLET,COMPLETED
TRX-KLN-20260212-03889,2026-02-12 18:20:04,47000.0,CASH,COMPLETED
TRX-KLN-20260212-03890,2026-02-12 11:19:53,28000.0,CASH,COMPLETED
TRX-KLN-20260212-03891,2026-02-12 07:17:24,35000.0,CASH,COMPLETED
TRX-KLN-20260212-03892,2026-02-12 18:48:59,134500.0,CASH,COMPLETED
TRX-KLN-20260212-03893,2026-02-12 17:57:08,45000.0,TRANSFER,COMPLETED
TRX-KLN-20260212-03894,2026-02-12 15:26:44,62000.0,CASH,COMPLETED
TRX-KLN-20260212-03895,2026-02-12 08:50:12,112500.0,QRIS,COMPLETED
TRX-KLN-20260212-03896,2026-02-12 17:08:18,32000.0,CASH,COMPLETED
TRX-KLN-20260212-03897,2026-02-12 12:40:37,75000.0,CASH,COMPLETED
TRX-KLN-20260212-03898,2026-02-12 10:10:22,38500.0,CASH,COMPLETED
TRX-KLN-20260213-03899,2026-02-13 19:36:00,118500.0,CASH,COMPLETED
TRX-KLN-20260213-03900,2026-02-13 15:08:35,32000.0,CASH,COMPLETED
TRX-KLN-20260213-03901,2026-02-13 08:52:28,12000.0,CASH,COMPLETED
TRX-KLN-20260213-03902,2026-02-13 13:49:16,33000.0,CASH,COMPLETED
TRX-KLN-20260213-03903,2026-02-13 16:04:42,67000.0,QRIS,COMPLETED
TRX-KLN-20260213-03904,2026-02-13 12:47:54,6000.0,QRIS,COMPLETED
TRX-KLN-20260213-03905,2026-02-13 08:46:35,32000.0,CASH,COMPLETED
TRX-KLN-20260213-03906,2026-02-13 10:38:49,29000.0,QRIS,COMPLETED
TRX-KLN-20260213-03907,2026-02-13 17:55:36,109500.0,TRANSFER,COMPLETED
TRX-KLN-20260213-03908,2026-02-13 20:18:26,4000.0,TRANSFER,COMPLETED
TRX-KLN-20260213-03909,2026-02-13 12:29:27,17000.0,QRIS,COMPLETED
TRX-KLN-20260213-03910,2026-02-13 12:56:44,65000.0,CASH,COMPLETED
TRX-KLN-20260213-03911,2026-02-13 12:17:47,42900.0,CASH,COMPLETED
TRX-KLN-20260213-03912,2026-02-13 08:50:41,136000.0,CASH,COMPLETED
TRX-KLN-20260213-03913,2026-02-13 09:18:32,12000.0,CASH,COMPLETED
TRX-KLN-20260214-03914,2026-02-14 12:35:11,87500.0,CASH,COMPLETED
TRX-KLN-20260214-03915,2026-02-14 18:03:36,70500.0,QRIS,COMPLETED
TRX-KLN-20260214-03916,2026-02-14 17:23:47,35000.0,CASH,COMPLETED
TRX-KLN-20260214-03917,2026-02-14 14:39:45,29000.0,CASH,COMPLETED
TRX-KLN-20260214-03918,2026-02-14 14:21:42,17100.0,CASH,COMPLETED
TRX-KLN-20260214-03919,2026-02-14 13:39:43,48000.0,CASH,COMPLETED
TRX-KLN-20260214-03920,2026-02-14 17:51:32,30000.0,CASH,COMPLETED
TRX-KLN-20260214-03921,2026-02-14 17:42:55,32000.0,CASH,COMPLETED
TRX-KLN-20260214-03922,2026-02-14 15:00:17,8000.0,CASH,COMPLETED
TRX-KLN-20260214-03923,2026-02-14 14:29:48,41500.0,QRIS,COMPLETED
TRX-KLN-20260214-03924,2026-02-14 13:03:43,18000.0,QRIS,COMPLETED
TRX-KLN-20260214-03925,2026-02-14 14:02:55,28500.0,TRANSFER,COMPLETED
TRX-KLN-20260214-03926,2026-02-14 16:21:00,72500.0,CASH,COMPLETED
TRX-KLN-20260214-03927,2026-02-14 18:17:43,129000.0,CASH,COMPLETED
TRX-KLN-20260214-03928,2026-02-14 19:00:43,60000.0,CASH,COMPLETED
TRX-KLN-20260214-03929,2026-02-14 11:11:42,67000.0,QRIS,COMPLETED
TRX-KLN-20260214-03930,2026-02-14 12:12:37,6000.0,QRIS,COMPLETED
TRX-KLN-20260214-03931,2026-02-14 19:28:06,24000.0,CASH,COMPLETED
TRX-KLN-20260214-03932,2026-02-14 07:58:20,46000.0,CASH,COMPLETED
TRX-KLN-20260214-03933,2026-02-14 11:05:51,19000.0,CASH,COMPLETED
TRX-KLN-20260214-03934,2026-02-14 13:48:51,103500.0,CASH,COMPLETED
TRX-KLN-20260214-03935,2026-02-14 21:33:49,136000.0,EWALLET,COMPLETED
TRX-KLN-20260214-03936,2026-02-14 09:59:20,76500.0,TRANSFER,COMPLETED
TRX-KLN-20260215-03937,2026-02-15 15:25:15,157900.0,CASH,COMPLETED
TRX-KLN-20260215-03938,2026-02-15 14:16:42,30500.0,CASH,COMPLETED
TRX-KLN-20260215-03939,2026-02-15 17:00:43,62000.0,CASH,COMPLETED
TRX-KLN-20260215-03940,2026-02-15 08:45:55,34500.0,CASH,COMPLETED
TRX-KLN-20260215-03941,2026-02-15 17:20:53,20500.0,CASH,COMPLETED
TRX-KLN-20260215-03942,2026-02-15 20:31:21,136000.0,TRANSFER,COMPLETED
TRX-KLN-20260215-03943,2026-02-15 10:15:08,85000.0,TRANSFER,COMPLETED
TRX-KLN-20260215-03944,2026-02-15 18:07:30,206000.0,CASH,COMPLETED
TRX-KLN-20260215-03945,2026-02-15 16:25:47,181000.0,QRIS,COMPLETED
TRX-KLN-20260215-03946,2026-02-15 19:43:16,68000.0,EWALLET,COMPLETED
TRX-KLN-20260215-03947,2026-02-15 16:21:07,63500.0,QRIS,COMPLETED
TRX-KLN-20260215-03948,2026-02-15 12:32:07,54000.0,QRIS,COMPLETED
TRX-KLN-20260215-03949,2026-02-15 10:47:41,8000.0,CASH,COMPLETED
TRX-KLN-20260215-03950,2026-02-15 20:33:29,14000.0,CASH,COMPLETED
TRX-KLN-20260215-03951,2026-02-15 18:12:37,124000.0,CASH,COMPLETED
TRX-KLN-20260215-03952,2026-02-15 16:01:59,30000.0,CASH,COMPLETED
TRX-KLN-20260215-03953,2026-02-15 09:33:15,20000.0,CASH,COMPLETED
TRX-KLN-20260215-03954,2026-02-15 08:22:14,74000.0,CASH,COMPLETED
TRX-KLN-20260215-03955,2026-02-15 15:07:07,9500.0,CASH,COMPLETED
TRX-KLN-20260215-03956,2026-02-15 08:34:40,112000.0,CASH,COMPLETED
TRX-KLN-20260215-03957,2026-02-15 19:41:29,17000.0,CASH,COMPLETED
TRX-KLN-20260215-03958,2026-02-15 19:09:20,28000.0,EWALLET,COMPLETED
TRX-KLN-20260216-03959,2026-02-16 12:00:29,83000.0,QRIS,COMPLETED
TRX-KLN-20260216-03960,2026-02-16 09:00:34,16000.0,QRIS,COMPLETED
TRX-KLN-20260216-03961,2026-02-16 07:17:23,18000.0,EWALLET,COMPLETED
TRX-KLN-20260216-03962,2026-02-16 11:46:31,68000.0,CASH,COMPLETED
TRX-KLN-20260216-03963,2026-02-16 09:24:15,57500.0,CASH,COMPLETED
TRX-KLN-20260216-03964,2026-02-16 10:52:27,12000.0,CASH,COMPLETED
TRX-KLN-20260216-03965,2026-02-16 17:53:51,17000.0,CASH,COMPLETED
TRX-KLN-20260216-03966,2026-02-16 16:49:32,48000.0,CASH,COMPLETED
TRX-KLN-20260216-03967,2026-02-16 16:45:43,37000.0,CASH,COMPLETED
TRX-KLN-20260216-03968,2026-02-16 15:25:57,32000.0,CASH,COMPLETED
TRX-KLN-20260216-03969,2026-02-16 16:32:51,34500.0,QRIS,COMPLETED
TRX-KLN-20260216-03970,2026-02-16 18:21:17,14000.0,EWALLET,COMPLETED
TRX-KLN-20260217-03971,2026-02-17 18:28:41,38000.0,EWALLET,COMPLETED
TRX-KLN-20260217-03972,2026-02-17 11:10:33,67500.0,TRANSFER,COMPLETED
TRX-KLN-20260217-03973,2026-02-17 13:49:52,168000.0,CASH,COMPLETED
TRX-KLN-20260217-03974,2026-02-17 09:43:51,8500.0,TRANSFER,COMPLETED
TRX-KLN-20260217-03975,2026-02-17 11:01:39,116400.0,TRANSFER,COMPLETED
TRX-KLN-20260217-03976,2026-02-17 08:11:51,42000.0,QRIS,COMPLETED
TRX-KLN-20260217-03977,2026-02-17 18:24:19,9000.0,TRANSFER,COMPLETED
TRX-KLN-20260217-03978,2026-02-17 12:17:51,30000.0,CASH,COMPLETED
TRX-KLN-20260217-03979,2026-02-17 11:22:29,58000.0,TRANSFER,COMPLETED
TRX-KLN-20260217-03980,2026-02-17 13:46:00,55700.0,QRIS,COMPLETED
TRX-KLN-20260217-03981,2026-02-17 19:22:36,98000.0,CASH,COMPLETED
TRX-KLN-20260217-03982,2026-02-17 14:51:30,12000.0,QRIS,COMPLETED
TRX-KLN-20260218-03983,2026-02-18 07:07:10,15000.0,EWALLET,COMPLETED
TRX-KLN-20260218-03984,2026-02-18 10:42:06,45000.0,CASH,COMPLETED
TRX-KLN-20260218-03985,2026-02-18 09:55:55,15400.0,QRIS,COMPLETED
TRX-KLN-20260218-03986,2026-02-18 19:55:58,27500.0,EWALLET,COMPLETED
TRX-KLN-20260218-03987,2026-02-18 07:48:12,8000.0,CASH,COMPLETED
TRX-KLN-20260218-03988,2026-02-18 07:00:56,70500.0,EWALLET,COMPLETED
TRX-KLN-20260218-03989,2026-02-18 10:20:58,136000.0,QRIS,COMPLETED
TRX-KLN-20260218-03990,2026-02-18 21:22:16,58000.0,CASH,COMPLETED
TRX-KLN-20260218-03991,2026-02-18 14:29:43,48500.0,QRIS,COMPLETED
TRX-KLN-20260218-03992,2026-02-18 16:45:23,8500.0,CASH,COMPLETED
TRX-KLN-20260218-03993,2026-02-18 17:25:43,18500.0,EWALLET,COMPLETED
TRX-KLN-20260218-03994,2026-02-18 08:16:12,55500.0,CASH,COMPLETED
TRX-KLN-20260218-03995,2026-02-18 09:50:31,62000.0,CASH,COMPLETED
TRX-KLN-20260218-03996,2026-02-18 15:07:16,11000.0,CASH,COMPLETED
TRX-KLN-20260218-03997,2026-02-18 17:19:05,7000.0,CASH,COMPLETED
TRX-KLN-20260218-03998,2026-02-18 21:28:40,136000.0,QRIS,COMPLETED
TRX-KLN-20260218-03999,2026-02-18 16:25:39,48500.0,QRIS,COMPLETED
TRX-KLN-20260218-04000,2026-02-18 17:25:30,51000.0,CASH,COMPLETED
TRX-KLN-20260218-04001,2026-02-18 17:54:03,152000.0,CASH,COMPLETED
TRX-KLN-20260218-04002,2026-02-18 10:16:06,59000.0,QRIS,COMPLETED
TRX-KLN-20260218-04003,2026-02-18 09:40:43,12000.0,TRANSFER,COMPLETED
TRX-KLN-20260218-04004,2026-02-18 17:46:35,18500.0,QRIS,COMPLETED
TRX-KLN-20260218-04005,2026-02-18 08:09:13,150000.0,CASH,COMPLETED
TRX-KLN-20260218-04006,2026-02-18 16:23:52,44000.0,CASH,COMPLETED
TRX-KLN-20260218-04007,2026-02-18 20:14:28,40000.0,CASH,COMPLETED
TRX-KLN-20260218-04008,2026-02-18 08:39:09,49500.0,CASH,COMPLETED
TRX-KLN-20260219-04009,2026-02-19 07:41:27,16000.0,CASH,COMPLETED
TRX-KLN-20260219-04010,2026-02-19 18:15:30,39000.0,CASH,COMPLETED
TRX-KLN-20260219-04011,2026-02-19 09:04:18,20500.0,CASH,COMPLETED
TRX-KLN-20260219-04012,2026-02-19 20:10:53,3100.0,CASH,COMPLETED
TRX-KLN-20260219-04013,2026-02-19 14:28:24,136000.0,TRANSFER,COMPLETED
TRX-KLN-20260219-04014,2026-02-19 10:26:43,16000.0,QRIS,COMPLETED
TRX-KLN-20260219-04015,2026-02-19 09:18:00,47000.0,CASH,COMPLETED
TRX-KLN-20260219-04016,2026-02-19 08:14:36,105000.0,EWALLET,COMPLETED
TRX-KLN-20260219-04017,2026-02-19 17:33:38,12000.0,QRIS,COMPLETED
TRX-KLN-20260219-04018,2026-02-19 17:50:36,103500.0,CASH,COMPLETED
TRX-KLN-20260219-04019,2026-02-19 07:51:29,9500.0,CASH,COMPLETED
TRX-KLN-20260219-04020,2026-02-19 17:54:22,6000.0,CASH,COMPLETED
TRX-KLN-20260219-04021,2026-02-19 14:03:47,57300.0,QRIS,COMPLETED
TRX-KLN-20260219-04022,2026-02-19 15:24:02,6200.0,CASH,COMPLETED
TRX-KLN-20260219-04023,2026-02-19 10:46:20,57000.0,QRIS,COMPLETED
TRX-KLN-20260219-04024,2026-02-19 11:47:47,120000.0,CASH,COMPLETED
TRX-KLN-20260219-04025,2026-02-19 15:45:56,14000.0,CASH,COMPLETED
TRX-KLN-20260219-04026,2026-02-19 15:59:41,3000.0,QRIS,COMPLETED
TRX-KLN-20260219-04027,2026-02-19 12:44:48,17000.0,CASH,COMPLETED
TRX-KLN-20260219-04028,2026-02-19 20:26:33,109000.0,CASH,COMPLETED
TRX-KLN-20260219-04029,2026-02-19 08:38:04,61000.0,QRIS,COMPLETED
TRX-KLN-20260219-04030,2026-02-19 17:53:26,12000.0,QRIS,COMPLETED
TRX-KLN-20260219-04031,2026-02-19 20:33:06,32000.0,CASH,COMPLETED
TRX-KLN-20260219-04032,2026-02-19 18:31:36,36000.0,CASH,COMPLETED
TRX-KLN-20260219-04033,2026-02-19 09:43:58,12500.0,TRANSFER,COMPLETED
TRX-KLN-20260219-04034,2026-02-19 18:55:24,19000.0,CASH,COMPLETED
TRX-KLN-20260219-04035,2026-02-19 14:40:15,20500.0,CASH,COMPLETED
TRX-KLN-20260219-04036,2026-02-19 09:48:23,23000.0,TRANSFER,COMPLETED
TRX-KLN-20260219-04037,2026-02-19 17:53:47,9000.0,CASH,COMPLETED
TRX-KLN-20260219-04038,2026-02-19 17:13:30,14000.0,CASH,COMPLETED
TRX-KLN-20260219-04039,2026-02-19 17:55:35,77000.0,CASH,COMPLETED
TRX-KLN-20260220-04040,2026-02-20 11:57:32,14000.0,EWALLET,COMPLETED
TRX-KLN-20260220-04041,2026-02-20 09:21:07,8000.0,TRANSFER,COMPLETED
TRX-KLN-20260220-04042,2026-02-20 17:25:57,60000.0,CASH,COMPLETED
TRX-KLN-20260220-04043,2026-02-20 08:48:33,63000.0,CASH,COMPLETED
TRX-KLN-20260220-04044,2026-02-20 08:44:37,60000.0,QRIS,COMPLETED
TRX-KLN-20260220-04045,2026-02-20 07:25:35,64000.0,QRIS,COMPLETED
TRX-KLN-20260220-04046,2026-02-20 16:23:48,82500.0,TRANSFER,COMPLETED
TRX-KLN-20260220-04047,2026-02-20 18:44:39,14000.0,QRIS,COMPLETED
TRX-KLN-20260220-04048,2026-02-20 10:48:24,25500.0,CASH,COMPLETED
TRX-KLN-20260220-04049,2026-02-20 07:53:22,136000.0,QRIS,COMPLETED
TRX-KLN-20260220-04050,2026-02-20 12:19:50,9000.0,CASH,COMPLETED
TRX-KLN-20260220-04051,2026-02-20 17:35:40,16000.0,QRIS,COMPLETED
TRX-KLN-20260220-04052,2026-02-20 08:41:58,100500.0,EWALLET,COMPLETED
TRX-KLN-20260220-04053,2026-02-20 11:22:34,194000.0,CASH,COMPLETED
TRX-KLN-20260220-04054,2026-02-20 18:31:35,25500.0,CASH,COMPLETED
TRX-KLN-20260220-04055,2026-02-20 18:55:58,136000.0,CASH,COMPLETED
TRX-KLN-20260220-04056,2026-02-20 17:00:59,92000.0,CASH,COMPLETED
TRX-KLN-20260221-04057,2026-02-21 20:58:08,9000.0,CASH,COMPLETED
TRX-KLN-20260221-04058,2026-02-21 18:43:10,1500.0,CASH,COMPLETED
TRX-KLN-20260221-04059,2026-02-21 08:23:51,58000.0,CASH,COMPLETED
TRX-KLN-20260221-04060,2026-02-21 13:51:19,6200.0,CASH,COMPLETED
TRX-KLN-20260221-04061,2026-02-21 14:44:24,132500.0,QRIS,COMPLETED
TRX-KLN-20260221-04062,2026-02-21 15:15:40,42000.0,CASH,COMPLETED
TRX-KLN-20260221-04063,2026-02-21 19:50:48,34500.0,QRIS,COMPLETED
TRX-KLN-20260221-04064,2026-02-21 14:52:06,123500.0,CASH,COMPLETED
TRX-KLN-20260221-04065,2026-02-21 16:09:35,21500.0,CASH,COMPLETED
TRX-KLN-20260221-04066,2026-02-21 20:23:19,65500.0,CASH,COMPLETED
TRX-KLN-20260221-04067,2026-02-21 11:09:40,30500.0,QRIS,COMPLETED
TRX-KLN-20260221-04068,2026-02-21 13:59:27,76000.0,CASH,COMPLETED
TRX-KLN-20260221-04069,2026-02-21 11:32:13,7000.0,CASH,COMPLETED
TRX-KLN-20260221-04070,2026-02-21 18:16:49,9500.0,CASH,COMPLETED
TRX-KLN-20260221-04071,2026-02-21 16:14:24,53000.0,CASH,COMPLETED
TRX-KLN-20260221-04072,2026-02-21 19:28:40,8000.0,CASH,COMPLETED
TRX-KLN-20260221-04073,2026-02-21 10:21:18,102500.0,CASH,COMPLETED
TRX-KLN-20260221-04074,2026-02-21 07:59:55,5500.0,EWALLET,COMPLETED
TRX-KLN-20260221-04075,2026-02-21 19:07:49,45000.0,CASH,COMPLETED
TRX-KLN-20260221-04076,2026-02-21 17:09:50,6000.0,CASH,COMPLETED
TRX-KLN-20260221-04077,2026-02-21 16:48:55,16000.0,CASH,COMPLETED
TRX-KLN-20260221-04078,2026-02-21 12:10:50,18800.0,QRIS,COMPLETED
TRX-KLN-20260221-04079,2026-02-21 18:55:34,28000.0,EWALLET,COMPLETED
TRX-KLN-20260221-04080,2026-02-21 10:05:34,26500.0,CASH,COMPLETED
TRX-KLN-20260221-04081,2026-02-21 19:54:30,82000.0,CASH,COMPLETED
TRX-KLN-20260221-04082,2026-02-21 09:35:41,12500.0,CASH,COMPLETED
TRX-KLN-20260221-04083,2026-02-21 08:51:55,21000.0,CASH,COMPLETED
TRX-KLN-20260221-04084,2026-02-21 18:53:26,20300.0,QRIS,COMPLETED
TRX-KLN-20260221-04085,2026-02-21 17:29:17,31000.0,CASH,COMPLETED
TRX-KLN-20260221-04086,2026-02-21 13:45:20,14000.0,TRANSFER,COMPLETED
TRX-KLN-20260221-04087,2026-02-21 15:28:06,4000.0,CASH,COMPLETED
TRX-KLN-20260221-04088,2026-02-21 15:16:23,56000.0,CASH,COMPLETED
TRX-KLN-20260221-04089,2026-02-21 07:42:22,18700.0,CASH,COMPLETED
TRX-KLN-20260221-04090,2026-02-21 12:57:06,40000.0,QRIS,COMPLETED
TRX-KLN-20260221-04091,2026-02-21 15:15:46,28000.0,EWALLET,COMPLETED
TRX-KLN-20260221-04092,2026-02-21 16:52:38,12000.0,CASH,COMPLETED
TRX-KLN-20260221-04093,2026-02-21 18:27:53,17000.0,CASH,COMPLETED
TRX-KLN-20260222-04094,2026-02-22 13:24:05,6000.0,CASH,COMPLETED
TRX-KLN-20260222-04095,2026-02-22 10:00:15,14000.0,CASH,COMPLETED
TRX-KLN-20260222-04096,2026-02-22 18:52:00,9500.0,QRIS,COMPLETED
TRX-KLN-20260222-04097,2026-02-22 17:03:32,4600.0,QRIS,COMPLETED
TRX-KLN-20260222-04098,2026-02-22 11:13:01,91000.0,CASH,COMPLETED
TRX-KLN-20260222-04099,2026-02-22 19:54:00,7000.0,CASH,COMPLETED
TRX-KLN-20260222-04100,2026-02-22 17:04:37,84000.0,CASH,COMPLETED
TRX-KLN-20260222-04101,2026-02-22 12:21:31,18500.0,QRIS,COMPLETED
TRX-KLN-20260222-04102,2026-02-22 15:35:49,8000.0,QRIS,COMPLETED
TRX-KLN-20260222-04103,2026-02-22 16:24:34,12000.0,CASH,COMPLETED
TRX-KLN-20260222-04104,2026-02-22 17:27:59,21000.0,CASH,COMPLETED
TRX-KLN-20260222-04105,2026-02-22 15:36:11,77500.0,CASH,COMPLETED
TRX-KLN-20260222-04106,2026-02-22 08:17:11,54500.0,CASH,COMPLETED
TRX-KLN-20260222-04107,2026-02-22 09:32:17,9000.0,TRANSFER,COMPLETED
TRX-KLN-20260222-04108,2026-02-22 15:58:23,90000.0,QRIS,COMPLETED
TRX-KLN-20260222-04109,2026-02-22 08:30:20,120000.0,CASH,COMPLETED
TRX-KLN-20260222-04110,2026-02-22 12:43:40,38000.0,CASH,COMPLETED
TRX-KLN-20260222-04111,2026-02-22 08:29:27,42000.0,TRANSFER,COMPLETED
TRX-KLN-20260222-04112,2026-02-22 18:06:16,65000.0,CASH,COMPLETED
TRX-KLN-20260222-04113,2026-02-22 14:41:00,38000.0,QRIS,COMPLETED
TRX-KLN-20260222-04114,2026-02-22 07:02:12,23000.0,EWALLET,COMPLETED
TRX-KLN-20260222-04115,2026-02-22 19:07:12,12500.0,QRIS,COMPLETED
TRX-KLN-20260222-04116,2026-02-22 09:01:44,27000.0,CASH,COMPLETED
TRX-KLN-20260223-04117,2026-02-23 11:48:59,122000.0,CASH,COMPLETED
TRX-KLN-20260223-04118,2026-02-23 14:30:12,13200.0,TRANSFER,COMPLETED
TRX-KLN-20260223-04119,2026-02-23 14:30:40,83000.0,CASH,COMPLETED
TRX-KLN-20260223-04120,2026-02-23 11:16:17,181000.0,TRANSFER,COMPLETED
TRX-KLN-20260223-04121,2026-02-23 16:27:17,74500.0,TRANSFER,COMPLETED
TRX-KLN-20260223-04122,2026-02-23 17:51:42,8500.0,QRIS,COMPLETED
TRX-KLN-20260223-04123,2026-02-23 18:59:23,53500.0,EWALLET,COMPLETED
TRX-KLN-20260223-04124,2026-02-23 16:08:57,9500.0,CASH,COMPLETED
TRX-KLN-20260223-04125,2026-02-23 10:11:08,112500.0,TRANSFER,COMPLETED
TRX-KLN-20260223-04126,2026-02-23 19:15:24,29000.0,CASH,COMPLETED
TRX-KLN-20260223-04127,2026-02-23 16:46:42,112500.0,CASH,COMPLETED
TRX-KLN-20260223-04128,2026-02-23 11:01:26,55500.0,CASH,COMPLETED
TRX-KLN-20260223-04129,2026-02-23 19:42:17,34500.0,CASH,COMPLETED
TRX-KLN-20260223-04130,2026-02-23 09:19:20,51000.0,CASH,COMPLETED
TRX-KLN-20260223-04131,2026-02-23 17:38:40,76600.0,CASH,COMPLETED
TRX-KLN-20260223-04132,2026-02-23 17:20:28,19000.0,CASH,COMPLETED
TRX-KLN-20260223-04133,2026-02-23 17:12:47,42000.0,CASH,COMPLETED
TRX-KLN-20260223-04134,2026-02-23 14:35:10,96000.0,QRIS,COMPLETED
TRX-KLN-20260223-04135,2026-02-23 08:41:00,21000.0,CASH,COMPLETED
TRX-KLN-20260223-04136,2026-02-23 19:05:15,21000.0,CASH,COMPLETED
TRX-KLN-20260223-04137,2026-02-23 20:59:23,56000.0,CASH,COMPLETED
TRX-KLN-20260223-04138,2026-02-23 15:39:31,74500.0,CASH,COMPLETED
TRX-KLN-20260223-04139,2026-02-23 09:33:17,114000.0,CASH,COMPLETED
TRX-KLN-20260223-04140,2026-02-23 13:11:25,55500.0,QRIS,COMPLETED
TRX-KLN-20260223-04141,2026-02-23 15:11:21,72000.0,CASH,COMPLETED
TRX-KLN-20260223-04142,2026-02-23 12:35:53,136000.0,CASH,COMPLETED
TRX-KLN-20260223-04143,2026-02-23 09:10:05,21000.0,CASH,COMPLETED
TRX-KLN-20260224-04144,2026-02-24 08:35:12,19000.0,CASH,COMPLETED
TRX-KLN-20260224-04145,2026-02-24 13:41:37,79000.0,QRIS,COMPLETED
TRX-KLN-20260224-04146,2026-02-24 14:00:05,18500.0,CASH,COMPLETED
TRX-KLN-20260224-04147,2026-02-24 16:43:52,62000.0,EWALLET,COMPLETED
TRX-KLN-20260224-04148,2026-02-24 17:22:17,6000.0,CASH,COMPLETED
TRX-KLN-20260224-04149,2026-02-24 14:14:31,60000.0,QRIS,COMPLETED
TRX-KLN-20260224-04150,2026-02-24 11:02:50,19000.0,CASH,COMPLETED
TRX-KLN-20260224-04151,2026-02-24 13:48:40,99000.0,CASH,COMPLETED
TRX-KLN-20260224-04152,2026-02-24 14:01:57,29000.0,QRIS,COMPLETED
TRX-KLN-20260224-04153,2026-02-24 12:54:15,3000.0,QRIS,COMPLETED
TRX-KLN-20260224-04154,2026-02-24 15:18:29,107000.0,CASH,COMPLETED
TRX-KLN-20260224-04155,2026-02-24 07:35:45,8000.0,TRANSFER,COMPLETED
TRX-KLN-20260224-04156,2026-02-24 12:03:03,68000.0,CASH,COMPLETED
TRX-KLN-20260224-04157,2026-02-24 19:27:51,54000.0,CASH,COMPLETED
TRX-KLN-20260224-04158,2026-02-24 07:23:30,21000.0,TRANSFER,COMPLETED
TRX-KLN-20260224-04159,2026-02-24 20:24:03,129000.0,QRIS,COMPLETED
TRX-KLN-20260224-04160,2026-02-24 09:12:38,59000.0,CASH,COMPLETED
TRX-KLN-20260224-04161,2026-02-24 17:41:22,157000.0,CASH,COMPLETED
TRX-KLN-20260224-04162,2026-02-24 07:35:17,7500.0,TRANSFER,COMPLETED
TRX-KLN-20260224-04163,2026-02-24 19:46:32,17000.0,CASH,COMPLETED
TRX-KLN-20260224-04164,2026-02-24 15:34:25,16000.0,CASH,COMPLETED
TRX-KLN-20260224-04165,2026-02-24 17:46:45,132000.0,CASH,COMPLETED
TRX-KLN-20260224-04166,2026-02-24 19:37:55,58000.0,CASH,COMPLETED
TRX-KLN-20260224-04167,2026-02-24 13:46:49,12000.0,CASH,COMPLETED
TRX-KLN-20260224-04168,2026-02-24 17:35:51,58000.0,CASH,COMPLETED
TRX-KLN-20260224-04169,2026-02-24 17:08:32,4000.0,CASH,COMPLETED
TRX-KLN-20260225-04170,2026-02-25 20:36:22,23000.0,QRIS,COMPLETED
TRX-KLN-20260225-04171,2026-02-25 13:45:52,132400.0,EWALLET,COMPLETED
TRX-KLN-20260225-04172,2026-02-25 10:19:51,18000.0,CASH,COMPLETED
TRX-KLN-20260225-04173,2026-02-25 10:19:42,140000.0,CASH,COMPLETED
TRX-KLN-20260225-04174,2026-02-25 09:56:34,76500.0,CASH,COMPLETED
TRX-KLN-20260225-04175,2026-02-25 19:49:50,66000.0,CASH,COMPLETED
TRX-KLN-20260225-04176,2026-02-25 19:08:24,48000.0,CASH,COMPLETED
TRX-KLN-20260225-04177,2026-02-25 10:57:50,32000.0,QRIS,COMPLETED
TRX-KLN-20260225-04178,2026-02-25 20:35:11,34000.0,TRANSFER,COMPLETED
TRX-KLN-20260225-04179,2026-02-25 10:59:00,44000.0,CASH,COMPLETED
TRX-KLN-20260225-04180,2026-02-25 12:37:03,9500.0,QRIS,COMPLETED
TRX-KLN-20260225-04181,2026-02-25 13:03:47,25000.0,TRANSFER,COMPLETED
TRX-KLN-20260225-04182,2026-02-25 09:51:39,72000.0,CASH,COMPLETED
TRX-KLN-20260225-04183,2026-02-25 10:08:00,106000.0,CASH,COMPLETED
TRX-KLN-20260225-04184,2026-02-25 13:52:51,127500.0,TRANSFER,COMPLETED
TRX-KLN-20260225-04185,2026-02-25 15:27:21,4000.0,QRIS,COMPLETED
TRX-KLN-20260225-04186,2026-02-25 18:19:38,16000.0,QRIS,COMPLETED
TRX-KLN-20260225-04187,2026-02-25 21:35:02,76000.0,CASH,COMPLETED
TRX-KLN-20260225-04188,2026-02-25 10:03:02,21000.0,CASH,COMPLETED
TRX-KLN-20260225-04189,2026-02-25 18:55:40,30500.0,CASH,COMPLETED
TRX-KLN-20260225-04190,2026-02-25 21:19:41,136500.0,CASH,COMPLETED
TRX-KLN-20260225-04191,2026-02-25 09:43:56,12400.0,EWALLET,COMPLETED
TRX-KLN-20260225-04192,2026-02-25 21:12:17,12400.0,CASH,COMPLETED
TRX-KLN-20260225-04193,2026-02-25 10:15:50,67000.0,CASH,COMPLETED
TRX-KLN-20260225-04194,2026-02-25 16:35:11,43500.0,TRANSFER,COMPLETED
TRX-KLN-20260225-04195,2026-02-25 15:57:52,8000.0,QRIS,COMPLETED
TRX-KLN-20260225-04196,2026-02-25 17:50:22,79000.0,CASH,COMPLETED
TRX-KLN-20260225-04197,2026-02-25 14:42:09,75000.0,CASH,COMPLETED
TRX-KLN-20260225-04198,2026-02-25 09:49:50,22500.0,CASH,COMPLETED
TRX-KLN-20260225-04199,2026-02-25 13:34:37,16500.0,CASH,COMPLETED
TRX-KLN-20260225-04200,2026-02-25 20:07:32,12400.0,CASH,COMPLETED
TRX-KLN-20260225-04201,2026-02-25 17:07:54,3100.0,CASH,COMPLETED
TRX-KLN-20260225-04202,2026-02-25 08:30:18,39000.0,CASH,COMPLETED
TRX-KLN-20260225-04203,2026-02-25 12:27:55,114000.0,TRANSFER,COMPLETED
TRX-KLN-20260225-04204,2026-02-25 12:17:44,78000.0,CASH,COMPLETED
TRX-KLN-20260225-04205,2026-02-25 08:44:30,44000.0,QRIS,COMPLETED
TRX-KLN-20260225-04206,2026-02-25 18:16:49,30500.0,CASH,COMPLETED
TRX-KLN-20260225-04207,2026-02-25 20:28:59,6200.0,CASH,COMPLETED
TRX-KLN-20260225-04208,2026-02-25 16:10:01,139000.0,CASH,COMPLETED
TRX-KLN-20260226-04209,2026-02-26 17:38:02,25500.0,TRANSFER,COMPLETED
TRX-KLN-20260226-04210,2026-02-26 17:31:22,58000.0,CASH,COMPLETED
TRX-KLN-20260226-04211,2026-02-26 15:07:12,158000.0,CASH,COMPLETED
TRX-KLN-20260226-04212,2026-02-26 10:47:47,4000.0,TRANSFER,COMPLETED
TRX-KLN-20260226-04213,2026-02-26 21:16:42,5500.0,CASH,COMPLETED
TRX-KLN-20260226-04214,2026-02-26 12:28:57,21300.0,CASH,COMPLETED
TRX-KLN-20260226-04215,2026-02-26 09:04:29,36000.0,CASH,COMPLETED
TRX-KLN-20260226-04216,2026-02-26 13:52:19,50000.0,CASH,COMPLETED
TRX-KLN-20260226-04217,2026-02-26 14:39:23,63500.0,CASH,COMPLETED
TRX-KLN-20260226-04218,2026-02-26 12:27:51,12500.0,TRANSFER,COMPLETED
TRX-KLN-20260226-04219,2026-02-26 07:43:17,40000.0,CASH,COMPLETED
TRX-KLN-20260226-04220,2026-02-26 18:35:35,11500.0,TRANSFER,COMPLETED
TRX-KLN-20260226-04221,2026-02-26 18:43:40,120000.0,CASH,COMPLETED
TRX-KLN-20260226-04222,2026-02-26 10:20:52,32000.0,CASH,COMPLETED
TRX-KLN-20260226-04223,2026-02-26 08:47:28,48000.0,CASH,COMPLETED
TRX-KLN-20260226-04224,2026-02-26 10:40:35,12000.0,CASH,COMPLETED
TRX-KLN-20260226-04225,2026-02-26 11:01:30,6200.0,TRANSFER,COMPLETED
TRX-KLN-20260226-04226,2026-02-26 16:25:22,51000.0,TRANSFER,COMPLETED
TRX-KLN-20260226-04227,2026-02-26 18:21:44,60000.0,QRIS,COMPLETED
TRX-KLN-20260226-04228,2026-02-26 19:42:39,70000.0,CASH,COMPLETED
TRX-KLN-20260226-04229,2026-02-26 12:45:07,69000.0,CASH,COMPLETED
TRX-KLN-20260226-04230,2026-02-26 19:49:16,43000.0,CASH,COMPLETED
TRX-KLN-20260226-04231,2026-02-26 19:44:39,46800.0,CASH,COMPLETED
TRX-KLN-20260226-04232,2026-02-26 16:20:31,32000.0,TRANSFER,COMPLETED
TRX-KLN-20260226-04233,2026-02-26 07:20:45,128000.0,QRIS,COMPLETED
TRX-KLN-20260226-04234,2026-02-26 10:13:57,65000.0,CASH,COMPLETED
TRX-KLN-20260226-04235,2026-02-26 18:26:00,11000.0,CASH,COMPLETED
TRX-KLN-20260226-04236,2026-02-26 09:32:50,12000.0,EWALLET,COMPLETED
TRX-KLN-20260226-04237,2026-02-26 15:05:55,12500.0,CASH,COMPLETED
TRX-KLN-20260226-04238,2026-02-26 08:14:01,67000.0,CASH,COMPLETED
TRX-KLN-20260226-04239,2026-02-26 07:13:59,152000.0,CASH,COMPLETED
TRX-KLN-20260227-04240,2026-02-27 13:51:38,45000.0,QRIS,COMPLETED
TRX-KLN-20260227-04241,2026-02-27 09:31:56,19500.0,CASH,COMPLETED
TRX-KLN-20260227-04242,2026-02-27 17:22:57,25500.0,QRIS,COMPLETED
TRX-KLN-20260227-04243,2026-02-27 15:43:15,154500.0,QRIS,COMPLETED
TRX-KLN-20260227-04244,2026-02-27 19:48:20,25500.0,CASH,COMPLETED
TRX-KLN-20260227-04245,2026-02-27 12:36:31,139500.0,QRIS,COMPLETED
TRX-KLN-20260227-04246,2026-02-27 20:06:01,68000.0,EWALLET,COMPLETED
TRX-KLN-20260227-04247,2026-02-27 08:01:48,67500.0,CASH,COMPLETED
TRX-KLN-20260227-04248,2026-02-27 20:23:24,24000.0,CASH,COMPLETED
TRX-KLN-20260227-04249,2026-02-27 14:14:51,57800.0,CASH,COMPLETED
TRX-KLN-20260227-04250,2026-02-27 17:48:36,8500.0,CASH,COMPLETED
TRX-KLN-20260227-04251,2026-02-27 18:08:58,22500.0,CASH,COMPLETED
TRX-KLN-20260227-04252,2026-02-27 09:18:47,34000.0,TRANSFER,COMPLETED
TRX-KLN-20260227-04253,2026-02-27 12:00:41,6000.0,CASH,COMPLETED
TRX-KLN-20260227-04254,2026-02-27 18:39:37,68000.0,QRIS,COMPLETED
TRX-KLN-20260227-04255,2026-02-27 14:18:23,124500.0,CASH,COMPLETED
TRX-KLN-20260227-04256,2026-02-27 20:17:04,60000.0,QRIS,COMPLETED
TRX-KLN-20260227-04257,2026-02-27 10:24:08,67000.0,CASH,COMPLETED
TRX-KLN-20260227-04258,2026-02-27 08:56:17,164000.0,CASH,COMPLETED
TRX-KLN-20260227-04259,2026-02-27 16:17:22,247000.0,CASH,COMPLETED
TRX-KLN-20260227-04260,2026-02-27 08:39:11,64000.0,CASH,COMPLETED
TRX-KLN-20260227-04261,2026-02-27 09:06:13,145000.0,QRIS,COMPLETED
TRX-KLN-20260227-04262,2026-02-27 07:27:52,19000.0,QRIS,COMPLETED
TRX-KLN-20260227-04263,2026-02-27 16:12:56,116000.0,CASH,COMPLETED
TRX-KLN-20260227-04264,2026-02-27 15:38:34,166000.0,EWALLET,COMPLETED
TRX-KLN-20260227-04265,2026-02-27 18:12:29,120000.0,TRANSFER,COMPLETED
TRX-KLN-20260227-04266,2026-02-27 08:05:39,5500.0,TRANSFER,COMPLETED
TRX-KLN-20260227-04267,2026-02-27 09:22:40,38000.0,CASH,COMPLETED
TRX-KLN-20260227-04268,2026-02-27 09:37:53,41600.0,QRIS,COMPLETED
TRX-KLN-20260228-04269,2026-02-28 07:47:24,7000.0,QRIS,COMPLETED
TRX-KLN-20260228-04270,2026-02-28 10:26:59,32000.0,CASH,COMPLETED
TRX-KLN-20260228-04271,2026-02-28 15:11:48,31000.0,CASH,COMPLETED
TRX-KLN-20260228-04272,2026-02-28 18:01:14,107500.0,QRIS,COMPLETED
TRX-KLN-20260228-04273,2026-02-28 12:40:47,8000.0,CASH,COMPLETED
TRX-KLN-20260228-04274,2026-02-28 14:47:31,48000.0,CASH,COMPLETED
TRX-KLN-20260228-04275,2026-02-28 12:31:07,17500.0,QRIS,COMPLETED
TRX-KLN-20260228-04276,2026-02-28 11:15:59,6200.0,CASH,COMPLETED
TRX-KLN-20260228-04277,2026-02-28 11:44:57,16000.0,CASH,COMPLETED
TRX-KLN-20260228-04278,2026-02-28 19:55:12,48000.0,CASH,COMPLETED
TRX-KLN-20260228-04279,2026-02-28 18:49:52,55000.0,CASH,COMPLETED
TRX-KLN-20260228-04280,2026-02-28 10:39:30,58000.0,EWALLET,COMPLETED
TRX-KLN-20260228-04281,2026-02-28 19:02:30,67500.0,CASH,COMPLETED
TRX-KLN-20260228-04282,2026-02-28 20:01:35,28000.0,CASH,COMPLETED
TRX-KLN-20260228-04283,2026-02-28 17:57:39,25500.0,QRIS,COMPLETED
TRX-KLN-20260228-04284,2026-02-28 18:00:29,20000.0,CASH,COMPLETED
TRX-KLN-20260228-04285,2026-02-28 11:57:17,36000.0,QRIS,COMPLETED
TRX-KLN-20260228-04286,2026-02-28 17:03:12,18400.0,CASH,COMPLETED
TRX-KLN-20260228-04287,2026-02-28 18:59:29,139500.0,QRIS,COMPLETED
TRX-KLN-20260228-04288,2026-02-28 07:15:20,136000.0,CASH,COMPLETED
TRX-KLN-20260228-04289,2026-02-28 11:50:53,8000.0,CASH,COMPLETED
TRX-KLN-20260228-04290,2026-02-28 09:45:59,60000.0,CASH,COMPLETED
TRX-KLN-20260228-04291,2026-02-28 17:59:26,37500.0,CASH,COMPLETED
TRX-KLN-20260228-04292,2026-02-28 07:19:18,124000.0,CASH,COMPLETED
TRX-KLN-20260228-04293,2026-02-28 15:55:09,43000.0,CASH,COMPLETED
TRX-KLN-20260228-04294,2026-02-28 09:41:59,82500.0,CASH,COMPLETED
TRX-KLN-20260228-04295,2026-02-28 13:20:22,55000.0,CASH,COMPLETED
TRX-KLN-20260228-04296,2026-02-28 08:53:30,71500.0,CASH,COMPLETED
TRX-KLN-20260228-04297,2026-02-28 15:50:38,45000.0,CASH,COMPLETED
TRX-KLN-20260301-04298,2026-03-01 11:35:38,68000.0,QRIS,COMPLETED
TRX-KLN-20260301-04299,2026-03-01 16:38:57,57500.0,QRIS,COMPLETED
TRX-KLN-20260301-04300,2026-03-01 11:59:10,4000.0,CASH,COMPLETED
TRX-KLN-20260301-04301,2026-03-01 08:12:12,121500.0,CASH,COMPLETED
TRX-KLN-20260301-04302,2026-03-01 18:40:31,64500.0,CASH,COMPLETED
TRX-KLN-20260301-04303,2026-03-01 19:55:26,3000.0,CASH,COMPLETED
TRX-KLN-20260301-04304,2026-03-01 16:02:07,31000.0,CASH,COMPLETED
TRX-KLN-20260301-04305,2026-03-01 09:10:49,9500.0,CASH,COMPLETED
TRX-KLN-20260301-04306,2026-03-01 07:29:06,37000.0,CASH,COMPLETED
TRX-KLN-20260301-04307,2026-03-01 17:39:23,30500.0,CASH,COMPLETED
TRX-KLN-20260301-04308,2026-03-01 17:00:22,16000.0,QRIS,COMPLETED
TRX-KLN-20260301-04309,2026-03-01 21:51:40,31000.0,QRIS,COMPLETED
TRX-KLN-20260301-04310,2026-03-01 07:29:53,17500.0,CASH,COMPLETED
TRX-KLN-20260301-04311,2026-03-01 09:10:50,136000.0,CASH,COMPLETED
TRX-KLN-20260301-04312,2026-03-01 19:08:39,111000.0,CASH,COMPLETED
TRX-KLN-20260301-04313,2026-03-01 17:46:21,22500.0,CASH,COMPLETED
TRX-KLN-20260301-04314,2026-03-01 10:59:47,33300.0,CASH,COMPLETED
TRX-KLN-20260301-04315,2026-03-01 21:06:29,42000.0,QRIS,COMPLETED
TRX-KLN-20260301-04316,2026-03-01 19:32:57,42000.0,CASH,COMPLETED
TRX-KLN-20260301-04317,2026-03-01 17:17:15,4500.0,CASH,COMPLETED
TRX-KLN-20260301-04318,2026-03-01 10:52:45,63000.0,QRIS,COMPLETED
TRX-KLN-20260301-04319,2026-03-01 17:03:11,14000.0,QRIS,COMPLETED
TRX-KLN-20260301-04320,2026-03-01 20:32:21,3000.0,QRIS,COMPLETED
TRX-KLN-20260301-04321,2026-03-01 17:45:39,12000.0,TRANSFER,COMPLETED
TRX-KLN-20260301-04322,2026-03-01 15:37:38,30000.0,CASH,COMPLETED
TRX-KLN-20260301-04323,2026-03-01 12:54:17,75000.0,EWALLET,COMPLETED
TRX-KLN-20260301-04324,2026-03-01 18:23:46,54000.0,CASH,COMPLETED
TRX-KLN-20260301-04325,2026-03-01 18:06:55,21500.0,CASH,COMPLETED
TRX-KLN-20260301-04326,2026-03-01 14:09:51,6000.0,CASH,COMPLETED
TRX-KLN-20260301-04327,2026-03-01 12:52:13,9000.0,CASH,COMPLETED
TRX-KLN-20260301-04328,2026-03-01 13:38:09,32000.0,CASH,COMPLETED
TRX-KLN-20260301-04329,2026-03-01 16:45:07,19000.0,CASH,COMPLETED
TRX-KLN-20260301-04330,2026-03-01 19:59:06,18400.0,CASH,COMPLETED
TRX-KLN-20260301-04331,2026-03-01 18:56:46,51200.0,QRIS,COMPLETED
TRX-KLN-20260301-04332,2026-03-01 20:48:18,7000.0,CASH,COMPLETED
TRX-KLN-20260301-04333,2026-03-01 14:28:22,58000.0,CASH,COMPLETED
TRX-KLN-20260301-04334,2026-03-01 12:36:27,36000.0,CASH,COMPLETED
TRX-KLN-20260301-04335,2026-03-01 15:15:21,43000.0,CASH,COMPLETED
TRX-KLN-20260301-04336,2026-03-01 19:10:01,28000.0,CASH,COMPLETED
TRX-KLN-20260301-04337,2026-03-01 18:15:20,3000.0,QRIS,COMPLETED
TRX-KLN-20260302-04338,2026-03-02 18:40:03,139000.0,CASH,COMPLETED
TRX-KLN-20260302-04339,2026-03-02 09:21:13,91000.0,CASH,COMPLETED
TRX-KLN-20260302-04340,2026-03-02 17:16:47,136000.0,CASH,COMPLETED
TRX-KLN-20260302-04341,2026-03-02 10:30:04,17300.0,CASH,COMPLETED
TRX-KLN-20260302-04342,2026-03-02 09:12:06,28000.0,EWALLET,COMPLETED
TRX-KLN-20260302-04343,2026-03-02 17:24:51,24000.0,QRIS,COMPLETED
TRX-KLN-20260302-04344,2026-03-02 07:52:32,77500.0,QRIS,COMPLETED
TRX-KLN-20260302-04345,2026-03-02 11:21:37,11000.0,CASH,COMPLETED
TRX-KLN-20260302-04346,2026-03-02 14:31:07,77000.0,TRANSFER,COMPLETED
TRX-KLN-20260302-04347,2026-03-02 19:43:33,82500.0,CASH,COMPLETED
TRX-KLN-20260302-04348,2026-03-02 17:24:02,18500.0,CASH,COMPLETED
TRX-KLN-20260302-04349,2026-03-02 18:02:28,22000.0,CASH,COMPLETED
TRX-KLN-20260302-04350,2026-03-02 16:50:34,12400.0,QRIS,COMPLETED
TRX-KLN-20260302-04351,2026-03-02 15:51:37,42000.0,CASH,COMPLETED
TRX-KLN-20260302-04352,2026-03-02 19:34:24,45500.0,CASH,COMPLETED
TRX-KLN-20260302-04353,2026-03-02 18:50:43,32300.0,CASH,COMPLETED
TRX-KLN-20260302-04354,2026-03-02 08:45:44,163500.0,CASH,COMPLETED
TRX-KLN-20260302-04355,2026-03-02 16:13:59,206500.0,CASH,COMPLETED
TRX-KLN-20260302-04356,2026-03-02 18:34:53,58000.0,CASH,COMPLETED
TRX-KLN-20260302-04357,2026-03-02 20:16:34,19000.0,CASH,COMPLETED
TRX-KLN-20260302-04358,2026-03-02 17:43:46,67300.0,TRANSFER,COMPLETED
TRX-KLN-20260302-04359,2026-03-02 09:02:07,20500.0,CASH,COMPLETED
TRX-KLN-20260302-04360,2026-03-02 07:28:11,12500.0,CASH,COMPLETED
TRX-KLN-20260302-04361,2026-03-02 14:51:26,20500.0,QRIS,COMPLETED
TRX-KLN-20260302-04362,2026-03-02 15:33:16,120500.0,CASH,COMPLETED
TRX-KLN-20260302-04363,2026-03-02 20:25:32,21000.0,CASH,COMPLETED
TRX-KLN-20260302-04364,2026-03-02 18:16:42,68000.0,EWALLET,COMPLETED
TRX-KLN-20260302-04365,2026-03-02 16:39:14,56000.0,TRANSFER,COMPLETED
TRX-KLN-20260302-04366,2026-03-02 18:34:02,12000.0,TRANSFER,COMPLETED
TRX-KLN-20260303-04367,2026-03-03 17:22:01,33000.0,EWALLET,COMPLETED
TRX-KLN-20260303-04368,2026-03-03 13:37:54,48000.0,CASH,COMPLETED
TRX-KLN-20260303-04369,2026-03-03 12:38:43,76500.0,CASH,COMPLETED
TRX-KLN-20260303-04370,2026-03-03 16:40:06,18500.0,CASH,COMPLETED
TRX-KLN-20260303-04371,2026-03-03 11:48:08,68000.0,CASH,COMPLETED
TRX-KLN-20260303-04372,2026-03-03 17:53:38,124500.0,CASH,COMPLETED
TRX-KLN-20260303-04373,2026-03-03 08:53:48,70000.0,CASH,COMPLETED
TRX-KLN-20260303-04374,2026-03-03 08:59:54,126200.0,CASH,COMPLETED
TRX-KLN-20260303-04375,2026-03-03 16:25:07,12500.0,TRANSFER,COMPLETED
TRX-KLN-20260303-04376,2026-03-03 09:20:42,155000.0,TRANSFER,COMPLETED
TRX-KLN-20260303-04377,2026-03-03 11:40:03,5500.0,CASH,COMPLETED
TRX-KLN-20260303-04378,2026-03-03 18:24:43,48000.0,TRANSFER,COMPLETED
TRX-KLN-20260303-04379,2026-03-03 21:17:33,37000.0,EWALLET,COMPLETED
TRX-KLN-20260303-04380,2026-03-03 11:52:21,16500.0,TRANSFER,COMPLETED
TRX-KLN-20260303-04381,2026-03-03 18:16:57,19000.0,CASH,COMPLETED
TRX-KLN-20260303-04382,2026-03-03 07:20:31,123000.0,CASH,COMPLETED
TRX-KLN-20260303-04383,2026-03-03 08:25:19,157500.0,CASH,COMPLETED
TRX-KLN-20260303-04384,2026-03-03 17:31:22,3100.0,CASH,COMPLETED
TRX-KLN-20260303-04385,2026-03-03 12:01:32,12000.0,QRIS,COMPLETED
TRX-KLN-20260303-04386,2026-03-03 17:22:31,3100.0,CASH,COMPLETED
TRX-KLN-20260303-04387,2026-03-03 09:28:19,16500.0,CASH,COMPLETED
TRX-KLN-20260303-04388,2026-03-03 18:10:07,3000.0,TRANSFER,COMPLETED
TRX-KLN-20260303-04389,2026-03-03 13:00:48,117700.0,QRIS,COMPLETED
TRX-KLN-20260303-04390,2026-03-03 18:45:13,30000.0,CASH,COMPLETED
TRX-KLN-20260303-04391,2026-03-03 18:45:05,12000.0,CASH,COMPLETED
TRX-KLN-20260303-04392,2026-03-03 17:43:05,44000.0,QRIS,COMPLETED
TRX-KLN-20260303-04393,2026-03-03 19:17:07,34500.0,CASH,COMPLETED
TRX-KLN-20260303-04394,2026-03-03 07:46:56,19000.0,CASH,COMPLETED
TRX-KLN-20260303-04395,2026-03-03 07:37:13,21000.0,TRANSFER,COMPLETED
TRX-KLN-20260303-04396,2026-03-03 12:16:19,37000.0,QRIS,COMPLETED
TRX-KLN-20260303-04397,2026-03-03 08:33:23,35200.0,CASH,COMPLETED
TRX-KLN-20260303-04398,2026-03-03 20:21:38,12500.0,EWALLET,COMPLETED
TRX-KLN-20260303-04399,2026-03-03 12:10:12,21000.0,CASH,COMPLETED
TRX-KLN-20260303-04400,2026-03-03 14:19:04,20000.0,CASH,COMPLETED
TRX-KLN-20260303-04401,2026-03-03 16:46:53,6000.0,QRIS,COMPLETED
TRX-KLN-20260303-04402,2026-03-03 14:59:30,69000.0,CASH,COMPLETED
TRX-KLN-20260303-04403,2026-03-03 07:30:06,156000.0,QRIS,COMPLETED
TRX-KLN-20260303-04404,2026-03-03 11:26:30,59000.0,CASH,COMPLETED
TRX-KLN-20260303-04405,2026-03-03 08:44:50,35000.0,CASH,COMPLETED
TRX-KLN-20260304-04406,2026-03-04 12:05:47,82000.0,CASH,COMPLETED
TRX-KLN-20260304-04407,2026-03-04 15:41:30,11000.0,QRIS,COMPLETED
TRX-KLN-20260304-04408,2026-03-04 17:59:44,8000.0,CASH,COMPLETED
TRX-KLN-20260304-04409,2026-03-04 16:31:55,85000.0,TRANSFER,COMPLETED
TRX-KLN-20260304-04410,2026-03-04 21:18:40,44000.0,CASH,COMPLETED
TRX-KLN-20260304-04411,2026-03-04 15:25:39,154500.0,CASH,COMPLETED
TRX-KLN-20260304-04412,2026-03-04 11:36:16,63000.0,CASH,COMPLETED
TRX-KLN-20260304-04413,2026-03-04 13:36:51,55500.0,CASH,COMPLETED
TRX-KLN-20260304-04414,2026-03-04 15:10:26,9000.0,CASH,COMPLETED
TRX-KLN-20260304-04415,2026-03-04 14:33:25,92000.0,CASH,COMPLETED
TRX-KLN-20260304-04416,2026-03-04 17:17:25,59000.0,CASH,COMPLETED
TRX-KLN-20260304-04417,2026-03-04 21:17:32,9000.0,CASH,COMPLETED
TRX-KLN-20260304-04418,2026-03-04 08:05:55,76500.0,CASH,COMPLETED
TRX-KLN-20260304-04419,2026-03-04 09:26:12,205000.0,TRANSFER,COMPLETED
TRX-KLN-20260304-04420,2026-03-04 17:48:25,50000.0,QRIS,COMPLETED
TRX-KLN-20260304-04421,2026-03-04 11:05:39,21000.0,CASH,COMPLETED
TRX-KLN-20260304-04422,2026-03-04 07:58:43,36000.0,CASH,COMPLETED
TRX-KLN-20260304-04423,2026-03-04 07:38:23,125000.0,EWALLET,COMPLETED
TRX-KLN-20260304-04424,2026-03-04 18:21:47,51000.0,CASH,COMPLETED
TRX-KLN-20260304-04425,2026-03-04 13:28:25,132500.0,EWALLET,COMPLETED
TRX-KLN-20260304-04426,2026-03-04 19:39:50,60000.0,CASH,COMPLETED
TRX-KLN-20260304-04427,2026-03-04 15:23:20,9000.0,EWALLET,COMPLETED
TRX-KLN-20260304-04428,2026-03-04 16:11:13,46000.0,CASH,COMPLETED
TRX-KLN-20260305-04429,2026-03-05 15:26:09,9500.0,CASH,COMPLETED
TRX-KLN-20260305-04430,2026-03-05 15:20:28,53500.0,CASH,COMPLETED
TRX-KLN-20260305-04431,2026-03-05 18:51:55,120000.0,CASH,COMPLETED
TRX-KLN-20260305-04432,2026-03-05 12:08:20,58000.0,CASH,COMPLETED
TRX-KLN-20260305-04433,2026-03-05 09:41:04,4000.0,CASH,COMPLETED
TRX-KLN-20260305-04434,2026-03-05 12:14:37,69000.0,CASH,COMPLETED
TRX-KLN-20260305-04435,2026-03-05 10:10:56,4000.0,QRIS,COMPLETED
TRX-KLN-20260305-04436,2026-03-05 12:06:59,134500.0,QRIS,COMPLETED
TRX-KLN-20260305-04437,2026-03-05 16:46:38,43400.0,EWALLET,COMPLETED
TRX-KLN-20260305-04438,2026-03-05 09:24:05,27000.0,CASH,COMPLETED
TRX-KLN-20260305-04439,2026-03-05 16:17:10,75000.0,CASH,COMPLETED
TRX-KLN-20260305-04440,2026-03-05 19:10:40,14000.0,CASH,COMPLETED
TRX-KLN-20260305-04441,2026-03-05 12:09:29,42000.0,CASH,COMPLETED
TRX-KLN-20260305-04442,2026-03-05 15:13:58,139000.0,CASH,COMPLETED
TRX-KLN-20260305-04443,2026-03-05 17:53:06,85500.0,CASH,COMPLETED
TRX-KLN-20260305-04444,2026-03-05 11:59:09,21000.0,QRIS,COMPLETED
TRX-KLN-20260305-04445,2026-03-05 18:02:24,80500.0,CASH,COMPLETED
TRX-KLN-20260305-04446,2026-03-05 20:10:46,32000.0,CASH,COMPLETED
TRX-KLN-20260305-04447,2026-03-05 17:34:47,52500.0,TRANSFER,COMPLETED
TRX-KLN-20260305-04448,2026-03-05 18:50:10,56000.0,QRIS,COMPLETED
TRX-KLN-20260305-04449,2026-03-05 19:14:34,93500.0,CASH,COMPLETED
TRX-KLN-20260305-04450,2026-03-05 18:31:55,28000.0,CASH,COMPLETED
TRX-KLN-20260305-04451,2026-03-05 18:20:10,141000.0,TRANSFER,COMPLETED
TRX-KLN-20260305-04452,2026-03-05 13:21:14,13100.0,CASH,COMPLETED
TRX-KLN-20260305-04453,2026-03-05 08:56:09,31300.0,CASH,COMPLETED
TRX-KLN-20260305-04454,2026-03-05 16:06:42,33500.0,TRANSFER,COMPLETED
TRX-KLN-20260305-04455,2026-03-05 07:50:04,16000.0,CASH,COMPLETED
TRX-KLN-20260305-04456,2026-03-05 17:20:04,15000.0,CASH,COMPLETED
TRX-KLN-20260305-04457,2026-03-05 12:01:35,153000.0,QRIS,COMPLETED
TRX-KLN-20260306-04458,2026-03-06 20:10:02,52500.0,CASH,COMPLETED
TRX-KLN-20260306-04459,2026-03-06 09:51:38,9000.0,QRIS,COMPLETED
TRX-KLN-20260306-04460,2026-03-06 13:37:52,76000.0,CASH,COMPLETED
TRX-KLN-20260306-04461,2026-03-06 16:11:02,45000.0,QRIS,COMPLETED
TRX-KLN-20260306-04462,2026-03-06 14:59:47,103500.0,CASH,COMPLETED
TRX-KLN-20260306-04463,2026-03-06 12:40:23,28500.0,CASH,COMPLETED
TRX-KLN-20260306-04464,2026-03-06 14:49:26,14000.0,QRIS,COMPLETED
TRX-KLN-20260306-04465,2026-03-06 11:13:22,178000.0,QRIS,COMPLETED
TRX-KLN-20260306-04466,2026-03-06 07:34:03,85000.0,TRANSFER,COMPLETED
TRX-KLN-20260306-04467,2026-03-06 17:09:00,170500.0,CASH,COMPLETED
TRX-KLN-20260306-04468,2026-03-06 10:37:43,185000.0,TRANSFER,COMPLETED
TRX-KLN-20260306-04469,2026-03-06 10:53:32,17000.0,CASH,COMPLETED
TRX-KLN-20260306-04470,2026-03-06 17:30:48,15000.0,CASH,COMPLETED
TRX-KLN-20260306-04471,2026-03-06 10:47:19,16500.0,CASH,COMPLETED
TRX-KLN-20260306-04472,2026-03-06 09:56:54,6000.0,EWALLET,COMPLETED
TRX-KLN-20260306-04473,2026-03-06 08:54:20,42000.0,QRIS,COMPLETED
TRX-KLN-20260306-04474,2026-03-06 17:57:16,25300.0,EWALLET,COMPLETED
TRX-KLN-20260306-04475,2026-03-06 14:57:12,170500.0,CASH,COMPLETED
TRX-KLN-20260306-04476,2026-03-06 11:22:07,170500.0,CASH,COMPLETED
TRX-KLN-20260306-04477,2026-03-06 11:22:16,79000.0,CASH,COMPLETED
TRX-KLN-20260306-04478,2026-03-06 07:48:03,29000.0,CASH,COMPLETED
TRX-KLN-20260306-04479,2026-03-06 17:02:37,29000.0,QRIS,COMPLETED
TRX-KLN-20260306-04480,2026-03-06 15:23:38,21000.0,CASH,COMPLETED
TRX-KLN-20260306-04481,2026-03-06 16:40:50,82000.0,QRIS,COMPLETED
TRX-KLN-20260306-04482,2026-03-06 07:45:36,8000.0,CASH,COMPLETED
TRX-KLN-20260306-04483,2026-03-06 14:08:55,17000.0,QRIS,COMPLETED
TRX-KLN-20260306-04484,2026-03-06 08:14:53,28000.0,EWALLET,COMPLETED
TRX-KLN-20260306-04485,2026-03-06 15:29:58,152500.0,QRIS,COMPLETED
TRX-KLN-20260306-04486,2026-03-06 16:52:24,40000.0,CASH,COMPLETED
TRX-KLN-20260307-04487,2026-03-07 13:28:35,7000.0,CASH,COMPLETED
TRX-KLN-20260307-04488,2026-03-07 14:59:34,46500.0,QRIS,COMPLETED
TRX-KLN-20260307-04489,2026-03-07 16:22:11,29500.0,TRANSFER,COMPLETED
TRX-KLN-20260307-04490,2026-03-07 13:43:46,14000.0,CASH,COMPLETED
TRX-KLN-20260307-04491,2026-03-07 12:11:22,58500.0,CASH,COMPLETED
TRX-KLN-20260307-04492,2026-03-07 16:22:10,29000.0,TRANSFER,COMPLETED
TRX-KLN-20260307-04493,2026-03-07 17:50:06,4000.0,CASH,COMPLETED
TRX-KLN-20260307-04494,2026-03-07 15:29:25,31500.0,TRANSFER,COMPLETED
TRX-KLN-20260307-04495,2026-03-07 12:22:59,14000.0,CASH,COMPLETED
TRX-KLN-20260307-04496,2026-03-07 19:36:52,38000.0,QRIS,COMPLETED
TRX-KLN-20260307-04497,2026-03-07 07:39:46,60000.0,CASH,COMPLETED
TRX-KLN-20260307-04498,2026-03-07 10:50:03,31000.0,QRIS,COMPLETED
TRX-KLN-20260307-04499,2026-03-07 20:50:13,72000.0,CASH,COMPLETED
TRX-KLN-20260307-04500,2026-03-07 12:09:10,37000.0,CASH,COMPLETED
TRX-KLN-20260307-04501,2026-03-07 18:15:15,1500.0,CASH,COMPLETED
TRX-KLN-20260307-04502,2026-03-07 09:35:04,17000.0,CASH,COMPLETED
TRX-KLN-20260307-04503,2026-03-07 10:39:37,44000.0,CASH,COMPLETED
TRX-KLN-20260307-04504,2026-03-07 10:18:16,29000.0,QRIS,COMPLETED
TRX-KLN-20260307-04505,2026-03-07 12:49:54,64500.0,CASH,COMPLETED
TRX-KLN-20260307-04506,2026-03-07 16:08:31,9000.0,CASH,COMPLETED
TRX-KLN-20260307-04507,2026-03-07 13:23:31,19000.0,CASH,COMPLETED
TRX-KLN-20260308-04508,2026-03-08 07:38:03,68000.0,TRANSFER,COMPLETED
TRX-KLN-20260308-04509,2026-03-08 12:08:17,37000.0,TRANSFER,COMPLETED
TRX-KLN-20260308-04510,2026-03-08 13:35:27,32000.0,QRIS,COMPLETED
TRX-KLN-20260308-04511,2026-03-08 20:17:32,7000.0,CASH,COMPLETED
TRX-KLN-20260308-04512,2026-03-08 11:54:14,28000.0,CASH,COMPLETED
TRX-KLN-20260308-04513,2026-03-08 18:24:13,48500.0,CASH,COMPLETED
TRX-KLN-20260308-04514,2026-03-08 20:30:46,16000.0,CASH,COMPLETED
TRX-KLN-20260308-04515,2026-03-08 12:40:51,111500.0,CASH,COMPLETED
TRX-KLN-20260308-04516,2026-03-08 19:27:07,3000.0,CASH,COMPLETED
TRX-KLN-20260308-04517,2026-03-08 11:16:30,77500.0,CASH,COMPLETED
TRX-KLN-20260308-04518,2026-03-08 15:19:47,21000.0,CASH,COMPLETED
TRX-KLN-20260308-04519,2026-03-08 17:59:48,180000.0,QRIS,COMPLETED
TRX-KLN-20260308-04520,2026-03-08 13:29:43,207500.0,CASH,COMPLETED
TRX-KLN-20260308-04521,2026-03-08 12:10:25,8000.0,CASH,COMPLETED
TRX-KLN-20260308-04522,2026-03-08 17:22:26,46000.0,CASH,COMPLETED
TRX-KLN-20260308-04523,2026-03-08 18:21:12,16500.0,CASH,COMPLETED
TRX-KLN-20260308-04524,2026-03-08 08:07:26,21000.0,QRIS,COMPLETED
TRX-KLN-20260308-04525,2026-03-08 16:17:27,85000.0,CASH,COMPLETED
TRX-KLN-20260308-04526,2026-03-08 14:06:29,45100.0,CASH,COMPLETED
TRX-KLN-20260308-04527,2026-03-08 09:29:42,24100.0,QRIS,COMPLETED
TRX-KLN-20260308-04528,2026-03-08 20:21:30,16000.0,TRANSFER,COMPLETED
TRX-KLN-20260308-04529,2026-03-08 08:56:09,76500.0,CASH,COMPLETED
TRX-KLN-20260308-04530,2026-03-08 18:01:51,137000.0,QRIS,COMPLETED
TRX-KLN-20260308-04531,2026-03-08 19:17:19,138000.0,TRANSFER,COMPLETED
TRX-KLN-20260308-04532,2026-03-08 19:30:33,19000.0,CASH,COMPLETED
TRX-KLN-20260308-04533,2026-03-08 09:34:44,110700.0,CASH,COMPLETED
TRX-KLN-20260308-04534,2026-03-08 12:39:06,5500.0,QRIS,COMPLETED
TRX-KLN-20260308-04535,2026-03-08 10:32:58,9000.0,QRIS,COMPLETED
TRX-KLN-20260308-04536,2026-03-08 19:48:18,157000.0,CASH,COMPLETED
TRX-KLN-20260309-04537,2026-03-09 11:10:35,71500.0,CASH,COMPLETED
TRX-KLN-20260309-04538,2026-03-09 18:07:59,47000.0,CASH,COMPLETED
TRX-KLN-20260309-04539,2026-03-09 14:44:44,38000.0,EWALLET,COMPLETED
TRX-KLN-20260309-04540,2026-03-09 17:03:12,87500.0,QRIS,COMPLETED
TRX-KLN-20260309-04541,2026-03-09 19:37:33,5500.0,CASH,COMPLETED
TRX-KLN-20260309-04542,2026-03-09 12:11:21,137500.0,CASH,COMPLETED
TRX-KLN-20260309-04543,2026-03-09 15:04:08,87500.0,CASH,COMPLETED
TRX-KLN-20260309-04544,2026-03-09 18:02:46,4000.0,QRIS,COMPLETED
TRX-KLN-20260309-04545,2026-03-09 15:37:31,28000.0,CASH,COMPLETED
TRX-KLN-20260309-04546,2026-03-09 17:05:35,33500.0,CASH,COMPLETED
TRX-KLN-20260309-04547,2026-03-09 15:03:53,20500.0,QRIS,COMPLETED
TRX-KLN-20260309-04548,2026-03-09 09:58:50,43000.0,CASH,COMPLETED
TRX-KLN-20260309-04549,2026-03-09 16:15:34,28500.0,CASH,COMPLETED
TRX-KLN-20260309-04550,2026-03-09 09:17:10,12500.0,CASH,COMPLETED
TRX-KLN-20260309-04551,2026-03-09 19:08:10,9000.0,EWALLET,COMPLETED
TRX-KLN-20260309-04552,2026-03-09 07:35:32,8500.0,CASH,COMPLETED
TRX-KLN-20260309-04553,2026-03-09 16:24:15,16000.0,CASH,COMPLETED
TRX-KLN-20260310-04554,2026-03-10 09:34:36,8000.0,CASH,COMPLETED
TRX-KLN-20260310-04555,2026-03-10 17:37:45,55500.0,CASH,COMPLETED
TRX-KLN-20260310-04556,2026-03-10 14:03:39,30000.0,CASH,COMPLETED
TRX-KLN-20260310-04557,2026-03-10 17:58:42,12000.0,CASH,COMPLETED
TRX-KLN-20260310-04558,2026-03-10 17:45:50,37000.0,EWALLET,COMPLETED
TRX-KLN-20260310-04559,2026-03-10 20:36:39,180000.0,QRIS,COMPLETED
TRX-KLN-20260310-04560,2026-03-10 19:08:47,20400.0,CASH,COMPLETED
TRX-KLN-20260310-04561,2026-03-10 07:59:41,70000.0,QRIS,COMPLETED
TRX-KLN-20260310-04562,2026-03-10 09:37:02,51000.0,CASH,COMPLETED
TRX-KLN-20260310-04563,2026-03-10 09:34:09,114500.0,CASH,COMPLETED
TRX-KLN-20260310-04564,2026-03-10 15:30:36,80500.0,CASH,COMPLETED
TRX-KLN-20260310-04565,2026-03-10 10:31:26,68000.0,CASH,COMPLETED
TRX-KLN-20260310-04566,2026-03-10 15:52:20,27000.0,CASH,COMPLETED
TRX-KLN-20260310-04567,2026-03-10 11:44:05,34000.0,CASH,COMPLETED
TRX-KLN-20260310-04568,2026-03-10 18:09:00,25500.0,QRIS,COMPLETED
TRX-KLN-20260310-04569,2026-03-10 19:45:33,68000.0,CASH,COMPLETED
TRX-KLN-20260310-04570,2026-03-10 18:01:31,98000.0,CASH,COMPLETED
TRX-KLN-20260310-04571,2026-03-10 18:51:53,4000.0,EWALLET,COMPLETED
TRX-KLN-20260311-04572,2026-03-11 07:51:58,38000.0,EWALLET,COMPLETED
TRX-KLN-20260311-04573,2026-03-11 16:51:47,14000.0,CASH,COMPLETED
TRX-KLN-20260311-04574,2026-03-11 10:33:10,25000.0,CASH,COMPLETED
TRX-KLN-20260311-04575,2026-03-11 18:48:27,16000.0,EWALLET,COMPLETED
TRX-KLN-20260311-04576,2026-03-11 18:20:40,11000.0,CASH,COMPLETED
TRX-KLN-20260311-04577,2026-03-11 08:35:27,19000.0,CASH,COMPLETED
TRX-KLN-20260311-04578,2026-03-11 08:03:35,23000.0,CASH,COMPLETED
TRX-KLN-20260311-04579,2026-03-11 13:11:37,14000.0,CASH,COMPLETED
TRX-KLN-20260311-04580,2026-03-11 13:42:31,30000.0,CASH,COMPLETED
TRX-KLN-20260311-04581,2026-03-11 11:19:15,16500.0,TRANSFER,COMPLETED
TRX-KLN-20260311-04582,2026-03-11 16:10:26,61000.0,CASH,COMPLETED
TRX-KLN-20260311-04583,2026-03-11 16:13:07,38000.0,CASH,COMPLETED
TRX-KLN-20260311-04584,2026-03-11 20:00:52,21000.0,QRIS,COMPLETED
TRX-KLN-20260311-04585,2026-03-11 18:59:30,133000.0,CASH,COMPLETED
TRX-KLN-20260311-04586,2026-03-11 13:39:36,15000.0,CASH,COMPLETED
TRX-KLN-20260311-04587,2026-03-11 18:31:47,12500.0,CASH,COMPLETED
TRX-KLN-20260311-04588,2026-03-11 07:18:31,89000.0,CASH,COMPLETED
TRX-KLN-20260311-04589,2026-03-11 09:04:15,17000.0,CASH,COMPLETED
TRX-KLN-20260311-04590,2026-03-11 19:14:13,55500.0,EWALLET,COMPLETED
TRX-KLN-20260311-04591,2026-03-11 12:00:06,41300.0,CASH,COMPLETED
TRX-KLN-20260311-04592,2026-03-11 15:38:39,5500.0,QRIS,COMPLETED
TRX-KLN-20260311-04593,2026-03-11 09:38:55,6000.0,CASH,COMPLETED
TRX-KLN-20260311-04594,2026-03-11 16:19:00,9500.0,QRIS,COMPLETED
TRX-KLN-20260311-04595,2026-03-11 11:34:40,120000.0,CASH,COMPLETED
TRX-KLN-20260311-04596,2026-03-11 12:59:26,19000.0,QRIS,COMPLETED
TRX-KLN-20260311-04597,2026-03-11 08:00:47,67500.0,QRIS,COMPLETED
TRX-KLN-20260311-04598,2026-03-11 16:20:55,25500.0,TRANSFER,COMPLETED
TRX-KLN-20260311-04599,2026-03-11 17:08:12,5500.0,QRIS,COMPLETED
TRX-KLN-20260311-04600,2026-03-11 16:45:44,137500.0,CASH,COMPLETED
TRX-KLN-20260312-04601,2026-03-12 13:24:52,32000.0,TRANSFER,COMPLETED
TRX-KLN-20260312-04602,2026-03-12 20:50:22,14000.0,EWALLET,COMPLETED
TRX-KLN-20260312-04603,2026-03-12 12:42:04,51000.0,CASH,COMPLETED
TRX-KLN-20260312-04604,2026-03-12 11:04:22,29000.0,CASH,COMPLETED
TRX-KLN-20260312-04605,2026-03-12 15:03:58,32000.0,CASH,COMPLETED
TRX-KLN-20260312-04606,2026-03-12 20:57:01,122500.0,QRIS,COMPLETED
TRX-KLN-20260312-04607,2026-03-12 12:17:56,60000.0,QRIS,COMPLETED
TRX-KLN-20260312-04608,2026-03-12 10:58:51,60000.0,CASH,COMPLETED
TRX-KLN-20260312-04609,2026-03-12 19:42:26,141500.0,CASH,COMPLETED
TRX-KLN-20260312-04610,2026-03-12 15:52:43,17000.0,CASH,COMPLETED
TRX-KLN-20260312-04611,2026-03-12 20:48:53,23200.0,TRANSFER,COMPLETED
TRX-KLN-20260312-04612,2026-03-12 12:17:29,16000.0,CASH,COMPLETED
TRX-KLN-20260312-04613,2026-03-12 13:07:19,120000.0,CASH,COMPLETED
TRX-KLN-20260312-04614,2026-03-12 21:40:54,21000.0,CASH,COMPLETED
TRX-KLN-20260312-04615,2026-03-12 18:26:45,64000.0,QRIS,COMPLETED
TRX-KLN-20260312-04616,2026-03-12 15:01:17,64500.0,CASH,COMPLETED
TRX-KLN-20260312-04617,2026-03-12 15:43:46,13500.0,CASH,COMPLETED
TRX-KLN-20260312-04618,2026-03-12 10:42:40,17000.0,CASH,COMPLETED
TRX-KLN-20260312-04619,2026-03-12 12:25:27,22100.0,TRANSFER,COMPLETED
TRX-KLN-20260312-04620,2026-03-12 16:42:45,78000.0,TRANSFER,COMPLETED
TRX-KLN-20260313-04621,2026-03-13 11:15:24,97000.0,EWALLET,COMPLETED
TRX-KLN-20260313-04622,2026-03-13 11:47:07,60000.0,TRANSFER,COMPLETED
TRX-KLN-20260313-04623,2026-03-13 12:56:15,150000.0,CASH,COMPLETED
TRX-KLN-20260313-04624,2026-03-13 19:36:26,28000.0,CASH,COMPLETED
TRX-KLN-20260313-04625,2026-03-13 09:56:48,14000.0,CASH,COMPLETED
TRX-KLN-20260313-04626,2026-03-13 13:44:38,53500.0,CASH,COMPLETED
TRX-KLN-20260313-04627,2026-03-13 17:46:58,8500.0,QRIS,COMPLETED
TRX-KLN-20260313-04628,2026-03-13 09:26:22,112500.0,CASH,COMPLETED
TRX-KLN-20260313-04629,2026-03-13 14:59:27,5500.0,CASH,COMPLETED
TRX-KLN-20260313-04630,2026-03-13 09:40:53,6200.0,CASH,COMPLETED
TRX-KLN-20260313-04631,2026-03-13 15:43:49,74000.0,QRIS,COMPLETED
TRX-KLN-20260313-04632,2026-03-13 09:34:18,7000.0,CASH,COMPLETED
TRX-KLN-20260313-04633,2026-03-13 17:33:47,93000.0,TRANSFER,COMPLETED
TRX-KLN-20260313-04634,2026-03-13 08:19:52,74000.0,CASH,COMPLETED
TRX-KLN-20260313-04635,2026-03-13 18:02:47,67000.0,CASH,COMPLETED
TRX-KLN-20260313-04636,2026-03-13 16:13:19,191100.0,CASH,COMPLETED
TRX-KLN-20260313-04637,2026-03-13 17:13:15,15000.0,EWALLET,COMPLETED
TRX-KLN-20260313-04638,2026-03-13 16:07:27,4000.0,CASH,COMPLETED
TRX-KLN-20260314-04639,2026-03-14 17:57:32,91500.0,CASH,COMPLETED
TRX-KLN-20260314-04640,2026-03-14 14:40:56,8500.0,CASH,COMPLETED
TRX-KLN-20260314-04641,2026-03-14 09:40:48,42000.0,CASH,COMPLETED
TRX-KLN-20260314-04642,2026-03-14 19:17:08,37000.0,QRIS,COMPLETED
TRX-KLN-20260314-04643,2026-03-14 09:57:03,33000.0,CASH,COMPLETED
TRX-KLN-20260314-04644,2026-03-14 17:55:26,16000.0,CASH,COMPLETED
TRX-KLN-20260314-04645,2026-03-14 17:04:32,4500.0,QRIS,COMPLETED
TRX-KLN-20260314-04646,2026-03-14 08:40:20,6000.0,QRIS,COMPLETED
TRX-KLN-20260314-04647,2026-03-14 17:19:15,77500.0,CASH,COMPLETED
TRX-KLN-20260314-04648,2026-03-14 16:06:11,55500.0,CASH,COMPLETED
TRX-KLN-20260314-04649,2026-03-14 21:31:44,18500.0,CASH,COMPLETED
TRX-KLN-20260314-04650,2026-03-14 16:30:17,16000.0,CASH,COMPLETED
TRX-KLN-20260314-04651,2026-03-14 16:49:38,29000.0,CASH,COMPLETED
TRX-KLN-20260314-04652,2026-03-14 18:16:31,11000.0,QRIS,COMPLETED
TRX-KLN-20260314-04653,2026-03-14 09:44:03,55500.0,QRIS,COMPLETED
TRX-KLN-20260314-04654,2026-03-14 19:44:57,9300.0,CASH,COMPLETED
TRX-KLN-20260314-04655,2026-03-14 10:22:13,32000.0,EWALLET,COMPLETED
TRX-KLN-20260314-04656,2026-03-14 09:46:30,30000.0,QRIS,COMPLETED
TRX-KLN-20260314-04657,2026-03-14 18:31:51,8000.0,CASH,COMPLETED
TRX-KLN-20260314-04658,2026-03-14 18:08:25,15600.0,QRIS,COMPLETED
TRX-KLN-20260314-04659,2026-03-14 07:35:06,22000.0,CASH,COMPLETED
TRX-KLN-20260314-04660,2026-03-14 08:18:53,24000.0,CASH,COMPLETED
TRX-KLN-20260314-04661,2026-03-14 10:56:03,11000.0,CASH,COMPLETED
TRX-KLN-20260314-04662,2026-03-14 16:12:29,226500.0,CASH,COMPLETED
TRX-KLN-20260314-04663,2026-03-14 16:10:07,34200.0,CASH,COMPLETED
TRX-KLN-20260314-04664,2026-03-14 16:47:04,60000.0,CASH,COMPLETED
TRX-KLN-20260314-04665,2026-03-14 13:05:37,45000.0,QRIS,COMPLETED
TRX-KLN-20260314-04666,2026-03-14 18:23:25,32000.0,CASH,COMPLETED
TRX-KLN-20260314-04667,2026-03-14 19:47:51,99000.0,CASH,COMPLETED
TRX-KLN-20260315-04668,2026-03-15 09:37:57,12000.0,CASH,COMPLETED
TRX-KLN-20260315-04669,2026-03-15 16:06:58,58000.0,EWALLET,COMPLETED
TRX-KLN-20260315-04670,2026-03-15 16:07:45,31500.0,QRIS,COMPLETED
TRX-KLN-20260315-04671,2026-03-15 16:38:20,54000.0,CASH,COMPLETED
TRX-KLN-20260315-04672,2026-03-15 21:04:08,83500.0,CASH,COMPLETED
TRX-KLN-20260315-04673,2026-03-15 09:52:52,16500.0,CASH,COMPLETED
TRX-KLN-20260315-04674,2026-03-15 12:58:13,15500.0,CASH,COMPLETED
TRX-KLN-20260315-04675,2026-03-15 19:19:23,51000.0,EWALLET,COMPLETED
TRX-KLN-20260315-04676,2026-03-15 19:33:48,96000.0,CASH,COMPLETED
TRX-KLN-20260315-04677,2026-03-15 17:21:43,26000.0,CASH,COMPLETED
TRX-KLN-20260315-04678,2026-03-15 18:46:34,16000.0,QRIS,COMPLETED
TRX-KLN-20260315-04679,2026-03-15 13:27:35,44300.0,CASH,COMPLETED
TRX-KLN-20260315-04680,2026-03-15 21:32:07,6200.0,QRIS,COMPLETED
TRX-KLN-20260315-04681,2026-03-15 19:32:14,9300.0,CASH,COMPLETED
TRX-KLN-20260315-04682,2026-03-15 08:33:04,71500.0,CASH,COMPLETED
TRX-KLN-20260315-04683,2026-03-15 19:46:52,6000.0,CASH,COMPLETED
TRX-KLN-20260315-04684,2026-03-15 17:38:47,14000.0,CASH,COMPLETED
TRX-KLN-20260315-04685,2026-03-15 19:00:24,42000.0,CASH,COMPLETED
TRX-KLN-20260315-04686,2026-03-15 17:42:58,6000.0,CASH,COMPLETED
TRX-KLN-20260315-04687,2026-03-15 17:13:54,128600.0,QRIS,COMPLETED
TRX-KLN-20260315-04688,2026-03-15 09:51:27,120000.0,CASH,COMPLETED
TRX-KLN-20260315-04689,2026-03-15 18:07:06,81000.0,QRIS,COMPLETED
TRX-KLN-20260315-04690,2026-03-15 07:34:19,51300.0,CASH,COMPLETED
TRX-KLN-20260315-04691,2026-03-15 08:11:35,60000.0,CASH,COMPLETED
TRX-KLN-20260315-04692,2026-03-15 07:18:15,88500.0,CASH,COMPLETED
TRX-KLN-20260315-04693,2026-03-15 14:27:04,174000.0,CASH,COMPLETED
TRX-KLN-20260316-04694,2026-03-16 07:54:11,157000.0,QRIS,COMPLETED
TRX-KLN-20260316-04695,2026-03-16 18:49:32,136000.0,TRANSFER,COMPLETED
TRX-KLN-20260316-04696,2026-03-16 08:39:32,3000.0,CASH,COMPLETED
TRX-KLN-20260316-04697,2026-03-16 10:55:57,40000.0,CASH,COMPLETED
TRX-KLN-20260316-04698,2026-03-16 10:04:05,4000.0,CASH,COMPLETED
TRX-KLN-20260316-04699,2026-03-16 11:14:19,37000.0,CASH,COMPLETED
TRX-KLN-20260316-04700,2026-03-16 17:11:13,56000.0,EWALLET,COMPLETED
TRX-KLN-20260316-04701,2026-03-16 08:14:24,6000.0,TRANSFER,COMPLETED
TRX-KLN-20260316-04702,2026-03-16 18:30:07,14000.0,EWALLET,COMPLETED
TRX-KLN-20260316-04703,2026-03-16 09:04:40,38000.0,CASH,COMPLETED
TRX-KLN-20260316-04704,2026-03-16 09:14:23,3000.0,CASH,COMPLETED
TRX-KLN-20260316-04705,2026-03-16 18:32:10,83500.0,CASH,COMPLETED
TRX-KLN-20260316-04706,2026-03-16 17:34:09,226000.0,CASH,COMPLETED
TRX-KLN-20260316-04707,2026-03-16 12:58:57,45000.0,EWALLET,COMPLETED
TRX-KLN-20260316-04708,2026-03-16 18:44:40,7000.0,CASH,COMPLETED
TRX-KLN-20260316-04709,2026-03-16 08:09:27,31500.0,QRIS,COMPLETED
TRX-KLN-20260316-04710,2026-03-16 11:29:23,69500.0,QRIS,COMPLETED
TRX-KLN-20260316-04711,2026-03-16 20:44:41,14000.0,TRANSFER,COMPLETED
TRX-KLN-20260316-04712,2026-03-16 17:40:11,45000.0,CASH,COMPLETED
TRX-KLN-20260316-04713,2026-03-16 11:52:49,72500.0,CASH,COMPLETED
TRX-KLN-20260316-04714,2026-03-16 10:31:07,16400.0,CASH,COMPLETED
TRX-KLN-20260316-04715,2026-03-16 17:17:34,11500.0,CASH,COMPLETED
TRX-KLN-20260316-04716,2026-03-16 11:57:56,76000.0,QRIS,COMPLETED
TRX-KLN-20260316-04717,2026-03-16 16:15:58,7000.0,CASH,COMPLETED
TRX-KLN-20260316-04718,2026-03-16 15:29:09,102500.0,CASH,COMPLETED
TRX-KLN-20260316-04719,2026-03-16 10:14:14,14000.0,CASH,COMPLETED
TRX-KLN-20260316-04720,2026-03-16 17:55:15,21500.0,CASH,COMPLETED
TRX-KLN-20260316-04721,2026-03-16 17:40:29,58000.0,CASH,COMPLETED
TRX-KLN-20260316-04722,2026-03-16 21:09:49,69000.0,EWALLET,COMPLETED
TRX-KLN-20260317-04723,2026-03-17 15:44:42,120000.0,QRIS,COMPLETED
TRX-KLN-20260317-04724,2026-03-17 12:00:34,35000.0,CASH,COMPLETED
TRX-KLN-20260317-04725,2026-03-17 21:03:47,24800.0,CASH,COMPLETED
TRX-KLN-20260317-04726,2026-03-17 16:10:06,16000.0,CASH,COMPLETED
TRX-KLN-20260317-04727,2026-03-17 16:41:16,10200.0,CASH,COMPLETED
TRX-KLN-20260317-04728,2026-03-17 10:15:46,126000.0,CASH,COMPLETED
TRX-KLN-20260317-04729,2026-03-17 20:27:03,69000.0,CASH,COMPLETED
TRX-KLN-20260317-04730,2026-03-17 18:48:39,68000.0,QRIS,COMPLETED
TRX-KLN-20260317-04731,2026-03-17 12:28:43,80000.0,QRIS,COMPLETED
TRX-KLN-20260317-04732,2026-03-17 16:30:32,51000.0,TRANSFER,COMPLETED
TRX-KLN-20260317-04733,2026-03-17 11:55:04,42000.0,QRIS,COMPLETED
TRX-KLN-20260317-04734,2026-03-17 18:17:50,26400.0,CASH,COMPLETED
TRX-KLN-20260317-04735,2026-03-17 12:25:17,194000.0,QRIS,COMPLETED
TRX-KLN-20260317-04736,2026-03-17 16:37:09,150000.0,CASH,COMPLETED
TRX-KLN-20260317-04737,2026-03-17 17:13:42,12000.0,CASH,COMPLETED
TRX-KLN-20260317-04738,2026-03-17 08:57:59,8000.0,CASH,COMPLETED
TRX-KLN-20260317-04739,2026-03-17 13:44:49,66000.0,QRIS,COMPLETED
TRX-KLN-20260317-04740,2026-03-17 21:48:58,33000.0,CASH,COMPLETED
TRX-KLN-20260317-04741,2026-03-17 16:42:30,9000.0,CASH,COMPLETED
TRX-KLN-20260317-04742,2026-03-17 12:41:58,209000.0,QRIS,COMPLETED
TRX-KLN-20260318-04743,2026-03-18 11:39:25,158000.0,QRIS,COMPLETED
TRX-KLN-20260318-04744,2026-03-18 11:06:15,12000.0,CASH,COMPLETED
TRX-KLN-20260318-04745,2026-03-18 17:12:41,35500.0,QRIS,COMPLETED
TRX-KLN-20260318-04746,2026-03-18 11:03:54,173000.0,CASH,COMPLETED
TRX-KLN-20260318-04747,2026-03-18 11:51:41,35500.0,CASH,COMPLETED
TRX-KLN-20260318-04748,2026-03-18 18:32:57,1500.0,CASH,COMPLETED
TRX-KLN-20260318-04749,2026-03-18 17:51:43,73000.0,QRIS,COMPLETED
TRX-KLN-20260318-04750,2026-03-18 09:31:32,4500.0,TRANSFER,COMPLETED
TRX-KLN-20260318-04751,2026-03-18 12:11:50,4500.0,CASH,COMPLETED
TRX-KLN-20260318-04752,2026-03-18 16:49:05,14000.0,CASH,COMPLETED
TRX-KLN-20260318-04753,2026-03-18 19:17:59,72000.0,CASH,COMPLETED
TRX-KLN-20260318-04754,2026-03-18 12:08:05,132000.0,CASH,COMPLETED
TRX-KLN-20260318-04755,2026-03-18 14:19:28,38000.0,QRIS,COMPLETED
TRX-KLN-20260318-04756,2026-03-18 09:49:20,45000.0,CASH,COMPLETED
TRX-KLN-20260318-04757,2026-03-18 12:45:22,15000.0,CASH,COMPLETED
TRX-KLN-20260318-04758,2026-03-18 12:38:13,30000.0,QRIS,COMPLETED
TRX-KLN-20260318-04759,2026-03-18 20:10:30,125000.0,CASH,COMPLETED
TRX-KLN-20260318-04760,2026-03-18 20:43:54,61500.0,QRIS,COMPLETED
TRX-KLN-20260318-04761,2026-03-18 08:14:56,25000.0,QRIS,COMPLETED
TRX-KLN-20260318-04762,2026-03-18 10:52:43,42000.0,CASH,COMPLETED
TRX-KLN-20260318-04763,2026-03-18 08:41:06,7000.0,QRIS,COMPLETED
TRX-KLN-20260318-04764,2026-03-18 15:59:49,14000.0,QRIS,COMPLETED
TRX-KLN-20260318-04765,2026-03-18 17:46:55,14000.0,QRIS,COMPLETED
TRX-KLN-20260318-04766,2026-03-18 13:05:07,129500.0,CASH,COMPLETED
TRX-KLN-20260318-04767,2026-03-18 18:22:50,11000.0,CASH,COMPLETED
TRX-KLN-20260318-04768,2026-03-18 18:58:20,6000.0,EWALLET,COMPLETED
TRX-KLN-20260318-04769,2026-03-18 09:25:54,61500.0,CASH,COMPLETED
TRX-KLN-20260318-04770,2026-03-18 08:24:13,39500.0,QRIS,COMPLETED
TRX-KLN-20260318-04771,2026-03-18 18:23:22,33000.0,CASH,COMPLETED
TRX-KLN-20260318-04772,2026-03-18 07:33:42,129000.0,CASH,COMPLETED
TRX-KLN-20260318-04773,2026-03-18 12:22:14,97500.0,CASH,COMPLETED
TRX-KLN-20260319-04774,2026-03-19 12:34:23,4500.0,QRIS,COMPLETED
TRX-KLN-20260319-04775,2026-03-19 09:53:58,160000.0,CASH,COMPLETED
TRX-KLN-20260319-04776,2026-03-19 10:05:48,48000.0,QRIS,COMPLETED
TRX-KLN-20260319-04777,2026-03-19 18:38:11,20000.0,CASH,COMPLETED
TRX-KLN-20260319-04778,2026-03-19 16:15:44,87000.0,CASH,COMPLETED
TRX-KLN-20260319-04779,2026-03-19 07:56:02,38000.0,QRIS,COMPLETED
TRX-KLN-20260319-04780,2026-03-19 16:23:04,60000.0,CASH,COMPLETED
TRX-KLN-20260319-04781,2026-03-19 16:27:18,42000.0,CASH,COMPLETED
TRX-KLN-20260319-04782,2026-03-19 12:09:32,12100.0,TRANSFER,COMPLETED
TRX-KLN-20260319-04783,2026-03-19 07:51:58,54200.0,CASH,COMPLETED
TRX-KLN-20260319-04784,2026-03-19 20:08:17,12100.0,TRANSFER,COMPLETED
TRX-KLN-20260319-04785,2026-03-19 13:10:25,44200.0,QRIS,COMPLETED
TRX-KLN-20260319-04786,2026-03-19 10:25:40,18500.0,CASH,COMPLETED
TRX-KLN-20260319-04787,2026-03-19 09:01:18,58000.0,CASH,COMPLETED
TRX-KLN-20260319-04788,2026-03-19 17:35:53,12000.0,CASH,COMPLETED
TRX-KLN-20260319-04789,2026-03-19 17:42:22,128000.0,EWALLET,COMPLETED
TRX-KLN-20260319-04790,2026-03-19 17:21:28,30000.0,CASH,COMPLETED
TRX-KLN-20260319-04791,2026-03-19 08:00:48,76000.0,CASH,COMPLETED
TRX-KLN-20260319-04792,2026-03-19 21:37:56,67000.0,QRIS,COMPLETED
TRX-KLN-20260319-04793,2026-03-19 11:07:01,16500.0,CASH,COMPLETED
TRX-KLN-20260319-04794,2026-03-19 17:31:26,4000.0,CASH,COMPLETED
TRX-KLN-20260319-04795,2026-03-19 12:47:22,14000.0,CASH,COMPLETED
TRX-KLN-20260319-04796,2026-03-19 07:34:33,8000.0,TRANSFER,COMPLETED
TRX-KLN-20260319-04797,2026-03-19 16:49:46,49000.0,CASH,COMPLETED
TRX-KLN-20260319-04798,2026-03-19 09:30:18,51000.0,CASH,COMPLETED
TRX-KLN-20260319-04799,2026-03-19 09:51:26,129000.0,EWALLET,COMPLETED
TRX-KLN-20260320-04800,2026-03-20 17:14:14,19000.0,CASH,COMPLETED
TRX-KLN-20260320-04801,2026-03-20 15:52:22,64000.0,CASH,COMPLETED
TRX-KLN-20260320-04802,2026-03-20 09:43:45,3000.0,CASH,COMPLETED
TRX-KLN-20260320-04803,2026-03-20 07:31:52,40000.0,TRANSFER,COMPLETED
TRX-KLN-20260320-04804,2026-03-20 17:30:01,22000.0,CASH,COMPLETED
TRX-KLN-20260320-04805,2026-03-20 19:37:01,26500.0,TRANSFER,COMPLETED
TRX-KLN-20260320-04806,2026-03-20 15:56:58,47000.0,QRIS,COMPLETED
TRX-KLN-20260320-04807,2026-03-20 09:47:22,25000.0,CASH,COMPLETED
TRX-KLN-20260320-04808,2026-03-20 09:46:51,55500.0,CASH,COMPLETED
TRX-KLN-20260320-04809,2026-03-20 14:07:14,19000.0,CASH,COMPLETED
TRX-KLN-20260320-04810,2026-03-20 09:37:09,34000.0,CASH,COMPLETED
TRX-KLN-20260320-04811,2026-03-20 19:30:53,14000.0,CASH,COMPLETED
TRX-KLN-20260320-04812,2026-03-20 14:07:09,29000.0,CASH,COMPLETED
TRX-KLN-20260320-04813,2026-03-20 10:53:10,126500.0,TRANSFER,COMPLETED
TRX-KLN-20260320-04814,2026-03-20 09:07:27,156500.0,QRIS,COMPLETED
TRX-KLN-20260320-04815,2026-03-20 11:21:55,141500.0,CASH,COMPLETED
TRX-KLN-20260320-04816,2026-03-20 14:02:49,4000.0,EWALLET,COMPLETED
TRX-KLN-20260320-04817,2026-03-20 09:37:52,73500.0,CASH,COMPLETED
TRX-KLN-20260320-04818,2026-03-20 09:31:34,60000.0,CASH,COMPLETED
TRX-KLN-20260320-04819,2026-03-20 18:29:06,16000.0,CASH,COMPLETED
TRX-KLN-20260320-04820,2026-03-20 18:33:58,58000.0,CASH,COMPLETED
TRX-KLN-20260320-04821,2026-03-20 18:57:52,42500.0,CASH,COMPLETED
TRX-KLN-20260321-04822,2026-03-21 07:08:56,33100.0,QRIS,COMPLETED
TRX-KLN-20260321-04823,2026-03-21 17:09:07,19000.0,CASH,COMPLETED
TRX-KLN-20260321-04824,2026-03-21 19:07:34,25000.0,CASH,COMPLETED
TRX-KLN-20260321-04825,2026-03-21 08:26:54,7000.0,QRIS,COMPLETED
TRX-KLN-20260321-04826,2026-03-21 12:54:00,12000.0,CASH,COMPLETED
TRX-KLN-20260321-04827,2026-03-21 17:04:56,6000.0,QRIS,COMPLETED
TRX-KLN-20260321-04828,2026-03-21 12:21:27,78000.0,CASH,COMPLETED
TRX-KLN-20260321-04829,2026-03-21 16:30:39,76500.0,QRIS,COMPLETED
TRX-KLN-20260321-04830,2026-03-21 10:32:17,9000.0,CASH,COMPLETED
TRX-KLN-20260321-04831,2026-03-21 17:52:33,42500.0,CASH,COMPLETED
TRX-KLN-20260321-04832,2026-03-21 09:19:46,14000.0,CASH,COMPLETED
TRX-KLN-20260321-04833,2026-03-21 15:38:16,37000.0,CASH,COMPLETED
TRX-KLN-20260321-04834,2026-03-21 18:32:43,7000.0,CASH,COMPLETED
TRX-KLN-20260321-04835,2026-03-21 17:20:10,28000.0,QRIS,COMPLETED
TRX-KLN-20260321-04836,2026-03-21 08:40:00,14000.0,QRIS,COMPLETED
TRX-KLN-20260321-04837,2026-03-21 09:36:46,43800.0,CASH,COMPLETED
TRX-KLN-20260321-04838,2026-03-21 18:09:40,45000.0,CASH,COMPLETED
TRX-KLN-20260321-04839,2026-03-21 19:23:29,38000.0,CASH,COMPLETED
TRX-KLN-20260321-04840,2026-03-21 11:57:57,85500.0,TRANSFER,COMPLETED
TRX-KLN-20260321-04841,2026-03-21 08:31:50,46000.0,TRANSFER,COMPLETED
TRX-KLN-20260321-04842,2026-03-21 13:32:24,26000.0,QRIS,COMPLETED
TRX-KLN-20260321-04843,2026-03-21 14:44:48,82000.0,CASH,COMPLETED
TRX-KLN-20260321-04844,2026-03-21 11:45:05,46000.0,CASH,COMPLETED
TRX-KLN-20260322-04845,2026-03-22 13:24:56,62000.0,CASH,COMPLETED
TRX-KLN-20260322-04846,2026-03-22 17:12:23,60000.0,QRIS,COMPLETED
TRX-KLN-20260322-04847,2026-03-22 09:20:38,24700.0,CASH,COMPLETED
TRX-KLN-20260322-04848,2026-03-22 13:03:34,43500.0,TRANSFER,COMPLETED
TRX-KLN-20260322-04849,2026-03-22 07:25:39,37500.0,CASH,COMPLETED
TRX-KLN-20260322-04850,2026-03-22 11:15:52,14000.0,CASH,COMPLETED
TRX-KLN-20260322-04851,2026-03-22 09:08:39,29000.0,CASH,COMPLETED
TRX-KLN-20260322-04852,2026-03-22 14:41:50,169500.0,CASH,COMPLETED
TRX-KLN-20260322-04853,2026-03-22 20:28:23,56500.0,EWALLET,COMPLETED
TRX-KLN-20260322-04854,2026-03-22 20:59:22,72000.0,TRANSFER,COMPLETED
TRX-KLN-20260322-04855,2026-03-22 16:21:50,7000.0,CASH,COMPLETED
TRX-KLN-20260322-04856,2026-03-22 13:33:48,94500.0,CASH,COMPLETED
TRX-KLN-20260322-04857,2026-03-22 07:03:08,71500.0,CASH,COMPLETED
TRX-KLN-20260322-04858,2026-03-22 10:34:58,20500.0,QRIS,COMPLETED
TRX-KLN-20260322-04859,2026-03-22 16:49:46,26000.0,EWALLET,COMPLETED
TRX-KLN-20260322-04860,2026-03-22 19:28:13,197000.0,CASH,COMPLETED
TRX-KLN-20260322-04861,2026-03-22 14:48:19,141500.0,CASH,COMPLETED
TRX-KLN-20260322-04862,2026-03-22 08:02:55,39500.0,CASH,COMPLETED
TRX-KLN-20260323-04863,2026-03-23 18:29:55,64100.0,QRIS,COMPLETED
TRX-KLN-20260323-04864,2026-03-23 21:28:39,32000.0,CASH,COMPLETED
TRX-KLN-20260323-04865,2026-03-23 08:01:44,26000.0,EWALLET,COMPLETED
TRX-KLN-20260323-04866,2026-03-23 15:44:25,69500.0,EWALLET,COMPLETED
TRX-KLN-20260323-04867,2026-03-23 18:16:38,9500.0,QRIS,COMPLETED
TRX-KLN-20260323-04868,2026-03-23 10:29:01,19000.0,QRIS,COMPLETED
TRX-KLN-20260323-04869,2026-03-23 07:32:09,120000.0,CASH,COMPLETED
TRX-KLN-20260323-04870,2026-03-23 11:00:02,54800.0,TRANSFER,COMPLETED
TRX-KLN-20260323-04871,2026-03-23 19:58:12,36500.0,QRIS,COMPLETED
TRX-KLN-20260323-04872,2026-03-23 19:37:00,12500.0,CASH,COMPLETED
TRX-KLN-20260323-04873,2026-03-23 12:29:26,30000.0,CASH,COMPLETED
TRX-KLN-20260323-04874,2026-03-23 14:37:51,62000.0,CASH,COMPLETED
TRX-KLN-20260323-04875,2026-03-23 19:46:21,226500.0,CASH,COMPLETED
TRX-KLN-20260323-04876,2026-03-23 18:22:10,16000.0,CASH,COMPLETED
TRX-KLN-20260323-04877,2026-03-23 19:59:38,37000.0,CASH,COMPLETED
TRX-KLN-20260323-04878,2026-03-23 12:49:41,60000.0,CASH,COMPLETED
TRX-KLN-20260324-04879,2026-03-24 16:40:21,61000.0,CASH,COMPLETED
TRX-KLN-20260324-04880,2026-03-24 17:17:43,18200.0,CASH,COMPLETED
TRX-KLN-20260324-04881,2026-03-24 08:22:14,21000.0,CASH,COMPLETED
TRX-KLN-20260324-04882,2026-03-24 19:47:14,136000.0,QRIS,COMPLETED
TRX-KLN-20260324-04883,2026-03-24 11:32:46,58000.0,QRIS,COMPLETED
TRX-KLN-20260324-04884,2026-03-24 17:11:01,23000.0,TRANSFER,COMPLETED
TRX-KLN-20260324-04885,2026-03-24 13:30:34,30000.0,CASH,COMPLETED
TRX-KLN-20260324-04886,2026-03-24 10:15:19,46000.0,CASH,COMPLETED
TRX-KLN-20260324-04887,2026-03-24 17:01:34,17000.0,CASH,COMPLETED
TRX-KLN-20260324-04888,2026-03-24 09:12:49,14000.0,QRIS,COMPLETED
TRX-KLN-20260324-04889,2026-03-24 12:23:48,9500.0,TRANSFER,COMPLETED
TRX-KLN-20260324-04890,2026-03-24 08:09:27,30000.0,CASH,COMPLETED
TRX-KLN-20260324-04891,2026-03-24 11:18:45,53000.0,QRIS,COMPLETED
TRX-KLN-20260324-04892,2026-03-24 07:27:52,7000.0,QRIS,COMPLETED
TRX-KLN-20260324-04893,2026-03-24 08:31:56,140000.0,CASH,COMPLETED
TRX-KLN-20260324-04894,2026-03-24 10:12:22,32000.0,CASH,COMPLETED
TRX-KLN-20260325-04895,2026-03-25 15:31:32,30000.0,CASH,COMPLETED
TRX-KLN-20260325-04896,2026-03-25 18:47:31,25500.0,CASH,COMPLETED
TRX-KLN-20260325-04897,2026-03-25 16:29:04,38000.0,CASH,COMPLETED
TRX-KLN-20260325-04898,2026-03-25 09:06:30,48500.0,CASH,COMPLETED
TRX-KLN-20260325-04899,2026-03-25 07:24:33,73500.0,CASH,COMPLETED
TRX-KLN-20260325-04900,2026-03-25 18:07:24,6000.0,CASH,COMPLETED
TRX-KLN-20260325-04901,2026-03-25 17:19:59,15600.0,EWALLET,COMPLETED
TRX-KLN-20260325-04902,2026-03-25 21:03:25,4000.0,CASH,COMPLETED
TRX-KLN-20260325-04903,2026-03-25 12:31:44,48000.0,CASH,COMPLETED
TRX-KLN-20260325-04904,2026-03-25 07:56:30,29000.0,CASH,COMPLETED
TRX-KLN-20260325-04905,2026-03-25 09:40:10,26000.0,EWALLET,COMPLETED
TRX-KLN-20260325-04906,2026-03-25 16:56:52,40000.0,QRIS,COMPLETED
TRX-KLN-20260325-04907,2026-03-25 10:27:10,57000.0,QRIS,COMPLETED
TRX-KLN-20260325-04908,2026-03-25 13:48:39,22000.0,CASH,COMPLETED
TRX-KLN-20260325-04909,2026-03-25 15:34:06,6000.0,CASH,COMPLETED
TRX-KLN-20260325-04910,2026-03-25 16:45:09,8000.0,CASH,COMPLETED
TRX-KLN-20260325-04911,2026-03-25 13:41:21,8000.0,CASH,COMPLETED
TRX-KLN-20260326-04912,2026-03-26 15:14:00,60000.0,CASH,COMPLETED
TRX-KLN-20260326-04913,2026-03-26 19:12:12,16500.0,QRIS,COMPLETED
TRX-KLN-20260326-04914,2026-03-26 19:07:47,24000.0,CASH,COMPLETED
TRX-KLN-20260326-04915,2026-03-26 19:51:25,22000.0,CASH,COMPLETED
TRX-KLN-20260326-04916,2026-03-26 19:59:15,25500.0,TRANSFER,COMPLETED
TRX-KLN-20260326-04917,2026-03-26 12:36:54,20500.0,CASH,COMPLETED
TRX-KLN-20260326-04918,2026-03-26 15:30:36,103500.0,CASH,COMPLETED
TRX-KLN-20260326-04919,2026-03-26 09:57:15,55000.0,TRANSFER,COMPLETED
TRX-KLN-20260326-04920,2026-03-26 17:02:49,14000.0,CASH,COMPLETED
TRX-KLN-20260326-04921,2026-03-26 20:40:07,18000.0,CASH,COMPLETED
TRX-KLN-20260326-04922,2026-03-26 09:12:47,78500.0,CASH,COMPLETED
TRX-KLN-20260326-04923,2026-03-26 20:38:09,120000.0,TRANSFER,COMPLETED
TRX-KLN-20260326-04924,2026-03-26 18:21:45,45500.0,EWALLET,COMPLETED
TRX-KLN-20260326-04925,2026-03-26 12:50:04,7000.0,QRIS,COMPLETED
TRX-KLN-20260326-04926,2026-03-26 15:29:33,1500.0,CASH,COMPLETED
TRX-KLN-20260326-04927,2026-03-26 15:30:13,181000.0,CASH,COMPLETED
TRX-KLN-20260326-04928,2026-03-26 09:07:39,12400.0,CASH,COMPLETED
TRX-KLN-20260326-04929,2026-03-26 17:31:58,58000.0,CASH,COMPLETED
TRX-KLN-20260326-04930,2026-03-26 07:51:42,54000.0,CASH,COMPLETED
TRX-KLN-20260326-04931,2026-03-26 20:32:14,89000.0,TRANSFER,COMPLETED
TRX-KLN-20260326-04932,2026-03-26 12:54:39,45000.0,CASH,COMPLETED
TRX-KLN-20260326-04933,2026-03-26 10:16:50,34200.0,CASH,COMPLETED
TRX-KLN-20260327-04934,2026-03-27 18:16:39,17000.0,CASH,COMPLETED
TRX-KLN-20260327-04935,2026-03-27 09:05:11,10000.0,CASH,COMPLETED
TRX-KLN-20260327-04936,2026-03-27 12:35:52,20000.0,CASH,COMPLETED
TRX-KLN-20260327-04937,2026-03-27 12:08:14,8000.0,CASH,COMPLETED
TRX-KLN-20260327-04938,2026-03-27 07:31:27,32000.0,QRIS,COMPLETED
TRX-KLN-20260327-04939,2026-03-27 16:25:02,7000.0,CASH,COMPLETED
TRX-KLN-20260327-04940,2026-03-27 09:11:37,20000.0,CASH,COMPLETED
TRX-KLN-20260327-04941,2026-03-27 09:22:11,22500.0,CASH,COMPLETED
TRX-KLN-20260327-04942,2026-03-27 08:52:58,18000.0,CASH,COMPLETED
TRX-KLN-20260327-04943,2026-03-27 11:31:52,19000.0,TRANSFER,COMPLETED
TRX-KLN-20260327-04944,2026-03-27 12:34:51,12500.0,CASH,COMPLETED
TRX-KLN-20260327-04945,2026-03-27 17:22:06,29000.0,CASH,COMPLETED
TRX-KLN-20260327-04946,2026-03-27 18:11:25,31000.0,CASH,COMPLETED
TRX-KLN-20260327-04947,2026-03-27 15:59:01,14000.0,CASH,COMPLETED
TRX-KLN-20260327-04948,2026-03-27 16:21:28,7000.0,QRIS,COMPLETED
TRX-KLN-20260327-04949,2026-03-27 20:01:56,6200.0,QRIS,COMPLETED
TRX-KLN-20260327-04950,2026-03-27 11:01:40,58000.0,QRIS,COMPLETED
TRX-KLN-20260327-04951,2026-03-27 14:39:29,14000.0,CASH,COMPLETED
TRX-KLN-20260328-04952,2026-03-28 18:12:02,15000.0,CASH,COMPLETED
TRX-KLN-20260328-04953,2026-03-28 13:25:19,120000.0,CASH,COMPLETED
TRX-KLN-20260328-04954,2026-03-28 19:40:14,59000.0,CASH,COMPLETED
TRX-KLN-20260328-04955,2026-03-28 09:54:20,21000.0,EWALLET,COMPLETED
TRX-KLN-20260328-04956,2026-03-28 21:34:54,18500.0,QRIS,COMPLETED
TRX-KLN-20260328-04957,2026-03-28 11:06:32,20200.0,CASH,COMPLETED
TRX-KLN-20260328-04958,2026-03-28 08:21:26,12500.0,CASH,COMPLETED
TRX-KLN-20260328-04959,2026-03-28 10:27:58,14000.0,QRIS,COMPLETED
TRX-KLN-20260328-04960,2026-03-28 11:24:07,29500.0,CASH,COMPLETED
TRX-KLN-20260328-04961,2026-03-28 12:13:16,25000.0,CASH,COMPLETED
TRX-KLN-20260328-04962,2026-03-28 17:40:42,12000.0,QRIS,COMPLETED
TRX-KLN-20260328-04963,2026-03-28 09:00:52,3100.0,CASH,COMPLETED
TRX-KLN-20260328-04964,2026-03-28 20:12:57,11000.0,QRIS,COMPLETED
TRX-KLN-20260328-04965,2026-03-28 17:09:21,47000.0,QRIS,COMPLETED
TRX-KLN-20260328-04966,2026-03-28 17:00:56,17100.0,TRANSFER,COMPLETED
TRX-KLN-20260328-04967,2026-03-28 19:20:15,16000.0,CASH,COMPLETED
TRX-KLN-20260328-04968,2026-03-28 07:51:13,10000.0,CASH,COMPLETED
TRX-KLN-20260328-04969,2026-03-28 09:21:11,26000.0,CASH,COMPLETED
TRX-KLN-20260328-04970,2026-03-28 18:46:09,52000.0,CASH,COMPLETED
TRX-KLN-20260328-04971,2026-03-28 18:55:23,68000.0,CASH,COMPLETED
TRX-KLN-20260328-04972,2026-03-28 11:15:33,32500.0,CASH,COMPLETED
TRX-KLN-20260328-04973,2026-03-28 19:05:32,26500.0,QRIS,COMPLETED
TRX-KLN-20260328-04974,2026-03-28 10:06:02,27000.0,CASH,COMPLETED
TRX-KLN-20260328-04975,2026-03-28 18:05:18,24000.0,QRIS,COMPLETED
TRX-KLN-20260328-04976,2026-03-28 17:41:16,4000.0,CASH,COMPLETED
TRX-KLN-20260328-04977,2026-03-28 18:00:55,9000.0,TRANSFER,COMPLETED
TRX-KLN-20260328-04978,2026-03-28 17:37:04,46000.0,EWALLET,COMPLETED
TRX-KLN-20260328-04979,2026-03-28 11:07:32,24500.0,TRANSFER,COMPLETED
TRX-KLN-20260328-04980,2026-03-28 09:06:12,151400.0,CASH,COMPLETED
TRX-KLN-20260328-04981,2026-03-28 09:12:56,46000.0,CASH,COMPLETED
TRX-KLN-20260328-04982,2026-03-28 17:38:59,25000.0,CASH,COMPLETED
TRX-KLN-20260328-04983,2026-03-28 11:24:19,89000.0,CASH,COMPLETED
TRX-KLN-20260328-04984,2026-03-28 18:18:52,18000.0,QRIS,COMPLETED
TRX-KLN-20260329-04985,2026-03-29 18:02:16,6000.0,QRIS,COMPLETED
TRX-KLN-20260329-04986,2026-03-29 13:45:34,17000.0,CASH,COMPLETED
TRX-KLN-20260329-04987,2026-03-29 16:42:05,8000.0,TRANSFER,COMPLETED
TRX-KLN-20260329-04988,2026-03-29 08:46:44,114500.0,CASH,COMPLETED
TRX-KLN-20260329-04989,2026-03-29 15:27:51,31000.0,CASH,COMPLETED
TRX-KLN-20260329-04990,2026-03-29 15:21:06,40000.0,CASH,COMPLETED
TRX-KLN-20260329-04991,2026-03-29 20:02:45,60000.0,QRIS,COMPLETED
TRX-KLN-20260329-04992,2026-03-29 18:38:21,28000.0,QRIS,COMPLETED
TRX-KLN-20260329-04993,2026-03-29 15:33:12,69000.0,QRIS,COMPLETED
TRX-KLN-20260329-04994,2026-03-29 18:58:48,48000.0,CASH,COMPLETED
TRX-KLN-20260329-04995,2026-03-29 15:36:34,3000.0,TRANSFER,COMPLETED
TRX-KLN-20260329-04996,2026-03-29 07:43:57,22000.0,QRIS,COMPLETED
TRX-KLN-20260329-04997,2026-03-29 10:04:27,162000.0,CASH,COMPLETED
TRX-KLN-20260329-04998,2026-03-29 12:36:14,93000.0,CASH,COMPLETED
TRX-KLN-20260329-04999,2026-03-29 17:57:43,121000.0,CASH,COMPLETED
TRX-KLN-20260329-05000,2026-03-29 16:54:33,21000.0,CASH,COMPLETED
TRX-KLN-20260329-05001,2026-03-29 09:40:53,55500.0,CASH,COMPLETED
TRX-KLN-20260329-05002,2026-03-29 19:50:57,111000.0,CASH,COMPLETED
TRX-KLN-20260329-05003,2026-03-29 16:24:09,6000.0,CASH,COMPLETED
TRX-KLN-20260329-05004,2026-03-29 12:37:05,101000.0,QRIS,COMPLETED
TRX-KLN-20260329-05005,2026-03-29 20:37:19,16000.0,CASH,COMPLETED
TRX-KLN-20260329-05006,2026-03-29 16:23:25,32000.0,CASH,COMPLETED
TRX-KLN-20260329-05007,2026-03-29 09:28:26,4500.0,EWALLET,COMPLETED
TRX-KLN-20260329-05008,2026-03-29 09:33:32,117500.0,CASH,COMPLETED
TRX-KLN-20260329-05009,2026-03-29 19:46:43,8000.0,CASH,COMPLETED
TRX-KLN-20260329-05010,2026-03-29 07:25:05,21000.0,EWALLET,COMPLETED
TRX-KLN-20260329-05011,2026-03-29 15:41:28,90500.0,TRANSFER,COMPLETED
TRX-KLN-20260330-05012,2026-03-30 14:27:46,86000.0,CASH,COMPLETED
TRX-KLN-20260330-05013,2026-03-30 12:53:04,9500.0,CASH,COMPLETED
TRX-KLN-20260330-05014,2026-03-30 18:38:33,115500.0,CASH,COMPLETED
TRX-KLN-20260330-05015,2026-03-30 16:28:59,161500.0,CASH,COMPLETED
TRX-KLN-20260330-05016,2026-03-30 08:45:57,14000.0,CASH,COMPLETED
TRX-KLN-20260330-05017,2026-03-30 10:28:42,136000.0,CASH,COMPLETED
TRX-KLN-20260330-05018,2026-03-30 20:12:07,171000.0,CASH,COMPLETED
TRX-KLN-20260330-05019,2026-03-30 09:31:04,16000.0,TRANSFER,COMPLETED
TRX-KLN-20260330-05020,2026-03-30 15:49:59,17500.0,QRIS,COMPLETED
TRX-KLN-20260330-05021,2026-03-30 10:33:02,45000.0,CASH,COMPLETED
TRX-KLN-20260330-05022,2026-03-30 17:08:01,12000.0,CASH,COMPLETED
TRX-KLN-20260330-05023,2026-03-30 09:40:39,4500.0,QRIS,COMPLETED
TRX-KLN-20260330-05024,2026-03-30 15:46:04,7000.0,TRANSFER,COMPLETED
TRX-KLN-20260330-05025,2026-03-30 19:56:20,6000.0,QRIS,COMPLETED
TRX-KLN-20260330-05026,2026-03-30 08:33:11,36400.0,QRIS,COMPLETED
TRX-KLN-20260331-05027,2026-03-31 10:48:01,25500.0,CASH,COMPLETED
TRX-KLN-20260331-05028,2026-03-31 18:02:14,25000.0,CASH,COMPLETED
TRX-KLN-20260331-05029,2026-03-31 20:55:28,8500.0,CASH,COMPLETED
TRX-KLN-20260331-05030,2026-03-31 21:10:17,14000.0,EWALLET,COMPLETED
TRX-KLN-20260331-05031,2026-03-31 07:31:11,14000.0,CASH,COMPLETED
TRX-KLN-20260331-05032,2026-03-31 15:46:46,22500.0,CASH,COMPLETED
TRX-KLN-20260331-05033,2026-03-31 07:43:09,6000.0,CASH,COMPLETED
TRX-KLN-20260331-05034,2026-03-31 19:14:55,33000.0,EWALLET,COMPLETED
TRX-KLN-20260331-05035,2026-03-31 15:51:46,9500.0,QRIS,COMPLETED
TRX-KLN-20260331-05036,2026-03-31 16:23:39,69000.0,TRANSFER,COMPLETED
TRX-KLN-20260331-05037,2026-03-31 19:00:24,156000.0,CASH,COMPLETED
TRX-KLN-20260331-05038,2026-03-31 17:02:18,4500.0,CASH,COMPLETED
TRX-KLN-20260331-05039,2026-03-31 10:56:24,129000.0,TRANSFER,COMPLETED
TRX-KLN-20260331-05040,2026-03-31 14:24:34,14000.0,CASH,COMPLETED
TRX-KLN-20260331-05041,2026-03-31 21:54:24,135500.0,QRIS,COMPLETED
TRX-KLN-20260331-05042,2026-03-31 10:40:03,7000.0,CASH,COMPLETED
TRX-KLN-20260401-05043,2026-04-01 17:18:34,75800.0,CASH,COMPLETED
TRX-KLN-20260401-05044,2026-04-01 17:20:06,165000.0,CASH,COMPLETED
TRX-KLN-20260401-05045,2026-04-01 16:22:53,15000.0,QRIS,COMPLETED
TRX-KLN-20260401-05046,2026-04-01 15:32:01,37000.0,CASH,COMPLETED
TRX-KLN-20260401-05047,2026-04-01 11:21:56,25000.0,QRIS,COMPLETED
TRX-KLN-20260401-05048,2026-04-01 18:44:44,29500.0,CASH,COMPLETED
TRX-KLN-20260401-05049,2026-04-01 17:10:56,86500.0,CASH,COMPLETED
TRX-KLN-20260401-05050,2026-04-01 09:42:58,217000.0,CASH,COMPLETED
TRX-KLN-20260401-05051,2026-04-01 18:48:35,97500.0,CASH,COMPLETED
TRX-KLN-20260401-05052,2026-04-01 21:34:02,150000.0,EWALLET,COMPLETED
TRX-KLN-20260401-05053,2026-04-01 19:25:54,142000.0,CASH,COMPLETED
TRX-KLN-20260401-05054,2026-04-01 21:28:57,16000.0,CASH,COMPLETED
TRX-KLN-20260401-05055,2026-04-01 11:35:11,40000.0,CASH,COMPLETED
TRX-KLN-20260401-05056,2026-04-01 15:08:38,5500.0,CASH,COMPLETED
TRX-KLN-20260401-05057,2026-04-01 17:14:54,76500.0,CASH,COMPLETED
TRX-KLN-20260401-05058,2026-04-01 13:52:40,69000.0,CASH,COMPLETED
TRX-KLN-20260401-05059,2026-04-01 11:56:56,120000.0,CASH,COMPLETED
TRX-KLN-20260401-05060,2026-04-01 14:41:00,60000.0,CASH,COMPLETED
TRX-KLN-20260401-05061,2026-04-01 20:50:59,36000.0,CASH,COMPLETED
TRX-KLN-20260401-05062,2026-04-01 19:03:51,15500.0,CASH,COMPLETED
TRX-KLN-20260402-05063,2026-04-02 21:45:08,12000.0,CASH,COMPLETED
TRX-KLN-20260402-05064,2026-04-02 17:33:52,19000.0,EWALLET,COMPLETED
TRX-KLN-20260402-05065,2026-04-02 17:40:13,24500.0,CASH,COMPLETED
TRX-KLN-20260402-05066,2026-04-02 12:20:59,247000.0,CASH,COMPLETED
TRX-KLN-20260402-05067,2026-04-02 17:02:00,7000.0,CASH,COMPLETED
TRX-KLN-20260402-05068,2026-04-02 16:42:03,86000.0,CASH,COMPLETED
TRX-KLN-20260402-05069,2026-04-02 19:29:47,64000.0,CASH,COMPLETED
TRX-KLN-20260402-05070,2026-04-02 20:16:02,3000.0,CASH,COMPLETED
TRX-KLN-20260402-05071,2026-04-02 09:26:20,7000.0,QRIS,COMPLETED
TRX-KLN-20260402-05072,2026-04-02 21:58:12,51300.0,CASH,COMPLETED
TRX-KLN-20260402-05073,2026-04-02 13:24:34,29000.0,CASH,COMPLETED
TRX-KLN-20260402-05074,2026-04-02 10:00:00,34500.0,CASH,COMPLETED
TRX-KLN-20260402-05075,2026-04-02 19:15:08,123400.0,CASH,COMPLETED
TRX-KLN-20260402-05076,2026-04-02 17:38:04,8000.0,CASH,COMPLETED
TRX-KLN-20260402-05077,2026-04-02 10:32:42,38000.0,EWALLET,COMPLETED
TRX-KLN-20260402-05078,2026-04-02 16:50:30,22000.0,CASH,COMPLETED
TRX-KLN-20260402-05079,2026-04-02 15:59:40,75000.0,QRIS,COMPLETED
TRX-KLN-20260402-05080,2026-04-02 18:39:49,12000.0,TRANSFER,COMPLETED
TRX-KLN-20260402-05081,2026-04-02 18:12:51,12500.0,CASH,COMPLETED
TRX-KLN-20260402-05082,2026-04-02 21:11:38,177500.0,QRIS,COMPLETED
TRX-KLN-20260403-05083,2026-04-03 13:30:01,29000.0,CASH,COMPLETED
TRX-KLN-20260403-05084,2026-04-03 19:50:06,41500.0,CASH,COMPLETED
TRX-KLN-20260403-05085,2026-04-03 16:00:21,31000.0,QRIS,COMPLETED
TRX-KLN-20260403-05086,2026-04-03 20:26:41,16000.0,QRIS,COMPLETED
TRX-KLN-20260403-05087,2026-04-03 09:28:11,85000.0,EWALLET,COMPLETED
TRX-KLN-20260403-05088,2026-04-03 21:07:52,148000.0,CASH,COMPLETED
TRX-KLN-20260403-05089,2026-04-03 16:03:25,8500.0,CASH,COMPLETED
TRX-KLN-20260403-05090,2026-04-03 08:32:28,9500.0,CASH,COMPLETED
TRX-KLN-20260403-05091,2026-04-03 21:45:33,12000.0,TRANSFER,COMPLETED
TRX-KLN-20260403-05092,2026-04-03 08:31:28,29000.0,CASH,COMPLETED
TRX-KLN-20260403-05093,2026-04-03 09:10:57,18000.0,TRANSFER,COMPLETED
TRX-KLN-20260403-05094,2026-04-03 11:09:55,32500.0,CASH,COMPLETED
TRX-KLN-20260403-05095,2026-04-03 11:10:17,48000.0,CASH,COMPLETED
TRX-KLN-20260403-05096,2026-04-03 18:32:29,32500.0,CASH,COMPLETED
TRX-KLN-20260403-05097,2026-04-03 08:49:56,14200.0,QRIS,COMPLETED
TRX-KLN-20260403-05098,2026-04-03 17:33:19,52000.0,QRIS,COMPLETED
TRX-KLN-20260403-05099,2026-04-03 11:29:04,51000.0,CASH,COMPLETED
TRX-KLN-20260403-05100,2026-04-03 13:21:42,28000.0,CASH,COMPLETED
TRX-KLN-20260403-05101,2026-04-03 17:32:17,68000.0,CASH,COMPLETED
TRX-KLN-20260403-05102,2026-04-03 10:53:22,19000.0,TRANSFER,COMPLETED
TRX-KLN-20260403-05103,2026-04-03 09:46:42,166000.0,EWALLET,COMPLETED
TRX-KLN-20260403-05104,2026-04-03 16:17:47,15100.0,QRIS,COMPLETED
TRX-KLN-20260403-05105,2026-04-03 15:09:11,106000.0,CASH,COMPLETED
TRX-KLN-20260403-05106,2026-04-03 10:06:28,22000.0,QRIS,COMPLETED
TRX-KLN-20260403-05107,2026-04-03 08:09:37,19000.0,CASH,COMPLETED
TRX-KLN-20260403-05108,2026-04-03 11:31:57,32000.0,CASH,COMPLETED
TRX-KLN-20260404-05109,2026-04-04 13:30:25,50500.0,CASH,COMPLETED
TRX-KLN-20260404-05110,2026-04-04 12:42:02,25000.0,CASH,COMPLETED
TRX-KLN-20260404-05111,2026-04-04 13:49:09,7000.0,CASH,COMPLETED
TRX-KLN-20260404-05112,2026-04-04 14:32:02,205000.0,CASH,COMPLETED
TRX-KLN-20260404-05113,2026-04-04 17:05:49,60500.0,QRIS,COMPLETED
TRX-KLN-20260404-05114,2026-04-04 12:37:44,16500.0,QRIS,COMPLETED
TRX-KLN-20260404-05115,2026-04-04 07:22:04,19000.0,CASH,COMPLETED
TRX-KLN-20260404-05116,2026-04-04 13:02:54,46000.0,CASH,COMPLETED
TRX-KLN-20260404-05117,2026-04-04 20:10:15,23300.0,QRIS,COMPLETED
TRX-KLN-20260404-05118,2026-04-04 18:56:19,8000.0,TRANSFER,COMPLETED
TRX-KLN-20260404-05119,2026-04-04 17:39:16,69000.0,CASH,COMPLETED
TRX-KLN-20260404-05120,2026-04-04 08:52:21,16500.0,TRANSFER,COMPLETED
TRX-KLN-20260404-05121,2026-04-04 18:48:24,139600.0,QRIS,COMPLETED
TRX-KLN-20260404-05122,2026-04-04 11:30:17,12500.0,CASH,COMPLETED
TRX-KLN-20260404-05123,2026-04-04 18:16:03,35000.0,CASH,COMPLETED
TRX-KLN-20260404-05124,2026-04-04 20:48:15,25200.0,CASH,COMPLETED
TRX-KLN-20260404-05125,2026-04-04 16:45:09,6000.0,EWALLET,COMPLETED
TRX-KLN-20260404-05126,2026-04-04 15:18:02,16000.0,CASH,COMPLETED
TRX-KLN-20260404-05127,2026-04-04 17:31:20,64000.0,CASH,COMPLETED
TRX-KLN-20260404-05128,2026-04-04 19:12:21,11000.0,CASH,COMPLETED
TRX-KLN-20260404-05129,2026-04-04 12:00:02,16000.0,CASH,COMPLETED
TRX-KLN-20260404-05130,2026-04-04 11:49:01,49000.0,CASH,COMPLETED
TRX-KLN-20260404-05131,2026-04-04 12:47:40,50000.0,CASH,COMPLETED
TRX-KLN-20260404-05132,2026-04-04 08:33:30,67000.0,CASH,COMPLETED
TRX-KLN-20260404-05133,2026-04-04 20:08:51,25000.0,CASH,COMPLETED
TRX-KLN-20260404-05134,2026-04-04 07:36:13,82000.0,CASH,COMPLETED
TRX-KLN-20260404-05135,2026-04-04 12:07:45,18500.0,QRIS,COMPLETED
TRX-KLN-20260404-05136,2026-04-04 18:22:56,42000.0,QRIS,COMPLETED
TRX-KLN-20260404-05137,2026-04-04 13:33:12,8500.0,CASH,COMPLETED
TRX-KLN-20260404-05138,2026-04-04 17:22:02,4000.0,CASH,COMPLETED
TRX-KLN-20260405-05139,2026-04-05 11:52:20,42000.0,CASH,COMPLETED
TRX-KLN-20260405-05140,2026-04-05 09:39:59,12000.0,QRIS,COMPLETED
TRX-KLN-20260405-05141,2026-04-05 10:44:27,60000.0,CASH,COMPLETED
TRX-KLN-20260405-05142,2026-04-05 20:14:45,35500.0,CASH,COMPLETED
TRX-KLN-20260405-05143,2026-04-05 16:22:53,51000.0,QRIS,COMPLETED
TRX-KLN-20260405-05144,2026-04-05 13:06:05,69000.0,CASH,COMPLETED
TRX-KLN-20260405-05145,2026-04-05 09:29:09,96000.0,EWALLET,COMPLETED
TRX-KLN-20260405-05146,2026-04-05 10:47:38,22000.0,CASH,COMPLETED
TRX-KLN-20260405-05147,2026-04-05 12:17:58,1500.0,CASH,COMPLETED
TRX-KLN-20260405-05148,2026-04-05 17:58:29,65000.0,CASH,COMPLETED
TRX-KLN-20260405-05149,2026-04-05 14:50:06,45000.0,CASH,COMPLETED
TRX-KLN-20260405-05150,2026-04-05 11:15:58,29500.0,CASH,COMPLETED
TRX-KLN-20260405-05151,2026-04-05 13:46:50,14000.0,CASH,COMPLETED
TRX-KLN-20260405-05152,2026-04-05 16:24:37,42300.0,CASH,COMPLETED
TRX-KLN-20260405-05153,2026-04-05 13:03:37,45400.0,QRIS,COMPLETED
TRX-KLN-20260405-05154,2026-04-05 20:22:23,16500.0,QRIS,COMPLETED
TRX-KLN-20260405-05155,2026-04-05 17:38:59,25000.0,TRANSFER,COMPLETED
TRX-KLN-20260405-05156,2026-04-05 10:17:18,3000.0,CASH,COMPLETED
TRX-KLN-20260405-05157,2026-04-05 12:09:23,12000.0,QRIS,COMPLETED
TRX-KLN-20260405-05158,2026-04-05 14:08:38,34500.0,CASH,COMPLETED
TRX-KLN-20260405-05159,2026-04-05 17:09:44,156900.0,CASH,COMPLETED
TRX-KLN-20260405-05160,2026-04-05 08:40:57,11000.0,CASH,COMPLETED
TRX-KLN-20260405-05161,2026-04-05 18:00:38,10000.0,CASH,COMPLETED
TRX-KLN-20260405-05162,2026-04-05 12:06:51,25000.0,QRIS,COMPLETED
TRX-KLN-20260405-05163,2026-04-05 09:32:34,64000.0,CASH,COMPLETED
TRX-KLN-20260405-05164,2026-04-05 20:24:42,58000.0,CASH,COMPLETED
TRX-KLN-20260405-05165,2026-04-05 20:54:00,49500.0,CASH,COMPLETED
TRX-KLN-20260405-05166,2026-04-05 09:51:34,117500.0,EWALLET,COMPLETED
TRX-KLN-20260405-05167,2026-04-05 11:19:41,14000.0,CASH,COMPLETED
TRX-KLN-20260405-05168,2026-04-05 07:55:09,15000.0,CASH,COMPLETED
TRX-KLN-20260406-05169,2026-04-06 10:24:25,3100.0,QRIS,COMPLETED
TRX-KLN-20260406-05170,2026-04-06 16:31:45,46000.0,CASH,COMPLETED
TRX-KLN-20260406-05171,2026-04-06 15:53:06,12400.0,TRANSFER,COMPLETED
TRX-KLN-20260406-05172,2026-04-06 17:39:53,45000.0,TRANSFER,COMPLETED
TRX-KLN-20260406-05173,2026-04-06 10:34:39,63100.0,EWALLET,COMPLETED
TRX-KLN-20260406-05174,2026-04-06 19:11:34,68000.0,CASH,COMPLETED
TRX-KLN-20260406-05175,2026-04-06 21:54:14,20500.0,QRIS,COMPLETED
TRX-KLN-20260406-05176,2026-04-06 17:39:59,78500.0,QRIS,COMPLETED
TRX-KLN-20260406-05177,2026-04-06 15:41:23,124500.0,CASH,COMPLETED
TRX-KLN-20260406-05178,2026-04-06 09:58:15,47000.0,CASH,COMPLETED
TRX-KLN-20260406-05179,2026-04-06 17:00:15,109000.0,CASH,COMPLETED
TRX-KLN-20260406-05180,2026-04-06 07:04:28,29000.0,CASH,COMPLETED
TRX-KLN-20260407-05181,2026-04-07 11:04:15,95000.0,CASH,COMPLETED
TRX-KLN-20260407-05182,2026-04-07 18:07:10,19500.0,CASH,COMPLETED
TRX-KLN-20260407-05183,2026-04-07 19:32:59,29000.0,CASH,COMPLETED
TRX-KLN-20260407-05184,2026-04-07 12:54:07,6000.0,QRIS,COMPLETED
TRX-KLN-20260407-05185,2026-04-07 19:19:24,25000.0,CASH,COMPLETED
TRX-KLN-20260407-05186,2026-04-07 15:02:29,32000.0,CASH,COMPLETED
TRX-KLN-20260407-05187,2026-04-07 20:11:00,12000.0,QRIS,COMPLETED
TRX-KLN-20260407-05188,2026-04-07 19:55:59,79000.0,CASH,COMPLETED
TRX-KLN-20260407-05189,2026-04-07 10:44:06,196500.0,CASH,COMPLETED
TRX-KLN-20260407-05190,2026-04-07 15:39:53,140500.0,CASH,COMPLETED
TRX-KLN-20260407-05191,2026-04-07 20:56:02,59500.0,CASH,COMPLETED
TRX-KLN-20260407-05192,2026-04-07 12:24:17,32000.0,CASH,COMPLETED
TRX-KLN-20260407-05193,2026-04-07 15:07:41,24900.0,TRANSFER,COMPLETED
TRX-KLN-20260408-05194,2026-04-08 09:57:28,9500.0,CASH,COMPLETED
TRX-KLN-20260408-05195,2026-04-08 08:30:14,74000.0,CASH,COMPLETED
TRX-KLN-20260408-05196,2026-04-08 14:14:59,103500.0,CASH,COMPLETED
TRX-KLN-20260408-05197,2026-04-08 21:04:06,19000.0,QRIS,COMPLETED
TRX-KLN-20260408-05198,2026-04-08 13:50:15,6200.0,CASH,COMPLETED
TRX-KLN-20260408-05199,2026-04-08 09:39:50,14000.0,CASH,COMPLETED
TRX-KLN-20260408-05200,2026-04-08 18:55:16,29000.0,CASH,COMPLETED
TRX-KLN-20260408-05201,2026-04-08 15:27:04,60500.0,CASH,COMPLETED
TRX-KLN-20260408-05202,2026-04-08 08:12:07,45000.0,CASH,COMPLETED
TRX-KLN-20260408-05203,2026-04-08 19:08:46,63000.0,CASH,COMPLETED
TRX-KLN-20260408-05204,2026-04-08 19:39:21,12500.0,TRANSFER,COMPLETED
TRX-KLN-20260408-05205,2026-04-08 20:42:22,32000.0,CASH,COMPLETED
TRX-KLN-20260408-05206,2026-04-08 15:30:16,14000.0,CASH,COMPLETED
TRX-KLN-20260409-05207,2026-04-09 10:18:01,3000.0,TRANSFER,COMPLETED
TRX-KLN-20260409-05208,2026-04-09 11:00:35,9000.0,CASH,COMPLETED
TRX-KLN-20260409-05209,2026-04-09 09:30:40,11000.0,EWALLET,COMPLETED
TRX-KLN-20260409-05210,2026-04-09 16:53:15,80000.0,QRIS,COMPLETED
TRX-KLN-20260409-05211,2026-04-09 14:58:10,14800.0,CASH,COMPLETED
TRX-KLN-20260409-05212,2026-04-09 19:29:33,21000.0,CASH,COMPLETED
TRX-KLN-20260409-05213,2026-04-09 18:45:35,26000.0,CASH,COMPLETED
TRX-KLN-20260409-05214,2026-04-09 11:09:00,29000.0,CASH,COMPLETED
TRX-KLN-20260409-05215,2026-04-09 14:32:24,21000.0,CASH,COMPLETED
TRX-KLN-20260409-05216,2026-04-09 09:55:13,33500.0,CASH,COMPLETED
TRX-KLN-20260409-05217,2026-04-09 11:59:15,139000.0,CASH,COMPLETED
TRX-KLN-20260409-05218,2026-04-09 08:35:10,106500.0,TRANSFER,COMPLETED
TRX-KLN-20260409-05219,2026-04-09 09:19:19,15100.0,CASH,COMPLETED
TRX-KLN-20260409-05220,2026-04-09 07:12:42,4500.0,CASH,COMPLETED
TRX-KLN-20260409-05221,2026-04-09 14:08:57,54500.0,CASH,COMPLETED
TRX-KLN-20260409-05222,2026-04-09 17:14:16,9300.0,CASH,COMPLETED
TRX-KLN-20260409-05223,2026-04-09 07:15:46,15000.0,CASH,COMPLETED
TRX-KLN-20260409-05224,2026-04-09 20:33:33,14000.0,CASH,COMPLETED
TRX-KLN-20260409-05225,2026-04-09 18:55:36,175500.0,CASH,COMPLETED
TRX-KLN-20260409-05226,2026-04-09 17:40:18,8000.0,EWALLET,COMPLETED
TRX-KLN-20260410-05227,2026-04-10 08:23:53,76500.0,CASH,COMPLETED
TRX-KLN-20260410-05228,2026-04-10 12:07:36,12000.0,CASH,COMPLETED
TRX-KLN-20260410-05229,2026-04-10 12:27:12,58000.0,CASH,COMPLETED
TRX-KLN-20260410-05230,2026-04-10 10:00:41,19000.0,CASH,COMPLETED
TRX-KLN-20260410-05231,2026-04-10 13:18:26,58000.0,CASH,COMPLETED
TRX-KLN-20260410-05232,2026-04-10 18:53:22,31000.0,CASH,COMPLETED
TRX-KLN-20260410-05233,2026-04-10 18:28:29,9000.0,CASH,COMPLETED
TRX-KLN-20260410-05234,2026-04-10 12:57:23,29000.0,CASH,COMPLETED
TRX-KLN-20260410-05235,2026-04-10 19:55:03,68000.0,CASH,COMPLETED
TRX-KLN-20260410-05236,2026-04-10 07:31:35,37000.0,CASH,COMPLETED
TRX-KLN-20260410-05237,2026-04-10 10:54:38,7000.0,CASH,COMPLETED
TRX-KLN-20260410-05238,2026-04-10 12:22:32,181000.0,CASH,COMPLETED
TRX-KLN-20260410-05239,2026-04-10 18:47:29,16000.0,CASH,COMPLETED
TRX-KLN-20260410-05240,2026-04-10 20:21:55,110500.0,CASH,COMPLETED
TRX-KLN-20260411-05241,2026-04-11 20:06:24,45000.0,CASH,COMPLETED
TRX-KLN-20260411-05242,2026-04-11 13:57:38,4500.0,QRIS,COMPLETED
TRX-KLN-20260411-05243,2026-04-11 16:33:22,12000.0,TRANSFER,COMPLETED
TRX-KLN-20260411-05244,2026-04-11 13:20:09,65700.0,CASH,COMPLETED
TRX-KLN-20260411-05245,2026-04-11 17:46:07,15000.0,TRANSFER,COMPLETED
TRX-KLN-20260411-05246,2026-04-11 12:25:15,7000.0,CASH,COMPLETED
TRX-KLN-20260411-05247,2026-04-11 19:30:59,44000.0,CASH,COMPLETED
TRX-KLN-20260411-05248,2026-04-11 14:21:11,16000.0,CASH,COMPLETED
TRX-KLN-20260411-05249,2026-04-11 15:42:15,49000.0,QRIS,COMPLETED
TRX-KLN-20260411-05250,2026-04-11 16:58:56,49000.0,CASH,COMPLETED
TRX-KLN-20260411-05251,2026-04-11 15:18:50,145500.0,QRIS,COMPLETED
TRX-KLN-20260411-05252,2026-04-11 07:08:15,1500.0,CASH,COMPLETED
TRX-KLN-20260411-05253,2026-04-11 11:38:39,82500.0,CASH,COMPLETED
TRX-KLN-20260411-05254,2026-04-11 18:52:05,144000.0,CASH,COMPLETED
TRX-KLN-20260411-05255,2026-04-11 21:13:04,202000.0,CASH,COMPLETED
TRX-KLN-20260412-05256,2026-04-12 10:05:00,73000.0,CASH,COMPLETED
TRX-KLN-20260412-05257,2026-04-12 08:36:11,212500.0,CASH,COMPLETED
TRX-KLN-20260412-05258,2026-04-12 07:33:25,36500.0,CASH,COMPLETED
TRX-KLN-20260412-05259,2026-04-12 12:04:35,17500.0,CASH,COMPLETED
TRX-KLN-20260412-05260,2026-04-12 11:26:03,103500.0,TRANSFER,COMPLETED
TRX-KLN-20260412-05261,2026-04-12 18:57:45,44000.0,TRANSFER,COMPLETED
TRX-KLN-20260412-05262,2026-04-12 11:36:33,58000.0,TRANSFER,COMPLETED
TRX-KLN-20260412-05263,2026-04-12 16:27:25,19000.0,CASH,COMPLETED
TRX-KLN-20260412-05264,2026-04-12 19:46:31,29000.0,QRIS,COMPLETED
TRX-KLN-20260412-05265,2026-04-12 12:19:01,8000.0,CASH,COMPLETED
TRX-KLN-20260412-05266,2026-04-12 09:36:25,3000.0,CASH,COMPLETED
TRX-KLN-20260412-05267,2026-04-12 10:01:00,75000.0,QRIS,COMPLETED
TRX-KLN-20260412-05268,2026-04-12 11:09:49,231000.0,EWALLET,COMPLETED
TRX-KLN-20260412-05269,2026-04-12 15:15:14,3100.0,CASH,COMPLETED
TRX-KLN-20260412-05270,2026-04-12 13:21:53,85000.0,CASH,COMPLETED
TRX-KLN-20260412-05271,2026-04-12 21:16:44,14000.0,TRANSFER,COMPLETED
TRX-KLN-20260413-05272,2026-04-13 09:57:13,8000.0,CASH,COMPLETED
TRX-KLN-20260413-05273,2026-04-13 08:33:40,15000.0,CASH,COMPLETED
TRX-KLN-20260413-05274,2026-04-13 19:31:12,23000.0,QRIS,COMPLETED
TRX-KLN-20260413-05275,2026-04-13 13:18:49,118300.0,CASH,COMPLETED
TRX-KLN-20260413-05276,2026-04-13 16:48:50,42000.0,CASH,COMPLETED
TRX-KLN-20260413-05277,2026-04-13 10:59:21,74500.0,CASH,COMPLETED
TRX-KLN-20260413-05278,2026-04-13 20:12:35,32000.0,QRIS,COMPLETED
TRX-KLN-20260413-05279,2026-04-13 13:16:57,7000.0,CASH,COMPLETED
TRX-KLN-20260413-05280,2026-04-13 17:29:10,134500.0,CASH,COMPLETED
TRX-KLN-20260413-05281,2026-04-13 07:53:55,32000.0,QRIS,COMPLETED
TRX-KLN-20260413-05282,2026-04-13 19:40:20,26000.0,CASH,COMPLETED
TRX-KLN-20260413-05283,2026-04-13 18:54:44,8000.0,TRANSFER,COMPLETED
TRX-KLN-20260413-05284,2026-04-13 21:59:18,94000.0,EWALLET,COMPLETED
TRX-KLN-20260413-05285,2026-04-13 14:58:09,103500.0,CASH,COMPLETED
TRX-KLN-20260413-05286,2026-04-13 15:20:29,22000.0,QRIS,COMPLETED
TRX-KLN-20260413-05287,2026-04-13 19:17:12,79000.0,CASH,COMPLETED
TRX-KLN-20260413-05288,2026-04-13 11:39:09,11000.0,QRIS,COMPLETED
TRX-KLN-20260413-05289,2026-04-13 10:38:45,29500.0,TRANSFER,COMPLETED
TRX-KLN-20260413-05290,2026-04-13 07:17:20,103500.0,EWALLET,COMPLETED
TRX-KLN-20260414-05291,2026-04-14 07:47:35,51000.0,EWALLET,COMPLETED
TRX-KLN-20260414-05292,2026-04-14 11:30:26,60000.0,CASH,COMPLETED
TRX-KLN-20260414-05293,2026-04-14 09:32:15,66000.0,CASH,COMPLETED
TRX-KLN-20260414-05294,2026-04-14 18:02:22,106000.0,CASH,COMPLETED
TRX-KLN-20260414-05295,2026-04-14 19:52:10,3000.0,CASH,COMPLETED
TRX-KLN-20260414-05296,2026-04-14 17:32:32,5500.0,CASH,COMPLETED
TRX-KLN-20260414-05297,2026-04-14 08:42:16,147200.0,CASH,COMPLETED
TRX-KLN-20260414-05298,2026-04-14 11:29:03,39500.0,TRANSFER,COMPLETED
TRX-KLN-20260414-05299,2026-04-14 08:32:48,16500.0,CASH,COMPLETED
TRX-KLN-20260414-05300,2026-04-14 16:26:58,25500.0,QRIS,COMPLETED
TRX-KLN-20260414-05301,2026-04-14 07:25:17,16000.0,CASH,COMPLETED
TRX-KLN-20260414-05302,2026-04-14 21:07:44,43500.0,QRIS,COMPLETED
TRX-KLN-20260414-05303,2026-04-14 16:54:28,29000.0,TRANSFER,COMPLETED
TRX-KLN-20260414-05304,2026-04-14 17:14:35,14000.0,CASH,COMPLETED
TRX-KLN-20260414-05305,2026-04-14 10:32:59,6200.0,CASH,COMPLETED
TRX-KLN-20260415-05306,2026-04-15 16:53:56,44000.0,QRIS,COMPLETED
TRX-KLN-20260415-05307,2026-04-15 19:15:23,12000.0,TRANSFER,COMPLETED
TRX-KLN-20260415-05308,2026-04-15 16:06:27,6000.0,CASH,COMPLETED
TRX-KLN-20260415-05309,2026-04-15 09:09:58,41000.0,CASH,COMPLETED
TRX-KLN-20260415-05310,2026-04-15 13:40:56,116500.0,CASH,COMPLETED
TRX-KLN-20260415-05311,2026-04-15 12:46:26,65700.0,TRANSFER,COMPLETED
TRX-KLN-20260415-05312,2026-04-15 10:46:36,41100.0,CASH,COMPLETED
TRX-KLN-20260415-05313,2026-04-15 20:41:03,87000.0,CASH,COMPLETED
TRX-KLN-20260415-05314,2026-04-15 19:03:21,9500.0,EWALLET,COMPLETED
TRX-KLN-20260415-05315,2026-04-15 09:58:47,21000.0,CASH,COMPLETED
TRX-KLN-20260415-05316,2026-04-15 15:14:17,12000.0,CASH,COMPLETED
TRX-KLN-20260415-05317,2026-04-15 12:30:50,39500.0,TRANSFER,COMPLETED
TRX-KLN-20260415-05318,2026-04-15 09:49:38,31000.0,CASH,COMPLETED
TRX-KLN-20260415-05319,2026-04-15 17:30:11,44500.0,TRANSFER,COMPLETED
TRX-KLN-20260415-05320,2026-04-15 13:13:57,12000.0,QRIS,COMPLETED
TRX-KLN-20260415-05321,2026-04-15 18:38:24,37500.0,CASH,COMPLETED
TRX-KLN-20260415-05322,2026-04-15 17:11:29,24500.0,QRIS,COMPLETED
TRX-KLN-20260415-05323,2026-04-15 19:57:15,60000.0,CASH,COMPLETED
TRX-KLN-20260415-05324,2026-04-15 10:01:56,12000.0,QRIS,COMPLETED
TRX-KLN-20260416-05325,2026-04-16 18:07:27,18400.0,CASH,COMPLETED
TRX-KLN-20260416-05326,2026-04-16 08:28:40,89800.0,QRIS,COMPLETED
TRX-KLN-20260416-05327,2026-04-16 10:58:02,49500.0,QRIS,COMPLETED
TRX-KLN-20260416-05328,2026-04-16 14:19:27,42000.0,QRIS,COMPLETED
TRX-KLN-20260416-05329,2026-04-16 08:34:50,55500.0,TRANSFER,COMPLETED
TRX-KLN-20260416-05330,2026-04-16 14:04:17,30000.0,TRANSFER,COMPLETED
TRX-KLN-20260416-05331,2026-04-16 21:10:47,76500.0,CASH,COMPLETED
TRX-KLN-20260416-05332,2026-04-16 18:22:06,62500.0,CASH,COMPLETED
TRX-KLN-20260416-05333,2026-04-16 17:15:38,30500.0,CASH,COMPLETED
TRX-KLN-20260416-05334,2026-04-16 20:25:18,29000.0,CASH,COMPLETED
TRX-KLN-20260416-05335,2026-04-16 21:37:09,76000.0,CASH,COMPLETED
TRX-KLN-20260416-05336,2026-04-16 18:23:19,9500.0,QRIS,COMPLETED
TRX-KLN-20260416-05337,2026-04-16 08:30:19,46000.0,QRIS,COMPLETED
TRX-KLN-20260416-05338,2026-04-16 18:10:01,150000.0,CASH,COMPLETED
TRX-KLN-20260416-05339,2026-04-16 21:07:38,76500.0,CASH,COMPLETED
TRX-KLN-20260416-05340,2026-04-16 18:41:35,86500.0,TRANSFER,COMPLETED
TRX-KLN-20260416-05341,2026-04-16 19:20:35,12500.0,TRANSFER,COMPLETED
TRX-KLN-20260416-05342,2026-04-16 10:49:35,115500.0,QRIS,COMPLETED
TRX-KLN-20260417-05343,2026-04-17 10:10:47,83000.0,CASH,COMPLETED
TRX-KLN-20260417-05344,2026-04-17 11:03:29,55500.0,CASH,COMPLETED
TRX-KLN-20260417-05345,2026-04-17 15:36:03,32000.0,QRIS,COMPLETED
TRX-KLN-20260417-05346,2026-04-17 16:07:12,55000.0,CASH,COMPLETED
TRX-KLN-20260417-05347,2026-04-17 11:42:47,14000.0,CASH,COMPLETED
TRX-KLN-20260417-05348,2026-04-17 13:36:48,46000.0,CASH,COMPLETED
TRX-KLN-20260417-05349,2026-04-17 16:50:14,148400.0,QRIS,COMPLETED
TRX-KLN-20260417-05350,2026-04-17 16:21:52,29000.0,QRIS,COMPLETED
TRX-KLN-20260417-05351,2026-04-17 16:31:30,85500.0,CASH,COMPLETED
TRX-KLN-20260417-05352,2026-04-17 19:46:02,1500.0,CASH,COMPLETED
TRX-KLN-20260417-05353,2026-04-17 12:30:11,58000.0,CASH,COMPLETED
TRX-KLN-20260417-05354,2026-04-17 12:13:37,42000.0,CASH,COMPLETED
TRX-KLN-20260417-05355,2026-04-17 09:21:07,56500.0,CASH,COMPLETED
TRX-KLN-20260417-05356,2026-04-17 08:57:40,84000.0,EWALLET,COMPLETED
TRX-KLN-20260417-05357,2026-04-17 07:48:47,8000.0,CASH,COMPLETED
TRX-KLN-20260417-05358,2026-04-17 10:22:37,18000.0,TRANSFER,COMPLETED
TRX-KLN-20260417-05359,2026-04-17 19:27:02,131500.0,CASH,COMPLETED
TRX-KLN-20260417-05360,2026-04-17 19:19:46,15000.0,CASH,COMPLETED
TRX-KLN-20260417-05361,2026-04-17 16:05:12,12000.0,CASH,COMPLETED
TRX-KLN-20260417-05362,2026-04-17 08:28:26,79000.0,QRIS,COMPLETED
TRX-KLN-20260417-05363,2026-04-17 18:40:46,12000.0,CASH,COMPLETED
TRX-KLN-20260417-05364,2026-04-17 10:03:00,3000.0,TRANSFER,COMPLETED
TRX-KLN-20260418-05365,2026-04-18 16:59:05,26000.0,CASH,COMPLETED
TRX-KLN-20260418-05366,2026-04-18 07:51:35,45000.0,CASH,COMPLETED
TRX-KLN-20260418-05367,2026-04-18 20:16:15,69000.0,QRIS,COMPLETED
TRX-KLN-20260418-05368,2026-04-18 08:58:16,27000.0,CASH,COMPLETED
TRX-KLN-20260418-05369,2026-04-18 13:16:59,18000.0,EWALLET,COMPLETED
TRX-KLN-20260418-05370,2026-04-18 09:50:58,67000.0,CASH,COMPLETED
TRX-KLN-20260418-05371,2026-04-18 17:47:56,24500.0,CASH,COMPLETED
TRX-KLN-20260418-05372,2026-04-18 20:16:32,9500.0,CASH,COMPLETED
TRX-KLN-20260418-05373,2026-04-18 16:26:45,57500.0,QRIS,COMPLETED
TRX-KLN-20260418-05374,2026-04-18 15:55:22,155000.0,CASH,COMPLETED
TRX-KLN-20260418-05375,2026-04-18 14:19:25,41500.0,CASH,COMPLETED
TRX-KLN-20260418-05376,2026-04-18 16:39:55,39000.0,EWALLET,COMPLETED
TRX-KLN-20260418-05377,2026-04-18 09:29:05,4000.0,CASH,COMPLETED
TRX-KLN-20260418-05378,2026-04-18 13:13:52,69500.0,QRIS,COMPLETED
TRX-KLN-20260418-05379,2026-04-18 10:55:34,21000.0,TRANSFER,COMPLETED
TRX-KLN-20260418-05380,2026-04-18 09:33:16,38000.0,CASH,COMPLETED
TRX-KLN-20260419-05381,2026-04-19 11:31:30,20000.0,TRANSFER,COMPLETED
TRX-KLN-20260419-05382,2026-04-19 17:30:34,4500.0,CASH,COMPLETED
TRX-KLN-20260419-05383,2026-04-19 12:25:35,19000.0,CASH,COMPLETED
TRX-KLN-20260419-05384,2026-04-19 19:04:39,42000.0,CASH,COMPLETED
TRX-KLN-20260419-05385,2026-04-19 18:53:19,11000.0,CASH,COMPLETED
TRX-KLN-20260419-05386,2026-04-19 18:19:40,3100.0,CASH,COMPLETED
TRX-KLN-20260419-05387,2026-04-19 12:14:23,53000.0,CASH,COMPLETED
TRX-KLN-20260419-05388,2026-04-19 12:19:17,16000.0,CASH,COMPLETED
TRX-KLN-20260419-05389,2026-04-19 10:53:24,59000.0,QRIS,COMPLETED
TRX-KLN-20260419-05390,2026-04-19 12:21:35,14000.0,QRIS,COMPLETED
TRX-KLN-20260419-05391,2026-04-19 13:20:20,25000.0,QRIS,COMPLETED
TRX-KLN-20260419-05392,2026-04-19 21:14:12,159000.0,CASH,COMPLETED
TRX-KLN-20260419-05393,2026-04-19 09:45:04,26000.0,TRANSFER,COMPLETED
TRX-KLN-20260419-05394,2026-04-19 16:40:22,69000.0,CASH,COMPLETED
TRX-KLN-20260419-05395,2026-04-19 09:19:07,1500.0,CASH,COMPLETED
TRX-KLN-20260419-05396,2026-04-19 17:10:48,19000.0,CASH,COMPLETED
TRX-KLN-20260419-05397,2026-04-19 20:54:21,8000.0,CASH,COMPLETED
TRX-KLN-20260419-05398,2026-04-19 19:07:18,16000.0,CASH,COMPLETED
TRX-KLN-20260419-05399,2026-04-19 15:46:50,120000.0,CASH,COMPLETED
TRX-KLN-20260419-05400,2026-04-19 14:20:20,53000.0,CASH,COMPLETED
TRX-KLN-20260419-05401,2026-04-19 19:42:14,31000.0,CASH,COMPLETED
TRX-KLN-20260419-05402,2026-04-19 09:49:53,18500.0,TRANSFER,COMPLETED
TRX-KLN-20260419-05403,2026-04-19 18:18:16,45000.0,CASH,COMPLETED
TRX-KLN-20260419-05404,2026-04-19 09:12:16,44000.0,QRIS,COMPLETED
TRX-KLN-20260420-05405,2026-04-20 16:03:55,69500.0,CASH,COMPLETED
TRX-KLN-20260420-05406,2026-04-20 21:16:15,93500.0,QRIS,COMPLETED
TRX-KLN-20260420-05407,2026-04-20 12:28:52,72000.0,EWALLET,COMPLETED
TRX-KLN-20260420-05408,2026-04-20 11:45:37,69000.0,CASH,COMPLETED
TRX-KLN-20260420-05409,2026-04-20 17:08:04,12500.0,CASH,COMPLETED
TRX-KLN-20260420-05410,2026-04-20 14:06:04,32000.0,CASH,COMPLETED
TRX-KLN-20260420-05411,2026-04-20 21:45:57,33500.0,CASH,COMPLETED
TRX-KLN-20260420-05412,2026-04-20 18:31:45,36000.0,EWALLET,COMPLETED
TRX-KLN-20260420-05413,2026-04-20 17:47:50,17000.0,CASH,COMPLETED
TRX-KLN-20260420-05414,2026-04-20 10:17:49,15000.0,CASH,COMPLETED
TRX-KLN-20260420-05415,2026-04-20 17:32:31,32000.0,CASH,COMPLETED
TRX-KLN-20260420-05416,2026-04-20 20:49:58,26000.0,QRIS,COMPLETED
TRX-KLN-20260420-05417,2026-04-20 19:27:35,118500.0,TRANSFER,COMPLETED
TRX-KLN-20260420-05418,2026-04-20 21:42:45,12000.0,CASH,COMPLETED
TRX-KLN-20260420-05419,2026-04-20 10:43:08,56000.0,CASH,COMPLETED
TRX-KLN-20260420-05420,2026-04-20 07:43:06,22000.0,CASH,COMPLETED
TRX-KLN-20260420-05421,2026-04-20 17:36:35,16500.0,CASH,COMPLETED
TRX-KLN-20260421-05422,2026-04-21 08:17:36,159500.0,CASH,COMPLETED
TRX-KLN-20260421-05423,2026-04-21 16:04:43,52000.0,CASH,COMPLETED
TRX-KLN-20260421-05424,2026-04-21 13:49:49,19000.0,CASH,COMPLETED
TRX-KLN-20260421-05425,2026-04-21 09:36:20,14000.0,CASH,COMPLETED
TRX-KLN-20260421-05426,2026-04-21 16:56:08,101500.0,CASH,COMPLETED
TRX-KLN-20260421-05427,2026-04-21 11:17:13,25000.0,CASH,COMPLETED
TRX-KLN-20260421-05428,2026-04-21 13:59:31,147000.0,CASH,COMPLETED
TRX-KLN-20260421-05429,2026-04-21 11:17:39,19000.0,CASH,COMPLETED
TRX-KLN-20260421-05430,2026-04-21 18:51:23,9500.0,QRIS,COMPLETED
TRX-KLN-20260421-05431,2026-04-21 13:52:10,11000.0,CASH,COMPLETED
TRX-KLN-20260421-05432,2026-04-21 10:31:12,113500.0,QRIS,COMPLETED
TRX-KLN-20260421-05433,2026-04-21 16:18:58,3000.0,CASH,COMPLETED
TRX-KLN-20260421-05434,2026-04-21 17:45:50,157000.0,QRIS,COMPLETED
TRX-KLN-20260421-05435,2026-04-21 07:31:01,11000.0,CASH,COMPLETED
TRX-KLN-20260421-05436,2026-04-21 10:18:22,85000.0,CASH,COMPLETED
TRX-KLN-20260422-05437,2026-04-22 14:30:54,94500.0,CASH,COMPLETED
TRX-KLN-20260422-05438,2026-04-22 20:38:42,12000.0,EWALLET,COMPLETED
TRX-KLN-20260422-05439,2026-04-22 15:34:24,110500.0,CASH,COMPLETED
TRX-KLN-20260422-05440,2026-04-22 08:01:01,6000.0,CASH,COMPLETED
TRX-KLN-20260422-05441,2026-04-22 13:03:12,30000.0,CASH,COMPLETED
TRX-KLN-20260422-05442,2026-04-22 19:06:53,162000.0,QRIS,COMPLETED
TRX-KLN-20260422-05443,2026-04-22 19:26:47,143000.0,CASH,COMPLETED
TRX-KLN-20260422-05444,2026-04-22 15:19:26,10700.0,CASH,COMPLETED
TRX-KLN-20260422-05445,2026-04-22 16:21:51,51000.0,CASH,COMPLETED
TRX-KLN-20260422-05446,2026-04-22 19:58:54,8000.0,QRIS,COMPLETED
TRX-KLN-20260422-05447,2026-04-22 14:51:41,36000.0,CASH,COMPLETED
TRX-KLN-20260422-05448,2026-04-22 07:00:55,76500.0,CASH,COMPLETED
TRX-KLN-20260422-05449,2026-04-22 12:09:32,18500.0,CASH,COMPLETED
TRX-KLN-20260422-05450,2026-04-22 09:39:45,15000.0,QRIS,COMPLETED
TRX-KLN-20260422-05451,2026-04-22 15:56:53,67000.0,CASH,COMPLETED
TRX-KLN-20260422-05452,2026-04-22 16:18:32,17000.0,CASH,COMPLETED
TRX-KLN-20260422-05453,2026-04-22 10:12:01,46100.0,QRIS,COMPLETED
TRX-KLN-20260422-05454,2026-04-22 10:47:21,16000.0,CASH,COMPLETED
TRX-KLN-20260422-05455,2026-04-22 17:31:07,63000.0,CASH,COMPLETED
TRX-KLN-20260422-05456,2026-04-22 11:26:14,8000.0,TRANSFER,COMPLETED
TRX-KLN-20260423-05457,2026-04-23 21:21:45,7000.0,CASH,COMPLETED
TRX-KLN-20260423-05458,2026-04-23 16:25:04,82800.0,EWALLET,COMPLETED
TRX-KLN-20260423-05459,2026-04-23 07:14:01,32000.0,CASH,COMPLETED
TRX-KLN-20260423-05460,2026-04-23 17:32:09,133000.0,CASH,COMPLETED
TRX-KLN-20260423-05461,2026-04-23 12:46:21,68000.0,CASH,COMPLETED
TRX-KLN-20260423-05462,2026-04-23 14:59:11,55000.0,CASH,COMPLETED
TRX-KLN-20260423-05463,2026-04-23 16:47:11,29000.0,EWALLET,COMPLETED
TRX-KLN-20260423-05464,2026-04-23 12:18:11,50000.0,EWALLET,COMPLETED
TRX-KLN-20260423-05465,2026-04-23 16:39:19,46500.0,CASH,COMPLETED
TRX-KLN-20260423-05466,2026-04-23 18:36:05,3000.0,TRANSFER,COMPLETED
TRX-KLN-20260423-05467,2026-04-23 17:11:55,92500.0,QRIS,COMPLETED
TRX-KLN-20260423-05468,2026-04-23 08:39:02,15000.0,CASH,COMPLETED
TRX-KLN-20260423-05469,2026-04-23 14:45:00,59500.0,QRIS,COMPLETED
TRX-KLN-20260423-05470,2026-04-23 12:11:46,145500.0,CASH,COMPLETED
TRX-KLN-20260423-05471,2026-04-23 13:21:02,6000.0,CASH,COMPLETED
TRX-KLN-20260423-05472,2026-04-23 13:57:10,18500.0,CASH,COMPLETED
TRX-KLN-20260423-05473,2026-04-23 10:04:50,19000.0,CASH,COMPLETED
TRX-KLN-20260423-05474,2026-04-23 15:39:52,55500.0,CASH,COMPLETED
TRX-KLN-20260423-05475,2026-04-23 14:59:25,12500.0,CASH,COMPLETED
TRX-KLN-20260423-05476,2026-04-23 18:03:37,14000.0,CASH,COMPLETED
TRX-KLN-20260424-05477,2026-04-24 16:32:41,33000.0,CASH,COMPLETED
TRX-KLN-20260424-05478,2026-04-24 15:18:00,22500.0,QRIS,COMPLETED
TRX-KLN-20260424-05479,2026-04-24 10:56:29,3000.0,CASH,COMPLETED
TRX-KLN-20260424-05480,2026-04-24 08:49:03,18500.0,QRIS,COMPLETED
TRX-KLN-20260424-05481,2026-04-24 12:00:17,149000.0,TRANSFER,COMPLETED
TRX-KLN-20260424-05482,2026-04-24 20:06:47,4000.0,CASH,COMPLETED
TRX-KLN-20260424-05483,2026-04-24 10:09:08,30500.0,TRANSFER,COMPLETED
TRX-KLN-20260424-05484,2026-04-24 18:40:25,76500.0,TRANSFER,COMPLETED
TRX-KLN-20260424-05485,2026-04-24 12:43:18,28000.0,QRIS,COMPLETED
TRX-KLN-20260424-05486,2026-04-24 16:34:48,78000.0,CASH,COMPLETED
TRX-KLN-20260424-05487,2026-04-24 18:49:36,178500.0,CASH,COMPLETED
TRX-KLN-20260424-05488,2026-04-24 08:56:27,9500.0,CASH,COMPLETED
TRX-KLN-20260424-05489,2026-04-24 19:17:17,50000.0,CASH,COMPLETED
TRX-KLN-20260424-05490,2026-04-24 21:02:30,87500.0,CASH,COMPLETED
TRX-KLN-20260424-05491,2026-04-24 17:07:16,51000.0,TRANSFER,COMPLETED
TRX-KLN-20260425-05492,2026-04-25 14:13:42,60000.0,CASH,COMPLETED
TRX-KLN-20260425-05493,2026-04-25 11:17:15,55000.0,QRIS,COMPLETED
TRX-KLN-20260425-05494,2026-04-25 09:42:31,34500.0,CASH,COMPLETED
TRX-KLN-20260425-05495,2026-04-25 09:41:05,158500.0,CASH,COMPLETED
TRX-KLN-20260425-05496,2026-04-25 08:11:35,54000.0,QRIS,COMPLETED
TRX-KLN-20260425-05497,2026-04-25 09:26:20,11000.0,CASH,COMPLETED
TRX-KLN-20260425-05498,2026-04-25 16:34:27,4000.0,QRIS,COMPLETED
TRX-KLN-20260425-05499,2026-04-25 18:58:44,103500.0,CASH,COMPLETED
TRX-KLN-20260425-05500,2026-04-25 17:48:49,6200.0,QRIS,COMPLETED
TRX-KLN-20260425-05501,2026-04-25 14:48:44,28000.0,QRIS,COMPLETED
TRX-KLN-20260425-05502,2026-04-25 16:27:13,24400.0,QRIS,COMPLETED
TRX-KLN-20260425-05503,2026-04-25 16:11:28,8000.0,QRIS,COMPLETED
TRX-KLN-20260425-05504,2026-04-25 19:43:17,60000.0,TRANSFER,COMPLETED
TRX-KLN-20260425-05505,2026-04-25 07:51:15,170500.0,TRANSFER,COMPLETED
TRX-KLN-20260425-05506,2026-04-25 10:18:20,22500.0,CASH,COMPLETED
TRX-KLN-20260425-05507,2026-04-25 09:26:44,83000.0,CASH,COMPLETED
TRX-KLN-20260425-05508,2026-04-25 18:26:46,7000.0,CASH,COMPLETED
TRX-KLN-20260425-05509,2026-04-25 09:08:09,76500.0,CASH,COMPLETED
TRX-KLN-20260425-05510,2026-04-25 18:43:30,25500.0,EWALLET,COMPLETED
TRX-KLN-20260425-05511,2026-04-25 17:46:55,60000.0,CASH,COMPLETED
TRX-KLN-20260425-05512,2026-04-25 13:51:39,41100.0,CASH,COMPLETED
TRX-KLN-20260425-05513,2026-04-25 16:05:46,68000.0,CASH,COMPLETED
TRX-KLN-20260425-05514,2026-04-25 15:36:29,17000.0,CASH,COMPLETED
TRX-KLN-20260425-05515,2026-04-25 12:34:17,114000.0,CASH,COMPLETED
TRX-KLN-20260425-05516,2026-04-25 18:04:19,14000.0,TRANSFER,COMPLETED
TRX-KLN-20260425-05517,2026-04-25 11:07:12,94000.0,CASH,COMPLETED
TRX-KLN-20260425-05518,2026-04-25 19:45:50,73500.0,CASH,COMPLETED
TRX-KLN-20260425-05519,2026-04-25 10:19:19,128000.0,CASH,COMPLETED
TRX-KLN-20260425-05520,2026-04-25 12:44:16,53000.0,QRIS,COMPLETED
TRX-KLN-20260425-05521,2026-04-25 15:24:23,58000.0,TRANSFER,COMPLETED
TRX-KLN-20260425-05522,2026-04-25 13:43:09,20000.0,CASH,COMPLETED
TRX-KLN-20260425-05523,2026-04-25 08:02:30,12000.0,CASH,COMPLETED
TRX-KLN-20260425-05524,2026-04-25 19:50:29,81000.0,CASH,COMPLETED
TRX-KLN-20260426-05525,2026-04-26 08:36:12,151000.0,CASH,COMPLETED
TRX-KLN-20260426-05526,2026-04-26 15:45:53,103500.0,CASH,COMPLETED
TRX-KLN-20260426-05527,2026-04-26 16:51:58,3000.0,QRIS,COMPLETED
TRX-KLN-20260426-05528,2026-04-26 09:50:28,38000.0,QRIS,COMPLETED
TRX-KLN-20260426-05529,2026-04-26 08:46:03,32000.0,CASH,COMPLETED
TRX-KLN-20260426-05530,2026-04-26 15:00:46,9500.0,TRANSFER,COMPLETED
TRX-KLN-20260426-05531,2026-04-26 14:40:05,9000.0,TRANSFER,COMPLETED
TRX-KLN-20260426-05532,2026-04-26 17:28:14,28000.0,CASH,COMPLETED
TRX-KLN-20260426-05533,2026-04-26 09:15:26,45000.0,QRIS,COMPLETED
TRX-KLN-20260426-05534,2026-04-26 12:22:50,170500.0,CASH,COMPLETED
TRX-KLN-20260426-05535,2026-04-26 15:31:09,134000.0,CASH,COMPLETED
TRX-KLN-20260426-05536,2026-04-26 09:16:13,120000.0,QRIS,COMPLETED
TRX-KLN-20260426-05537,2026-04-26 11:35:52,24000.0,QRIS,COMPLETED
TRX-KLN-20260426-05538,2026-04-26 19:37:26,19000.0,CASH,COMPLETED
TRX-KLN-20260426-05539,2026-04-26 09:43:26,32000.0,TRANSFER,COMPLETED
TRX-KLN-20260426-05540,2026-04-26 17:57:37,57500.0,CASH,COMPLETED
TRX-KLN-20260426-05541,2026-04-26 14:52:57,205500.0,QRIS,COMPLETED
TRX-KLN-20260426-05542,2026-04-26 18:56:08,33000.0,QRIS,COMPLETED
TRX-KLN-20260426-05543,2026-04-26 16:51:34,22000.0,QRIS,COMPLETED
TRX-KLN-20260426-05544,2026-04-26 17:24:46,126000.0,CASH,COMPLETED
TRX-KLN-20260426-05545,2026-04-26 11:51:27,55500.0,QRIS,COMPLETED
TRX-KLN-20260426-05546,2026-04-26 16:15:41,20000.0,CASH,COMPLETED
TRX-KLN-20260426-05547,2026-04-26 08:55:41,26500.0,TRANSFER,COMPLETED
TRX-KLN-20260427-05548,2026-04-27 14:47:23,33000.0,CASH,COMPLETED
TRX-KLN-20260427-05549,2026-04-27 17:50:35,12400.0,CASH,COMPLETED
TRX-KLN-20260427-05550,2026-04-27 16:07:59,19000.0,CASH,COMPLETED
TRX-KLN-20260427-05551,2026-04-27 16:35:26,33000.0,CASH,COMPLETED
TRX-KLN-20260427-05552,2026-04-27 19:29:55,22000.0,CASH,COMPLETED
TRX-KLN-20260427-05553,2026-04-27 16:33:46,85500.0,CASH,COMPLETED
TRX-KLN-20260427-05554,2026-04-27 09:01:34,219500.0,CASH,COMPLETED
TRX-KLN-20260427-05555,2026-04-27 09:42:22,103500.0,EWALLET,COMPLETED
TRX-KLN-20260427-05556,2026-04-27 17:57:19,105000.0,QRIS,COMPLETED
TRX-KLN-20260427-05557,2026-04-27 10:49:59,51000.0,QRIS,COMPLETED
TRX-KLN-20260427-05558,2026-04-27 08:07:14,62000.0,CASH,COMPLETED
TRX-KLN-20260427-05559,2026-04-27 21:24:28,14000.0,EWALLET,COMPLETED
TRX-KLN-20260427-05560,2026-04-27 11:01:48,28000.0,EWALLET,COMPLETED
TRX-KLN-20260427-05561,2026-04-27 15:43:39,8500.0,CASH,COMPLETED
TRX-KLN-20260427-05562,2026-04-27 19:32:02,122000.0,EWALLET,COMPLETED
TRX-KLN-20260427-05563,2026-04-27 14:10:57,32000.0,EWALLET,COMPLETED
TRX-KLN-20260427-05564,2026-04-27 20:32:04,49000.0,QRIS,COMPLETED
TRX-KLN-20260427-05565,2026-04-27 19:27:47,11500.0,CASH,COMPLETED
TRX-KLN-20260427-05566,2026-04-27 14:35:41,38000.0,CASH,COMPLETED
TRX-KLN-20260427-05567,2026-04-27 10:47:13,120000.0,CASH,COMPLETED
TRX-KLN-20260427-05568,2026-04-27 09:23:38,33000.0,CASH,COMPLETED
TRX-KLN-20260427-05569,2026-04-27 17:16:06,103500.0,CASH,COMPLETED
TRX-KLN-20260427-05570,2026-04-27 20:37:28,125500.0,QRIS,COMPLETED
TRX-KLN-20260427-05571,2026-04-27 10:27:38,24500.0,CASH,COMPLETED
TRX-KLN-20260427-05572,2026-04-27 17:52:54,55500.0,CASH,COMPLETED
TRX-KLN-20260427-05573,2026-04-27 12:18:25,1500.0,CASH,COMPLETED
TRX-KLN-20260427-05574,2026-04-27 21:12:58,45000.0,TRANSFER,COMPLETED
TRX-KLN-20260428-05575,2026-04-28 10:56:03,44200.0,QRIS,COMPLETED
TRX-KLN-20260428-05576,2026-04-28 19:55:21,23000.0,EWALLET,COMPLETED
TRX-KLN-20260428-05577,2026-04-28 14:24:59,12400.0,CASH,COMPLETED
TRX-KLN-20260428-05578,2026-04-28 10:43:12,32000.0,TRANSFER,COMPLETED
TRX-KLN-20260428-05579,2026-04-28 07:35:17,38000.0,CASH,COMPLETED
TRX-KLN-20260428-05580,2026-04-28 18:25:26,11000.0,CASH,COMPLETED
TRX-KLN-20260428-05581,2026-04-28 11:23:19,12000.0,CASH,COMPLETED
TRX-KLN-20260428-05582,2026-04-28 14:48:37,89000.0,CASH,COMPLETED
TRX-KLN-20260428-05583,2026-04-28 16:13:32,58000.0,CASH,COMPLETED
TRX-KLN-20260428-05584,2026-04-28 17:25:53,190000.0,CASH,COMPLETED
TRX-KLN-20260428-05585,2026-04-28 18:42:56,20000.0,TRANSFER,COMPLETED
TRX-KLN-20260428-05586,2026-04-28 21:56:35,98000.0,CASH,COMPLETED
TRX-KLN-20260428-05587,2026-04-28 08:48:57,12000.0,CASH,COMPLETED
TRX-KLN-20260428-05588,2026-04-28 19:15:55,56000.0,CASH,COMPLETED
TRX-KLN-20260428-05589,2026-04-28 16:04:00,12000.0,CASH,COMPLETED
TRX-KLN-20260428-05590,2026-04-28 18:24:08,18500.0,CASH,COMPLETED
TRX-KLN-20260428-05591,2026-04-28 15:43:57,13000.0,CASH,COMPLETED
TRX-KLN-20260428-05592,2026-04-28 20:00:06,31000.0,CASH,COMPLETED
TRX-KLN-20260428-05593,2026-04-28 13:30:07,7000.0,EWALLET,COMPLETED
TRX-KLN-20260428-05594,2026-04-28 20:46:37,54000.0,CASH,COMPLETED
TRX-KLN-20260429-05595,2026-04-29 19:46:11,120000.0,CASH,COMPLETED
TRX-KLN-20260429-05596,2026-04-29 18:06:53,42000.0,CASH,COMPLETED
TRX-KLN-20260429-05597,2026-04-29 13:07:48,21000.0,QRIS,COMPLETED
TRX-KLN-20260429-05598,2026-04-29 19:40:43,45500.0,CASH,COMPLETED
TRX-KLN-20260429-05599,2026-04-29 14:25:48,53500.0,CASH,COMPLETED
TRX-KLN-20260429-05600,2026-04-29 09:31:42,12500.0,CASH,COMPLETED
TRX-KLN-20260429-05601,2026-04-29 17:30:43,60200.0,CASH,COMPLETED
TRX-KLN-20260429-05602,2026-04-29 12:51:34,21500.0,CASH,COMPLETED
TRX-KLN-20260429-05603,2026-04-29 16:04:58,9000.0,CASH,COMPLETED
TRX-KLN-20260429-05604,2026-04-29 16:00:43,21000.0,QRIS,COMPLETED
TRX-KLN-20260429-05605,2026-04-29 19:39:33,69000.0,CASH,COMPLETED
TRX-KLN-20260429-05606,2026-04-29 11:19:09,51000.0,QRIS,COMPLETED
TRX-KLN-20260429-05607,2026-04-29 07:48:31,148000.0,EWALLET,COMPLETED
TRX-KLN-20260429-05608,2026-04-29 17:59:44,6000.0,CASH,COMPLETED
TRX-KLN-20260429-05609,2026-04-29 10:32:51,145000.0,CASH,COMPLETED
TRX-KLN-20260429-05610,2026-04-29 18:44:52,49000.0,CASH,COMPLETED
TRX-KLN-20260429-05611,2026-04-29 13:54:50,29000.0,CASH,COMPLETED
TRX-KLN-20260429-05612,2026-04-29 10:53:47,6200.0,CASH,COMPLETED
TRX-KLN-20260430-05613,2026-04-30 11:20:30,27000.0,TRANSFER,COMPLETED
TRX-KLN-20260430-05614,2026-04-30 19:03:17,19000.0,QRIS,COMPLETED
TRX-KLN-20260430-05615,2026-04-30 18:08:07,8000.0,CASH,COMPLETED
TRX-KLN-20260430-05616,2026-04-30 08:02:06,58000.0,CASH,COMPLETED
TRX-KLN-20260430-05617,2026-04-30 16:43:34,54000.0,CASH,COMPLETED
TRX-KLN-20260430-05618,2026-04-30 19:34:35,102000.0,CASH,COMPLETED
TRX-KLN-20260430-05619,2026-04-30 15:37:46,83000.0,CASH,COMPLETED
TRX-KLN-20260430-05620,2026-04-30 11:20:27,43100.0,CASH,COMPLETED
TRX-KLN-20260430-05621,2026-04-30 10:46:13,84000.0,QRIS,COMPLETED
TRX-KLN-20260430-05622,2026-04-30 19:37:52,48000.0,QRIS,COMPLETED
TRX-KLN-20260430-05623,2026-04-30 18:08:45,103500.0,CASH,COMPLETED
TRX-KLN-20260430-05624,2026-04-30 19:50:56,75000.0,TRANSFER,COMPLETED
TRX-KLN-20260430-05625,2026-04-30 16:28:39,19000.0,CASH,COMPLETED
TRX-KLN-20260430-05626,2026-04-30 20:42:17,22500.0,CASH,COMPLETED
TRX-KLN-20260430-05627,2026-04-30 07:47:29,79000.0,QRIS,COMPLETED
TRX-KLN-20260430-05628,2026-04-30 09:40:27,21900.0,QRIS,COMPLETED
TRX-KLN-20260430-05629,2026-04-30 10:44:22,10000.0,TRANSFER,COMPLETED
TRX-KLN-20260430-05630,2026-04-30 14:33:40,12000.0,TRANSFER,COMPLETED
TRX-KLN-20260430-05631,2026-04-30 13:36:29,19000.0,TRANSFER,COMPLETED
TRX-KLN-20260430-05632,2026-04-30 17:03:57,120500.0,QRIS,COMPLETED
TRX-KLN-20260430-05633,2026-04-30 17:29:19,15000.0,CASH,COMPLETED
TRX-KLN-20260430-05634,2026-04-30 15:00:44,9000.0,CASH,COMPLETED
TRX-KLN-20260430-05635,2026-04-30 14:56:22,75000.0,QRIS,COMPLETED
TRX-KLN-20260430-05636,2026-04-30 13:21:22,137000.0,CASH,COMPLETED
TRX-KLN-20260430-05637,2026-04-30 18:08:27,134000.0,CASH,COMPLETED
TRX-KLN-20260501-05638,2026-05-01 11:57:52,204500.0,CASH,COMPLETED
TRX-KLN-20260501-05639,2026-05-01 17:26:18,70000.0,QRIS,COMPLETED
TRX-KLN-20260501-05640,2026-05-01 09:21:11,29000.0,EWALLET,COMPLETED
TRX-KLN-20260501-05641,2026-05-01 12:44:51,15000.0,EWALLET,COMPLETED
TRX-KLN-20260501-05642,2026-05-01 18:23:59,134500.0,CASH,COMPLETED
TRX-KLN-20260501-05643,2026-05-01 09:11:27,83500.0,CASH,COMPLETED
TRX-KLN-20260501-05644,2026-05-01 16:27:24,253500.0,CASH,COMPLETED
TRX-KLN-20260501-05645,2026-05-01 12:20:38,60000.0,CASH,COMPLETED
TRX-KLN-20260501-05646,2026-05-01 17:53:52,54000.0,CASH,COMPLETED
TRX-KLN-20260501-05647,2026-05-01 12:52:33,138500.0,QRIS,COMPLETED
TRX-KLN-20260501-05648,2026-05-01 09:03:33,30000.0,CASH,COMPLETED
TRX-KLN-20260501-05649,2026-05-01 13:47:49,24500.0,CASH,COMPLETED
TRX-KLN-20260502-05650,2026-05-02 07:00:26,40000.0,QRIS,COMPLETED
TRX-KLN-20260502-05651,2026-05-02 16:14:49,31000.0,CASH,COMPLETED
TRX-KLN-20260502-05652,2026-05-02 19:04:10,103500.0,CASH,COMPLETED
TRX-KLN-20260502-05653,2026-05-02 08:55:00,256000.0,CASH,COMPLETED
TRX-KLN-20260502-05654,2026-05-02 16:28:11,25500.0,EWALLET,COMPLETED
TRX-KLN-20260502-05655,2026-05-02 14:38:46,16000.0,CASH,COMPLETED
TRX-KLN-20260502-05656,2026-05-02 19:34:07,53000.0,CASH,COMPLETED
TRX-KLN-20260502-05657,2026-05-02 07:51:42,196000.0,EWALLET,COMPLETED
TRX-KLN-20260502-05658,2026-05-02 09:49:38,178000.0,CASH,COMPLETED
TRX-KLN-20260502-05659,2026-05-02 11:56:09,20500.0,QRIS,COMPLETED
TRX-KLN-20260502-05660,2026-05-02 13:56:47,45500.0,QRIS,COMPLETED
TRX-KLN-20260502-05661,2026-05-02 21:32:57,9000.0,TRANSFER,COMPLETED
TRX-KLN-20260502-05662,2026-05-02 12:09:15,142000.0,CASH,COMPLETED
TRX-KLN-20260502-05663,2026-05-02 08:16:33,94000.0,CASH,COMPLETED
TRX-KLN-20260502-05664,2026-05-02 10:11:26,16000.0,CASH,COMPLETED
TRX-KLN-20260502-05665,2026-05-02 21:52:44,28000.0,CASH,COMPLETED
TRX-KLN-20260502-05666,2026-05-02 12:41:25,16500.0,CASH,COMPLETED
TRX-KLN-20260502-05667,2026-05-02 18:47:19,60000.0,CASH,COMPLETED
TRX-KLN-20260502-05668,2026-05-02 20:19:35,62500.0,CASH,COMPLETED
TRX-KLN-20260502-05669,2026-05-02 21:56:33,16500.0,EWALLET,COMPLETED
TRX-KLN-20260502-05670,2026-05-02 19:43:47,3000.0,CASH,COMPLETED
TRX-KLN-20260502-05671,2026-05-02 12:54:44,3000.0,TRANSFER,COMPLETED
TRX-KLN-20260502-05672,2026-05-02 11:18:27,31000.0,TRANSFER,COMPLETED
TRX-KLN-20260502-05673,2026-05-02 17:22:30,132000.0,QRIS,COMPLETED
TRX-KLN-20260502-05674,2026-05-02 07:26:20,52500.0,EWALLET,COMPLETED
TRX-KLN-20260502-05675,2026-05-02 18:28:45,17000.0,CASH,COMPLETED
TRX-KLN-20260502-05676,2026-05-02 18:17:10,47000.0,CASH,COMPLETED
TRX-KLN-20260502-05677,2026-05-02 19:26:05,23000.0,TRANSFER,COMPLETED
TRX-KLN-20260502-05678,2026-05-02 11:15:42,59000.0,QRIS,COMPLETED
TRX-KLN-20260502-05679,2026-05-02 12:18:31,120300.0,CASH,COMPLETED
TRX-KLN-20260503-05680,2026-05-03 19:01:05,37000.0,CASH,COMPLETED
TRX-KLN-20260503-05681,2026-05-03 10:19:45,8500.0,CASH,COMPLETED
TRX-KLN-20260503-05682,2026-05-03 17:40:14,46000.0,CASH,COMPLETED
TRX-KLN-20260503-05683,2026-05-03 16:53:12,9300.0,TRANSFER,COMPLETED
TRX-KLN-20260503-05684,2026-05-03 17:33:50,248500.0,QRIS,COMPLETED
TRX-KLN-20260503-05685,2026-05-03 10:43:50,48000.0,CASH,COMPLETED
TRX-KLN-20260503-05686,2026-05-03 09:52:35,36000.0,CASH,COMPLETED
TRX-KLN-20260503-05687,2026-05-03 20:49:48,51000.0,CASH,COMPLETED
TRX-KLN-20260503-05688,2026-05-03 16:02:07,28500.0,CASH,COMPLETED
TRX-KLN-20260503-05689,2026-05-03 16:26:45,127000.0,CASH,COMPLETED
TRX-KLN-20260503-05690,2026-05-03 08:10:49,26000.0,CASH,COMPLETED
TRX-KLN-20260503-05691,2026-05-03 16:17:50,164500.0,CASH,COMPLETED
TRX-KLN-20260503-05692,2026-05-03 15:32:53,205500.0,CASH,COMPLETED
TRX-KLN-20260503-05693,2026-05-03 12:18:04,24000.0,TRANSFER,COMPLETED
TRX-KLN-20260503-05694,2026-05-03 08:49:47,76500.0,CASH,COMPLETED
TRX-KLN-20260503-05695,2026-05-03 10:36:22,11000.0,CASH,COMPLETED
TRX-KLN-20260503-05696,2026-05-03 19:40:17,161000.0,CASH,COMPLETED
TRX-KLN-20260503-05697,2026-05-03 19:35:14,20500.0,CASH,COMPLETED
TRX-KLN-20260503-05698,2026-05-03 16:27:21,103500.0,QRIS,COMPLETED
TRX-KLN-20260503-05699,2026-05-03 10:33:07,31000.0,CASH,COMPLETED
TRX-KLN-20260503-05700,2026-05-03 17:29:30,69000.0,CASH,COMPLETED
TRX-KLN-20260503-05701,2026-05-03 10:12:50,12400.0,CASH,COMPLETED
TRX-KLN-20260503-05702,2026-05-03 09:04:16,59000.0,CASH,COMPLETED
TRX-KLN-20260503-05703,2026-05-03 10:47:18,24000.0,CASH,COMPLETED
TRX-KLN-20260503-05704,2026-05-03 08:38:43,16000.0,QRIS,COMPLETED
TRX-KLN-20260503-05705,2026-05-03 14:29:32,142000.0,CASH,COMPLETED
TRX-KLN-20260503-05706,2026-05-03 16:56:24,3100.0,CASH,COMPLETED
TRX-KLN-20260504-05707,2026-05-04 18:20:51,17000.0,TRANSFER,COMPLETED
TRX-KLN-20260504-05708,2026-05-04 13:30:14,20000.0,CASH,COMPLETED
TRX-KLN-20260504-05709,2026-05-04 18:48:54,26000.0,CASH,COMPLETED
TRX-KLN-20260504-05710,2026-05-04 10:05:18,5500.0,CASH,COMPLETED
TRX-KLN-20260504-05711,2026-05-04 17:42:31,19000.0,QRIS,COMPLETED
TRX-KLN-20260504-05712,2026-05-04 17:48:18,18500.0,CASH,COMPLETED
TRX-KLN-20260504-05713,2026-05-04 13:52:28,32000.0,QRIS,COMPLETED
TRX-KLN-20260504-05714,2026-05-04 19:32:59,31000.0,CASH,COMPLETED
TRX-KLN-20260504-05715,2026-05-04 18:57:04,120000.0,QRIS,COMPLETED
TRX-KLN-20260504-05716,2026-05-04 08:16:34,11000.0,EWALLET,COMPLETED
TRX-KLN-20260504-05717,2026-05-04 18:13:06,28000.0,QRIS,COMPLETED
TRX-KLN-20260504-05718,2026-05-04 18:06:00,53000.0,CASH,COMPLETED
TRX-KLN-20260504-05719,2026-05-04 11:39:44,9500.0,QRIS,COMPLETED
TRX-KLN-20260504-05720,2026-05-04 15:59:40,6000.0,TRANSFER,COMPLETED
TRX-KLN-20260504-05721,2026-05-04 15:01:01,9300.0,CASH,COMPLETED
TRX-KLN-20260504-05722,2026-05-04 14:56:48,116200.0,CASH,COMPLETED
TRX-KLN-20260504-05723,2026-05-04 21:26:13,29000.0,QRIS,COMPLETED
TRX-KLN-20260504-05724,2026-05-04 19:59:23,141500.0,CASH,COMPLETED
TRX-KLN-20260504-05725,2026-05-04 17:13:55,46000.0,EWALLET,COMPLETED
TRX-KLN-20260504-05726,2026-05-04 09:55:12,74100.0,TRANSFER,COMPLETED
TRX-KLN-20260505-05727,2026-05-05 07:38:50,107000.0,CASH,COMPLETED
TRX-KLN-20260505-05728,2026-05-05 11:08:06,69000.0,CASH,COMPLETED
TRX-KLN-20260505-05729,2026-05-05 21:52:54,14000.0,TRANSFER,COMPLETED
TRX-KLN-20260505-05730,2026-05-05 18:15:50,19000.0,CASH,COMPLETED
TRX-KLN-20260505-05731,2026-05-05 14:54:55,120000.0,CASH,COMPLETED
TRX-KLN-20260505-05732,2026-05-05 21:23:40,8500.0,CASH,COMPLETED
TRX-KLN-20260505-05733,2026-05-05 10:27:23,60000.0,CASH,COMPLETED
TRX-KLN-20260505-05734,2026-05-05 15:08:13,11600.0,TRANSFER,COMPLETED
TRX-KLN-20260505-05735,2026-05-05 20:33:35,131500.0,CASH,COMPLETED
TRX-KLN-20260505-05736,2026-05-05 15:20:21,97000.0,CASH,COMPLETED
TRX-KLN-20260505-05737,2026-05-05 19:37:25,38500.0,QRIS,COMPLETED
TRX-KLN-20260505-05738,2026-05-05 17:56:08,20000.0,CASH,COMPLETED
TRX-KLN-20260505-05739,2026-05-05 18:07:23,28000.0,QRIS,COMPLETED
TRX-KLN-20260505-05740,2026-05-05 11:01:48,77500.0,CASH,COMPLETED
TRX-KLN-20260505-05741,2026-05-05 08:30:20,38000.0,CASH,COMPLETED
TRX-KLN-20260505-05742,2026-05-05 14:47:13,12000.0,CASH,COMPLETED
TRX-KLN-20260505-05743,2026-05-05 17:30:19,34000.0,EWALLET,COMPLETED
TRX-KLN-20260505-05744,2026-05-05 13:45:54,64500.0,QRIS,COMPLETED
TRX-KLN-20260505-05745,2026-05-05 17:50:59,36000.0,EWALLET,COMPLETED
TRX-KLN-20260505-05746,2026-05-05 18:41:52,68000.0,CASH,COMPLETED
TRX-KLN-20260505-05747,2026-05-05 19:06:26,17100.0,TRANSFER,COMPLETED
TRX-KLN-20260505-05748,2026-05-05 11:49:31,16500.0,CASH,COMPLETED
TRX-KLN-20260505-05749,2026-05-05 14:41:36,12000.0,CASH,COMPLETED
TRX-KLN-20260505-05750,2026-05-05 09:39:44,8500.0,CASH,COMPLETED
TRX-KLN-20260505-05751,2026-05-05 07:50:29,11500.0,CASH,COMPLETED
TRX-KLN-20260505-05752,2026-05-05 16:45:06,9300.0,CASH,COMPLETED
TRX-KLN-20260505-05753,2026-05-05 07:48:09,3100.0,CASH,COMPLETED
TRX-KLN-20260506-05754,2026-05-06 08:52:58,81000.0,CASH,COMPLETED
TRX-KLN-20260506-05755,2026-05-06 09:15:51,63000.0,CASH,COMPLETED
TRX-KLN-20260506-05756,2026-05-06 18:39:38,249000.0,QRIS,COMPLETED
TRX-KLN-20260506-05757,2026-05-06 10:54:15,22000.0,CASH,COMPLETED
TRX-KLN-20260506-05758,2026-05-06 18:59:03,25000.0,TRANSFER,COMPLETED
TRX-KLN-20260506-05759,2026-05-06 08:51:55,150000.0,CASH,COMPLETED
TRX-KLN-20260506-05760,2026-05-06 13:02:35,106000.0,QRIS,COMPLETED
TRX-KLN-20260506-05761,2026-05-06 18:17:53,42000.0,CASH,COMPLETED
TRX-KLN-20260506-05762,2026-05-06 17:34:23,3100.0,CASH,COMPLETED
TRX-KLN-20260506-05763,2026-05-06 19:00:07,42500.0,CASH,COMPLETED
TRX-KLN-20260506-05764,2026-05-06 19:57:04,39500.0,EWALLET,COMPLETED
TRX-KLN-20260506-05765,2026-05-06 18:25:29,16000.0,CASH,COMPLETED
TRX-KLN-20260506-05766,2026-05-06 13:57:56,62000.0,TRANSFER,COMPLETED
TRX-KLN-20260506-05767,2026-05-06 16:07:49,11000.0,CASH,COMPLETED
TRX-KLN-20260506-05768,2026-05-06 13:26:02,112800.0,CASH,COMPLETED
TRX-KLN-20260506-05769,2026-05-06 16:41:40,86300.0,TRANSFER,COMPLETED
TRX-KLN-20260506-05770,2026-05-06 11:13:35,106500.0,CASH,COMPLETED
TRX-KLN-20260506-05771,2026-05-06 16:29:14,36000.0,CASH,COMPLETED
TRX-KLN-20260507-05772,2026-05-07 12:43:35,53000.0,CASH,COMPLETED
TRX-KLN-20260507-05773,2026-05-07 19:34:17,3000.0,QRIS,COMPLETED
TRX-KLN-20260507-05774,2026-05-07 18:34:16,17500.0,CASH,COMPLETED
TRX-KLN-20260507-05775,2026-05-07 08:33:09,14000.0,CASH,COMPLETED
TRX-KLN-20260507-05776,2026-05-07 10:34:12,127000.0,QRIS,COMPLETED
TRX-KLN-20260507-05777,2026-05-07 12:11:36,12000.0,QRIS,COMPLETED
TRX-KLN-20260507-05778,2026-05-07 21:23:11,45000.0,CASH,COMPLETED
TRX-KLN-20260507-05779,2026-05-07 17:15:23,27000.0,EWALLET,COMPLETED
TRX-KLN-20260507-05780,2026-05-07 19:48:55,37000.0,CASH,COMPLETED
TRX-KLN-20260507-05781,2026-05-07 08:34:43,22500.0,CASH,COMPLETED
TRX-KLN-20260507-05782,2026-05-07 19:04:14,21000.0,CASH,COMPLETED
TRX-KLN-20260507-05783,2026-05-07 20:56:35,50500.0,TRANSFER,COMPLETED
TRX-KLN-20260507-05784,2026-05-07 17:22:43,19000.0,CASH,COMPLETED
TRX-KLN-20260507-05785,2026-05-07 16:25:40,6000.0,CASH,COMPLETED
TRX-KLN-20260508-05786,2026-05-08 19:08:02,44000.0,QRIS,COMPLETED
TRX-KLN-20260508-05787,2026-05-08 18:06:41,53000.0,CASH,COMPLETED
TRX-KLN-20260508-05788,2026-05-08 16:57:48,63000.0,EWALLET,COMPLETED
TRX-KLN-20260508-05789,2026-05-08 14:53:10,68000.0,QRIS,COMPLETED
TRX-KLN-20260508-05790,2026-05-08 15:35:42,56500.0,CASH,COMPLETED
TRX-KLN-20260508-05791,2026-05-08 09:49:05,88000.0,CASH,COMPLETED
TRX-KLN-20260508-05792,2026-05-08 10:29:51,12000.0,CASH,COMPLETED
TRX-KLN-20260508-05793,2026-05-08 09:16:15,25000.0,CASH,COMPLETED
TRX-KLN-20260508-05794,2026-05-08 09:22:39,26000.0,CASH,COMPLETED
TRX-KLN-20260508-05795,2026-05-08 19:41:24,51000.0,CASH,COMPLETED
TRX-KLN-20260508-05796,2026-05-08 11:47:36,45000.0,CASH,COMPLETED
TRX-KLN-20260508-05797,2026-05-08 18:21:44,98000.0,TRANSFER,COMPLETED
TRX-KLN-20260508-05798,2026-05-08 18:05:22,200000.0,CASH,COMPLETED
TRX-KLN-20260508-05799,2026-05-08 10:53:31,9300.0,CASH,COMPLETED
TRX-KLN-20260508-05800,2026-05-08 17:23:32,90500.0,CASH,COMPLETED
TRX-KLN-20260508-05801,2026-05-08 08:25:52,136000.0,TRANSFER,COMPLETED
TRX-KLN-20260509-05802,2026-05-09 20:32:58,45000.0,CASH,COMPLETED
TRX-KLN-20260509-05803,2026-05-09 16:17:23,134000.0,CASH,COMPLETED
TRX-KLN-20260509-05804,2026-05-09 17:55:47,56800.0,CASH,COMPLETED
TRX-KLN-20260509-05805,2026-05-09 15:47:24,112200.0,CASH,COMPLETED
TRX-KLN-20260509-05806,2026-05-09 12:54:17,43000.0,QRIS,COMPLETED
TRX-KLN-20260509-05807,2026-05-09 15:06:26,19000.0,CASH,COMPLETED
TRX-KLN-20260509-05808,2026-05-09 11:29:00,53500.0,CASH,COMPLETED
TRX-KLN-20260509-05809,2026-05-09 08:17:52,30000.0,CASH,COMPLETED
TRX-KLN-20260509-05810,2026-05-09 12:19:47,14000.0,TRANSFER,COMPLETED
TRX-KLN-20260509-05811,2026-05-09 14:08:25,11000.0,QRIS,COMPLETED
TRX-KLN-20260509-05812,2026-05-09 18:15:57,68000.0,CASH,COMPLETED
TRX-KLN-20260509-05813,2026-05-09 14:59:39,60000.0,QRIS,COMPLETED
TRX-KLN-20260509-05814,2026-05-09 11:18:51,31000.0,CASH,COMPLETED
TRX-KLN-20260509-05815,2026-05-09 18:45:02,73500.0,QRIS,COMPLETED
TRX-KLN-20260509-05816,2026-05-09 13:00:52,33000.0,CASH,COMPLETED
TRX-KLN-20260509-05817,2026-05-09 13:10:06,87500.0,CASH,COMPLETED
TRX-KLN-20260509-05818,2026-05-09 14:51:49,161000.0,CASH,COMPLETED
TRX-KLN-20260509-05819,2026-05-09 14:05:58,141500.0,CASH,COMPLETED
TRX-KLN-20260509-05820,2026-05-09 17:15:54,30500.0,CASH,COMPLETED
TRX-KLN-20260509-05821,2026-05-09 17:45:03,28000.0,CASH,COMPLETED
TRX-KLN-20260509-05822,2026-05-09 15:26:31,36000.0,CASH,COMPLETED
TRX-KLN-20260509-05823,2026-05-09 07:38:00,113500.0,CASH,COMPLETED
TRX-KLN-20260509-05824,2026-05-09 13:22:57,27000.0,CASH,COMPLETED
TRX-KLN-20260509-05825,2026-05-09 10:58:04,34500.0,CASH,COMPLETED
TRX-KLN-20260509-05826,2026-05-09 13:29:36,16000.0,EWALLET,COMPLETED
TRX-KLN-20260509-05827,2026-05-09 16:56:26,1500.0,CASH,COMPLETED
TRX-KLN-20260509-05828,2026-05-09 17:54:21,21000.0,TRANSFER,COMPLETED
TRX-KLN-20260509-05829,2026-05-09 14:47:30,93000.0,CASH,COMPLETED
TRX-KLN-20260510-05830,2026-05-10 08:36:53,84500.0,QRIS,COMPLETED
TRX-KLN-20260510-05831,2026-05-10 09:30:05,58000.0,CASH,COMPLETED
TRX-KLN-20260510-05832,2026-05-10 11:35:56,5500.0,CASH,COMPLETED
TRX-KLN-20260510-05833,2026-05-10 15:09:32,80000.0,EWALLET,COMPLETED
TRX-KLN-20260510-05834,2026-05-10 19:51:12,144500.0,EWALLET,COMPLETED
TRX-KLN-20260510-05835,2026-05-10 14:32:56,64000.0,CASH,COMPLETED
TRX-KLN-20260510-05836,2026-05-10 12:21:16,29000.0,CASH,COMPLETED
TRX-KLN-20260510-05837,2026-05-10 08:11:40,82000.0,CASH,COMPLETED
TRX-KLN-20260510-05838,2026-05-10 20:22:51,107000.0,CASH,COMPLETED
TRX-KLN-20260510-05839,2026-05-10 16:54:38,14000.0,CASH,COMPLETED
TRX-KLN-20260510-05840,2026-05-10 16:29:30,69300.0,EWALLET,COMPLETED
TRX-KLN-20260510-05841,2026-05-10 10:09:57,72000.0,CASH,COMPLETED
TRX-KLN-20260510-05842,2026-05-10 17:40:35,3000.0,CASH,COMPLETED
TRX-KLN-20260510-05843,2026-05-10 08:49:45,12000.0,QRIS,COMPLETED
TRX-KLN-20260510-05844,2026-05-10 19:35:08,56000.0,CASH,COMPLETED
TRX-KLN-20260510-05845,2026-05-10 16:16:08,4000.0,QRIS,COMPLETED
TRX-KLN-20260510-05846,2026-05-10 19:07:01,151000.0,CASH,COMPLETED
TRX-KLN-20260510-05847,2026-05-10 18:17:46,48000.0,QRIS,COMPLETED
TRX-KLN-20260511-05848,2026-05-11 11:18:39,104500.0,CASH,COMPLETED
TRX-KLN-20260511-05849,2026-05-11 09:57:00,77000.0,QRIS,COMPLETED
TRX-KLN-20260511-05850,2026-05-11 10:33:39,96000.0,CASH,COMPLETED
TRX-KLN-20260511-05851,2026-05-11 10:39:51,140900.0,CASH,COMPLETED
TRX-KLN-20260511-05852,2026-05-11 10:16:17,79000.0,CASH,COMPLETED
TRX-KLN-20260511-05853,2026-05-11 17:12:31,16000.0,CASH,COMPLETED
TRX-KLN-20260511-05854,2026-05-11 17:04:33,41000.0,QRIS,COMPLETED
TRX-KLN-20260511-05855,2026-05-11 16:12:11,33000.0,CASH,COMPLETED
TRX-KLN-20260511-05856,2026-05-11 14:33:18,21000.0,CASH,COMPLETED
TRX-KLN-20260511-05857,2026-05-11 10:53:06,175500.0,CASH,COMPLETED
TRX-KLN-20260511-05858,2026-05-11 18:15:45,12000.0,CASH,COMPLETED
TRX-KLN-20260511-05859,2026-05-11 19:05:55,51000.0,CASH,COMPLETED
TRX-KLN-20260512-05860,2026-05-12 12:06:11,79600.0,CASH,COMPLETED
TRX-KLN-20260512-05861,2026-05-12 13:20:28,28500.0,CASH,COMPLETED
TRX-KLN-20260512-05862,2026-05-12 10:01:55,7000.0,CASH,COMPLETED
TRX-KLN-20260512-05863,2026-05-12 17:33:56,120200.0,CASH,COMPLETED
TRX-KLN-20260512-05864,2026-05-12 09:57:31,83000.0,CASH,COMPLETED
TRX-KLN-20260512-05865,2026-05-12 09:59:22,32000.0,QRIS,COMPLETED
TRX-KLN-20260512-05866,2026-05-12 08:04:59,32000.0,CASH,COMPLETED
TRX-KLN-20260512-05867,2026-05-12 18:28:54,97500.0,QRIS,COMPLETED
TRX-KLN-20260512-05868,2026-05-12 21:50:54,8000.0,CASH,COMPLETED
TRX-KLN-20260512-05869,2026-05-12 16:04:50,32000.0,TRANSFER,COMPLETED
TRX-KLN-20260512-05870,2026-05-12 19:13:13,130500.0,CASH,COMPLETED
TRX-KLN-20260512-05871,2026-05-12 17:18:04,12500.0,CASH,COMPLETED
TRX-KLN-20260512-05872,2026-05-12 10:18:31,7000.0,QRIS,COMPLETED
TRX-KLN-20260513-05873,2026-05-13 12:27:54,7000.0,EWALLET,COMPLETED
TRX-KLN-20260513-05874,2026-05-13 09:08:11,77500.0,QRIS,COMPLETED
TRX-KLN-20260513-05875,2026-05-13 13:30:40,44500.0,CASH,COMPLETED
TRX-KLN-20260513-05876,2026-05-13 11:47:20,12000.0,CASH,COMPLETED
TRX-KLN-20260513-05877,2026-05-13 17:07:06,30000.0,CASH,COMPLETED
TRX-KLN-20260513-05878,2026-05-13 19:32:50,57500.0,EWALLET,COMPLETED
TRX-KLN-20260513-05879,2026-05-13 11:17:57,196500.0,QRIS,COMPLETED
TRX-KLN-20260513-05880,2026-05-13 20:54:03,193200.0,CASH,COMPLETED
TRX-KLN-20260513-05881,2026-05-13 18:38:49,19000.0,CASH,COMPLETED
TRX-KLN-20260513-05882,2026-05-13 17:33:14,58400.0,CASH,COMPLETED
TRX-KLN-20260513-05883,2026-05-13 15:36:29,38000.0,CASH,COMPLETED
TRX-KLN-20260513-05884,2026-05-13 18:19:06,131000.0,TRANSFER,COMPLETED
TRX-KLN-20260513-05885,2026-05-13 09:36:47,86500.0,TRANSFER,COMPLETED
TRX-KLN-20260513-05886,2026-05-13 07:48:30,49000.0,CASH,COMPLETED
TRX-KLN-20260513-05887,2026-05-13 08:39:45,18000.0,CASH,COMPLETED
TRX-KLN-20260513-05888,2026-05-13 19:12:25,26000.0,QRIS,COMPLETED
TRX-KLN-20260513-05889,2026-05-13 18:48:48,35000.0,TRANSFER,COMPLETED
TRX-KLN-20260514-05890,2026-05-14 16:39:52,29000.0,QRIS,COMPLETED
TRX-KLN-20260514-05891,2026-05-14 19:08:52,8000.0,CASH,COMPLETED
TRX-KLN-20260514-05892,2026-05-14 20:29:09,39000.0,CASH,COMPLETED
TRX-KLN-20260514-05893,2026-05-14 12:07:41,19500.0,CASH,COMPLETED
TRX-KLN-20260514-05894,2026-05-14 17:17:26,60000.0,CASH,COMPLETED
TRX-KLN-20260514-05895,2026-05-14 12:26:05,28500.0,TRANSFER,COMPLETED
TRX-KLN-20260514-05896,2026-05-14 19:45:46,92000.0,CASH,COMPLETED
TRX-KLN-20260514-05897,2026-05-14 07:53:18,118500.0,CASH,COMPLETED
TRX-KLN-20260514-05898,2026-05-14 10:47:29,144000.0,CASH,COMPLETED
TRX-KLN-20260514-05899,2026-05-14 17:27:55,25000.0,TRANSFER,COMPLETED
TRX-KLN-20260514-05900,2026-05-14 13:35:24,12000.0,CASH,COMPLETED
TRX-KLN-20260514-05901,2026-05-14 18:11:44,9500.0,TRANSFER,COMPLETED
TRX-KLN-20260514-05902,2026-05-14 08:59:29,51000.0,CASH,COMPLETED
TRX-KLN-20260514-05903,2026-05-14 18:17:43,71500.0,CASH,COMPLETED
TRX-KLN-20260514-05904,2026-05-14 17:09:44,3000.0,CASH,COMPLETED
TRX-KLN-20260514-05905,2026-05-14 14:40:39,21500.0,CASH,COMPLETED
TRX-KLN-20260514-05906,2026-05-14 13:33:34,32000.0,QRIS,COMPLETED
TRX-KLN-20260514-05907,2026-05-14 15:51:11,9500.0,QRIS,COMPLETED
TRX-KLN-20260515-05908,2026-05-15 09:35:23,19000.0,CASH,COMPLETED
TRX-KLN-20260515-05909,2026-05-15 16:04:25,19000.0,CASH,COMPLETED
TRX-KLN-20260515-05910,2026-05-15 09:18:36,16000.0,TRANSFER,COMPLETED
TRX-KLN-20260515-05911,2026-05-15 07:31:40,39000.0,CASH,COMPLETED
TRX-KLN-20260515-05912,2026-05-15 12:19:44,3100.0,CASH,COMPLETED
TRX-KLN-20260515-05913,2026-05-15 10:15:44,144500.0,TRANSFER,COMPLETED
TRX-KLN-20260515-05914,2026-05-15 15:16:11,114000.0,CASH,COMPLETED
TRX-KLN-20260515-05915,2026-05-15 09:18:10,41500.0,QRIS,COMPLETED
TRX-KLN-20260515-05916,2026-05-15 14:59:57,27000.0,QRIS,COMPLETED
TRX-KLN-20260515-05917,2026-05-15 11:44:11,3000.0,CASH,COMPLETED
TRX-KLN-20260515-05918,2026-05-15 08:16:16,9300.0,CASH,COMPLETED
TRX-KLN-20260515-05919,2026-05-15 15:11:53,124500.0,EWALLET,COMPLETED
TRX-KLN-20260515-05920,2026-05-15 18:27:54,223500.0,CASH,COMPLETED
TRX-KLN-20260515-05921,2026-05-15 18:56:44,41500.0,CASH,COMPLETED
TRX-KLN-20260515-05922,2026-05-15 18:14:09,44000.0,TRANSFER,COMPLETED
TRX-KLN-20260515-05923,2026-05-15 16:12:35,125000.0,QRIS,COMPLETED
TRX-KLN-20260515-05924,2026-05-15 19:25:44,154500.0,EWALLET,COMPLETED
TRX-KLN-20260515-05925,2026-05-15 09:39:14,12500.0,EWALLET,COMPLETED
TRX-KLN-20260515-05926,2026-05-15 17:10:52,37500.0,QRIS,COMPLETED
TRX-KLN-20260515-05927,2026-05-15 17:53:19,57500.0,CASH,COMPLETED
TRX-KLN-20260516-05928,2026-05-16 13:46:45,136000.0,CASH,COMPLETED
TRX-KLN-20260516-05929,2026-05-16 21:49:28,25000.0,CASH,COMPLETED
TRX-KLN-20260516-05930,2026-05-16 18:05:40,38000.0,CASH,COMPLETED
TRX-KLN-20260516-05931,2026-05-16 09:36:37,53500.0,CASH,COMPLETED
TRX-KLN-20260516-05932,2026-05-16 17:30:24,28500.0,CASH,COMPLETED
TRX-KLN-20260516-05933,2026-05-16 07:22:36,28000.0,CASH,COMPLETED
TRX-KLN-20260516-05934,2026-05-16 10:20:31,39000.0,CASH,COMPLETED
TRX-KLN-20260516-05935,2026-05-16 09:17:05,19000.0,QRIS,COMPLETED
TRX-KLN-20260516-05936,2026-05-16 08:26:53,45000.0,CASH,COMPLETED
TRX-KLN-20260516-05937,2026-05-16 17:23:22,136000.0,CASH,COMPLETED
TRX-KLN-20260516-05938,2026-05-16 07:33:12,25000.0,TRANSFER,COMPLETED
TRX-KLN-20260516-05939,2026-05-16 16:01:25,68000.0,CASH,COMPLETED
TRX-KLN-20260516-05940,2026-05-16 10:37:54,12500.0,CASH,COMPLETED
TRX-KLN-20260516-05941,2026-05-16 18:03:16,14000.0,CASH,COMPLETED
TRX-KLN-20260516-05942,2026-05-16 11:11:11,9500.0,CASH,COMPLETED
TRX-KLN-20260516-05943,2026-05-16 19:19:22,150000.0,CASH,COMPLETED
TRX-KLN-20260516-05944,2026-05-16 21:29:48,50500.0,CASH,COMPLETED
TRX-KLN-20260516-05945,2026-05-16 08:56:15,48000.0,CASH,COMPLETED
TRX-KLN-20260516-05946,2026-05-16 12:07:36,21000.0,QRIS,COMPLETED
TRX-KLN-20260516-05947,2026-05-16 14:07:37,136000.0,CASH,COMPLETED
TRX-KLN-20260516-05948,2026-05-16 17:05:12,19000.0,EWALLET,COMPLETED
TRX-KLN-20260516-05949,2026-05-16 09:02:11,55500.0,QRIS,COMPLETED
TRX-KLN-20260516-05950,2026-05-16 08:37:07,39000.0,QRIS,COMPLETED
TRX-KLN-20260516-05951,2026-05-16 16:53:58,165000.0,CASH,COMPLETED
TRX-KLN-20260517-05952,2026-05-17 11:01:49,88000.0,CASH,COMPLETED
TRX-KLN-20260517-05953,2026-05-17 19:38:24,58000.0,QRIS,COMPLETED
TRX-KLN-20260517-05954,2026-05-17 09:05:01,42000.0,CASH,COMPLETED
TRX-KLN-20260517-05955,2026-05-17 16:09:20,93000.0,CASH,COMPLETED
TRX-KLN-20260517-05956,2026-05-17 10:01:27,12500.0,CASH,COMPLETED
TRX-KLN-20260517-05957,2026-05-17 17:30:16,136000.0,CASH,COMPLETED
TRX-KLN-20260517-05958,2026-05-17 17:21:02,27000.0,CASH,COMPLETED
TRX-KLN-20260517-05959,2026-05-17 17:48:42,6000.0,EWALLET,COMPLETED
TRX-KLN-20260517-05960,2026-05-17 07:12:02,183500.0,TRANSFER,COMPLETED
TRX-KLN-20260517-05961,2026-05-17 18:53:20,38000.0,CASH,COMPLETED
TRX-KLN-20260517-05962,2026-05-17 10:24:15,13000.0,TRANSFER,COMPLETED
TRX-KLN-20260517-05963,2026-05-17 07:19:14,34500.0,CASH,COMPLETED
TRX-KLN-20260517-05964,2026-05-17 16:11:54,35000.0,TRANSFER,COMPLETED
TRX-KLN-20260517-05965,2026-05-17 09:13:47,12500.0,CASH,COMPLETED
TRX-KLN-20260517-05966,2026-05-17 08:23:36,19000.0,CASH,COMPLETED
TRX-KLN-20260517-05967,2026-05-17 07:36:28,136000.0,CASH,COMPLETED
TRX-KLN-20260517-05968,2026-05-17 19:29:41,38000.0,CASH,COMPLETED
TRX-KLN-20260517-05969,2026-05-17 16:49:09,6000.0,CASH,COMPLETED
TRX-KLN-20260517-05970,2026-05-17 19:00:45,12500.0,CASH,COMPLETED
TRX-KLN-20260517-05971,2026-05-17 11:50:05,48500.0,CASH,COMPLETED
TRX-KLN-20260517-05972,2026-05-17 16:16:49,23000.0,QRIS,COMPLETED
TRX-KLN-20260517-05973,2026-05-17 07:20:42,123000.0,CASH,COMPLETED
TRX-KLN-20260517-05974,2026-05-17 17:30:43,16500.0,EWALLET,COMPLETED
TRX-KLN-20260517-05975,2026-05-17 09:24:50,12500.0,QRIS,COMPLETED
TRX-KLN-20260517-05976,2026-05-17 17:24:31,18200.0,CASH,COMPLETED
TRX-KLN-20260517-05977,2026-05-17 18:33:06,18100.0,CASH,COMPLETED
TRX-KLN-20260518-05978,2026-05-18 13:43:57,63000.0,CASH,COMPLETED
TRX-KLN-20260518-05979,2026-05-18 07:08:23,10000.0,CASH,COMPLETED
TRX-KLN-20260518-05980,2026-05-18 08:05:39,70400.0,TRANSFER,COMPLETED
TRX-KLN-20260518-05981,2026-05-18 07:54:16,42000.0,QRIS,COMPLETED
TRX-KLN-20260518-05982,2026-05-18 13:53:23,5500.0,TRANSFER,COMPLETED
TRX-KLN-20260518-05983,2026-05-18 12:14:21,35000.0,CASH,COMPLETED
TRX-KLN-20260518-05984,2026-05-18 17:10:20,59600.0,QRIS,COMPLETED
TRX-KLN-20260518-05985,2026-05-18 19:27:46,42000.0,CASH,COMPLETED
TRX-KLN-20260518-05986,2026-05-18 18:21:01,35500.0,QRIS,COMPLETED
TRX-KLN-20260518-05987,2026-05-18 16:00:05,18500.0,CASH,COMPLETED
TRX-KLN-20260518-05988,2026-05-18 16:39:04,86000.0,CASH,COMPLETED
TRX-KLN-20260518-05989,2026-05-18 19:07:26,120000.0,CASH,COMPLETED
TRX-KLN-20260518-05990,2026-05-18 15:22:12,69000.0,CASH,COMPLETED
TRX-KLN-20260518-05991,2026-05-18 12:37:05,19000.0,EWALLET,COMPLETED
TRX-KLN-20260518-05992,2026-05-18 07:14:27,19000.0,CASH,COMPLETED
TRX-KLN-20260518-05993,2026-05-18 18:24:25,18000.0,CASH,COMPLETED
TRX-KLN-20260518-05994,2026-05-18 20:40:32,7000.0,QRIS,COMPLETED
TRX-KLN-20260518-05995,2026-05-18 18:59:51,55500.0,TRANSFER,COMPLETED
TRX-KLN-20260518-05996,2026-05-18 17:23:34,48000.0,CASH,COMPLETED
TRX-KLN-20260518-05997,2026-05-18 15:00:37,148000.0,QRIS,COMPLETED
TRX-KLN-20260518-05998,2026-05-18 16:39:07,32500.0,TRANSFER,COMPLETED
TRX-KLN-20260518-05999,2026-05-18 20:53:25,9300.0,CASH,COMPLETED
TRX-KLN-20260519-06000,2026-05-19 17:28:59,24000.0,TRANSFER,COMPLETED
TRX-KLN-20260519-06001,2026-05-19 17:20:15,5500.0,CASH,COMPLETED
TRX-KLN-20260519-06002,2026-05-19 15:14:59,40000.0,CASH,COMPLETED
TRX-KLN-20260519-06003,2026-05-19 12:29:26,12000.0,CASH,COMPLETED
TRX-KLN-20260519-06004,2026-05-19 16:13:07,76000.0,CASH,COMPLETED
TRX-KLN-20260519-06005,2026-05-19 08:59:48,14000.0,CASH,COMPLETED
TRX-KLN-20260519-06006,2026-05-19 17:50:07,32000.0,EWALLET,COMPLETED
TRX-KLN-20260519-06007,2026-05-19 18:29:58,25000.0,TRANSFER,COMPLETED
TRX-KLN-20260519-06008,2026-05-19 11:05:10,17000.0,CASH,COMPLETED
TRX-KLN-20260519-06009,2026-05-19 19:41:17,8500.0,CASH,COMPLETED
TRX-KLN-20260519-06010,2026-05-19 15:36:33,69000.0,EWALLET,COMPLETED
TRX-KLN-20260519-06011,2026-05-19 21:17:13,92500.0,CASH,COMPLETED
TRX-KLN-20260519-06012,2026-05-19 20:03:40,103500.0,CASH,COMPLETED
TRX-KLN-20260520-06013,2026-05-20 12:33:55,19000.0,CASH,COMPLETED
TRX-KLN-20260520-06014,2026-05-20 20:35:04,17000.0,CASH,COMPLETED
TRX-KLN-20260520-06015,2026-05-20 15:11:14,17000.0,CASH,COMPLETED
TRX-KLN-20260520-06016,2026-05-20 17:37:41,32000.0,CASH,COMPLETED
TRX-KLN-20260520-06017,2026-05-20 18:00:00,45400.0,CASH,COMPLETED
TRX-KLN-20260520-06018,2026-05-20 19:44:36,19000.0,CASH,COMPLETED
TRX-KLN-20260520-06019,2026-05-20 08:11:47,51000.0,CASH,COMPLETED
TRX-KLN-20260520-06020,2026-05-20 07:57:12,65000.0,CASH,COMPLETED
TRX-KLN-20260520-06021,2026-05-20 10:19:51,52500.0,CASH,COMPLETED
TRX-KLN-20260520-06022,2026-05-20 16:46:34,14000.0,QRIS,COMPLETED
TRX-KLN-20260520-06023,2026-05-20 21:16:49,88500.0,EWALLET,COMPLETED
TRX-KLN-20260520-06024,2026-05-20 18:20:48,105500.0,QRIS,COMPLETED
TRX-KLN-20260520-06025,2026-05-20 09:26:36,22000.0,CASH,COMPLETED
TRX-KLN-20260520-06026,2026-05-20 11:50:38,35000.0,CASH,COMPLETED
TRX-KLN-20260520-06027,2026-05-20 09:48:36,59500.0,CASH,COMPLETED
TRX-KLN-20260521-06028,2026-05-21 12:40:01,16000.0,CASH,COMPLETED
TRX-KLN-20260521-06029,2026-05-21 08:51:18,18500.0,QRIS,COMPLETED
TRX-KLN-20260521-06030,2026-05-21 08:03:57,8000.0,CASH,COMPLETED
TRX-KLN-20260521-06031,2026-05-21 19:08:57,12400.0,CASH,COMPLETED
TRX-KLN-20260521-06032,2026-05-21 16:10:04,23500.0,CASH,COMPLETED
TRX-KLN-20260521-06033,2026-05-21 13:39:47,16000.0,QRIS,COMPLETED
TRX-KLN-20260521-06034,2026-05-21 09:32:55,116100.0,CASH,COMPLETED
TRX-KLN-20260521-06035,2026-05-21 19:30:58,51000.0,QRIS,COMPLETED
TRX-KLN-20260521-06036,2026-05-21 19:49:44,60500.0,CASH,COMPLETED
TRX-KLN-20260521-06037,2026-05-21 21:02:39,90000.0,CASH,COMPLETED
TRX-KLN-20260521-06038,2026-05-21 18:49:31,37000.0,CASH,COMPLETED
TRX-KLN-20260521-06039,2026-05-21 19:49:49,41000.0,CASH,COMPLETED
TRX-KLN-20260521-06040,2026-05-21 19:57:16,7000.0,QRIS,COMPLETED
TRX-KLN-20260521-06041,2026-05-21 14:47:56,8500.0,CASH,COMPLETED
TRX-KLN-20260521-06042,2026-05-21 17:38:54,37000.0,CASH,COMPLETED
TRX-KLN-20260521-06043,2026-05-21 13:36:02,136000.0,EWALLET,COMPLETED
TRX-KLN-20260521-06044,2026-05-21 15:51:44,25500.0,CASH,COMPLETED
TRX-KLN-20260521-06045,2026-05-21 09:18:12,10000.0,TRANSFER,COMPLETED
TRX-KLN-20260521-06046,2026-05-21 17:19:18,8000.0,CASH,COMPLETED
TRX-KLN-20260522-06047,2026-05-22 09:20:12,28000.0,CASH,COMPLETED
TRX-KLN-20260522-06048,2026-05-22 17:06:11,29000.0,CASH,COMPLETED
TRX-KLN-20260522-06049,2026-05-22 12:33:07,25000.0,QRIS,COMPLETED
TRX-KLN-20260522-06050,2026-05-22 07:05:16,145000.0,CASH,COMPLETED
TRX-KLN-20260522-06051,2026-05-22 12:16:45,28200.0,CASH,COMPLETED
TRX-KLN-20260522-06052,2026-05-22 18:15:00,152500.0,CASH,COMPLETED
TRX-KLN-20260522-06053,2026-05-22 09:21:42,47500.0,EWALLET,COMPLETED
TRX-KLN-20260522-06054,2026-05-22 09:53:21,55000.0,CASH,COMPLETED
TRX-KLN-20260522-06055,2026-05-22 12:32:27,3000.0,CASH,COMPLETED
TRX-KLN-20260522-06056,2026-05-22 20:25:26,120000.0,CASH,COMPLETED
TRX-KLN-20260522-06057,2026-05-22 12:13:29,64000.0,CASH,COMPLETED
TRX-KLN-20260522-06058,2026-05-22 07:10:31,96000.0,CASH,COMPLETED
TRX-KLN-20260522-06059,2026-05-22 07:48:45,63500.0,EWALLET,COMPLETED
TRX-KLN-20260522-06060,2026-05-22 15:40:11,51000.0,TRANSFER,COMPLETED
TRX-KLN-20260522-06061,2026-05-22 17:46:07,14000.0,CASH,COMPLETED
TRX-KLN-20260522-06062,2026-05-22 14:47:54,15000.0,TRANSFER,COMPLETED
TRX-KLN-20260522-06063,2026-05-22 08:50:02,23000.0,EWALLET,COMPLETED
TRX-KLN-20260522-06064,2026-05-22 15:51:08,17500.0,CASH,COMPLETED
TRX-KLN-20260522-06065,2026-05-22 11:50:02,136000.0,EWALLET,COMPLETED
TRX-KLN-20260522-06066,2026-05-22 20:31:01,41500.0,CASH,COMPLETED
TRX-KLN-20260523-06067,2026-05-23 20:03:25,9500.0,CASH,COMPLETED
TRX-KLN-20260523-06068,2026-05-23 07:38:54,20500.0,CASH,COMPLETED
TRX-KLN-20260523-06069,2026-05-23 18:10:23,99000.0,CASH,COMPLETED
TRX-KLN-20260523-06070,2026-05-23 15:26:21,111000.0,CASH,COMPLETED
TRX-KLN-20260523-06071,2026-05-23 20:03:28,7000.0,QRIS,COMPLETED
TRX-KLN-20260523-06072,2026-05-23 13:50:03,53000.0,QRIS,COMPLETED
TRX-KLN-20260523-06073,2026-05-23 17:56:09,58000.0,TRANSFER,COMPLETED
TRX-KLN-20260523-06074,2026-05-23 12:30:36,3000.0,CASH,COMPLETED
TRX-KLN-20260523-06075,2026-05-23 19:30:26,3000.0,CASH,COMPLETED
TRX-KLN-20260523-06076,2026-05-23 17:34:23,12400.0,QRIS,COMPLETED
TRX-KLN-20260523-06077,2026-05-23 18:40:45,70500.0,QRIS,COMPLETED
TRX-KLN-20260523-06078,2026-05-23 20:40:39,36500.0,CASH,COMPLETED
TRX-KLN-20260523-06079,2026-05-23 12:25:08,90000.0,EWALLET,COMPLETED
TRX-KLN-20260523-06080,2026-05-23 20:08:07,44000.0,CASH,COMPLETED
TRX-KLN-20260523-06081,2026-05-23 12:22:26,60000.0,CASH,COMPLETED
TRX-KLN-20260523-06082,2026-05-23 17:55:03,76500.0,CASH,COMPLETED
TRX-KLN-20260524-06083,2026-05-24 15:07:03,38000.0,QRIS,COMPLETED
TRX-KLN-20260524-06084,2026-05-24 16:30:44,16000.0,CASH,COMPLETED
TRX-KLN-20260524-06085,2026-05-24 16:25:17,11000.0,QRIS,COMPLETED
TRX-KLN-20260524-06086,2026-05-24 11:50:13,85000.0,CASH,COMPLETED
TRX-KLN-20260524-06087,2026-05-24 08:29:32,72000.0,CASH,COMPLETED
TRX-KLN-20260524-06088,2026-05-24 13:13:56,6000.0,CASH,COMPLETED
TRX-KLN-20260524-06089,2026-05-24 14:32:26,129500.0,CASH,COMPLETED
TRX-KLN-20260524-06090,2026-05-24 18:50:00,14000.0,CASH,COMPLETED
TRX-KLN-20260524-06091,2026-05-24 16:22:46,14000.0,CASH,COMPLETED
TRX-KLN-20260524-06092,2026-05-24 16:46:51,41500.0,CASH,COMPLETED
TRX-KLN-20260524-06093,2026-05-24 17:34:26,120000.0,TRANSFER,COMPLETED
TRX-KLN-20260524-06094,2026-05-24 17:04:58,9500.0,CASH,COMPLETED
TRX-KLN-20260524-06095,2026-05-24 09:24:22,39000.0,EWALLET,COMPLETED
TRX-KLN-20260524-06096,2026-05-24 21:20:41,20000.0,CASH,COMPLETED
TRX-KLN-20260524-06097,2026-05-24 08:20:06,17500.0,CASH,COMPLETED
TRX-KLN-20260524-06098,2026-05-24 08:01:34,25000.0,CASH,COMPLETED
TRX-KLN-20260524-06099,2026-05-24 10:21:12,18000.0,CASH,COMPLETED
TRX-KLN-20260524-06100,2026-05-24 19:49:30,94500.0,CASH,COMPLETED
TRX-KLN-20260524-06101,2026-05-24 08:39:00,21500.0,CASH,COMPLETED
TRX-KLN-20260525-06102,2026-05-25 12:22:45,75000.0,CASH,COMPLETED
TRX-KLN-20260525-06103,2026-05-25 09:03:08,14000.0,CASH,COMPLETED
TRX-KLN-20260525-06104,2026-05-25 11:38:01,70000.0,CASH,COMPLETED
TRX-KLN-20260525-06105,2026-05-25 15:20:47,69000.0,CASH,COMPLETED
TRX-KLN-20260525-06106,2026-05-25 18:17:23,35000.0,CASH,COMPLETED
TRX-KLN-20260525-06107,2026-05-25 16:33:07,34500.0,CASH,COMPLETED
TRX-KLN-20260525-06108,2026-05-25 20:23:39,15000.0,QRIS,COMPLETED
TRX-KLN-20260525-06109,2026-05-25 07:15:45,19000.0,QRIS,COMPLETED
TRX-KLN-20260525-06110,2026-05-25 10:02:18,189500.0,EWALLET,COMPLETED
TRX-KLN-20260525-06111,2026-05-25 17:35:37,12500.0,CASH,COMPLETED
TRX-KLN-20260525-06112,2026-05-25 10:09:52,12500.0,CASH,COMPLETED
TRX-KLN-20260525-06113,2026-05-25 10:17:11,25500.0,CASH,COMPLETED
TRX-KLN-20260525-06114,2026-05-25 10:28:10,38000.0,QRIS,COMPLETED
TRX-KLN-20260525-06115,2026-05-25 21:56:02,44500.0,CASH,COMPLETED
TRX-KLN-20260525-06116,2026-05-25 13:34:01,169500.0,QRIS,COMPLETED
TRX-KLN-20260525-06117,2026-05-25 10:11:20,45000.0,TRANSFER,COMPLETED
TRX-KLN-20260525-06118,2026-05-25 14:47:56,22000.0,CASH,COMPLETED
TRX-KLN-20260525-06119,2026-05-25 13:35:31,12000.0,CASH,COMPLETED
TRX-KLN-20260526-06120,2026-05-26 12:08:25,62500.0,QRIS,COMPLETED
TRX-KLN-20260526-06121,2026-05-26 11:52:17,48500.0,TRANSFER,COMPLETED
TRX-KLN-20260526-06122,2026-05-26 09:57:16,12400.0,CASH,COMPLETED
TRX-KLN-20260526-06123,2026-05-26 19:35:49,21000.0,EWALLET,COMPLETED
TRX-KLN-20260526-06124,2026-05-26 09:57:42,19000.0,CASH,COMPLETED
TRX-KLN-20260526-06125,2026-05-26 10:04:13,16000.0,CASH,COMPLETED
TRX-KLN-20260526-06126,2026-05-26 20:34:57,30000.0,CASH,COMPLETED
TRX-KLN-20260526-06127,2026-05-26 19:22:22,76000.0,CASH,COMPLETED
TRX-KLN-20260526-06128,2026-05-26 16:13:15,6000.0,QRIS,COMPLETED
TRX-KLN-20260526-06129,2026-05-26 20:57:42,46000.0,CASH,COMPLETED
TRX-KLN-20260526-06130,2026-05-26 16:33:33,9500.0,CASH,COMPLETED
TRX-KLN-20260526-06131,2026-05-26 15:21:25,7000.0,QRIS,COMPLETED
TRX-KLN-20260526-06132,2026-05-26 20:41:23,16500.0,EWALLET,COMPLETED
TRX-KLN-20260526-06133,2026-05-26 11:18:44,8000.0,CASH,COMPLETED
TRX-KLN-20260526-06134,2026-05-26 20:05:29,7000.0,QRIS,COMPLETED
TRX-KLN-20260526-06135,2026-05-26 17:09:47,129500.0,CASH,COMPLETED
TRX-KLN-20260526-06136,2026-05-26 19:57:44,9300.0,CASH,COMPLETED
TRX-KLN-20260526-06137,2026-05-26 09:26:02,58500.0,QRIS,COMPLETED
TRX-KLN-20260526-06138,2026-05-26 10:48:02,12500.0,CASH,COMPLETED
TRX-KLN-20260526-06139,2026-05-26 16:06:37,83000.0,EWALLET,COMPLETED
TRX-KLN-20260527-06140,2026-05-27 17:50:16,177000.0,CASH,COMPLETED
TRX-KLN-20260527-06141,2026-05-27 21:19:05,41500.0,CASH,COMPLETED
TRX-KLN-20260527-06142,2026-05-27 10:23:37,46000.0,QRIS,COMPLETED
TRX-KLN-20260527-06143,2026-05-27 12:43:30,182500.0,CASH,COMPLETED
TRX-KLN-20260527-06144,2026-05-27 19:17:23,32000.0,CASH,COMPLETED
TRX-KLN-20260527-06145,2026-05-27 18:29:32,8500.0,EWALLET,COMPLETED
TRX-KLN-20260527-06146,2026-05-27 15:35:45,42000.0,CASH,COMPLETED
TRX-KLN-20260527-06147,2026-05-27 09:09:04,14600.0,QRIS,COMPLETED
TRX-KLN-20260527-06148,2026-05-27 15:53:02,70500.0,EWALLET,COMPLETED
TRX-KLN-20260527-06149,2026-05-27 17:55:04,12400.0,TRANSFER,COMPLETED
TRX-KLN-20260527-06150,2026-05-27 17:22:37,12000.0,QRIS,COMPLETED
TRX-KLN-20260527-06151,2026-05-27 19:02:24,36500.0,CASH,COMPLETED
TRX-KLN-20260527-06152,2026-05-27 15:00:24,88000.0,CASH,COMPLETED
TRX-KLN-20260527-06153,2026-05-27 18:37:05,68000.0,CASH,COMPLETED
TRX-KLN-20260527-06154,2026-05-27 10:44:42,24000.0,EWALLET,COMPLETED
TRX-KLN-20260527-06155,2026-05-27 07:19:01,136000.0,EWALLET,COMPLETED
TRX-KLN-20260527-06156,2026-05-27 14:18:18,161500.0,TRANSFER,COMPLETED
TRX-KLN-20260527-06157,2026-05-27 18:38:14,16000.0,QRIS,COMPLETED
TRX-KLN-20260527-06158,2026-05-27 18:21:31,33500.0,CASH,COMPLETED
TRX-KLN-20260527-06159,2026-05-27 16:24:13,121000.0,QRIS,COMPLETED
TRX-KLN-20260528-06160,2026-05-28 20:45:47,174000.0,EWALLET,COMPLETED
TRX-KLN-20260528-06161,2026-05-28 07:36:25,66000.0,CASH,COMPLETED
TRX-KLN-20260528-06162,2026-05-28 17:37:53,203500.0,CASH,COMPLETED
TRX-KLN-20260528-06163,2026-05-28 13:33:18,25500.0,QRIS,COMPLETED
TRX-KLN-20260528-06164,2026-05-28 14:25:25,83000.0,CASH,COMPLETED
TRX-KLN-20260528-06165,2026-05-28 19:08:09,25000.0,CASH,COMPLETED
TRX-KLN-20260528-06166,2026-05-28 07:37:29,29000.0,CASH,COMPLETED
TRX-KLN-20260528-06167,2026-05-28 16:32:14,16000.0,CASH,COMPLETED
TRX-KLN-20260528-06168,2026-05-28 17:34:09,21600.0,CASH,COMPLETED
TRX-KLN-20260528-06169,2026-05-28 12:28:55,34300.0,TRANSFER,COMPLETED
TRX-KLN-20260528-06170,2026-05-28 20:53:39,45500.0,CASH,COMPLETED
TRX-KLN-20260528-06171,2026-05-28 12:59:22,56500.0,CASH,COMPLETED
TRX-KLN-20260528-06172,2026-05-28 17:54:10,8000.0,CASH,COMPLETED
TRX-KLN-20260528-06173,2026-05-28 17:45:30,12000.0,QRIS,COMPLETED
TRX-KLN-20260528-06174,2026-05-28 12:59:10,45500.0,CASH,COMPLETED
TRX-KLN-20260528-06175,2026-05-28 19:10:52,64000.0,CASH,COMPLETED
TRX-KLN-20260528-06176,2026-05-28 10:54:13,29000.0,QRIS,COMPLETED
TRX-KLN-20260528-06177,2026-05-28 17:06:17,42500.0,QRIS,COMPLETED
TRX-KLN-20260528-06178,2026-05-28 16:03:27,63500.0,CASH,COMPLETED
TRX-KLN-20260528-06179,2026-05-28 17:15:39,13500.0,TRANSFER,COMPLETED
TRX-KLN-20260528-06180,2026-05-28 16:26:40,14000.0,CASH,COMPLETED
TRX-KLN-20260528-06181,2026-05-28 19:02:58,3000.0,QRIS,COMPLETED
TRX-KLN-20260528-06182,2026-05-28 19:13:08,6000.0,QRIS,COMPLETED
TRX-KLN-20260528-06183,2026-05-28 16:58:57,71500.0,CASH,COMPLETED
TRX-KLN-20260528-06184,2026-05-28 11:56:37,14000.0,CASH,COMPLETED
TRX-KLN-20260528-06185,2026-05-28 18:06:41,217000.0,CASH,COMPLETED
TRX-KLN-20260529-06186,2026-05-29 18:48:31,26500.0,CASH,COMPLETED
TRX-KLN-20260529-06187,2026-05-29 07:47:33,16000.0,CASH,COMPLETED
TRX-KLN-20260529-06188,2026-05-29 17:28:01,32000.0,QRIS,COMPLETED
TRX-KLN-20260529-06189,2026-05-29 10:27:17,17000.0,CASH,COMPLETED
TRX-KLN-20260529-06190,2026-05-29 16:54:31,46000.0,QRIS,COMPLETED
TRX-KLN-20260529-06191,2026-05-29 16:25:57,148500.0,CASH,COMPLETED
TRX-KLN-20260529-06192,2026-05-29 08:00:49,17000.0,CASH,COMPLETED
TRX-KLN-20260529-06193,2026-05-29 19:23:19,8500.0,CASH,COMPLETED
TRX-KLN-20260529-06194,2026-05-29 11:07:04,80000.0,CASH,COMPLETED
TRX-KLN-20260529-06195,2026-05-29 14:53:44,7000.0,QRIS,COMPLETED
TRX-KLN-20260529-06196,2026-05-29 18:21:55,21500.0,CASH,COMPLETED
TRX-KLN-20260529-06197,2026-05-29 13:36:56,136000.0,QRIS,COMPLETED
TRX-KLN-20260529-06198,2026-05-29 11:48:32,28500.0,CASH,COMPLETED
TRX-KLN-20260529-06199,2026-05-29 12:35:09,32000.0,QRIS,COMPLETED
TRX-KLN-20260529-06200,2026-05-29 15:35:40,66000.0,QRIS,COMPLETED
TRX-KLN-20260529-06201,2026-05-29 16:51:25,148000.0,CASH,COMPLETED
TRX-KLN-20260529-06202,2026-05-29 15:56:41,12000.0,CASH,COMPLETED
TRX-KLN-20260529-06203,2026-05-29 15:40:11,14000.0,QRIS,COMPLETED
TRX-KLN-20260529-06204,2026-05-29 18:40:41,191500.0,TRANSFER,COMPLETED
TRX-KLN-20260529-06205,2026-05-29 14:05:19,29000.0,CASH,COMPLETED
TRX-KLN-20260530-06206,2026-05-30 18:49:32,98000.0,CASH,COMPLETED
TRX-KLN-20260530-06207,2026-05-30 15:15:14,14000.0,CASH,COMPLETED
TRX-KLN-20260530-06208,2026-05-30 16:57:40,9300.0,EWALLET,COMPLETED
TRX-KLN-20260530-06209,2026-05-30 13:28:44,60000.0,EWALLET,COMPLETED
TRX-KLN-20260530-06210,2026-05-30 18:14:15,58000.0,CASH,COMPLETED
TRX-KLN-20260530-06211,2026-05-30 17:31:44,68000.0,CASH,COMPLETED
TRX-KLN-20260530-06212,2026-05-30 14:11:44,28400.0,CASH,COMPLETED
TRX-KLN-20260530-06213,2026-05-30 13:40:07,28000.0,QRIS,COMPLETED
TRX-KLN-20260530-06214,2026-05-30 10:15:15,57000.0,CASH,COMPLETED
TRX-KLN-20260530-06215,2026-05-30 11:41:06,18500.0,CASH,COMPLETED
TRX-KLN-20260530-06216,2026-05-30 20:14:15,12500.0,CASH,COMPLETED
TRX-KLN-20260530-06217,2026-05-30 13:50:17,35000.0,TRANSFER,COMPLETED
TRX-KLN-20260530-06218,2026-05-30 18:28:39,25000.0,CASH,COMPLETED
TRX-KLN-20260530-06219,2026-05-30 13:53:08,12400.0,QRIS,COMPLETED
TRX-KLN-20260530-06220,2026-05-30 12:07:10,7000.0,CASH,COMPLETED
TRX-KLN-20260530-06221,2026-05-30 21:34:54,25000.0,EWALLET,COMPLETED
TRX-KLN-20260530-06222,2026-05-30 16:12:17,16500.0,CASH,COMPLETED
TRX-KLN-20260530-06223,2026-05-30 08:50:25,11000.0,TRANSFER,COMPLETED
TRX-KLN-20260530-06224,2026-05-30 19:17:23,12000.0,CASH,COMPLETED
TRX-KLN-20260530-06225,2026-05-30 12:12:41,4500.0,CASH,COMPLETED
TRX-KLN-20260530-06226,2026-05-30 07:47:57,22500.0,CASH,COMPLETED
TRX-KLN-20260530-06227,2026-05-30 10:36:52,25000.0,CASH,COMPLETED
TRX-KLN-20260531-06228,2026-05-31 14:19:42,49000.0,CASH,COMPLETED
TRX-KLN-20260531-06229,2026-05-31 10:02:46,79500.0,CASH,COMPLETED
TRX-KLN-20260531-06230,2026-05-31 12:18:38,173000.0,CASH,COMPLETED
TRX-KLN-20260531-06231,2026-05-31 11:43:47,29000.0,CASH,COMPLETED
TRX-KLN-20260531-06232,2026-05-31 14:05:20,16000.0,CASH,COMPLETED
TRX-KLN-20260531-06233,2026-05-31 16:52:45,37000.0,QRIS,COMPLETED
TRX-KLN-20260531-06234,2026-05-31 18:28:19,30100.0,CASH,COMPLETED
TRX-KLN-20260531-06235,2026-05-31 07:13:17,48000.0,CASH,COMPLETED
TRX-KLN-20260531-06236,2026-05-31 09:47:53,38000.0,CASH,COMPLETED
TRX-KLN-20260531-06237,2026-05-31 11:50:04,6200.0,QRIS,COMPLETED
TRX-KLN-20260531-06238,2026-05-31 17:25:08,183000.0,QRIS,COMPLETED
TRX-KLN-20260531-06239,2026-05-31 19:29:28,12000.0,EWALLET,COMPLETED
TRX-KLN-20260531-06240,2026-05-31 12:55:11,248500.0,QRIS,COMPLETED
TRX-KLN-20260531-06241,2026-05-31 18:12:41,25500.0,QRIS,COMPLETED
TRX-KLN-20260531-06242,2026-05-31 10:43:42,3000.0,TRANSFER,COMPLETED
TRX-KLN-20260531-06243,2026-05-31 10:12:14,6000.0,QRIS,COMPLETED
TRX-KLN-20260531-06244,2026-05-31 13:18:18,69000.0,QRIS,COMPLETED
TRX-KLN-20260531-06245,2026-05-31 07:42:52,18500.0,CASH,COMPLETED
TRX-KLN-20260531-06246,2026-05-31 09:00:50,78000.0,CASH,COMPLETED
TRX-KLN-20260531-06247,2026-05-31 17:21:51,12200.0,CASH,COMPLETED
TRX-KLN-20260531-06248,2026-05-31 11:40:15,91000.0,QRIS,COMPLETED
TRX-KLN-20260531-06249,2026-05-31 17:04:52,90000.0,CASH,COMPLETED
TRX-KLN-20260531-06250,2026-05-31 15:20:12,3000.0,TRANSFER,COMPLETED
TRX-KLN-20260531-06251,2026-05-31 20:37:33,19000.0,CASH,COMPLETED
TRX-KLN-20260531-06252,2026-05-31 19:27:50,68000.0,EWALLET,COMPLETED
TRX-KLN-20260531-06253,2026-05-31 07:00:59,42100.0,CASH,COMPLETED
TRX-KLN-20260531-06254,2026-05-31 17:15:03,87000.0,CASH,COMPLETED
TRX-KLN-20260601-06255,2026-06-01 17:58:21,26400.0,CASH,COMPLETED
TRX-KLN-20260601-06256,2026-06-01 09:42:07,7000.0,QRIS,COMPLETED
TRX-KLN-20260601-06257,2026-06-01 12:22:35,56000.0,CASH,COMPLETED
TRX-KLN-20260601-06258,2026-06-01 15:46:34,16000.0,CASH,COMPLETED
TRX-KLN-20260601-06259,2026-06-01 21:04:39,19000.0,CASH,COMPLETED
TRX-KLN-20260601-06260,2026-06-01 09:16:38,103500.0,TRANSFER,COMPLETED
TRX-KLN-20260601-06261,2026-06-01 17:22:33,122000.0,TRANSFER,COMPLETED
TRX-KLN-20260601-06262,2026-06-01 17:15:46,81000.0,QRIS,COMPLETED
TRX-KLN-20260601-06263,2026-06-01 15:10:26,88500.0,CASH,COMPLETED
TRX-KLN-20260601-06264,2026-06-01 19:59:53,25000.0,QRIS,COMPLETED
TRX-KLN-20260601-06265,2026-06-01 12:38:56,34000.0,CASH,COMPLETED
TRX-KLN-20260601-06266,2026-06-01 12:50:04,4000.0,CASH,COMPLETED
TRX-KLN-20260601-06267,2026-06-01 11:22:35,44000.0,QRIS,COMPLETED
TRX-KLN-20260601-06268,2026-06-01 14:34:17,16500.0,CASH,COMPLETED
TRX-KLN-20260601-06269,2026-06-01 17:12:11,53500.0,EWALLET,COMPLETED
TRX-KLN-20260601-06270,2026-06-01 09:30:29,9500.0,CASH,COMPLETED
TRX-KLN-20260601-06271,2026-06-01 12:40:40,60500.0,TRANSFER,COMPLETED
TRX-KLN-20260601-06272,2026-06-01 12:32:05,89500.0,CASH,COMPLETED
TRX-KLN-20260601-06273,2026-06-01 08:51:37,37000.0,CASH,COMPLETED
TRX-KLN-20260601-06274,2026-06-01 13:25:33,32000.0,EWALLET,COMPLETED
TRX-KLN-20260602-06275,2026-06-02 14:10:35,154500.0,CASH,COMPLETED
TRX-KLN-20260602-06276,2026-06-02 17:16:13,85000.0,QRIS,COMPLETED
TRX-KLN-20260602-06277,2026-06-02 18:54:33,25000.0,CASH,COMPLETED
TRX-KLN-20260602-06278,2026-06-02 09:19:55,33000.0,QRIS,COMPLETED
TRX-KLN-20260602-06279,2026-06-02 12:10:55,33500.0,CASH,COMPLETED
TRX-KLN-20260602-06280,2026-06-02 12:09:44,77000.0,CASH,COMPLETED
TRX-KLN-20260602-06281,2026-06-02 17:22:09,7500.0,CASH,COMPLETED
TRX-KLN-20260602-06282,2026-06-02 09:25:36,53000.0,CASH,COMPLETED
TRX-KLN-20260602-06283,2026-06-02 15:51:10,19500.0,QRIS,COMPLETED
TRX-KLN-20260602-06284,2026-06-02 15:37:29,25000.0,CASH,COMPLETED
TRX-KLN-20260602-06285,2026-06-02 19:54:25,168000.0,QRIS,COMPLETED
TRX-KLN-20260602-06286,2026-06-02 17:47:57,25500.0,QRIS,COMPLETED
TRX-KLN-20260602-06287,2026-06-02 19:00:18,83000.0,QRIS,COMPLETED
TRX-KLN-20260602-06288,2026-06-02 07:38:34,12000.0,CASH,COMPLETED
TRX-KLN-20260602-06289,2026-06-02 11:21:05,32000.0,CASH,COMPLETED
TRX-KLN-20260602-06290,2026-06-02 21:46:23,3000.0,CASH,COMPLETED
TRX-KLN-20260602-06291,2026-06-02 15:31:00,8000.0,CASH,COMPLETED
TRX-KLN-20260602-06292,2026-06-02 20:55:33,69000.0,EWALLET,COMPLETED
TRX-KLN-20260602-06293,2026-06-02 18:50:05,8500.0,CASH,COMPLETED
TRX-KLN-20260602-06294,2026-06-02 07:22:05,54100.0,CASH,COMPLETED
TRX-KLN-20260602-06295,2026-06-02 08:08:26,17500.0,EWALLET,COMPLETED
TRX-KLN-20260603-06296,2026-06-03 11:38:17,134500.0,CASH,COMPLETED
TRX-KLN-20260603-06297,2026-06-03 15:56:52,31500.0,TRANSFER,COMPLETED
TRX-KLN-20260603-06298,2026-06-03 07:32:57,18500.0,CASH,COMPLETED
TRX-KLN-20260603-06299,2026-06-03 13:49:57,4000.0,CASH,COMPLETED
TRX-KLN-20260603-06300,2026-06-03 13:56:30,101500.0,EWALLET,COMPLETED
TRX-KLN-20260603-06301,2026-06-03 20:43:34,104000.0,CASH,COMPLETED
TRX-KLN-20260603-06302,2026-06-03 20:04:09,8000.0,CASH,COMPLETED
TRX-KLN-20260603-06303,2026-06-03 17:10:05,5500.0,QRIS,COMPLETED
TRX-KLN-20260603-06304,2026-06-03 18:04:52,53500.0,CASH,COMPLETED
TRX-KLN-20260603-06305,2026-06-03 09:05:35,14000.0,CASH,COMPLETED
TRX-KLN-20260603-06306,2026-06-03 18:44:28,48000.0,CASH,COMPLETED
TRX-KLN-20260603-06307,2026-06-03 20:44:10,12000.0,CASH,COMPLETED
TRX-KLN-20260603-06308,2026-06-03 08:06:52,8000.0,CASH,COMPLETED
TRX-KLN-20260603-06309,2026-06-03 20:48:52,12000.0,QRIS,COMPLETED
TRX-KLN-20260603-06310,2026-06-03 07:32:03,14000.0,CASH,COMPLETED
TRX-KLN-20260603-06311,2026-06-03 10:09:05,4000.0,CASH,COMPLETED
TRX-KLN-20260603-06312,2026-06-03 09:06:18,165000.0,CASH,COMPLETED
TRX-KLN-20260603-06313,2026-06-03 08:02:07,140000.0,CASH,COMPLETED
TRX-KLN-20260603-06314,2026-06-03 12:49:25,45500.0,QRIS,COMPLETED
TRX-KLN-20260603-06315,2026-06-03 08:30:48,145500.0,CASH,COMPLETED
TRX-KLN-20260603-06316,2026-06-03 11:26:44,28000.0,CASH,COMPLETED
TRX-KLN-20260604-06317,2026-06-04 16:29:12,58000.0,QRIS,COMPLETED
TRX-KLN-20260604-06318,2026-06-04 11:27:58,70000.0,QRIS,COMPLETED
TRX-KLN-20260604-06319,2026-06-04 20:48:54,1500.0,CASH,COMPLETED
TRX-KLN-20260604-06320,2026-06-04 15:16:35,79000.0,CASH,COMPLETED
TRX-KLN-20260604-06321,2026-06-04 17:38:08,9000.0,QRIS,COMPLETED
TRX-KLN-20260604-06322,2026-06-04 16:21:07,89000.0,CASH,COMPLETED
TRX-KLN-20260604-06323,2026-06-04 09:57:51,8500.0,QRIS,COMPLETED
TRX-KLN-20260604-06324,2026-06-04 13:57:42,83000.0,CASH,COMPLETED
TRX-KLN-20260604-06325,2026-06-04 09:08:28,82000.0,CASH,COMPLETED
TRX-KLN-20260604-06326,2026-06-04 08:12:52,35000.0,QRIS,COMPLETED
TRX-KLN-20260604-06327,2026-06-04 17:26:37,179000.0,QRIS,COMPLETED
TRX-KLN-20260604-06328,2026-06-04 10:39:20,27000.0,CASH,COMPLETED
TRX-KLN-20260604-06329,2026-06-04 16:07:30,5500.0,QRIS,COMPLETED
TRX-KLN-20260604-06330,2026-06-04 08:30:41,54000.0,CASH,COMPLETED
TRX-KLN-20260604-06331,2026-06-04 15:40:20,45000.0,QRIS,COMPLETED
TRX-KLN-20260604-06332,2026-06-04 21:33:49,29000.0,CASH,COMPLETED
TRX-KLN-20260604-06333,2026-06-04 12:37:56,33000.0,CASH,COMPLETED
TRX-KLN-20260604-06334,2026-06-04 20:38:31,124500.0,TRANSFER,COMPLETED
TRX-KLN-20260605-06335,2026-06-05 16:29:05,4000.0,CASH,COMPLETED
TRX-KLN-20260605-06336,2026-06-05 11:02:35,17000.0,CASH,COMPLETED
TRX-KLN-20260605-06337,2026-06-05 17:07:22,45000.0,TRANSFER,COMPLETED
TRX-KLN-20260605-06338,2026-06-05 16:45:19,118500.0,CASH,COMPLETED
TRX-KLN-20260605-06339,2026-06-05 15:20:53,54000.0,CASH,COMPLETED
TRX-KLN-20260605-06340,2026-06-05 18:08:58,27000.0,CASH,COMPLETED
TRX-KLN-20260605-06341,2026-06-05 18:42:50,41500.0,CASH,COMPLETED
TRX-KLN-20260605-06342,2026-06-05 18:32:47,12500.0,QRIS,COMPLETED
TRX-KLN-20260605-06343,2026-06-05 10:23:51,30000.0,EWALLET,COMPLETED
TRX-KLN-20260605-06344,2026-06-05 15:39:11,158000.0,CASH,COMPLETED
TRX-KLN-20260605-06345,2026-06-05 14:49:25,17000.0,TRANSFER,COMPLETED
TRX-KLN-20260605-06346,2026-06-05 11:41:49,19000.0,CASH,COMPLETED
TRX-KLN-20260605-06347,2026-06-05 17:56:19,77000.0,CASH,COMPLETED
TRX-KLN-20260605-06348,2026-06-05 10:58:22,51000.0,CASH,COMPLETED
TRX-KLN-20260605-06349,2026-06-05 16:21:42,59500.0,QRIS,COMPLETED
TRX-KLN-20260605-06350,2026-06-05 12:49:31,22000.0,CASH,COMPLETED
TRX-KLN-20260605-06351,2026-06-05 11:09:22,76500.0,CASH,COMPLETED
TRX-KLN-20260605-06352,2026-06-05 16:29:03,102000.0,CASH,COMPLETED
TRX-KLN-20260605-06353,2026-06-05 19:24:48,46500.0,CASH,COMPLETED
TRX-KLN-20260605-06354,2026-06-05 19:54:37,7000.0,CASH,COMPLETED
TRX-KLN-20260605-06355,2026-06-05 16:39:10,54000.0,EWALLET,COMPLETED
TRX-KLN-20260605-06356,2026-06-05 18:35:50,55500.0,CASH,COMPLETED
TRX-KLN-20260606-06357,2026-06-06 19:30:55,39000.0,CASH,COMPLETED
TRX-KLN-20260606-06358,2026-06-06 09:00:53,47000.0,CASH,COMPLETED
TRX-KLN-20260606-06359,2026-06-06 20:06:01,16000.0,CASH,COMPLETED
TRX-KLN-20260606-06360,2026-06-06 15:17:36,55500.0,CASH,COMPLETED
TRX-KLN-20260606-06361,2026-06-06 17:57:02,21000.0,QRIS,COMPLETED
TRX-KLN-20260606-06362,2026-06-06 17:00:48,80400.0,QRIS,COMPLETED
TRX-KLN-20260606-06363,2026-06-06 18:04:51,107000.0,CASH,COMPLETED
TRX-KLN-20260606-06364,2026-06-06 17:15:20,7000.0,CASH,COMPLETED
TRX-KLN-20260606-06365,2026-06-06 17:39:20,5500.0,CASH,COMPLETED
TRX-KLN-20260606-06366,2026-06-06 16:17:54,23000.0,QRIS,COMPLETED
TRX-KLN-20260606-06367,2026-06-06 14:06:54,37500.0,CASH,COMPLETED
TRX-KLN-20260606-06368,2026-06-06 20:03:45,43500.0,CASH,COMPLETED
TRX-KLN-20260606-06369,2026-06-06 11:32:39,6000.0,EWALLET,COMPLETED
TRX-KLN-20260606-06370,2026-06-06 13:27:49,19000.0,QRIS,COMPLETED
TRX-KLN-20260606-06371,2026-06-06 19:14:19,25000.0,CASH,COMPLETED
TRX-KLN-20260606-06372,2026-06-06 20:51:43,130500.0,CASH,COMPLETED
TRX-KLN-20260606-06373,2026-06-06 15:45:07,39000.0,QRIS,COMPLETED
TRX-KLN-20260606-06374,2026-06-06 15:02:31,62500.0,CASH,COMPLETED
TRX-KLN-20260606-06375,2026-06-06 09:48:33,78000.0,CASH,COMPLETED
TRX-KLN-20260606-06376,2026-06-06 18:12:42,109500.0,CASH,COMPLETED
TRX-KLN-20260606-06377,2026-06-06 07:29:13,16000.0,CASH,COMPLETED
TRX-KLN-20260606-06378,2026-06-06 14:28:47,19000.0,QRIS,COMPLETED
TRX-KLN-20260606-06379,2026-06-06 14:45:17,30500.0,CASH,COMPLETED
TRX-KLN-20260606-06380,2026-06-06 11:34:00,136500.0,CASH,COMPLETED
TRX-KLN-20260606-06381,2026-06-06 19:36:02,53000.0,CASH,COMPLETED
TRX-KLN-20260606-06382,2026-06-06 07:37:14,16000.0,QRIS,COMPLETED
TRX-KLN-20260607-06383,2026-06-07 17:27:23,9000.0,CASH,COMPLETED
TRX-KLN-20260607-06384,2026-06-07 20:33:38,127000.0,QRIS,COMPLETED
TRX-KLN-20260607-06385,2026-06-07 18:43:48,49000.0,QRIS,COMPLETED
TRX-KLN-20260607-06386,2026-06-07 19:17:53,58000.0,CASH,COMPLETED
TRX-KLN-20260607-06387,2026-06-07 10:39:12,3000.0,CASH,COMPLETED
TRX-KLN-20260607-06388,2026-06-07 17:19:59,40500.0,CASH,COMPLETED
TRX-KLN-20260607-06389,2026-06-07 15:18:30,28000.0,CASH,COMPLETED
TRX-KLN-20260607-06390,2026-06-07 18:28:14,31200.0,TRANSFER,COMPLETED
TRX-KLN-20260607-06391,2026-06-07 18:59:00,72000.0,QRIS,COMPLETED
TRX-KLN-20260607-06392,2026-06-07 17:21:37,48000.0,QRIS,COMPLETED
TRX-KLN-20260607-06393,2026-06-07 08:30:11,41100.0,CASH,COMPLETED
TRX-KLN-20260607-06394,2026-06-07 12:03:07,28000.0,TRANSFER,COMPLETED
TRX-KLN-20260607-06395,2026-06-07 10:20:55,29000.0,CASH,COMPLETED
TRX-KLN-20260607-06396,2026-06-07 21:01:49,61000.0,QRIS,COMPLETED
TRX-KLN-20260607-06397,2026-06-07 18:23:06,6200.0,CASH,COMPLETED
TRX-KLN-20260607-06398,2026-06-07 15:19:41,21000.0,CASH,COMPLETED
TRX-KLN-20260607-06399,2026-06-07 17:29:36,6000.0,CASH,COMPLETED
TRX-KLN-20260607-06400,2026-06-07 17:58:52,124500.0,CASH,COMPLETED
TRX-KLN-20260607-06401,2026-06-07 12:17:55,17000.0,CASH,COMPLETED
TRX-KLN-20260608-06402,2026-06-08 13:44:18,16000.0,CASH,COMPLETED
TRX-KLN-20260608-06403,2026-06-08 17:56:37,38000.0,CASH,COMPLETED
TRX-KLN-20260608-06404,2026-06-08 11:48:40,7000.0,CASH,COMPLETED
TRX-KLN-20260608-06405,2026-06-08 08:42:09,66000.0,CASH,COMPLETED
TRX-KLN-20260608-06406,2026-06-08 11:37:05,7500.0,CASH,COMPLETED
TRX-KLN-20260608-06407,2026-06-08 09:26:32,20000.0,CASH,COMPLETED
TRX-KLN-20260608-06408,2026-06-08 10:23:13,17000.0,CASH,COMPLETED
TRX-KLN-20260608-06409,2026-06-08 19:38:55,39000.0,CASH,COMPLETED
TRX-KLN-20260608-06410,2026-06-08 18:10:05,60000.0,QRIS,COMPLETED
TRX-KLN-20260608-06411,2026-06-08 09:38:36,120000.0,TRANSFER,COMPLETED
TRX-KLN-20260608-06412,2026-06-08 07:07:33,149000.0,CASH,COMPLETED
TRX-KLN-20260608-06413,2026-06-08 09:47:24,107000.0,QRIS,COMPLETED
TRX-KLN-20260608-06414,2026-06-08 12:58:45,150500.0,EWALLET,COMPLETED
TRX-KLN-20260608-06415,2026-06-08 10:57:20,56000.0,CASH,COMPLETED
TRX-KLN-20260608-06416,2026-06-08 17:48:30,19000.0,EWALLET,COMPLETED
TRX-KLN-20260608-06417,2026-06-08 08:02:10,113000.0,CASH,COMPLETED
TRX-KLN-20260608-06418,2026-06-08 09:48:17,25000.0,QRIS,COMPLETED
TRX-KLN-20260609-06419,2026-06-09 07:38:23,101500.0,EWALLET,COMPLETED
TRX-KLN-20260609-06420,2026-06-09 07:45:45,42000.0,TRANSFER,COMPLETED
TRX-KLN-20260609-06421,2026-06-09 07:45:24,90000.0,CASH,COMPLETED
TRX-KLN-20260609-06422,2026-06-09 09:53:43,4000.0,CASH,COMPLETED
TRX-KLN-20260609-06423,2026-06-09 17:34:26,178000.0,CASH,COMPLETED
TRX-KLN-20260609-06424,2026-06-09 11:01:51,7000.0,CASH,COMPLETED
TRX-KLN-20260609-06425,2026-06-09 19:44:16,6000.0,CASH,COMPLETED
TRX-KLN-20260609-06426,2026-06-09 17:40:00,83500.0,CASH,COMPLETED
TRX-KLN-20260609-06427,2026-06-09 11:58:01,8500.0,QRIS,COMPLETED
TRX-KLN-20260609-06428,2026-06-09 11:14:04,34500.0,TRANSFER,COMPLETED
TRX-KLN-20260609-06429,2026-06-09 18:58:34,100500.0,CASH,COMPLETED
TRX-KLN-20260609-06430,2026-06-09 17:24:09,22000.0,QRIS,COMPLETED
TRX-KLN-20260609-06431,2026-06-09 18:11:59,16000.0,EWALLET,COMPLETED
TRX-KLN-20260609-06432,2026-06-09 09:53:02,21000.0,TRANSFER,COMPLETED
TRX-KLN-20260609-06433,2026-06-09 19:31:15,63500.0,CASH,COMPLETED
TRX-KLN-20260609-06434,2026-06-09 13:16:19,38000.0,QRIS,COMPLETED
TRX-KLN-20260609-06435,2026-06-09 17:45:04,111200.0,CASH,COMPLETED
TRX-KLN-20260609-06436,2026-06-09 12:42:13,25500.0,CASH,COMPLETED
TRX-KLN-20260609-06437,2026-06-09 19:01:07,127000.0,CASH,COMPLETED
TRX-KLN-20260609-06438,2026-06-09 17:54:35,16000.0,CASH,COMPLETED
TRX-KLN-20260609-06439,2026-06-09 17:13:30,9300.0,QRIS,COMPLETED
TRX-KLN-20260610-06440,2026-06-10 18:30:07,120000.0,QRIS,COMPLETED
TRX-KLN-20260610-06441,2026-06-10 11:03:54,55500.0,QRIS,COMPLETED
TRX-KLN-20260610-06442,2026-06-10 19:54:30,24500.0,QRIS,COMPLETED
TRX-KLN-20260610-06443,2026-06-10 16:40:12,111000.0,CASH,COMPLETED
TRX-KLN-20260610-06444,2026-06-10 17:26:46,40000.0,CASH,COMPLETED
TRX-KLN-20260610-06445,2026-06-10 10:33:34,17500.0,CASH,COMPLETED
TRX-KLN-20260610-06446,2026-06-10 09:38:45,40000.0,CASH,COMPLETED
TRX-KLN-20260610-06447,2026-06-10 16:23:29,32000.0,CASH,COMPLETED
TRX-KLN-20260610-06448,2026-06-10 09:46:25,4500.0,CASH,COMPLETED
TRX-KLN-20260610-06449,2026-06-10 10:20:32,20000.0,CASH,COMPLETED
TRX-KLN-20260610-06450,2026-06-10 10:02:56,28000.0,CASH,COMPLETED
TRX-KLN-20260610-06451,2026-06-10 19:45:42,4000.0,CASH,COMPLETED
TRX-KLN-20260610-06452,2026-06-10 16:32:16,14000.0,CASH,COMPLETED
TRX-KLN-20260610-06453,2026-06-10 11:37:07,32000.0,QRIS,COMPLETED
TRX-KLN-20260610-06454,2026-06-10 17:50:28,33000.0,CASH,COMPLETED
TRX-KLN-20260610-06455,2026-06-10 14:06:29,57000.0,CASH,COMPLETED
TRX-KLN-20260611-06456,2026-06-11 16:23:00,17000.0,EWALLET,COMPLETED
TRX-KLN-20260611-06457,2026-06-11 21:38:08,114000.0,CASH,COMPLETED
TRX-KLN-20260611-06458,2026-06-11 14:18:06,6000.0,CASH,COMPLETED
TRX-KLN-20260611-06459,2026-06-11 16:46:13,12400.0,CASH,COMPLETED
TRX-KLN-20260611-06460,2026-06-11 08:39:17,19000.0,TRANSFER,COMPLETED
TRX-KLN-20260611-06461,2026-06-11 10:16:39,66000.0,CASH,COMPLETED
TRX-KLN-20260611-06462,2026-06-11 11:17:54,47700.0,QRIS,COMPLETED
TRX-KLN-20260611-06463,2026-06-11 16:15:03,30000.0,CASH,COMPLETED
TRX-KLN-20260611-06464,2026-06-11 17:48:04,15000.0,CASH,COMPLETED
TRX-KLN-20260611-06465,2026-06-11 10:05:43,6000.0,CASH,COMPLETED
TRX-KLN-20260611-06466,2026-06-11 18:48:35,11000.0,CASH,COMPLETED
TRX-KLN-20260611-06467,2026-06-11 15:17:33,34300.0,TRANSFER,COMPLETED
TRX-KLN-20260611-06468,2026-06-11 10:12:29,1500.0,CASH,COMPLETED
TRX-KLN-20260611-06469,2026-06-11 09:41:55,68000.0,QRIS,COMPLETED
TRX-KLN-20260611-06470,2026-06-11 07:58:57,8000.0,CASH,COMPLETED
TRX-KLN-20260611-06471,2026-06-11 16:58:08,161500.0,CASH,COMPLETED
TRX-KLN-20260611-06472,2026-06-11 10:59:15,27000.0,QRIS,COMPLETED
TRX-KLN-20260611-06473,2026-06-11 09:20:22,16000.0,QRIS,COMPLETED
TRX-KLN-20260611-06474,2026-06-11 11:35:19,101000.0,QRIS,COMPLETED
TRX-KLN-20260612-06475,2026-06-12 10:17:55,8000.0,QRIS,COMPLETED
TRX-KLN-20260612-06476,2026-06-12 17:10:29,16500.0,QRIS,COMPLETED
TRX-KLN-20260612-06477,2026-06-12 17:02:26,19000.0,CASH,COMPLETED
TRX-KLN-20260612-06478,2026-06-12 16:50:43,46000.0,CASH,COMPLETED
TRX-KLN-20260612-06479,2026-06-12 10:08:42,48000.0,CASH,COMPLETED
TRX-KLN-20260612-06480,2026-06-12 17:09:44,69000.0,CASH,COMPLETED
TRX-KLN-20260612-06481,2026-06-12 12:05:50,9000.0,CASH,COMPLETED
TRX-KLN-20260612-06482,2026-06-12 14:39:06,44500.0,TRANSFER,COMPLETED
TRX-KLN-20260612-06483,2026-06-12 20:43:44,16500.0,CASH,COMPLETED
TRX-KLN-20260612-06484,2026-06-12 11:44:47,106600.0,QRIS,COMPLETED
TRX-KLN-20260612-06485,2026-06-12 19:35:29,25000.0,CASH,COMPLETED
TRX-KLN-20260612-06486,2026-06-12 17:27:37,27500.0,CASH,COMPLETED
TRX-KLN-20260612-06487,2026-06-12 08:19:24,18000.0,CASH,COMPLETED
TRX-KLN-20260612-06488,2026-06-12 09:13:09,9500.0,CASH,COMPLETED
TRX-KLN-20260612-06489,2026-06-12 20:31:26,60000.0,CASH,COMPLETED
TRX-KLN-20260612-06490,2026-06-12 20:48:41,103500.0,EWALLET,COMPLETED
TRX-KLN-20260612-06491,2026-06-12 09:54:08,51000.0,EWALLET,COMPLETED
TRX-KLN-20260612-06492,2026-06-12 12:48:59,34500.0,CASH,COMPLETED
TRX-KLN-20260613-06493,2026-06-13 15:42:31,9300.0,QRIS,COMPLETED
TRX-KLN-20260613-06494,2026-06-13 17:56:57,19000.0,CASH,COMPLETED
TRX-KLN-20260613-06495,2026-06-13 15:28:11,12400.0,QRIS,COMPLETED
TRX-KLN-20260613-06496,2026-06-13 12:13:27,12400.0,QRIS,COMPLETED
TRX-KLN-20260613-06497,2026-06-13 19:14:50,12500.0,QRIS,COMPLETED
TRX-KLN-20260613-06498,2026-06-13 09:59:45,84000.0,QRIS,COMPLETED
TRX-KLN-20260613-06499,2026-06-13 18:46:19,8000.0,CASH,COMPLETED
TRX-KLN-20260613-06500,2026-06-13 08:39:17,9500.0,QRIS,COMPLETED
TRX-KLN-20260613-06501,2026-06-13 18:45:35,148500.0,QRIS,COMPLETED
TRX-KLN-20260613-06502,2026-06-13 20:34:43,39000.0,CASH,COMPLETED
TRX-KLN-20260613-06503,2026-06-13 09:58:03,152000.0,CASH,COMPLETED
TRX-KLN-20260613-06504,2026-06-13 13:15:46,17000.0,CASH,COMPLETED
TRX-KLN-20260613-06505,2026-06-13 10:00:36,13000.0,QRIS,COMPLETED
TRX-KLN-20260613-06506,2026-06-13 16:10:52,12500.0,CASH,COMPLETED
TRX-KLN-20260613-06507,2026-06-13 19:30:28,33500.0,CASH,COMPLETED
TRX-KLN-20260613-06508,2026-06-13 18:10:46,37000.0,CASH,COMPLETED
TRX-KLN-20260613-06509,2026-06-13 18:58:44,28000.0,QRIS,COMPLETED
TRX-KLN-20260613-06510,2026-06-13 10:06:38,106500.0,CASH,COMPLETED
TRX-KLN-20260614-06511,2026-06-14 16:27:16,15000.0,CASH,COMPLETED
TRX-KLN-20260614-06512,2026-06-14 18:39:00,8500.0,QRIS,COMPLETED
TRX-KLN-20260614-06513,2026-06-14 10:56:09,37300.0,TRANSFER,COMPLETED
TRX-KLN-20260614-06514,2026-06-14 17:19:04,32000.0,CASH,COMPLETED
TRX-KLN-20260614-06515,2026-06-14 07:31:00,22000.0,CASH,COMPLETED
TRX-KLN-20260614-06516,2026-06-14 20:26:06,210500.0,QRIS,COMPLETED
TRX-KLN-20260614-06517,2026-06-14 10:12:24,7000.0,CASH,COMPLETED
TRX-KLN-20260614-06518,2026-06-14 08:21:52,4000.0,CASH,COMPLETED
TRX-KLN-20260614-06519,2026-06-14 15:37:02,16500.0,CASH,COMPLETED
TRX-KLN-20260614-06520,2026-06-14 14:48:13,9500.0,QRIS,COMPLETED
TRX-KLN-20260614-06521,2026-06-14 14:30:32,6000.0,CASH,COMPLETED
TRX-KLN-20260614-06522,2026-06-14 18:08:29,11000.0,CASH,COMPLETED
TRX-KLN-20260614-06523,2026-06-14 13:45:24,25000.0,CASH,COMPLETED
TRX-KLN-20260614-06524,2026-06-14 18:53:38,144000.0,CASH,COMPLETED
TRX-KLN-20260614-06525,2026-06-14 18:11:10,7000.0,CASH,COMPLETED
TRX-KLN-20260614-06526,2026-06-14 14:37:43,48000.0,CASH,COMPLETED
TRX-KLN-20260615-06527,2026-06-15 13:53:47,20000.0,CASH,COMPLETED
TRX-KLN-20260615-06528,2026-06-15 18:01:42,18000.0,TRANSFER,COMPLETED
TRX-KLN-20260615-06529,2026-06-15 20:59:09,43500.0,CASH,COMPLETED
TRX-KLN-20260615-06530,2026-06-15 19:43:57,12400.0,CASH,COMPLETED
TRX-KLN-20260615-06531,2026-06-15 09:06:27,29000.0,CASH,COMPLETED
TRX-KLN-20260615-06532,2026-06-15 18:56:33,51000.0,CASH,COMPLETED
TRX-KLN-20260615-06533,2026-06-15 10:19:22,8500.0,CASH,COMPLETED
TRX-KLN-20260615-06534,2026-06-15 12:11:25,55000.0,CASH,COMPLETED
TRX-KLN-20260615-06535,2026-06-15 16:59:57,51000.0,TRANSFER,COMPLETED
TRX-KLN-20260615-06536,2026-06-15 17:02:39,14000.0,CASH,COMPLETED
TRX-KLN-20260615-06537,2026-06-15 08:50:24,34500.0,QRIS,COMPLETED
TRX-KLN-20260615-06538,2026-06-15 16:34:41,30000.0,CASH,COMPLETED
TRX-KLN-20260615-06539,2026-06-15 19:12:59,62000.0,CASH,COMPLETED
TRX-KLN-20260615-06540,2026-06-15 10:28:04,4000.0,CASH,COMPLETED
TRX-KLN-20260615-06541,2026-06-15 18:07:53,37500.0,QRIS,COMPLETED
TRX-KLN-20260615-06542,2026-06-15 15:41:29,31000.0,CASH,COMPLETED
TRX-KLN-20260615-06543,2026-06-15 17:32:04,6100.0,QRIS,COMPLETED
TRX-KLN-20260615-06544,2026-06-15 13:17:23,72000.0,CASH,COMPLETED
TRX-KLN-20260615-06545,2026-06-15 14:31:44,38000.0,CASH,COMPLETED
TRX-KLN-20260615-06546,2026-06-15 20:10:05,16000.0,QRIS,COMPLETED
TRX-KLN-20260615-06547,2026-06-15 19:04:32,32000.0,CASH,COMPLETED
TRX-KLN-20260616-06548,2026-06-16 18:31:57,72500.0,TRANSFER,COMPLETED
TRX-KLN-20260616-06549,2026-06-16 19:45:35,32000.0,CASH,COMPLETED
TRX-KLN-20260616-06550,2026-06-16 16:58:47,20000.0,CASH,COMPLETED
TRX-KLN-20260616-06551,2026-06-16 19:15:11,24500.0,CASH,COMPLETED
TRX-KLN-20260616-06552,2026-06-16 14:59:43,19000.0,CASH,COMPLETED
TRX-KLN-20260616-06553,2026-06-16 14:03:07,7000.0,CASH,COMPLETED
TRX-KLN-20260616-06554,2026-06-16 12:55:02,57500.0,CASH,COMPLETED
TRX-KLN-20260616-06555,2026-06-16 18:46:39,46000.0,CASH,COMPLETED
TRX-KLN-20260616-06556,2026-06-16 17:49:23,29000.0,CASH,COMPLETED
TRX-KLN-20260616-06557,2026-06-16 16:04:01,19000.0,CASH,COMPLETED
TRX-KLN-20260616-06558,2026-06-16 19:20:38,65000.0,CASH,COMPLETED
TRX-KLN-20260616-06559,2026-06-16 18:13:14,34000.0,QRIS,COMPLETED
TRX-KLN-20260617-06560,2026-06-17 07:33:14,40000.0,CASH,COMPLETED
TRX-KLN-20260617-06561,2026-06-17 18:59:39,67000.0,CASH,COMPLETED
TRX-KLN-20260617-06562,2026-06-17 18:13:10,15000.0,CASH,COMPLETED
TRX-KLN-20260617-06563,2026-06-17 16:05:17,30500.0,CASH,COMPLETED
TRX-KLN-20260617-06564,2026-06-17 07:47:32,9500.0,CASH,COMPLETED
TRX-KLN-20260617-06565,2026-06-17 07:16:51,46000.0,QRIS,COMPLETED
TRX-KLN-20260617-06566,2026-06-17 12:59:02,59000.0,CASH,COMPLETED
TRX-KLN-20260617-06567,2026-06-17 09:18:51,22000.0,CASH,COMPLETED
TRX-KLN-20260617-06568,2026-06-17 11:55:21,139000.0,QRIS,COMPLETED
TRX-KLN-20260617-06569,2026-06-17 09:35:08,67000.0,EWALLET,COMPLETED
TRX-KLN-20260617-06570,2026-06-17 17:29:15,136000.0,CASH,COMPLETED
TRX-KLN-20260617-06571,2026-06-17 16:10:34,9000.0,CASH,COMPLETED
TRX-KLN-20260617-06572,2026-06-17 21:08:56,76500.0,CASH,COMPLETED
TRX-KLN-20260618-06573,2026-06-18 15:06:06,12000.0,TRANSFER,COMPLETED
TRX-KLN-20260618-06574,2026-06-18 14:37:19,32000.0,CASH,COMPLETED
TRX-KLN-20260618-06575,2026-06-18 19:17:05,12000.0,CASH,COMPLETED
TRX-KLN-20260618-06576,2026-06-18 11:59:04,120000.0,CASH,COMPLETED
TRX-KLN-20260618-06577,2026-06-18 16:45:53,23500.0,CASH,COMPLETED
TRX-KLN-20260618-06578,2026-06-18 16:54:10,46000.0,CASH,COMPLETED
TRX-KLN-20260618-06579,2026-06-18 13:29:02,41000.0,QRIS,COMPLETED
TRX-KLN-20260618-06580,2026-06-18 19:12:41,9000.0,CASH,COMPLETED
TRX-KLN-20260618-06581,2026-06-18 14:09:31,84000.0,CASH,COMPLETED
TRX-KLN-20260618-06582,2026-06-18 18:04:51,35500.0,CASH,COMPLETED
TRX-KLN-20260618-06583,2026-06-18 11:41:50,9300.0,CASH,COMPLETED
TRX-KLN-20260618-06584,2026-06-18 17:44:42,120000.0,QRIS,COMPLETED
TRX-KLN-20260618-06585,2026-06-18 20:33:04,22500.0,TRANSFER,COMPLETED
TRX-KLN-20260618-06586,2026-06-18 08:32:36,38200.0,CASH,COMPLETED
TRX-KLN-20260618-06587,2026-06-18 16:43:24,16000.0,QRIS,COMPLETED
TRX-KLN-20260618-06588,2026-06-18 10:58:49,25500.0,CASH,COMPLETED
TRX-KLN-20260618-06589,2026-06-18 19:46:33,64000.0,CASH,COMPLETED
TRX-KLN-20260618-06590,2026-06-18 09:43:14,51000.0,CASH,COMPLETED
TRX-KLN-20260618-06591,2026-06-18 18:40:38,23500.0,CASH,COMPLETED
TRX-KLN-20260618-06592,2026-06-18 17:38:03,48000.0,TRANSFER,COMPLETED
TRX-KLN-20260618-06593,2026-06-18 12:55:08,8000.0,CASH,COMPLETED
TRX-KLN-20260619-06594,2026-06-19 15:19:21,3000.0,QRIS,COMPLETED
TRX-KLN-20260619-06595,2026-06-19 14:49:53,51300.0,EWALLET,COMPLETED
TRX-KLN-20260619-06596,2026-06-19 18:08:13,148000.0,CASH,COMPLETED
TRX-KLN-20260619-06597,2026-06-19 11:43:45,50000.0,CASH,COMPLETED
TRX-KLN-20260619-06598,2026-06-19 18:57:53,74000.0,CASH,COMPLETED
TRX-KLN-20260619-06599,2026-06-19 21:49:37,42000.0,TRANSFER,COMPLETED
TRX-KLN-20260619-06600,2026-06-19 21:35:29,8000.0,EWALLET,COMPLETED
TRX-KLN-20260619-06601,2026-06-19 12:01:02,87000.0,CASH,COMPLETED
TRX-KLN-20260619-06602,2026-06-19 21:37:51,50000.0,CASH,COMPLETED
TRX-KLN-20260619-06603,2026-06-19 09:04:54,12000.0,CASH,COMPLETED
TRX-KLN-20260619-06604,2026-06-19 11:05:45,54000.0,QRIS,COMPLETED
TRX-KLN-20260619-06605,2026-06-19 14:22:55,120000.0,CASH,COMPLETED
TRX-KLN-20260619-06606,2026-06-19 19:42:40,100500.0,CASH,COMPLETED
TRX-KLN-20260619-06607,2026-06-19 12:42:55,7000.0,CASH,COMPLETED
TRX-KLN-20260619-06608,2026-06-19 13:21:26,7000.0,TRANSFER,COMPLETED
TRX-KLN-20260620-06609,2026-06-20 19:34:11,14000.0,QRIS,COMPLETED
TRX-KLN-20260620-06610,2026-06-20 09:04:17,68000.0,CASH,COMPLETED
TRX-KLN-20260620-06611,2026-06-20 14:37:11,9500.0,QRIS,COMPLETED
TRX-KLN-20260620-06612,2026-06-20 09:26:22,21000.0,CASH,COMPLETED
TRX-KLN-20260620-06613,2026-06-20 18:01:52,37500.0,CASH,COMPLETED
TRX-KLN-20260620-06614,2026-06-20 17:58:47,63000.0,QRIS,COMPLETED
TRX-KLN-20260620-06615,2026-06-20 12:48:14,36000.0,QRIS,COMPLETED
TRX-KLN-20260620-06616,2026-06-20 12:19:50,151500.0,CASH,COMPLETED
TRX-KLN-20260620-06617,2026-06-20 08:11:43,16000.0,CASH,COMPLETED
TRX-KLN-20260620-06618,2026-06-20 10:04:39,60000.0,EWALLET,COMPLETED
TRX-KLN-20260620-06619,2026-06-20 18:24:43,9300.0,CASH,COMPLETED
TRX-KLN-20260620-06620,2026-06-20 17:08:30,127000.0,CASH,COMPLETED
TRX-KLN-20260620-06621,2026-06-20 07:07:30,79500.0,CASH,COMPLETED
TRX-KLN-20260620-06622,2026-06-20 21:52:51,8500.0,CASH,COMPLETED
TRX-KLN-20260620-06623,2026-06-20 18:10:43,21000.0,CASH,COMPLETED
TRX-KLN-20260620-06624,2026-06-20 10:25:50,28000.0,QRIS,COMPLETED
TRX-KLN-20260620-06625,2026-06-20 09:05:40,8500.0,EWALLET,COMPLETED
TRX-KLN-20260620-06626,2026-06-20 09:10:08,46500.0,CASH,COMPLETED
TRX-KLN-20260620-06627,2026-06-20 14:02:39,68000.0,QRIS,COMPLETED
TRX-KLN-20260620-06628,2026-06-20 09:41:41,76000.0,CASH,COMPLETED
TRX-KLN-20260621-06629,2026-06-21 08:12:25,107500.0,CASH,COMPLETED
TRX-KLN-20260621-06630,2026-06-21 18:03:25,16500.0,QRIS,COMPLETED
TRX-KLN-20260621-06631,2026-06-21 15:40:30,29000.0,EWALLET,COMPLETED
TRX-KLN-20260621-06632,2026-06-21 11:14:34,160500.0,CASH,COMPLETED
TRX-KLN-20260621-06633,2026-06-21 10:32:54,33000.0,EWALLET,COMPLETED
TRX-KLN-20260621-06634,2026-06-21 08:29:08,32000.0,TRANSFER,COMPLETED
TRX-KLN-20260621-06635,2026-06-21 10:08:50,159000.0,CASH,COMPLETED
TRX-KLN-20260621-06636,2026-06-21 16:10:58,6000.0,CASH,COMPLETED
TRX-KLN-20260621-06637,2026-06-21 14:03:26,35000.0,TRANSFER,COMPLETED
TRX-KLN-20260621-06638,2026-06-21 18:32:56,34500.0,TRANSFER,COMPLETED
TRX-KLN-20260621-06639,2026-06-21 08:00:03,80000.0,CASH,COMPLETED
TRX-KLN-20260621-06640,2026-06-21 08:04:01,84500.0,CASH,COMPLETED
TRX-KLN-20260621-06641,2026-06-21 10:19:20,19000.0,EWALLET,COMPLETED
TRX-KLN-20260621-06642,2026-06-21 07:25:29,135500.0,CASH,COMPLETED
TRX-KLN-20260621-06643,2026-06-21 20:23:59,63000.0,CASH,COMPLETED
TRX-KLN-20260621-06644,2026-06-21 10:24:15,32000.0,CASH,COMPLETED
TRX-KLN-20260621-06645,2026-06-21 12:31:16,37000.0,QRIS,COMPLETED
TRX-KLN-20260621-06646,2026-06-21 21:15:02,14000.0,CASH,COMPLETED
TRX-KLN-20260622-06647,2026-06-22 09:42:11,58000.0,QRIS,COMPLETED
TRX-KLN-20260622-06648,2026-06-22 18:52:18,76000.0,QRIS,COMPLETED
TRX-KLN-20260622-06649,2026-06-22 12:56:35,9500.0,QRIS,COMPLETED
TRX-KLN-20260622-06650,2026-06-22 16:37:44,60000.0,CASH,COMPLETED
TRX-KLN-20260622-06651,2026-06-22 17:32:53,29000.0,QRIS,COMPLETED
TRX-KLN-20260622-06652,2026-06-22 18:24:58,31000.0,CASH,COMPLETED
TRX-KLN-20260622-06653,2026-06-22 13:11:15,14000.0,QRIS,COMPLETED
TRX-KLN-20260622-06654,2026-06-22 17:49:04,23000.0,CASH,COMPLETED
TRX-KLN-20260622-06655,2026-06-22 13:31:43,7000.0,TRANSFER,COMPLETED
TRX-KLN-20260622-06656,2026-06-22 09:12:55,18500.0,CASH,COMPLETED
TRX-KLN-20260622-06657,2026-06-22 18:17:30,75000.0,CASH,COMPLETED
TRX-KLN-20260622-06658,2026-06-22 21:23:48,67000.0,QRIS,COMPLETED
TRX-KLN-20260622-06659,2026-06-22 15:30:32,4000.0,CASH,COMPLETED
TRX-KLN-20260622-06660,2026-06-22 15:24:34,30500.0,CASH,COMPLETED
TRX-KLN-20260623-06661,2026-06-23 12:23:20,11000.0,TRANSFER,COMPLETED
TRX-KLN-20260623-06662,2026-06-23 12:53:54,5500.0,CASH,COMPLETED
TRX-KLN-20260623-06663,2026-06-23 13:06:43,47500.0,CASH,COMPLETED
TRX-KLN-20260623-06664,2026-06-23 07:09:37,307500.0,QRIS,COMPLETED
TRX-KLN-20260623-06665,2026-06-23 14:50:33,28000.0,CASH,COMPLETED
TRX-KLN-20260623-06666,2026-06-23 20:11:18,119500.0,QRIS,COMPLETED
TRX-KLN-20260623-06667,2026-06-23 08:25:51,4000.0,CASH,COMPLETED
TRX-KLN-20260623-06668,2026-06-23 17:57:27,28500.0,CASH,COMPLETED
TRX-KLN-20260623-06669,2026-06-23 16:41:08,28000.0,EWALLET,COMPLETED
TRX-KLN-20260623-06670,2026-06-23 19:25:17,58500.0,EWALLET,COMPLETED
TRX-KLN-20260623-06671,2026-06-23 12:17:45,12400.0,QRIS,COMPLETED
TRX-KLN-20260623-06672,2026-06-23 13:03:01,51000.0,CASH,COMPLETED
TRX-KLN-20260624-06673,2026-06-24 13:51:55,17000.0,CASH,COMPLETED
TRX-KLN-20260624-06674,2026-06-24 18:34:16,44400.0,TRANSFER,COMPLETED
TRX-KLN-20260624-06675,2026-06-24 08:03:36,46000.0,CASH,COMPLETED
TRX-KLN-20260624-06676,2026-06-24 17:45:06,53500.0,CASH,COMPLETED
TRX-KLN-20260624-06677,2026-06-24 12:34:15,42000.0,TRANSFER,COMPLETED
TRX-KLN-20260624-06678,2026-06-24 17:43:53,93500.0,CASH,COMPLETED
TRX-KLN-20260624-06679,2026-06-24 19:17:04,16000.0,QRIS,COMPLETED
TRX-KLN-20260624-06680,2026-06-24 08:35:59,18000.0,QRIS,COMPLETED
TRX-KLN-20260624-06681,2026-06-24 19:09:25,38000.0,EWALLET,COMPLETED
TRX-KLN-20260624-06682,2026-06-24 08:12:20,29000.0,CASH,COMPLETED
TRX-KLN-20260624-06683,2026-06-24 12:37:17,76500.0,CASH,COMPLETED
TRX-KLN-20260624-06684,2026-06-24 13:46:10,1500.0,QRIS,COMPLETED
TRX-KLN-20260624-06685,2026-06-24 18:50:35,49000.0,QRIS,COMPLETED
TRX-KLN-20260624-06686,2026-06-24 08:41:03,74000.0,CASH,COMPLETED
TRX-KLN-20260624-06687,2026-06-24 18:18:42,34500.0,QRIS,COMPLETED
TRX-KLN-20260624-06688,2026-06-24 12:08:33,4000.0,QRIS,COMPLETED
TRX-KLN-20260624-06689,2026-06-24 16:10:25,40000.0,CASH,COMPLETED
TRX-KLN-20260624-06690,2026-06-24 17:10:30,42000.0,CASH,COMPLETED
TRX-KLN-20260624-06691,2026-06-24 16:18:07,7000.0,CASH,COMPLETED
TRX-KLN-20260624-06692,2026-06-24 20:44:03,19000.0,CASH,COMPLETED
TRX-KLN-20260625-06693,2026-06-25 11:49:52,55500.0,EWALLET,COMPLETED
TRX-KLN-20260625-06694,2026-06-25 10:53:10,8000.0,QRIS,COMPLETED
TRX-KLN-20260625-06695,2026-06-25 09:09:01,70000.0,EWALLET,COMPLETED
TRX-KLN-20260625-06696,2026-06-25 09:58:33,34500.0,CASH,COMPLETED
TRX-KLN-20260625-06697,2026-06-25 15:45:39,88500.0,QRIS,COMPLETED
TRX-KLN-20260625-06698,2026-06-25 10:01:33,28000.0,CASH,COMPLETED
TRX-KLN-20260625-06699,2026-06-25 17:50:06,3000.0,CASH,COMPLETED
TRX-KLN-20260625-06700,2026-06-25 08:05:13,74000.0,QRIS,COMPLETED
TRX-KLN-20260625-06701,2026-06-25 15:25:51,4000.0,CASH,COMPLETED
TRX-KLN-20260625-06702,2026-06-25 19:51:51,9500.0,CASH,COMPLETED
TRX-KLN-20260625-06703,2026-06-25 08:08:20,186500.0,CASH,COMPLETED
TRX-KLN-20260625-06704,2026-06-25 13:26:15,11000.0,EWALLET,COMPLETED
TRX-KLN-20260625-06705,2026-06-25 15:41:28,90000.0,EWALLET,COMPLETED
TRX-KLN-20260625-06706,2026-06-25 19:50:21,50000.0,CASH,COMPLETED
TRX-KLN-20260625-06707,2026-06-25 17:45:10,89000.0,CASH,COMPLETED
TRX-KLN-20260626-06708,2026-06-26 20:07:25,8000.0,CASH,COMPLETED
TRX-KLN-20260626-06709,2026-06-26 13:56:46,69000.0,CASH,COMPLETED
TRX-KLN-20260626-06710,2026-06-26 11:23:40,76500.0,CASH,COMPLETED
TRX-KLN-20260626-06711,2026-06-26 17:54:55,72000.0,CASH,COMPLETED
TRX-KLN-20260626-06712,2026-06-26 15:37:01,178000.0,QRIS,COMPLETED
TRX-KLN-20260626-06713,2026-06-26 18:36:03,63000.0,CASH,COMPLETED
TRX-KLN-20260626-06714,2026-06-26 16:08:56,46300.0,CASH,COMPLETED
TRX-KLN-20260626-06715,2026-06-26 18:23:33,8000.0,QRIS,COMPLETED
TRX-KLN-20260626-06716,2026-06-26 11:46:30,113000.0,QRIS,COMPLETED
TRX-KLN-20260626-06717,2026-06-26 19:54:07,87500.0,CASH,COMPLETED
TRX-KLN-20260626-06718,2026-06-26 11:05:31,12000.0,CASH,COMPLETED
TRX-KLN-20260626-06719,2026-06-26 07:52:41,27500.0,CASH,COMPLETED
TRX-KLN-20260626-06720,2026-06-26 13:41:20,9500.0,TRANSFER,COMPLETED
TRX-KLN-20260626-06721,2026-06-26 10:26:25,120000.0,TRANSFER,COMPLETED
TRX-KLN-20260626-06722,2026-06-26 17:31:15,25000.0,CASH,COMPLETED
TRX-KLN-20260626-06723,2026-06-26 12:59:33,9500.0,CASH,COMPLETED
TRX-KLN-20260626-06724,2026-06-26 13:00:48,4000.0,CASH,COMPLETED
TRX-KLN-20260626-06725,2026-06-26 21:19:37,84000.0,CASH,COMPLETED
TRX-KLN-20260627-06726,2026-06-27 10:36:50,76000.0,QRIS,COMPLETED
TRX-KLN-20260627-06727,2026-06-27 09:13:04,74500.0,QRIS,COMPLETED
TRX-KLN-20260627-06728,2026-06-27 13:41:18,38000.0,CASH,COMPLETED
TRX-KLN-20260627-06729,2026-06-27 09:01:55,60500.0,CASH,COMPLETED
TRX-KLN-20260627-06730,2026-06-27 07:43:18,20000.0,CASH,COMPLETED
TRX-KLN-20260627-06731,2026-06-27 13:33:56,80000.0,CASH,COMPLETED
TRX-KLN-20260627-06732,2026-06-27 17:58:54,35000.0,CASH,COMPLETED
TRX-KLN-20260627-06733,2026-06-27 14:13:30,21000.0,EWALLET,COMPLETED
TRX-KLN-20260627-06734,2026-06-27 10:26:29,32000.0,QRIS,COMPLETED
TRX-KLN-20260627-06735,2026-06-27 08:57:17,111000.0,EWALLET,COMPLETED
TRX-KLN-20260627-06736,2026-06-27 17:29:55,103500.0,QRIS,COMPLETED
TRX-KLN-20260627-06737,2026-06-27 17:43:09,38000.0,CASH,COMPLETED
TRX-KLN-20260627-06738,2026-06-27 17:08:33,20000.0,QRIS,COMPLETED
TRX-KLN-20260627-06739,2026-06-27 16:02:15,97000.0,CASH,COMPLETED
TRX-KLN-20260627-06740,2026-06-27 17:30:57,60000.0,QRIS,COMPLETED
TRX-KLN-20260627-06741,2026-06-27 11:20:48,9500.0,CASH,COMPLETED
TRX-KLN-20260627-06742,2026-06-27 18:19:22,28000.0,CASH,COMPLETED
TRX-KLN-20260627-06743,2026-06-27 19:23:45,57000.0,CASH,COMPLETED
TRX-KLN-20260627-06744,2026-06-27 18:25:35,31000.0,QRIS,COMPLETED
TRX-KLN-20260627-06745,2026-06-27 15:03:29,42000.0,CASH,COMPLETED
TRX-KLN-20260627-06746,2026-06-27 17:17:06,3000.0,CASH,COMPLETED
TRX-KLN-20260627-06747,2026-06-27 10:38:37,6200.0,CASH,COMPLETED
TRX-KLN-20260627-06748,2026-06-27 18:10:33,7000.0,CASH,COMPLETED
TRX-KLN-20260627-06749,2026-06-27 07:01:24,16000.0,CASH,COMPLETED
TRX-KLN-20260627-06750,2026-06-27 19:44:09,71000.0,CASH,COMPLETED
TRX-KLN-20260627-06751,2026-06-27 13:30:23,32000.0,CASH,COMPLETED
TRX-KLN-20260627-06752,2026-06-27 16:21:05,37500.0,CASH,COMPLETED
TRX-KLN-20260627-06753,2026-06-27 13:35:04,48000.0,CASH,COMPLETED
TRX-KLN-20260627-06754,2026-06-27 10:23:18,1500.0,CASH,COMPLETED
TRX-KLN-20260627-06755,2026-06-27 14:22:28,12000.0,CASH,COMPLETED
TRX-KLN-20260627-06756,2026-06-27 17:05:29,103500.0,EWALLET,COMPLETED
TRX-KLN-20260627-06757,2026-06-27 18:02:00,4500.0,QRIS,COMPLETED
TRX-KLN-20260627-06758,2026-06-27 14:22:28,38000.0,CASH,COMPLETED
TRX-KLN-20260628-06759,2026-06-28 18:27:17,44500.0,CASH,COMPLETED
TRX-KLN-20260628-06760,2026-06-28 11:32:42,51000.0,CASH,COMPLETED
TRX-KLN-20260628-06761,2026-06-28 18:18:43,56500.0,CASH,COMPLETED
TRX-KLN-20260628-06762,2026-06-28 08:14:44,7000.0,CASH,COMPLETED
TRX-KLN-20260628-06763,2026-06-28 17:16:28,32000.0,CASH,COMPLETED
TRX-KLN-20260628-06764,2026-06-28 21:31:35,29000.0,CASH,COMPLETED
TRX-KLN-20260628-06765,2026-06-28 16:24:50,58000.0,CASH,COMPLETED
TRX-KLN-20260628-06766,2026-06-28 16:54:01,7000.0,CASH,COMPLETED
TRX-KLN-20260628-06767,2026-06-28 16:06:17,60000.0,QRIS,COMPLETED
TRX-KLN-20260628-06768,2026-06-28 17:30:06,12000.0,TRANSFER,COMPLETED
TRX-KLN-20260628-06769,2026-06-28 16:31:23,12500.0,CASH,COMPLETED
TRX-KLN-20260628-06770,2026-06-28 09:39:33,57000.0,CASH,COMPLETED
TRX-KLN-20260628-06771,2026-06-28 17:09:49,33500.0,CASH,COMPLETED
TRX-KLN-20260628-06772,2026-06-28 20:57:20,20500.0,CASH,COMPLETED
TRX-KLN-20260628-06773,2026-06-28 07:09:16,12400.0,TRANSFER,COMPLETED
TRX-KLN-20260628-06774,2026-06-28 15:01:55,45000.0,EWALLET,COMPLETED
TRX-KLN-20260628-06775,2026-06-28 16:16:12,164500.0,CASH,COMPLETED
TRX-KLN-20260628-06776,2026-06-28 18:34:50,62000.0,CASH,COMPLETED
TRX-KLN-20260628-06777,2026-06-28 10:43:54,46500.0,CASH,COMPLETED
TRX-KLN-20260628-06778,2026-06-28 15:32:15,41000.0,QRIS,COMPLETED
TRX-KLN-20260628-06779,2026-06-28 11:44:26,70000.0,CASH,COMPLETED
TRX-KLN-20260628-06780,2026-06-28 10:40:08,94000.0,CASH,COMPLETED
TRX-KLN-20260629-06781,2026-06-29 10:31:39,9000.0,CASH,COMPLETED
TRX-KLN-20260629-06782,2026-06-29 12:37:20,12000.0,QRIS,COMPLETED
TRX-KLN-20260629-06783,2026-06-29 10:53:28,116000.0,QRIS,COMPLETED
TRX-KLN-20260629-06784,2026-06-29 16:02:50,9500.0,CASH,COMPLETED
TRX-KLN-20260629-06785,2026-06-29 17:55:04,102500.0,CASH,COMPLETED
TRX-KLN-20260629-06786,2026-06-29 20:30:18,57000.0,CASH,COMPLETED
TRX-KLN-20260629-06787,2026-06-29 12:43:24,17000.0,CASH,COMPLETED
TRX-KLN-20260629-06788,2026-06-29 15:49:55,37000.0,TRANSFER,COMPLETED
TRX-KLN-20260629-06789,2026-06-29 07:50:26,148000.0,CASH,COMPLETED
TRX-KLN-20260629-06790,2026-06-29 20:28:44,31000.0,CASH,COMPLETED
TRX-KLN-20260629-06791,2026-06-29 12:59:37,12400.0,CASH,COMPLETED
TRX-KLN-20260629-06792,2026-06-29 13:52:11,4000.0,CASH,COMPLETED
TRX-KLN-20260629-06793,2026-06-29 16:11:59,18000.0,EWALLET,COMPLETED
TRX-KLN-20260629-06794,2026-06-29 18:34:28,19000.0,TRANSFER,COMPLETED
TRX-KLN-20260629-06795,2026-06-29 12:15:52,87000.0,CASH,COMPLETED
TRX-KLN-20260629-06796,2026-06-29 18:42:11,11000.0,CASH,COMPLETED
TRX-KLN-20260629-06797,2026-06-29 10:34:17,69000.0,CASH,COMPLETED
TRX-KLN-20260629-06798,2026-06-29 18:12:56,12400.0,QRIS,COMPLETED
TRX-KLN-20260630-06799,2026-06-30 09:04:53,4000.0,CASH,COMPLETED
TRX-KLN-20260630-06800,2026-06-30 10:47:43,72500.0,CASH,COMPLETED
TRX-KLN-20260630-06801,2026-06-30 10:01:47,42000.0,CASH,COMPLETED
TRX-KLN-20260630-06802,2026-06-30 15:34:32,6200.0,CASH,COMPLETED
TRX-KLN-20260630-06803,2026-06-30 14:05:25,12500.0,CASH,COMPLETED
TRX-KLN-20260630-06804,2026-06-30 07:47:34,81400.0,QRIS,COMPLETED
TRX-KLN-20260630-06805,2026-06-30 20:36:45,103500.0,TRANSFER,COMPLETED
TRX-KLN-20260630-06806,2026-06-30 07:26:05,5500.0,EWALLET,COMPLETED
TRX-KLN-20260630-06807,2026-06-30 09:34:54,29000.0,CASH,COMPLETED
TRX-KLN-20260630-06808,2026-06-30 15:28:48,59000.0,TRANSFER,COMPLETED
TRX-KLN-20260630-06809,2026-06-30 17:37:42,16000.0,CASH,COMPLETED
TRX-KLN-20260630-06810,2026-06-30 07:23:37,181000.0,CASH,COMPLETED
TRX-KLN-20260630-06811,2026-06-30 07:49:50,148000.0,CASH,COMPLETED
TRX-KLN-20260630-06812,2026-06-30 15:45:02,25500.0,CASH,COMPLETED
TRX-KLN-20260630-06813,2026-06-30 11:35:47,28000.0,CASH,COMPLETED
TRX-KLN-20260630-06814,2026-06-30 18:53:07,32000.0,CASH,COMPLETED
TRX-KLN-20260630-06815,2026-06-30 10:32:46,9500.0,CASH,COMPLETED
TRX-KLN-20260630-06816,2026-06-30 08:00:34,136000.0,CASH,COMPLETED
TRX-KLN-20260630-06817,2026-06-30 17:56:28,171000.0,CASH,COMPLETED
TRX-KLN-20260630-06818,2026-06-30 17:34:47,161500.0,CASH,COMPLETED
TRX-KLN-20260630-06819,2026-06-30 18:25:44,25500.0,CASH,COMPLETED
TRX-KLN-20260630-06820,2026-06-30 20:09:17,17100.0,TRANSFER,COMPLETED
TRX-KLN-20260630-06821,2026-06-30 12:30:25,33000.0,CASH,COMPLETED
TRX-KLN-20260630-06822,2026-06-30 19:08:34,15000.0,CASH,COMPLETED
TRX-KLN-20260630-06823,2026-06-30 08:45:37,19000.0,CASH,COMPLETED
TRX-KLN-20260630-06824,2026-06-30 07:05:00,19000.0,CASH,COMPLETED
TRX-KLN-20260630-06825,2026-06-30 08:59:56,67000.0,CASH,COMPLETED
TRX-KLN-20260701-06826,2026-07-01 16:42:54,55500.0,EWALLET,COMPLETED
TRX-KLN-20260701-06827,2026-07-01 08:20:50,54000.0,QRIS,COMPLETED
TRX-KLN-20260701-06828,2026-07-01 11:22:31,26000.0,QRIS,COMPLETED
TRX-KLN-20260701-06829,2026-07-01 16:43:17,12000.0,CASH,COMPLETED
TRX-KLN-20260701-06830,2026-07-01 20:30:25,271000.0,CASH,COMPLETED
TRX-KLN-20260701-06831,2026-07-01 12:41:53,68000.0,CASH,COMPLETED
TRX-KLN-20260701-06832,2026-07-01 17:26:49,38700.0,TRANSFER,COMPLETED
TRX-KLN-20260701-06833,2026-07-01 17:40:10,16000.0,CASH,COMPLETED
TRX-KLN-20260701-06834,2026-07-01 10:34:02,14000.0,TRANSFER,COMPLETED
TRX-KLN-20260701-06835,2026-07-01 10:18:44,48000.0,QRIS,COMPLETED
TRX-KLN-20260701-06836,2026-07-01 21:35:29,12400.0,TRANSFER,COMPLETED
TRX-KLN-20260701-06837,2026-07-01 18:43:46,31000.0,CASH,COMPLETED
TRX-KLN-20260701-06838,2026-07-01 07:55:59,5500.0,QRIS,COMPLETED
TRX-KLN-20260701-06839,2026-07-01 12:17:36,15100.0,CASH,COMPLETED
TRX-KLN-20260701-06840,2026-07-01 07:43:36,1500.0,CASH,COMPLETED
TRX-KLN-20260702-06841,2026-07-02 14:57:25,12500.0,CASH,COMPLETED
TRX-KLN-20260702-06842,2026-07-02 18:45:22,6000.0,EWALLET,COMPLETED
TRX-KLN-20260702-06843,2026-07-02 09:23:36,74000.0,CASH,COMPLETED
TRX-KLN-20260702-06844,2026-07-02 18:39:34,39000.0,QRIS,COMPLETED
TRX-KLN-20260702-06845,2026-07-02 16:11:44,15000.0,QRIS,COMPLETED
TRX-KLN-20260702-06846,2026-07-02 09:45:27,29000.0,CASH,COMPLETED
TRX-KLN-20260702-06847,2026-07-02 18:15:11,25000.0,CASH,COMPLETED
TRX-KLN-20260702-06848,2026-07-02 11:06:53,9300.0,CASH,COMPLETED
TRX-KLN-20260702-06849,2026-07-02 12:28:19,12500.0,CASH,COMPLETED
TRX-KLN-20260702-06850,2026-07-02 07:39:27,54000.0,CASH,COMPLETED
TRX-KLN-20260702-06851,2026-07-02 20:45:08,17500.0,QRIS,COMPLETED
TRX-KLN-20260702-06852,2026-07-02 12:04:49,18200.0,QRIS,COMPLETED
TRX-KLN-20260702-06853,2026-07-02 16:19:55,14000.0,EWALLET,COMPLETED
TRX-KLN-20260702-06854,2026-07-02 10:58:46,32000.0,CASH,COMPLETED
TRX-KLN-20260702-06855,2026-07-02 17:25:17,17000.0,CASH,COMPLETED
TRX-KLN-20260702-06856,2026-07-02 12:33:52,26500.0,CASH,COMPLETED
TRX-KLN-20260702-06857,2026-07-02 20:54:40,8000.0,QRIS,COMPLETED
TRX-KLN-20260703-06858,2026-07-03 08:12:52,105000.0,QRIS,COMPLETED
TRX-KLN-20260703-06859,2026-07-03 08:20:09,78000.0,CASH,COMPLETED
TRX-KLN-20260703-06860,2026-07-03 17:11:29,92000.0,TRANSFER,COMPLETED
TRX-KLN-20260703-06861,2026-07-03 10:58:02,22300.0,CASH,COMPLETED
TRX-KLN-20260703-06862,2026-07-03 10:15:08,17000.0,CASH,COMPLETED
TRX-KLN-20260703-06863,2026-07-03 13:08:22,194000.0,CASH,COMPLETED
TRX-KLN-20260703-06864,2026-07-03 11:28:48,48200.0,CASH,COMPLETED
TRX-KLN-20260703-06865,2026-07-03 18:45:18,11000.0,CASH,COMPLETED
TRX-KLN-20260703-06866,2026-07-03 18:26:17,54000.0,CASH,COMPLETED
TRX-KLN-20260703-06867,2026-07-03 20:08:56,4500.0,CASH,COMPLETED
TRX-KLN-20260703-06868,2026-07-03 20:56:07,46000.0,CASH,COMPLETED
TRX-KLN-20260703-06869,2026-07-03 11:26:48,7000.0,EWALLET,COMPLETED
TRX-KLN-20260703-06870,2026-07-03 07:28:30,63100.0,CASH,COMPLETED
TRX-KLN-20260703-06871,2026-07-03 21:56:08,28600.0,QRIS,COMPLETED
TRX-KLN-20260703-06872,2026-07-03 12:42:10,26000.0,CASH,COMPLETED
TRX-KLN-20260703-06873,2026-07-03 15:48:23,60000.0,EWALLET,COMPLETED
TRX-KLN-20260703-06874,2026-07-03 15:56:04,6000.0,CASH,COMPLETED
TRX-KLN-20260704-06875,2026-07-04 12:12:34,23000.0,CASH,COMPLETED
TRX-KLN-20260704-06876,2026-07-04 19:52:03,1500.0,CASH,COMPLETED
TRX-KLN-20260704-06877,2026-07-04 12:18:47,85000.0,CASH,COMPLETED
TRX-KLN-20260704-06878,2026-07-04 08:00:37,12500.0,CASH,COMPLETED
TRX-KLN-20260704-06879,2026-07-04 07:20:02,88500.0,CASH,COMPLETED
TRX-KLN-20260704-06880,2026-07-04 17:26:52,77500.0,QRIS,COMPLETED
TRX-KLN-20260704-06881,2026-07-04 17:58:51,16000.0,CASH,COMPLETED
TRX-KLN-20260704-06882,2026-07-04 16:35:23,66000.0,CASH,COMPLETED
TRX-KLN-20260704-06883,2026-07-04 09:08:45,152000.0,TRANSFER,COMPLETED
TRX-KLN-20260704-06884,2026-07-04 09:38:05,38500.0,CASH,COMPLETED
TRX-KLN-20260704-06885,2026-07-04 19:45:49,81300.0,CASH,COMPLETED
TRX-KLN-20260704-06886,2026-07-04 16:52:04,120000.0,CASH,COMPLETED
TRX-KLN-20260704-06887,2026-07-04 12:53:53,33400.0,CASH,COMPLETED
TRX-KLN-20260704-06888,2026-07-04 15:45:55,7000.0,CASH,COMPLETED
TRX-KLN-20260704-06889,2026-07-04 12:56:54,77000.0,CASH,COMPLETED
TRX-KLN-20260704-06890,2026-07-04 18:05:23,14000.0,TRANSFER,COMPLETED
TRX-KLN-20260704-06891,2026-07-04 15:33:27,28100.0,CASH,COMPLETED
TRX-KLN-20260704-06892,2026-07-04 17:27:45,89500.0,CASH,COMPLETED
TRX-KLN-20260704-06893,2026-07-04 13:12:24,59500.0,EWALLET,COMPLETED
TRX-KLN-20260704-06894,2026-07-04 15:02:52,38000.0,QRIS,COMPLETED
TRX-KLN-20260704-06895,2026-07-04 10:43:19,19000.0,CASH,COMPLETED
TRX-KLN-20260704-06896,2026-07-04 10:38:06,65500.0,TRANSFER,COMPLETED
TRX-KLN-20260704-06897,2026-07-04 13:53:53,19500.0,CASH,COMPLETED
TRX-KLN-20260704-06898,2026-07-04 16:12:21,47000.0,QRIS,COMPLETED
TRX-KLN-20260704-06899,2026-07-04 17:33:48,65000.0,TRANSFER,COMPLETED
TRX-KLN-20260704-06900,2026-07-04 20:41:37,36000.0,CASH,COMPLETED
TRX-KLN-20260704-06901,2026-07-04 14:55:10,48100.0,CASH,COMPLETED
TRX-KLN-20260704-06902,2026-07-04 17:44:56,68000.0,CASH,COMPLETED
TRX-KLN-20260704-06903,2026-07-04 07:46:34,26500.0,CASH,COMPLETED
TRX-KLN-20260704-06904,2026-07-04 17:00:15,37000.0,CASH,COMPLETED
TRX-KLN-20260704-06905,2026-07-04 17:37:25,9000.0,CASH,COMPLETED
TRX-KLN-20260704-06906,2026-07-04 11:40:40,48200.0,QRIS,COMPLETED
TRX-KLN-20260705-06907,2026-07-05 16:25:46,38000.0,CASH,COMPLETED
TRX-KLN-20260705-06908,2026-07-05 09:06:32,11000.0,CASH,COMPLETED
TRX-KLN-20260705-06909,2026-07-05 15:37:17,38000.0,CASH,COMPLETED
TRX-KLN-20260705-06910,2026-07-05 10:36:52,14000.0,TRANSFER,COMPLETED
TRX-KLN-20260705-06911,2026-07-05 14:16:38,20500.0,QRIS,COMPLETED
TRX-KLN-20260705-06912,2026-07-05 08:20:47,85800.0,TRANSFER,COMPLETED
TRX-KLN-20260705-06913,2026-07-05 17:21:24,37500.0,QRIS,COMPLETED
TRX-KLN-20260705-06914,2026-07-05 19:40:06,56700.0,CASH,COMPLETED
TRX-KLN-20260705-06915,2026-07-05 12:12:28,67500.0,EWALLET,COMPLETED
TRX-KLN-20260705-06916,2026-07-05 15:28:00,41100.0,CASH,COMPLETED
TRX-KLN-20260705-06917,2026-07-05 21:53:23,14000.0,QRIS,COMPLETED
TRX-KLN-20260705-06918,2026-07-05 13:06:35,14000.0,TRANSFER,COMPLETED
TRX-KLN-20260705-06919,2026-07-05 10:15:28,7000.0,QRIS,COMPLETED
TRX-KLN-20260705-06920,2026-07-05 09:09:06,54000.0,CASH,COMPLETED
TRX-KLN-20260705-06921,2026-07-05 15:53:39,31500.0,CASH,COMPLETED
TRX-KLN-20260705-06922,2026-07-05 09:41:47,12000.0,QRIS,COMPLETED
TRX-KLN-20260705-06923,2026-07-05 20:27:49,26000.0,CASH,COMPLETED
TRX-KLN-20260705-06924,2026-07-05 19:38:14,29500.0,CASH,COMPLETED
TRX-KLN-20260705-06925,2026-07-05 20:25:10,7000.0,CASH,COMPLETED
TRX-KLN-20260705-06926,2026-07-05 11:28:20,120000.0,CASH,COMPLETED
TRX-KLN-20260705-06927,2026-07-05 08:49:09,77500.0,CASH,COMPLETED
TRX-KLN-20260705-06928,2026-07-05 18:02:00,108500.0,CASH,COMPLETED
TRX-KLN-20260705-06929,2026-07-05 12:40:46,6000.0,CASH,COMPLETED
TRX-KLN-20260705-06930,2026-07-05 18:07:18,51000.0,CASH,COMPLETED
TRX-KLN-20260705-06931,2026-07-05 08:06:49,55500.0,QRIS,COMPLETED
TRX-KLN-20260705-06932,2026-07-05 20:50:16,81000.0,CASH,COMPLETED
TRX-KLN-20260705-06933,2026-07-05 09:42:22,14000.0,TRANSFER,COMPLETED
TRX-KLN-20260705-06934,2026-07-05 18:59:25,34200.0,QRIS,COMPLETED
TRX-KLN-20260705-06935,2026-07-05 08:27:49,19000.0,CASH,COMPLETED
TRX-KLN-20260705-06936,2026-07-05 18:11:28,80000.0,EWALLET,COMPLETED
TRX-KLN-20260705-06937,2026-07-05 19:58:34,51000.0,CASH,COMPLETED
TRX-KLN-20260705-06938,2026-07-05 19:15:41,46000.0,QRIS,COMPLETED
TRX-KLN-20260706-06939,2026-07-06 19:50:20,134000.0,TRANSFER,COMPLETED
TRX-KLN-20260706-06940,2026-07-06 12:33:24,6000.0,CASH,COMPLETED
TRX-KLN-20260706-06941,2026-07-06 11:05:21,197000.0,CASH,COMPLETED
TRX-KLN-20260706-06942,2026-07-06 19:52:44,60000.0,QRIS,COMPLETED
TRX-KLN-20260706-06943,2026-07-06 19:23:45,56000.0,CASH,COMPLETED
TRX-KLN-20260706-06944,2026-07-06 07:19:48,14000.0,QRIS,COMPLETED
TRX-KLN-20260706-06945,2026-07-06 12:11:37,6200.0,EWALLET,COMPLETED
TRX-KLN-20260706-06946,2026-07-06 19:40:30,45000.0,CASH,COMPLETED
TRX-KLN-20260706-06947,2026-07-06 08:18:44,6000.0,CASH,COMPLETED
TRX-KLN-20260706-06948,2026-07-06 17:00:54,16400.0,QRIS,COMPLETED
TRX-KLN-20260706-06949,2026-07-06 15:15:28,25000.0,CASH,COMPLETED
TRX-KLN-20260706-06950,2026-07-06 12:53:04,19000.0,CASH,COMPLETED
TRX-KLN-20260706-06951,2026-07-06 15:57:38,45000.0,QRIS,COMPLETED
TRX-KLN-20260706-06952,2026-07-06 18:57:42,58000.0,CASH,COMPLETED
TRX-KLN-20260706-06953,2026-07-06 15:57:22,16500.0,CASH,COMPLETED
TRX-KLN-20260706-06954,2026-07-06 18:39:53,48000.0,CASH,COMPLETED
TRX-KLN-20260706-06955,2026-07-06 17:41:43,9500.0,CASH,COMPLETED
TRX-KLN-20260706-06956,2026-07-06 17:43:28,132500.0,CASH,COMPLETED
TRX-KLN-20260706-06957,2026-07-06 16:13:09,10000.0,CASH,COMPLETED
TRX-KLN-20260706-06958,2026-07-06 07:09:52,19000.0,CASH,COMPLETED
TRX-KLN-20260707-06959,2026-07-07 08:07:00,205000.0,CASH,COMPLETED
TRX-KLN-20260707-06960,2026-07-07 18:56:48,16500.0,CASH,COMPLETED
TRX-KLN-20260707-06961,2026-07-07 12:57:13,8500.0,EWALLET,COMPLETED
TRX-KLN-20260707-06962,2026-07-07 08:24:46,84500.0,CASH,COMPLETED
TRX-KLN-20260707-06963,2026-07-07 17:45:53,11500.0,QRIS,COMPLETED
TRX-KLN-20260707-06964,2026-07-07 13:17:54,72500.0,CASH,COMPLETED
TRX-KLN-20260707-06965,2026-07-07 16:46:47,27500.0,CASH,COMPLETED
TRX-KLN-20260707-06966,2026-07-07 09:28:59,62000.0,TRANSFER,COMPLETED
TRX-KLN-20260707-06967,2026-07-07 17:33:13,21000.0,CASH,COMPLETED
TRX-KLN-20260707-06968,2026-07-07 16:56:59,44400.0,CASH,COMPLETED
TRX-KLN-20260707-06969,2026-07-07 18:06:12,67000.0,CASH,COMPLETED
TRX-KLN-20260707-06970,2026-07-07 12:22:50,49000.0,CASH,COMPLETED
TRX-KLN-20260707-06971,2026-07-07 13:25:59,51000.0,QRIS,COMPLETED
TRX-KLN-20260707-06972,2026-07-07 08:30:14,32000.0,TRANSFER,COMPLETED
TRX-KLN-20260707-06973,2026-07-07 19:48:17,48000.0,CASH,COMPLETED
TRX-KLN-20260707-06974,2026-07-07 21:57:29,42000.0,QRIS,COMPLETED
TRX-KLN-20260707-06975,2026-07-07 16:34:16,177000.0,CASH,COMPLETED
TRX-KLN-20260707-06976,2026-07-07 19:20:45,51000.0,EWALLET,COMPLETED
TRX-KLN-20260707-06977,2026-07-07 13:34:07,12500.0,CASH,COMPLETED
TRX-KLN-20260707-06978,2026-07-07 18:12:19,21000.0,CASH,COMPLETED
TRX-KLN-20260707-06979,2026-07-07 08:07:17,64500.0,QRIS,COMPLETED
TRX-KLN-20260707-06980,2026-07-07 12:00:55,33500.0,QRIS,COMPLETED
TRX-KLN-20260708-06981,2026-07-08 16:20:32,6000.0,CASH,COMPLETED
TRX-KLN-20260708-06982,2026-07-08 20:29:40,13500.0,TRANSFER,COMPLETED
TRX-KLN-20260708-06983,2026-07-08 12:15:23,65000.0,CASH,COMPLETED
TRX-KLN-20260708-06984,2026-07-08 08:32:50,16500.0,CASH,COMPLETED
TRX-KLN-20260708-06985,2026-07-08 13:32:56,73000.0,QRIS,COMPLETED
TRX-KLN-20260708-06986,2026-07-08 13:55:48,148000.0,CASH,COMPLETED
TRX-KLN-20260708-06987,2026-07-08 19:29:02,53000.0,CASH,COMPLETED
TRX-KLN-20260708-06988,2026-07-08 07:55:22,212300.0,CASH,COMPLETED
TRX-KLN-20260708-06989,2026-07-08 18:36:31,8000.0,CASH,COMPLETED
TRX-KLN-20260708-06990,2026-07-08 07:17:27,42000.0,CASH,COMPLETED
TRX-KLN-20260708-06991,2026-07-08 10:31:59,42000.0,CASH,COMPLETED
TRX-KLN-20260708-06992,2026-07-08 12:27:37,3100.0,CASH,COMPLETED
TRX-KLN-20260708-06993,2026-07-08 17:25:08,39000.0,CASH,COMPLETED
TRX-KLN-20260708-06994,2026-07-08 19:23:01,97500.0,CASH,COMPLETED
TRX-KLN-20260708-06995,2026-07-08 09:22:53,79500.0,CASH,COMPLETED
TRX-KLN-20260708-06996,2026-07-08 18:37:06,38500.0,CASH,COMPLETED
TRX-KLN-20260708-06997,2026-07-08 09:44:52,16000.0,EWALLET,COMPLETED
TRX-KLN-20260709-06998,2026-07-09 10:59:51,6000.0,CASH,COMPLETED
TRX-KLN-20260709-06999,2026-07-09 09:44:06,6000.0,TRANSFER,COMPLETED
TRX-KLN-20260709-07000,2026-07-09 19:53:04,18500.0,CASH,COMPLETED
TRX-KLN-20260709-07001,2026-07-09 18:16:09,28000.0,CASH,COMPLETED
TRX-KLN-20260709-07002,2026-07-09 19:06:31,7000.0,QRIS,COMPLETED
TRX-KLN-20260709-07003,2026-07-09 12:38:12,138000.0,CASH,COMPLETED
TRX-KLN-20260709-07004,2026-07-09 11:30:20,72000.0,QRIS,COMPLETED
TRX-KLN-20260709-07005,2026-07-09 19:59:03,14000.0,CASH,COMPLETED
TRX-KLN-20260709-07006,2026-07-09 18:34:58,50500.0,CASH,COMPLETED
TRX-KLN-20260709-07007,2026-07-09 13:35:56,38000.0,CASH,COMPLETED
TRX-KLN-20260709-07008,2026-07-09 21:41:12,175000.0,TRANSFER,COMPLETED
TRX-KLN-20260709-07009,2026-07-09 17:00:59,45500.0,CASH,COMPLETED
TRX-KLN-20260709-07010,2026-07-09 09:42:04,32000.0,CASH,COMPLETED
TRX-KLN-20260710-07011,2026-07-10 18:04:33,182000.0,CASH,COMPLETED
TRX-KLN-20260710-07012,2026-07-10 12:38:29,14000.0,CASH,COMPLETED
TRX-KLN-20260710-07013,2026-07-10 09:45:56,37500.0,CASH,COMPLETED
TRX-KLN-20260710-07014,2026-07-10 17:14:53,15000.0,QRIS,COMPLETED
TRX-KLN-20260710-07015,2026-07-10 17:13:13,30000.0,TRANSFER,COMPLETED
TRX-KLN-20260710-07016,2026-07-10 09:31:46,8000.0,CASH,COMPLETED
TRX-KLN-20260710-07017,2026-07-10 10:10:14,7000.0,CASH,COMPLETED
TRX-KLN-20260710-07018,2026-07-10 20:33:26,34500.0,EWALLET,COMPLETED
TRX-KLN-20260710-07019,2026-07-10 08:38:21,4000.0,CASH,COMPLETED
TRX-KLN-20260710-07020,2026-07-10 18:50:37,107000.0,QRIS,COMPLETED
TRX-KLN-20260710-07021,2026-07-10 18:26:39,11000.0,QRIS,COMPLETED
TRX-KLN-20260710-07022,2026-07-10 18:58:58,12500.0,CASH,COMPLETED
TRX-KLN-20260710-07023,2026-07-10 09:21:56,17000.0,CASH,COMPLETED
TRX-KLN-20260710-07024,2026-07-10 10:20:14,81500.0,TRANSFER,COMPLETED
TRX-KLN-20260711-07025,2026-07-11 14:45:35,93000.0,EWALLET,COMPLETED
TRX-KLN-20260711-07026,2026-07-11 13:44:55,7000.0,CASH,COMPLETED
TRX-KLN-20260711-07027,2026-07-11 08:19:43,182500.0,EWALLET,COMPLETED
TRX-KLN-20260711-07028,2026-07-11 19:01:33,32000.0,CASH,COMPLETED
TRX-KLN-20260711-07029,2026-07-11 20:30:24,14000.0,CASH,COMPLETED
TRX-KLN-20260711-07030,2026-07-11 15:01:21,18500.0,TRANSFER,COMPLETED
TRX-KLN-20260711-07031,2026-07-11 18:46:22,120000.0,CASH,COMPLETED
TRX-KLN-20260711-07032,2026-07-11 13:27:39,9300.0,CASH,COMPLETED
TRX-KLN-20260711-07033,2026-07-11 16:25:59,87000.0,CASH,COMPLETED
TRX-KLN-20260711-07034,2026-07-11 17:36:00,11000.0,CASH,COMPLETED
TRX-KLN-20260711-07035,2026-07-11 12:05:55,120000.0,QRIS,COMPLETED
TRX-KLN-20260711-07036,2026-07-11 17:18:33,65000.0,QRIS,COMPLETED
TRX-KLN-20260711-07037,2026-07-11 07:09:52,18500.0,QRIS,COMPLETED
TRX-KLN-20260711-07038,2026-07-11 15:46:00,45000.0,CASH,COMPLETED
TRX-KLN-20260711-07039,2026-07-11 12:50:50,17000.0,CASH,COMPLETED
TRX-KLN-20260711-07040,2026-07-11 18:57:04,16500.0,CASH,COMPLETED
TRX-KLN-20260711-07041,2026-07-11 13:18:47,115900.0,TRANSFER,COMPLETED
TRX-KLN-20260711-07042,2026-07-11 19:47:17,95500.0,CASH,COMPLETED
TRX-KLN-20260711-07043,2026-07-11 14:10:33,17900.0,QRIS,COMPLETED
TRX-KLN-20260712-07044,2026-07-12 12:01:09,122500.0,CASH,COMPLETED
TRX-KLN-20260712-07045,2026-07-12 19:40:50,12500.0,EWALLET,COMPLETED
TRX-KLN-20260712-07046,2026-07-12 21:47:16,83500.0,QRIS,COMPLETED
TRX-KLN-20260712-07047,2026-07-12 16:38:12,14000.0,CASH,COMPLETED
TRX-KLN-20260712-07048,2026-07-12 21:53:46,83500.0,CASH,COMPLETED
TRX-KLN-20260712-07049,2026-07-12 17:59:06,6000.0,QRIS,COMPLETED
TRX-KLN-20260712-07050,2026-07-12 13:00:52,17000.0,QRIS,COMPLETED
TRX-KLN-20260712-07051,2026-07-12 16:11:14,4000.0,CASH,COMPLETED
TRX-KLN-20260712-07052,2026-07-12 16:00:16,120000.0,CASH,COMPLETED
TRX-KLN-20260712-07053,2026-07-12 13:06:51,19500.0,TRANSFER,COMPLETED
TRX-KLN-20260712-07054,2026-07-12 19:18:13,29000.0,CASH,COMPLETED
TRX-KLN-20260712-07055,2026-07-12 18:55:32,157000.0,CASH,COMPLETED
TRX-KLN-20260712-07056,2026-07-12 19:59:38,15500.0,CASH,COMPLETED
TRX-KLN-20260712-07057,2026-07-12 12:10:50,137000.0,QRIS,COMPLETED
TRX-KLN-20260712-07058,2026-07-12 18:31:52,17000.0,CASH,COMPLETED
TRX-KLN-20260712-07059,2026-07-12 10:05:16,51000.0,CASH,COMPLETED
TRX-KLN-20260712-07060,2026-07-12 18:08:42,6000.0,QRIS,COMPLETED
TRX-KLN-20260712-07061,2026-07-12 07:48:15,3100.0,TRANSFER,COMPLETED
TRX-KLN-20260712-07062,2026-07-12 09:28:31,84000.0,CASH,COMPLETED
TRX-KLN-20260712-07063,2026-07-12 11:54:53,205000.0,TRANSFER,COMPLETED
TRX-KLN-20260713-07064,2026-07-13 10:02:31,69000.0,TRANSFER,COMPLETED
TRX-KLN-20260713-07065,2026-07-13 13:42:54,12000.0,CASH,COMPLETED
TRX-KLN-20260713-07066,2026-07-13 08:57:18,64000.0,QRIS,COMPLETED
TRX-KLN-20260713-07067,2026-07-13 17:54:17,44000.0,CASH,COMPLETED
TRX-KLN-20260713-07068,2026-07-13 16:47:47,69500.0,CASH,COMPLETED
TRX-KLN-20260713-07069,2026-07-13 08:03:40,14000.0,CASH,COMPLETED
TRX-KLN-20260713-07070,2026-07-13 15:28:00,16500.0,EWALLET,COMPLETED
TRX-KLN-20260713-07071,2026-07-13 20:46:51,14000.0,CASH,COMPLETED
TRX-KLN-20260713-07072,2026-07-13 18:58:51,4500.0,QRIS,COMPLETED
TRX-KLN-20260713-07073,2026-07-13 11:10:24,40500.0,CASH,COMPLETED
TRX-KLN-20260713-07074,2026-07-13 08:10:29,140500.0,CASH,COMPLETED
TRX-KLN-20260713-07075,2026-07-13 12:46:03,37000.0,CASH,COMPLETED
TRX-KLN-20260713-07076,2026-07-13 15:05:02,61500.0,CASH,COMPLETED
TRX-KLN-20260713-07077,2026-07-13 07:44:32,106200.0,CASH,COMPLETED
TRX-KLN-20260713-07078,2026-07-13 12:35:54,35000.0,CASH,COMPLETED
TRX-KLN-20260713-07079,2026-07-13 17:27:38,26000.0,CASH,COMPLETED
TRX-KLN-20260713-07080,2026-07-13 13:12:05,3000.0,CASH,COMPLETED
TRX-KLN-20260713-07081,2026-07-13 19:30:59,14000.0,TRANSFER,COMPLETED
TRX-KLN-20260713-07082,2026-07-13 18:52:40,45000.0,TRANSFER,COMPLETED
TRX-KLN-20260714-07083,2026-07-14 11:42:37,81500.0,CASH,COMPLETED
TRX-KLN-20260714-07084,2026-07-14 09:17:53,16000.0,QRIS,COMPLETED
TRX-KLN-20260714-07085,2026-07-14 12:34:08,20500.0,QRIS,COMPLETED
TRX-KLN-20260714-07086,2026-07-14 18:10:56,69000.0,CASH,COMPLETED
TRX-KLN-20260714-07087,2026-07-14 09:03:09,52000.0,CASH,COMPLETED
TRX-KLN-20260714-07088,2026-07-14 15:57:46,17000.0,CASH,COMPLETED
TRX-KLN-20260714-07089,2026-07-14 11:51:24,66000.0,CASH,COMPLETED
TRX-KLN-20260714-07090,2026-07-14 07:37:07,165000.0,CASH,COMPLETED
TRX-KLN-20260714-07091,2026-07-14 18:46:13,60000.0,QRIS,COMPLETED
TRX-KLN-20260714-07092,2026-07-14 15:27:13,160500.0,CASH,COMPLETED
TRX-KLN-20260714-07093,2026-07-14 17:09:11,7000.0,CASH,COMPLETED
TRX-KLN-20260714-07094,2026-07-14 13:41:49,66000.0,CASH,COMPLETED
TRX-KLN-20260714-07095,2026-07-14 12:39:51,4000.0,QRIS,COMPLETED
TRX-KLN-20260714-07096,2026-07-14 09:54:43,50500.0,QRIS,COMPLETED
TRX-KLN-20260714-07097,2026-07-14 19:22:56,4000.0,CASH,COMPLETED
TRX-KLN-20260714-07098,2026-07-14 18:47:41,19500.0,CASH,COMPLETED
TRX-KLN-20260714-07099,2026-07-14 15:23:29,29000.0,CASH,COMPLETED
TRX-KLN-20260714-07100,2026-07-14 12:18:01,194000.0,EWALLET,COMPLETED
TRX-KLN-20260714-07101,2026-07-14 18:49:48,24500.0,TRANSFER,COMPLETED
TRX-KLN-20260714-07102,2026-07-14 16:19:47,74000.0,QRIS,COMPLETED
TRX-KLN-20260715-07103,2026-07-15 09:20:19,19000.0,TRANSFER,COMPLETED
TRX-KLN-20260715-07104,2026-07-15 15:08:56,51000.0,EWALLET,COMPLETED
TRX-KLN-20260715-07105,2026-07-15 21:50:52,132500.0,QRIS,COMPLETED
TRX-KLN-20260715-07106,2026-07-15 17:49:44,29000.0,CASH,COMPLETED
TRX-KLN-20260715-07107,2026-07-15 12:23:38,137100.0,CASH,COMPLETED
TRX-KLN-20260715-07108,2026-07-15 08:10:59,100500.0,QRIS,COMPLETED
TRX-KLN-20260715-07109,2026-07-15 07:39:49,17000.0,CASH,COMPLETED
TRX-KLN-20260715-07110,2026-07-15 16:58:12,18000.0,CASH,COMPLETED
TRX-KLN-20260715-07111,2026-07-15 18:34:44,37000.0,CASH,COMPLETED
TRX-KLN-20260715-07112,2026-07-15 11:43:41,5500.0,CASH,COMPLETED
TRX-KLN-20260715-07113,2026-07-15 14:49:48,79000.0,CASH,COMPLETED
TRX-KLN-20260715-07114,2026-07-15 08:20:01,61000.0,CASH,COMPLETED
TRX-KLN-20260715-07115,2026-07-15 17:55:53,51400.0,CASH,COMPLETED
TRX-KLN-20260715-07116,2026-07-15 18:51:11,56000.0,CASH,COMPLETED
TRX-KLN-20260715-07117,2026-07-15 17:11:37,193000.0,EWALLET,COMPLETED
TRX-KLN-20260715-07118,2026-07-15 09:23:06,48000.0,CASH,COMPLETED
TRX-KLN-20260716-07119,2026-07-16 09:13:28,171500.0,EWALLET,COMPLETED
TRX-KLN-20260716-07120,2026-07-16 11:31:45,16500.0,EWALLET,COMPLETED
TRX-KLN-20260716-07121,2026-07-16 19:02:55,36000.0,QRIS,COMPLETED
TRX-KLN-20260716-07122,2026-07-16 09:01:50,5500.0,CASH,COMPLETED
TRX-KLN-20260716-07123,2026-07-16 13:16:27,18500.0,CASH,COMPLETED
TRX-KLN-20260716-07124,2026-07-16 18:21:06,58000.0,QRIS,COMPLETED
TRX-KLN-20260716-07125,2026-07-16 11:29:03,45000.0,CASH,COMPLETED
TRX-KLN-20260716-07126,2026-07-16 19:51:36,31000.0,TRANSFER,COMPLETED
TRX-KLN-20260716-07127,2026-07-16 09:36:13,29300.0,QRIS,COMPLETED
TRX-KLN-20260716-07128,2026-07-16 15:06:52,30000.0,CASH,COMPLETED
TRX-KLN-20260716-07129,2026-07-16 17:45:09,11500.0,CASH,COMPLETED
TRX-KLN-20260716-07130,2026-07-16 16:01:08,31000.0,QRIS,COMPLETED
TRX-KLN-20260716-07131,2026-07-16 09:04:51,15000.0,QRIS,COMPLETED
TRX-KLN-20260716-07132,2026-07-16 16:21:21,78000.0,CASH,COMPLETED
TRX-KLN-20260716-07133,2026-07-16 07:57:52,25000.0,QRIS,COMPLETED
TRX-KLN-20260716-07134,2026-07-16 16:18:17,34500.0,CASH,COMPLETED
TRX-KLN-20260716-07135,2026-07-16 19:28:29,57500.0,CASH,COMPLETED
TRX-KLN-20260716-07136,2026-07-16 20:20:54,38200.0,CASH,COMPLETED
TRX-KLN-20260716-07137,2026-07-16 15:14:02,4000.0,CASH,COMPLETED
TRX-KLN-20260716-07138,2026-07-16 16:25:40,16000.0,CASH,COMPLETED
TRX-KLN-20260716-07139,2026-07-16 17:18:53,36500.0,CASH,COMPLETED
TRX-KLN-20260716-07140,2026-07-16 11:30:15,1500.0,CASH,COMPLETED
TRX-KLN-20260717-07141,2026-07-17 18:52:19,3000.0,CASH,COMPLETED
TRX-KLN-20260717-07142,2026-07-17 19:43:07,25000.0,CASH,COMPLETED
TRX-KLN-20260717-07143,2026-07-17 15:37:01,90000.0,CASH,COMPLETED
TRX-KLN-20260717-07144,2026-07-17 21:48:39,55000.0,CASH,COMPLETED
TRX-KLN-20260717-07145,2026-07-17 19:04:50,16000.0,CASH,COMPLETED
TRX-KLN-20260717-07146,2026-07-17 18:50:51,38000.0,CASH,COMPLETED
TRX-KLN-20260717-07147,2026-07-17 12:53:08,136000.0,QRIS,COMPLETED
TRX-KLN-20260717-07148,2026-07-17 18:59:06,9000.0,CASH,COMPLETED
TRX-KLN-20260717-07149,2026-07-17 14:48:46,61100.0,CASH,COMPLETED
TRX-KLN-20260717-07150,2026-07-17 15:49:52,144000.0,CASH,COMPLETED
TRX-KLN-20260717-07151,2026-07-17 09:13:45,17000.0,CASH,COMPLETED
TRX-KLN-20260717-07152,2026-07-17 18:41:58,8500.0,CASH,COMPLETED
TRX-KLN-20260717-07153,2026-07-17 14:57:14,45500.0,CASH,COMPLETED
TRX-KLN-20260717-07154,2026-07-17 17:05:26,14000.0,QRIS,COMPLETED
TRX-KLN-20260718-07155,2026-07-18 12:03:57,115500.0,CASH,COMPLETED
TRX-KLN-20260718-07156,2026-07-18 10:46:51,46500.0,CASH,COMPLETED
TRX-KLN-20260718-07157,2026-07-18 17:04:54,6000.0,QRIS,COMPLETED
TRX-KLN-20260718-07158,2026-07-18 15:28:12,7000.0,CASH,COMPLETED
TRX-KLN-20260718-07159,2026-07-18 12:23:07,8000.0,QRIS,COMPLETED
TRX-KLN-20260718-07160,2026-07-18 09:02:31,69000.0,CASH,COMPLETED
TRX-KLN-20260718-07161,2026-07-18 18:13:44,86000.0,CASH,COMPLETED
TRX-KLN-20260718-07162,2026-07-18 19:49:26,42000.0,TRANSFER,COMPLETED
TRX-KLN-20260718-07163,2026-07-18 12:38:49,50000.0,CASH,COMPLETED
TRX-KLN-20260718-07164,2026-07-18 17:52:21,76500.0,QRIS,COMPLETED
TRX-KLN-20260718-07165,2026-07-18 11:35:07,3100.0,CASH,COMPLETED
TRX-KLN-20260718-07166,2026-07-18 19:04:06,8500.0,CASH,COMPLETED
TRX-KLN-20260718-07167,2026-07-18 07:59:00,94500.0,CASH,COMPLETED
TRX-KLN-20260718-07168,2026-07-18 15:00:04,231000.0,CASH,COMPLETED
TRX-KLN-20260718-07169,2026-07-18 19:10:46,58400.0,CASH,COMPLETED
TRX-KLN-20260718-07170,2026-07-18 13:38:30,48000.0,QRIS,COMPLETED
TRX-KLN-20260718-07171,2026-07-18 18:05:01,84000.0,CASH,COMPLETED
TRX-KLN-20260718-07172,2026-07-18 11:24:15,9300.0,QRIS,COMPLETED
TRX-KLN-20260718-07173,2026-07-18 09:40:46,98700.0,CASH,COMPLETED
TRX-KLN-20260718-07174,2026-07-18 09:43:46,136000.0,TRANSFER,COMPLETED
TRX-KLN-20260718-07175,2026-07-18 07:31:40,120000.0,QRIS,COMPLETED
TRX-KLN-20260718-07176,2026-07-18 18:29:22,51000.0,CASH,COMPLETED
TRX-KLN-20260718-07177,2026-07-18 10:46:53,56000.0,EWALLET,COMPLETED
TRX-KLN-20260718-07178,2026-07-18 15:50:49,35000.0,CASH,COMPLETED
TRX-KLN-20260719-07179,2026-07-19 18:06:57,22000.0,CASH,COMPLETED
TRX-KLN-20260719-07180,2026-07-19 15:43:42,70000.0,QRIS,COMPLETED
TRX-KLN-20260719-07181,2026-07-19 18:36:00,11000.0,CASH,COMPLETED
TRX-KLN-20260719-07182,2026-07-19 16:31:47,30000.0,CASH,COMPLETED
TRX-KLN-20260719-07183,2026-07-19 16:31:39,53000.0,QRIS,COMPLETED
TRX-KLN-20260719-07184,2026-07-19 16:22:03,38000.0,QRIS,COMPLETED
TRX-KLN-20260719-07185,2026-07-19 19:29:31,4000.0,CASH,COMPLETED
TRX-KLN-20260719-07186,2026-07-19 09:05:04,63500.0,CASH,COMPLETED
TRX-KLN-20260719-07187,2026-07-19 17:10:17,9500.0,CASH,COMPLETED
TRX-KLN-20260719-07188,2026-07-19 17:56:46,103500.0,CASH,COMPLETED
TRX-KLN-20260719-07189,2026-07-19 16:18:20,7000.0,CASH,COMPLETED
TRX-KLN-20260719-07190,2026-07-19 19:30:09,107500.0,QRIS,COMPLETED
TRX-KLN-20260719-07191,2026-07-19 10:10:56,148000.0,EWALLET,COMPLETED
TRX-KLN-20260719-07192,2026-07-19 15:50:27,136000.0,CASH,COMPLETED
TRX-KLN-20260719-07193,2026-07-19 11:04:20,22000.0,CASH,COMPLETED
TRX-KLN-20260720-07194,2026-07-20 08:35:28,61500.0,TRANSFER,COMPLETED
TRX-KLN-20260720-07195,2026-07-20 17:25:17,19000.0,TRANSFER,COMPLETED
TRX-KLN-20260720-07196,2026-07-20 20:51:45,27000.0,CASH,COMPLETED
TRX-KLN-20260720-07197,2026-07-20 12:34:50,18500.0,CASH,COMPLETED
TRX-KLN-20260720-07198,2026-07-20 19:10:11,70000.0,QRIS,COMPLETED
TRX-KLN-20260720-07199,2026-07-20 13:05:21,16000.0,EWALLET,COMPLETED
TRX-KLN-20260720-07200,2026-07-20 17:50:05,53500.0,CASH,COMPLETED
TRX-KLN-20260720-07201,2026-07-20 15:46:40,31000.0,QRIS,COMPLETED
TRX-KLN-20260720-07202,2026-07-20 20:01:42,31500.0,QRIS,COMPLETED
TRX-KLN-20260720-07203,2026-07-20 17:29:19,32000.0,QRIS,COMPLETED
TRX-KLN-20260720-07204,2026-07-20 17:11:52,69000.0,CASH,COMPLETED
TRX-KLN-20260720-07205,2026-07-20 16:39:38,15000.0,CASH,COMPLETED
TRX-KLN-20260720-07206,2026-07-20 21:40:09,28000.0,CASH,COMPLETED
TRX-KLN-20260720-07207,2026-07-20 15:54:15,75000.0,QRIS,COMPLETED
TRX-KLN-20260720-07208,2026-07-20 19:54:26,9300.0,CASH,COMPLETED
TRX-KLN-20260720-07209,2026-07-20 13:39:01,61000.0,TRANSFER,COMPLETED
TRX-KLN-20260720-07210,2026-07-20 15:41:42,44000.0,CASH,COMPLETED
TRX-KLN-20260720-07211,2026-07-20 15:04:26,8500.0,CASH,COMPLETED
TRX-KLN-20260720-07212,2026-07-20 15:41:08,29000.0,QRIS,COMPLETED
TRX-KLN-20260720-07213,2026-07-20 09:34:53,17000.0,QRIS,COMPLETED
TRX-KLN-20260721-07214,2026-07-21 11:33:27,88000.0,CASH,COMPLETED
TRX-KLN-20260721-07215,2026-07-21 11:04:05,28000.0,EWALLET,COMPLETED
TRX-KLN-20260721-07216,2026-07-21 18:32:41,65100.0,CASH,COMPLETED
TRX-KLN-20260721-07217,2026-07-21 13:55:00,32500.0,TRANSFER,COMPLETED
TRX-KLN-20260721-07218,2026-07-21 16:14:05,175000.0,CASH,COMPLETED
TRX-KLN-20260721-07219,2026-07-21 14:33:12,169000.0,CASH,COMPLETED
TRX-KLN-20260721-07220,2026-07-21 16:24:48,46500.0,CASH,COMPLETED
TRX-KLN-20260721-07221,2026-07-21 20:11:20,119000.0,EWALLET,COMPLETED
TRX-KLN-20260721-07222,2026-07-21 10:47:41,164000.0,CASH,COMPLETED
TRX-KLN-20260721-07223,2026-07-21 11:02:19,66000.0,CASH,COMPLETED
TRX-KLN-20260721-07224,2026-07-21 11:30:29,9000.0,CASH,COMPLETED
TRX-KLN-20260721-07225,2026-07-21 11:27:32,66500.0,CASH,COMPLETED
TRX-KLN-20260721-07226,2026-07-21 12:55:10,1500.0,CASH,COMPLETED
TRX-KLN-20260721-07227,2026-07-21 09:07:34,4000.0,CASH,COMPLETED
TRX-KLN-20260721-07228,2026-07-21 18:27:07,32000.0,QRIS,COMPLETED
TRX-KLN-20260721-07229,2026-07-21 11:43:33,4000.0,CASH,COMPLETED
TRX-KLN-20260721-07230,2026-07-21 07:55:39,58000.0,QRIS,COMPLETED
TRX-KLN-20260721-07231,2026-07-21 12:16:09,73500.0,CASH,COMPLETED
TRX-KLN-20260722-07232,2026-07-22 17:07:29,16500.0,CASH,COMPLETED
TRX-KLN-20260722-07233,2026-07-22 16:19:43,9500.0,CASH,COMPLETED
TRX-KLN-20260722-07234,2026-07-22 09:44:04,18500.0,CASH,COMPLETED
TRX-KLN-20260722-07235,2026-07-22 07:58:16,9000.0,CASH,COMPLETED
TRX-KLN-20260722-07236,2026-07-22 12:31:31,62500.0,QRIS,COMPLETED
TRX-KLN-20260722-07237,2026-07-22 07:37:32,21000.0,CASH,COMPLETED
TRX-KLN-20260722-07238,2026-07-22 19:36:42,45100.0,CASH,COMPLETED
TRX-KLN-20260722-07239,2026-07-22 08:13:34,103000.0,CASH,COMPLETED
TRX-KLN-20260722-07240,2026-07-22 20:00:09,50500.0,CASH,COMPLETED
TRX-KLN-20260722-07241,2026-07-22 19:16:49,1500.0,CASH,COMPLETED
TRX-KLN-20260722-07242,2026-07-22 12:12:16,134000.0,CASH,COMPLETED
TRX-KLN-20260722-07243,2026-07-22 20:26:22,85500.0,CASH,COMPLETED
TRX-KLN-20260722-07244,2026-07-22 10:55:33,42000.0,CASH,COMPLETED
TRX-KLN-20260722-07245,2026-07-22 14:32:11,74000.0,CASH,COMPLETED
TRX-KLN-20260722-07246,2026-07-22 16:59:53,100500.0,CASH,COMPLETED
TRX-KLN-20260722-07247,2026-07-22 07:07:46,49700.0,CASH,COMPLETED
TRX-KLN-20260722-07248,2026-07-22 20:59:15,1500.0,CASH,COMPLETED
TRX-KLN-20260722-07249,2026-07-22 15:03:58,69500.0,CASH,COMPLETED
TRX-KLN-20260722-07250,2026-07-22 14:12:47,12000.0,CASH,COMPLETED
TRX-KLN-20260722-07251,2026-07-22 17:51:29,12000.0,CASH,COMPLETED
TRX-KLN-20260723-07252,2026-07-23 20:09:13,11000.0,CASH,COMPLETED
TRX-KLN-20260723-07253,2026-07-23 09:27:14,61000.0,CASH,COMPLETED
TRX-KLN-20260723-07254,2026-07-23 19:38:40,12000.0,QRIS,COMPLETED
TRX-KLN-20260723-07255,2026-07-23 18:39:02,21000.0,CASH,COMPLETED
TRX-KLN-20260723-07256,2026-07-23 09:40:55,11500.0,TRANSFER,COMPLETED
TRX-KLN-20260723-07257,2026-07-23 11:33:45,56500.0,CASH,COMPLETED
TRX-KLN-20260723-07258,2026-07-23 17:39:27,76500.0,CASH,COMPLETED
TRX-KLN-20260723-07259,2026-07-23 10:23:04,38000.0,CASH,COMPLETED
TRX-KLN-20260723-07260,2026-07-23 18:40:53,42000.0,CASH,COMPLETED
TRX-KLN-20260723-07261,2026-07-23 15:12:33,61500.0,CASH,COMPLETED
TRX-KLN-20260723-07262,2026-07-23 10:32:27,3000.0,CASH,COMPLETED
TRX-KLN-20260723-07263,2026-07-23 17:01:58,19000.0,CASH,COMPLETED
TRX-KLN-20260723-07264,2026-07-23 15:37:41,176000.0,QRIS,COMPLETED
TRX-KLN-20260723-07265,2026-07-23 13:32:33,16000.0,TRANSFER,COMPLETED
TRX-KLN-20260723-07266,2026-07-23 11:44:16,187000.0,CASH,COMPLETED
TRX-KLN-20260724-07267,2026-07-24 16:56:49,27000.0,QRIS,COMPLETED
TRX-KLN-20260724-07268,2026-07-24 16:53:34,76500.0,CASH,COMPLETED
TRX-KLN-20260724-07269,2026-07-24 12:48:56,31200.0,CASH,COMPLETED
TRX-KLN-20260724-07270,2026-07-24 07:46:53,69000.0,CASH,COMPLETED
TRX-KLN-20260724-07271,2026-07-24 09:28:06,152000.0,QRIS,COMPLETED
TRX-KLN-20260724-07272,2026-07-24 14:26:58,9500.0,CASH,COMPLETED
TRX-KLN-20260724-07273,2026-07-24 10:57:35,78000.0,TRANSFER,COMPLETED
TRX-KLN-20260724-07274,2026-07-24 19:40:51,47500.0,CASH,COMPLETED
TRX-KLN-20260724-07275,2026-07-24 20:24:33,90500.0,CASH,COMPLETED
TRX-KLN-20260724-07276,2026-07-24 17:21:21,27000.0,QRIS,COMPLETED
TRX-KLN-20260724-07277,2026-07-24 09:56:06,40500.0,CASH,COMPLETED
TRX-KLN-20260724-07278,2026-07-24 11:51:14,52700.0,EWALLET,COMPLETED
TRX-KLN-20260724-07279,2026-07-24 15:40:38,8500.0,CASH,COMPLETED
TRX-KLN-20260724-07280,2026-07-24 20:57:33,58000.0,CASH,COMPLETED
TRX-KLN-20260724-07281,2026-07-24 10:29:55,77000.0,CASH,COMPLETED
TRX-KLN-20260724-07282,2026-07-24 09:41:28,59000.0,TRANSFER,COMPLETED
TRX-KLN-20260724-07283,2026-07-24 08:58:02,32000.0,QRIS,COMPLETED
TRX-KLN-20260724-07284,2026-07-24 12:28:08,14000.0,EWALLET,COMPLETED
TRX-KLN-20260724-07285,2026-07-24 07:48:26,25200.0,CASH,COMPLETED
TRX-KLN-20260724-07286,2026-07-24 12:35:44,29000.0,EWALLET,COMPLETED
TRX-KLN-20260724-07287,2026-07-24 21:31:01,42000.0,QRIS,COMPLETED
TRX-KLN-20260725-07288,2026-07-25 15:17:06,19000.0,CASH,COMPLETED
TRX-KLN-20260725-07289,2026-07-25 10:00:04,39000.0,CASH,COMPLETED
TRX-KLN-20260725-07290,2026-07-25 16:43:05,45000.0,TRANSFER,COMPLETED
TRX-KLN-20260725-07291,2026-07-25 11:31:22,35000.0,CASH,COMPLETED
TRX-KLN-20260725-07292,2026-07-25 13:57:14,55400.0,CASH,COMPLETED
TRX-KLN-20260725-07293,2026-07-25 11:08:02,70000.0,CASH,COMPLETED
TRX-KLN-20260725-07294,2026-07-25 17:50:04,40400.0,CASH,COMPLETED
TRX-KLN-20260725-07295,2026-07-25 07:03:34,29000.0,TRANSFER,COMPLETED
TRX-KLN-20260725-07296,2026-07-25 17:20:18,142000.0,CASH,COMPLETED
TRX-KLN-20260725-07297,2026-07-25 15:29:41,69000.0,CASH,COMPLETED
TRX-KLN-20260725-07298,2026-07-25 10:41:00,156000.0,QRIS,COMPLETED
TRX-KLN-20260725-07299,2026-07-25 17:44:24,54500.0,CASH,COMPLETED
TRX-KLN-20260725-07300,2026-07-25 15:29:59,29000.0,CASH,COMPLETED
TRX-KLN-20260725-07301,2026-07-25 10:19:31,81500.0,CASH,COMPLETED
TRX-KLN-20260725-07302,2026-07-25 18:33:17,18500.0,CASH,COMPLETED
TRX-KLN-20260725-07303,2026-07-25 21:26:49,53000.0,EWALLET,COMPLETED
TRX-KLN-20260725-07304,2026-07-25 13:22:50,93500.0,QRIS,COMPLETED
TRX-KLN-20260725-07305,2026-07-25 18:55:23,16500.0,EWALLET,COMPLETED
TRX-KLN-20260725-07306,2026-07-25 07:23:57,19000.0,QRIS,COMPLETED
TRX-KLN-20260725-07307,2026-07-25 21:18:25,19000.0,TRANSFER,COMPLETED
TRX-KLN-20260726-07308,2026-07-26 19:19:48,24000.0,QRIS,COMPLETED
TRX-KLN-20260726-07309,2026-07-26 18:41:46,136000.0,CASH,COMPLETED
TRX-KLN-20260726-07310,2026-07-26 10:23:11,18000.0,CASH,COMPLETED
TRX-KLN-20260726-07311,2026-07-26 12:23:03,15000.0,CASH,COMPLETED
TRX-KLN-20260726-07312,2026-07-26 17:08:11,121500.0,QRIS,COMPLETED
TRX-KLN-20260726-07313,2026-07-26 12:01:46,44000.0,CASH,COMPLETED
TRX-KLN-20260726-07314,2026-07-26 09:22:40,76500.0,CASH,COMPLETED
TRX-KLN-20260726-07315,2026-07-26 09:48:53,18000.0,CASH,COMPLETED
TRX-KLN-20260726-07316,2026-07-26 14:41:04,15000.0,TRANSFER,COMPLETED
TRX-KLN-20260726-07317,2026-07-26 16:23:10,28000.0,CASH,COMPLETED
TRX-KLN-20260726-07318,2026-07-26 08:52:08,73000.0,QRIS,COMPLETED
TRX-KLN-20260726-07319,2026-07-26 17:17:07,21000.0,CASH,COMPLETED
TRX-KLN-20260726-07320,2026-07-26 17:23:09,57600.0,CASH,COMPLETED
TRX-KLN-20260726-07321,2026-07-26 17:42:06,25000.0,CASH,COMPLETED
TRX-KLN-20260726-07322,2026-07-26 08:15:21,63500.0,CASH,COMPLETED
TRX-KLN-20260726-07323,2026-07-26 17:35:55,16000.0,CASH,COMPLETED
TRX-KLN-20260726-07324,2026-07-26 17:06:51,17000.0,QRIS,COMPLETED
TRX-KLN-20260726-07325,2026-07-26 09:02:53,3000.0,CASH,COMPLETED
TRX-KLN-20260726-07326,2026-07-26 12:40:58,14000.0,CASH,COMPLETED
TRX-KLN-20260726-07327,2026-07-26 15:39:18,49000.0,CASH,COMPLETED
TRX-KLN-20260726-07328,2026-07-26 11:07:33,68000.0,CASH,COMPLETED
TRX-KLN-20260726-07329,2026-07-26 19:46:31,178000.0,CASH,COMPLETED
TRX-KLN-20260726-07330,2026-07-26 17:27:03,207500.0,CASH,COMPLETED
TRX-KLN-20260726-07331,2026-07-26 16:57:39,145500.0,CASH,COMPLETED
TRX-KLN-20260726-07332,2026-07-26 18:34:13,26000.0,CASH,COMPLETED
TRX-KLN-20260726-07333,2026-07-26 17:23:10,19000.0,CASH,COMPLETED
TRX-KLN-20260726-07334,2026-07-26 14:29:04,27000.0,CASH,COMPLETED
TRX-KLN-20260726-07335,2026-07-26 19:27:39,67000.0,CASH,COMPLETED
TRX-KLN-20260726-07336,2026-07-26 18:40:23,4000.0,CASH,COMPLETED
TRX-KLN-20260726-07337,2026-07-26 07:58:46,9500.0,CASH,COMPLETED
TRX-KLN-20260727-07338,2026-07-27 19:24:04,30500.0,CASH,COMPLETED
TRX-KLN-20260727-07339,2026-07-27 16:27:17,62000.0,CASH,COMPLETED
TRX-KLN-20260727-07340,2026-07-27 12:30:12,80000.0,QRIS,COMPLETED
TRX-KLN-20260727-07341,2026-07-27 10:03:49,57000.0,CASH,COMPLETED
TRX-KLN-20260727-07342,2026-07-27 07:55:42,25500.0,CASH,COMPLETED
TRX-KLN-20260727-07343,2026-07-27 18:17:09,68000.0,CASH,COMPLETED
TRX-KLN-20260727-07344,2026-07-27 16:15:38,12000.0,CASH,COMPLETED
TRX-KLN-20260727-07345,2026-07-27 15:50:01,34500.0,CASH,COMPLETED
TRX-KLN-20260727-07346,2026-07-27 16:04:12,14000.0,CASH,COMPLETED
TRX-KLN-20260727-07347,2026-07-27 10:27:51,143000.0,CASH,COMPLETED
TRX-KLN-20260727-07348,2026-07-27 10:57:03,34000.0,TRANSFER,COMPLETED
TRX-KLN-20260727-07349,2026-07-27 16:20:08,120000.0,CASH,COMPLETED
TRX-KLN-20260727-07350,2026-07-27 16:04:24,34000.0,QRIS,COMPLETED
TRX-KLN-20260727-07351,2026-07-27 09:26:07,153000.0,QRIS,COMPLETED
TRX-KLN-20260727-07352,2026-07-27 10:16:11,8500.0,CASH,COMPLETED
TRX-KLN-20260727-07353,2026-07-27 11:52:50,25000.0,CASH,COMPLETED
TRX-KLN-20260727-07354,2026-07-27 18:24:37,100400.0,CASH,COMPLETED
TRX-KLN-20260727-07355,2026-07-27 09:02:47,22000.0,QRIS,COMPLETED
TRX-KLN-20260727-07356,2026-07-27 09:37:50,37000.0,CASH,COMPLETED
TRX-KLN-20260727-07357,2026-07-27 12:51:43,78500.0,CASH,COMPLETED
TRX-KLN-20260728-07358,2026-07-28 11:34:41,17500.0,CASH,COMPLETED
TRX-KLN-20260728-07359,2026-07-28 10:20:43,8000.0,CASH,COMPLETED
TRX-KLN-20260728-07360,2026-07-28 08:51:17,58000.0,CASH,COMPLETED
TRX-KLN-20260728-07361,2026-07-28 16:57:45,205000.0,CASH,COMPLETED
TRX-KLN-20260728-07362,2026-07-28 12:09:22,6200.0,QRIS,COMPLETED
TRX-KLN-20260728-07363,2026-07-28 09:57:58,41500.0,QRIS,COMPLETED
TRX-KLN-20260728-07364,2026-07-28 09:15:58,71000.0,CASH,COMPLETED
TRX-KLN-20260728-07365,2026-07-28 17:23:33,34000.0,CASH,COMPLETED
TRX-KLN-20260728-07366,2026-07-28 18:16:51,18600.0,QRIS,COMPLETED
TRX-KLN-20260728-07367,2026-07-28 09:59:32,15000.0,QRIS,COMPLETED
TRX-KLN-20260728-07368,2026-07-28 20:38:15,25500.0,QRIS,COMPLETED
TRX-KLN-20260728-07369,2026-07-28 16:04:45,69000.0,CASH,COMPLETED
TRX-KLN-20260728-07370,2026-07-28 19:53:58,48000.0,CASH,COMPLETED
TRX-KLN-20260728-07371,2026-07-28 21:20:52,14000.0,CASH,COMPLETED
TRX-KLN-20260728-07372,2026-07-28 11:11:57,36000.0,CASH,COMPLETED
TRX-KLN-20260728-07373,2026-07-28 18:55:27,40000.0,CASH,COMPLETED
TRX-KLN-20260729-07374,2026-07-29 16:20:05,12000.0,TRANSFER,COMPLETED
TRX-KLN-20260729-07375,2026-07-29 07:24:21,185000.0,TRANSFER,COMPLETED
TRX-KLN-20260729-07376,2026-07-29 08:55:08,16500.0,EWALLET,COMPLETED
TRX-KLN-20260729-07377,2026-07-29 16:34:54,9300.0,CASH,COMPLETED
TRX-KLN-20260729-07378,2026-07-29 11:06:02,103500.0,CASH,COMPLETED
TRX-KLN-20260729-07379,2026-07-29 17:48:56,14000.0,TRANSFER,COMPLETED
TRX-KLN-20260729-07380,2026-07-29 09:10:07,94500.0,CASH,COMPLETED
TRX-KLN-20260729-07381,2026-07-29 18:54:45,81000.0,TRANSFER,COMPLETED
TRX-KLN-20260729-07382,2026-07-29 13:30:23,95500.0,CASH,COMPLETED
TRX-KLN-20260729-07383,2026-07-29 18:39:20,27600.0,CASH,COMPLETED
TRX-KLN-20260729-07384,2026-07-29 15:44:42,56000.0,QRIS,COMPLETED
TRX-KLN-20260729-07385,2026-07-29 10:08:27,36000.0,CASH,COMPLETED
TRX-KLN-20260729-07386,2026-07-29 16:14:40,19000.0,CASH,COMPLETED
TRX-KLN-20260729-07387,2026-07-29 14:21:12,29000.0,EWALLET,COMPLETED
TRX-KLN-20260729-07388,2026-07-29 18:01:00,21800.0,CASH,COMPLETED
TRX-KLN-20260730-07389,2026-07-30 12:55:11,20500.0,CASH,COMPLETED
TRX-KLN-20260730-07390,2026-07-30 10:32:02,58000.0,CASH,COMPLETED
TRX-KLN-20260730-07391,2026-07-30 09:11:47,132000.0,CASH,COMPLETED
TRX-KLN-20260730-07392,2026-07-30 15:52:28,41000.0,CASH,COMPLETED
TRX-KLN-20260730-07393,2026-07-30 08:20:30,92000.0,QRIS,COMPLETED
TRX-KLN-20260730-07394,2026-07-30 18:59:48,85000.0,CASH,COMPLETED
TRX-KLN-20260730-07395,2026-07-30 17:38:26,38000.0,CASH,COMPLETED
TRX-KLN-20260730-07396,2026-07-30 20:12:07,18000.0,CASH,COMPLETED
TRX-KLN-20260730-07397,2026-07-30 16:12:19,50500.0,CASH,COMPLETED
TRX-KLN-20260730-07398,2026-07-30 07:34:54,34500.0,CASH,COMPLETED
TRX-KLN-20260730-07399,2026-07-30 11:33:25,14000.0,CASH,COMPLETED
TRX-KLN-20260730-07400,2026-07-30 19:06:11,60000.0,CASH,COMPLETED
TRX-KLN-20260730-07401,2026-07-30 16:11:57,43000.0,QRIS,COMPLETED
TRX-KLN-20260730-07402,2026-07-30 12:56:47,25000.0,CASH,COMPLETED
TRX-KLN-20260730-07403,2026-07-30 19:47:43,14000.0,CASH,COMPLETED
TRX-KLN-20260730-07404,2026-07-30 12:53:14,58000.0,QRIS,COMPLETED
TRX-KLN-20260730-07405,2026-07-30 15:10:28,193200.0,QRIS,COMPLETED
TRX-KLN-20260730-07406,2026-07-30 16:12:44,43000.0,CASH,COMPLETED
TRX-KLN-20260730-07407,2026-07-30 20:00:10,120000.0,CASH,COMPLETED
TRX-KLN-20260730-07408,2026-07-30 17:40:11,6000.0,QRIS,COMPLETED
TRX-KLN-20260730-07409,2026-07-30 16:24:19,5500.0,QRIS,COMPLETED
TRX-KLN-20260730-07410,2026-07-30 14:19:30,23000.0,CASH,COMPLETED
TRX-KLN-20260730-07411,2026-07-30 11:55:58,17000.0,CASH,COMPLETED
TRX-KLN-20260730-07412,2026-07-30 18:22:59,3000.0,CASH,COMPLETED
TRX-KLN-20260730-07413,2026-07-30 19:30:33,76500.0,TRANSFER,COMPLETED
TRX-KLN-20260730-07414,2026-07-30 20:14:41,37000.0,QRIS,COMPLETED
TRX-KLN-20260730-07415,2026-07-30 14:57:25,9100.0,CASH,COMPLETED
TRX-KLN-20260731-07416,2026-07-31 09:32:30,65000.0,CASH,COMPLETED
TRX-KLN-20260731-07417,2026-07-31 18:10:15,14000.0,QRIS,COMPLETED
TRX-KLN-20260731-07418,2026-07-31 10:57:39,120000.0,EWALLET,COMPLETED
TRX-KLN-20260731-07419,2026-07-31 18:33:25,68500.0,CASH,COMPLETED
TRX-KLN-20260731-07420,2026-07-31 07:15:01,37000.0,QRIS,COMPLETED
TRX-KLN-20260731-07421,2026-07-31 11:01:58,132000.0,CASH,COMPLETED
TRX-KLN-20260731-07422,2026-07-31 08:03:09,37000.0,CASH,COMPLETED
TRX-KLN-20260731-07423,2026-07-31 18:41:32,42000.0,EWALLET,COMPLETED
TRX-KLN-20260731-07424,2026-07-31 16:45:41,25000.0,CASH,COMPLETED
TRX-KLN-20260731-07425,2026-07-31 13:37:16,21000.0,QRIS,COMPLETED
TRX-KLN-20260731-07426,2026-07-31 18:00:00,54000.0,CASH,COMPLETED
TRX-KLN-20260731-07427,2026-07-31 18:11:17,90000.0,CASH,COMPLETED
TRX-KLN-20260731-07428,2026-07-31 07:43:17,3000.0,CASH,COMPLETED
TRX-KLN-20260731-07429,2026-07-31 16:26:07,13000.0,TRANSFER,COMPLETED
TRX-KLN-20260731-07430,2026-07-31 10:52:42,33000.0,CASH,COMPLETED
TRX-KLN-20260731-07431,2026-07-31 17:00:24,31000.0,QRIS,COMPLETED
TRX-KLN-20260731-07432,2026-07-31 15:53:59,60000.0,CASH,COMPLETED
TRX-KLN-20260731-07433,2026-07-31 10:44:57,58300.0,QRIS,COMPLETED
TRX-KLN-20260731-07434,2026-07-31 09:30:12,164000.0,CASH,COMPLETED
TRX-KLN-20260731-07435,2026-07-31 15:44:31,62500.0,CASH,COMPLETED
TRX-KLN-20260731-07436,2026-07-31 12:07:57,178000.0,CASH,COMPLETED
TRX-KLN-20260731-07437,2026-07-31 18:09:35,152000.0,TRANSFER,COMPLETED
TRX-KLN-20260801-07438,2026-08-01 17:49:38,6000.0,CASH,COMPLETED
TRX-KLN-20260801-07439,2026-08-01 17:45:28,14000.0,CASH,COMPLETED
TRX-KLN-20260801-07440,2026-08-01 18:12:08,37000.0,CASH,COMPLETED
TRX-KLN-20260801-07441,2026-08-01 13:11:41,102000.0,QRIS,COMPLETED
TRX-KLN-20260801-07442,2026-08-01 16:10:33,89500.0,CASH,COMPLETED
TRX-KLN-20260801-07443,2026-08-01 07:47:51,51000.0,QRIS,COMPLETED
TRX-KLN-20260801-07444,2026-08-01 11:36:53,47000.0,CASH,COMPLETED
TRX-KLN-20260801-07445,2026-08-01 12:45:35,14000.0,QRIS,COMPLETED
TRX-KLN-20260801-07446,2026-08-01 20:29:50,120000.0,CASH,COMPLETED
TRX-KLN-20260801-07447,2026-08-01 18:55:40,23500.0,TRANSFER,COMPLETED
TRX-KLN-20260801-07448,2026-08-01 08:25:49,29000.0,QRIS,COMPLETED
TRX-KLN-20260801-07449,2026-08-01 18:51:36,79000.0,CASH,COMPLETED
TRX-KLN-20260801-07450,2026-08-01 11:11:42,38000.0,TRANSFER,COMPLETED
TRX-KLN-20260801-07451,2026-08-01 18:31:46,1500.0,CASH,COMPLETED
TRX-KLN-20260801-07452,2026-08-01 16:10:11,23000.0,CASH,COMPLETED
TRX-KLN-20260801-07453,2026-08-01 15:47:07,36000.0,CASH,COMPLETED
TRX-KLN-20260801-07454,2026-08-01 17:29:11,24500.0,CASH,COMPLETED
TRX-KLN-20260801-07455,2026-08-01 11:42:12,63000.0,CASH,COMPLETED
TRX-KLN-20260801-07456,2026-08-01 11:11:07,15000.0,CASH,COMPLETED
TRX-KLN-20260801-07457,2026-08-01 17:20:30,103500.0,EWALLET,COMPLETED
