transaction_code,product_code,product_name,category,quantity,price,buying_price,discount,subtotal
STRX-260401-0001,MIE01,Indomie Goreng,Mie Instan,2,3000,2500,0,6000
STRX-260401-0001,SMB04,Kecap Manis,Sembako,1,4000,3300,0,4000
STRX-260401-0002,MIE02,Mie Sedap Goreng,Mie Instan,2,3000,2500,0,6000
STRX-260401-0003,SNK02,Better Caramel,Snack,2,2000,1600,0,4000
STRX-260401-0003,MIE01,Indomie Goreng,Mie Instan,2,3000,2500,0,6000
STRX-260401-0003,MNM01,Aqua Botol 600ml,Minuman,2,4000,3000,0,8000
STRX-260401-0003,MIE03,Mie Sedap Soto Ayam,Mie Instan,1,3500,2750,0,3500
STRX-260401-0004,MSC01,Kopi Sachet Gula Aren,Minuman Sachet,4,2000,1700,0,8000
STRX-260401-0004,KRT01,Rinso Anti Noda Sachet,Kebutuhan RT,2,1425,1200,75,2850
STRX-260401-0005,KRT03,Sabun Cuci Baju,Kebutuhan RT,1,5000,4500,0,5000
STRX-260401-0005,MNM01,Aqua Botol 600ml,Minuman,3,4000,3000,0,12000
STRX-260401-0005,MNM02,Teh Pucuk Harum,Minuman,1,4000,3000,0,4000
STRX-260401-0005,KRT01,Rinso Anti Noda Sachet,Kebutuhan RT,1,1500,1200,0,1500
STRX-260401-0006,MSC02,Milo Sachet,Minuman Sachet,1,1000,700,0,1000
STRX-260401-0006,MSC01,Kopi Sachet Gula Aren,Minuman Sachet,1,2000,1700,0,2000
STRX-260401-0006,RKK01,Rokok Sampoerna,Rokok,4,27000,24000,0,108000
STRX-260401-0006,KRT02,Sunlight Cuci Piring,Kebutuhan RT,1,10000,9000,0,10000
STRX-260401-0006,SNK02,Better Caramel,Snack,1,2000,1600,0,2000
STRX-260401-0007,SNK01,Chitato,Snack,2,2000,1800,0,4000
STRX-260401-0008,PRW01,Shampoo Sachet,Perawatan Tubuh,1,1000,500,0,1000
STRX-260401-0008,MNM03,Fanta 390ml,Minuman,2,5000,4000,0,10000
STRX-260401-0009,MSC01,Kopi Sachet Gula Aren,Minuman Sachet,2,2000,1700,0,4000
STRX-260401-0009,MNM02,Teh Pucuk Harum,Minuman,2,4000,3000,0,8000
STRX-260401-0010,MSC02,Milo Sachet,Minuman Sachet,2,1000,700,0,2000
STRX-260401-0010,MIE01,Indomie Goreng,Mie Instan,4,3000,2500,0,12000
STRX-260401-0011,MIE01,Indomie Goreng,Mie Instan,2,3000,2500,0,6000
STRX-260401-0011,MSC02,Milo Sachet,Minuman Sachet,2,1000,700,0,2000
STRX-260401-0012,SMB01,Gula Pasir 1kg,Sembako,3,15500,13500,0,46500
STRX-260401-0012,MIE03,Mie Sedap Soto Ayam,Mie Instan,4,3500,2750,0,14000
STRX-260401-0013,SMB03,Tepung Beras,Sembako,1,4000,3300,0,4000
STRX-260401-0013,SNK01,Chitato,Snack,2,2000,1800,0,4000
STRX-260401-0013,KRT01,Rinso Anti Noda Sachet,Kebutuhan RT,1,1500,1200,0,1500
STRX-260401-0014,SNK01,Chitato,Snack,1,2000,1800,0,2000
STRX-260401-0014,RKK01,Rokok Sampoerna,Rokok,2,27000,24000,0,54000
STRX-260401-0014,MNM01,Aqua Botol 600ml,Minuman,1,3400,3000,600,3400
STRX-260401-0015,RKK01,Rokok Sampoerna,Rokok,1,24300,24000,2700,24300
STRX-260401-0016,MNM02,Teh Pucuk Harum,Minuman,2,4000,3000,0,8000
STRX-260401-0016,MNM04,Pocari Sweat,Minuman,1,5000,4000,0,5000
STRX-260401-0017,MNM01,Aqua Botol 600ml,Minuman,2,4000,3000,0,8000
STRX-260401-0018,MNM01,Aqua Botol 600ml,Minuman,4,4000,3000,0,16000
STRX-260401-0019,MIE01,Indomie Goreng,Mie Instan,4,3000,2500,0,12000
STRX-260401-0020,SMB02,Minyak Goreng 1L,Sembako,3,15000,13500,0,45000
STRX-260401-0020,PRW01,Shampoo Sachet,Perawatan Tubuh,1,1000,500,0,1000
STRX-260401-0020,KRT01,Rinso Anti Noda Sachet,Kebutuhan RT,1,1500,1200,0,1500
STRX-260401-0021,MNM01,Aqua Botol 600ml,Minuman,3,4000,3000,0,12000
STRX-260401-0022,MSC01,Kopi Sachet Gula Aren,Minuman Sachet,2,2000,1700,0,4000
STRX-260401-0022,RKK01,Rokok Sampoerna,Rokok,1,27000,24000,0,27000
STRX-260401-0022,MIE01,Indomie Goreng,Mie Instan,2,3000,2500,0,6000
STRX-260401-0022,MIE03,Mie Sedap Soto Ayam,Mie Instan,1,3500,2750,0,3500
STRX-260401-0022,PRW01,Shampoo Sachet,Perawatan Tubuh,1,1000,500,0,1000
STRX-260401-0023,MNM01,Aqua Botol 600ml,Minuman,1,4000,3000,0,4000
STRX-260401-0023,BMB01,Masako Ayam,Bumbu Dapur,2,5000,4500,0,10000
STRX-260401-0023,MSC01,Kopi Sachet Gula Aren,Minuman Sachet,1,2000,1700,0,2000
STRX-260401-0024,RKK01,Rokok Sampoerna,Rokok,3,27000,24000,0,81000
STRX-260401-0024,MIE03,Mie Sedap Soto Ayam,Mie Instan,2,3500,2750,0,7000
STRX-260401-0025,MNM03,Fanta 390ml,Minuman,1,5000,4000,0,5000
STRX-260401-0025,MIE01,Indomie Goreng,Mie Instan,1,3000,2500,0,3000
STRX-260401-0026,PRW01,Shampoo Sachet,Perawatan Tubuh,1,1000,500,0,1000
STRX-260401-0026,MSC02,Milo Sachet,Minuman Sachet,4,1000,700,0,4000
STRX-260401-0026,SMB01,Gula Pasir 1kg,Sembako,1,15500,13500,0,15500
STRX-260401-0027,MIE02,Mie Sedap Goreng,Mie Instan,4,3000,2500,0,12000
STRX-260401-0027,MIE04,Mie Sedap Cup Soto,Mie Instan,1,5500,4500,0,5500
STRX-260401-0028,MIE03,Mie Sedap Soto Ayam,Mie Instan,3,3500,2750,0,10500
STRX-260401-0028,SMB01,Gula Pasir 1kg,Sembako,2,15500,13500,0,31000
STRX-260401-0029,GAS01,Gas LPG 3kg,Kebutuhan Dapur,1,20700,20000,2300,20700
STRX-260401-0030,SMB02,Minyak Goreng 1L,Sembako,3,13500,13500,1500,40500
STRX-260401-0030,MNM01,Aqua Botol 600ml,Minuman,1,4000,3000,0,4000
STRX-260402-0031,PRW01,Shampoo Sachet,Perawatan Tubuh,2,1000,500,0,2000
STRX-260402-0031,SNK01,Chitato,Snack,1,2000,1800,0,2000
STRX-260402-0031,BMB01,Masako Ayam,Bumbu Dapur,4,5000,4500,0,20000
STRX-260402-0031,MIE02,Mie Sedap Goreng,Mie Instan,2,3000,2500,0,6000
STRX-260402-0032,SNK03,Chocolatos,Snack,2,1500,1000,0,3000
STRX-260402-0032,MIE01,Indomie Goreng,Mie Instan,4,3000,2500,0,12000
STRX-260402-0033,MIE02,Mie Sedap Goreng,Mie Instan,3,3000,2500,0,9000
STRX-260402-0033,MSC02,Milo Sachet,Minuman Sachet,2,1000,700,0,2000
STRX-260402-0033,MNM01,Aqua Botol 600ml,Minuman,4,4000,3000,0,16000
STRX-260402-0033,MIE03,Mie Sedap Soto Ayam,Mie Instan,1,3500,2750,0,3500
STRX-260402-0034,MIE02,Mie Sedap Goreng,Mie Instan,2,3000,2500,0,6000
STRX-260402-0034,MIE01,Indomie Goreng,Mie Instan,2,3000,2500,0,6000
STRX-260402-0034,MNM01,Aqua Botol 600ml,Minuman,3,3400,3000,600,10200
STRX-260402-0034,SNK01,Chitato,Snack,2,2000,1800,0,4000
STRX-260402-0034,MIE03,Mie Sedap Soto Ayam,Mie Instan,3,3500,2750,0,10500
STRX-260402-0035,MSC02,Milo Sachet,Minuman Sachet,3,1000,700,0,3000
STRX-260402-0035,RKK01,Rokok Sampoerna,Rokok,3,27000,24000,0,81000
STRX-260402-0035,MIE01,Indomie Goreng,Mie Instan,1,3000,2500,0,3000
STRX-260402-0035,BMB01,Masako Ayam,Bumbu Dapur,2,5000,4500,0,10000
STRX-260402-0036,MSC01,Kopi Sachet Gula Aren,Minuman Sachet,2,2000,1700,0,4000
STRX-260402-0036,SMB01,Gula Pasir 1kg,Sembako,2,15500,13500,0,31000
STRX-260402-0037,SNK03,Chocolatos,Snack,2,1500,1000,0,3000
STRX-260402-0037,PRW01,Shampoo Sachet,Perawatan Tubuh,2,1000,500,0,2000
STRX-260402-0038,MIE03,Mie Sedap Soto Ayam,Mie Instan,1,3500,2750,0,3500
STRX-260402-0038,SNK03,Chocolatos,Snack,2,1500,1000,0,3000
STRX-260402-0039,MIE02,Mie Sedap Goreng,Mie Instan,3,2850,2500,150,8550
STRX-260402-0039,RKK01,Rokok Sampoerna,Rokok,3,27000,24000,0,81000
STRX-260402-0039,MNM03,Fanta 390ml,Minuman,2,5000,4000,0,10000
STRX-260402-0040,KRT02,Sunlight Cuci Piring,Kebutuhan RT,2,10000,9000,0,20000
STRX-260402-0040,MNM02,Teh Pucuk Harum,Minuman,1,4000,3000,0,4000
STRX-260402-0041,BMB01,Masako Ayam,Bumbu Dapur,4,5000,4500,0,20000
STRX-260402-0041,MNM01,Aqua Botol 600ml,Minuman,3,4000,3000,0,12000
STRX-260402-0041,MNM02,Teh Pucuk Harum,Minuman,1,4000,3000,0,4000
STRX-260402-0042,SMB03,Tepung Beras,Sembako,1,4000,3300,0,4000
STRX-260402-0042,MIE03,Mie Sedap Soto Ayam,Mie Instan,1,3500,2750,0,3500
STRX-260402-0043,MNM01,Aqua Botol 600ml,Minuman,1,4000,3000,0,4000
STRX-260402-0043,MIE04,Mie Sedap Cup Soto,Mie Instan,1,5500,4500,0,5500
STRX-260402-0044,SNK02,Better Caramel,Snack,2,2000,1600,0,4000
STRX-260402-0044,MNM01,Aqua Botol 600ml,Minuman,2,4000,3000,0,8000
STRX-260402-0044,SMB01,Gula Pasir 1kg,Sembako,1,15500,13500,0,15500
STRX-260402-0045,MNM02,Teh Pucuk Harum,Minuman,2,4000,3000,0,8000
STRX-260402-0045,MNM01,Aqua Botol 600ml,Minuman,4,4000,3000,0,16000
STRX-260402-0046,MNM01,Aqua Botol 600ml,Minuman,1,4000,3000,0,4000
STRX-260402-0047,MIE02,Mie Sedap Goreng,Mie Instan,2,3000,2500,0,6000
STRX-260403-0048,KRT01,Rinso Anti Noda Sachet,Kebutuhan RT,1,1500,1200,0,1500
STRX-260403-0048,MNM02,Teh Pucuk Harum,Minuman,1,4000,3000,0,4000
STRX-260403-0049,GAS01,Gas LPG 3kg,Kebutuhan Dapur,1,23000,20000,0,23000
STRX-260403-0049,MIE02,Mie Sedap Goreng,Mie Instan,2,3000,2500,0,6000
STRX-260403-0049,SMB01,Gula Pasir 1kg,Sembako,2,15500,13500,0,31000
STRX-260403-0050,RKK01,Rokok Sampoerna,Rokok,2,27000,24000,0,54000
STRX-260403-0050,SNK02,Better Caramel,Snack,1,2000,1600,0,2000
STRX-260403-0050,MIE01,Indomie Goreng,Mie Instan,1,3000,2500,0,3000
STRX-260403-0050,MIE03,Mie Sedap Soto Ayam,Mie Instan,4,3500,2750,0,14000
STRX-260403-0050,MSC01,Kopi Sachet Gula Aren,Minuman Sachet,3,2000,1700,0,6000
STRX-260403-0051,PRW01,Shampoo Sachet,Perawatan Tubuh,1,1000,500,0,1000
STRX-260403-0052,SMB01,Gula Pasir 1kg,Sembako,1,15500,13500,0,15500
STRX-260403-0052,MNM01,Aqua Botol 600ml,Minuman,2,4000,3000,0,8000
STRX-260403-0052,MNM03,Fanta 390ml,Minuman,1,5000,4000,0,5000
STRX-260403-0053,MNM04,Pocari Sweat,Minuman,2,5000,4000,0,10000
STRX-260403-0053,MNM02,Teh Pucuk Harum,Minuman,1,4000,3000,0,4000
STRX-260403-0053,MNM01,Aqua Botol 600ml,Minuman,1,4000,3000,0,4000
STRX-260403-0053,SNK01,Chitato,Snack,2,2000,1800,0,4000
STRX-260403-0054,MNM02,Teh Pucuk Harum,Minuman,1,4000,3000,0,4000
STRX-260403-0054,MNM01,Aqua Botol 600ml,Minuman,4,4000,3000,0,16000
STRX-260403-0055,RKK01,Rokok Sampoerna,Rokok,3,27000,24000,0,81000
STRX-260403-0056,SMB01,Gula Pasir 1kg,Sembako,1,15500,13500,0,15500
STRX-260403-0056,MIE03,Mie Sedap Soto Ayam,Mie Instan,2,3500,2750,0,7000
STRX-260403-0057,MNM01,Aqua Botol 600ml,Minuman,3,4000,3000,0,12000
STRX-260403-0057,MNM02,Teh Pucuk Harum,Minuman,2,4000,3000,0,8000
STRX-260403-0057,MIE03,Mie Sedap Soto Ayam,Mie Instan,3,3500,2750,0,10500
STRX-260403-0058,PRW01,Shampoo Sachet,Perawatan Tubuh,1,1000,500,0,1000
STRX-260403-0058,MNM04,Pocari Sweat,Minuman,1,4250,4000,750,4250
STRX-260403-0058,MIE03,Mie Sedap Soto Ayam,Mie Instan,1,3325,2750,175,3325
STRX-260403-0059,MSC02,Milo Sachet,Minuman Sachet,2,1000,700,0,2000
STRX-260403-0059,SNK01,Chitato,Snack,3,2000,1800,0,6000
STRX-260403-0059,SMB04,Kecap Manis,Sembako,2,4000,3300,0,8000
STRX-260403-0059,SMB01,Gula Pasir 1kg,Sembako,1,15500,13500,0,15500
STRX-260403-0060,MIE01,Indomie Goreng,Mie Instan,2,3000,2500,0,6000
STRX-260403-0061,MSC01,Kopi Sachet Gula Aren,Minuman Sachet,2,2000,1700,0,4000
STRX-260403-0061,MSC02,Milo Sachet,Minuman Sachet,1,1000,700,0,1000
STRX-260403-0062,MSC02,Milo Sachet,Minuman Sachet,1,1000,700,0,1000
STRX-260403-0062,SNK01,Chitato,Snack,1,2000,1800,0,2000
STRX-260403-0062,GAS01,Gas LPG 3kg,Kebutuhan Dapur,1,20700,20000,2300,20700
STRX-260403-0063,MIE02,Mie Sedap Goreng,Mie Instan,2,3000,2500,0,6000
STRX-260403-0063,RKK01,Rokok Sampoerna,Rokok,4,27000,24000,0,108000
STRX-260403-0064,MIE02,Mie Sedap Goreng,Mie Instan,1,3000,2500,0,3000
STRX-260403-0064,MIE01,Indomie Goreng,Mie Instan,3,3000,2500,0,9000
STRX-260403-0065,MIE01,Indomie Goreng,Mie Instan,4,3000,2500,0,12000
STRX-260403-0065,RKK01,Rokok Sampoerna,Rokok,2,27000,24000,0,54000
STRX-260403-0066,MSC01,Kopi Sachet Gula Aren,Minuman Sachet,4,2000,1700,0,8000
STRX-260403-0066,SMB01,Gula Pasir 1kg,Sembako,1,15500,13500,0,15500
STRX-260403-0066,MIE02,Mie Sedap Goreng,Mie Instan,4,3000,2500,0,12000
STRX-260403-0067,MSC02,Milo Sachet,Minuman Sachet,2,1000,700,0,2000
STRX-260403-0067,BMB01,Masako Ayam,Bumbu Dapur,2,5000,4500,0,10000
STRX-260403-0068,SMB04,Kecap Manis,Sembako,1,4000,3300,0,4000
STRX-260403-0068,MIE01,Indomie Goreng,Mie Instan,2,3000,2500,0,6000
STRX-260403-0069,MIE03,Mie Sedap Soto Ayam,Mie Instan,2,3500,2750,0,7000
STRX-260403-0069,PRW01,Shampoo Sachet,Perawatan Tubuh,2,1000,500,0,2000
STRX-260403-0070,MSC02,Milo Sachet,Minuman Sachet,1,1000,700,0,1000
STRX-260403-0070,MNM03,Fanta 390ml,Minuman,1,5000,4000,0,5000
STRX-260403-0071,PRW01,Shampoo Sachet,Perawatan Tubuh,1,1000,500,0,1000
STRX-260403-0072,MIE02,Mie Sedap Goreng,Mie Instan,4,3000,2500,0,12000
STRX-260403-0072,KRT02,Sunlight Cuci Piring,Kebutuhan RT,1,10000,9000,0,10000
STRX-260404-0073,PRW01,Shampoo Sachet,Perawatan Tubuh,1,1000,500,0,1000
STRX-260404-0073,MIE02,Mie Sedap Goreng,Mie Instan,4,3000,2500,0,12000
STRX-260404-0073,MSC01,Kopi Sachet Gula Aren,Minuman Sachet,3,2000,1700,0,6000
STRX-260404-0073,MNM01,Aqua Botol 600ml,Minuman,4,4000,3000,0,16000
STRX-260404-0074,KRT02,Sunlight Cuci Piring,Kebutuhan RT,1,10000,9000,0,10000
STRX-260404-0074,MSC01,Kopi Sachet Gula Aren,Minuman Sachet,2,2000,1700,0,4000
STRX-260404-0074,MSC02,Milo Sachet,Minuman Sachet,2,1000,700,0,2000
STRX-260404-0075,MNM01,Aqua Botol 600ml,Minuman,2,4000,3000,0,8000
STRX-260404-0075,KRT03,Sabun Cuci Baju,Kebutuhan RT,3,5000,4500,0,15000
STRX-260404-0076,PRW01,Shampoo Sachet,Perawatan Tubuh,2,1000,500,0,2000
STRX-260404-0076,MNM03,Fanta 390ml,Minuman,1,5000,4000,0,5000
STRX-260404-0076,SMB02,Minyak Goreng 1L,Sembako,1,15000,13500,0,15000
STRX-260404-0077,SMB03,Tepung Beras,Sembako,1,4000,3300,0,4000
STRX-260404-0077,SNK03,Chocolatos,Snack,1,1500,1000,0,1500
STRX-260404-0077,MIE02,Mie Sedap Goreng,Mie Instan,3,3000,2500,0,9000
STRX-260404-0077,MSC02,Milo Sachet,Minuman Sachet,2,1000,700,0,2000
STRX-260404-0077,MNM01,Aqua Botol 600ml,Minuman,3,4000,3000,0,12000
STRX-260404-0078,SNK01,Chitato,Snack,2,2000,1800,0,4000
STRX-260404-0078,MNM01,Aqua Botol 600ml,Minuman,1,4000,3000,0,4000
STRX-260404-0078,SMB04,Kecap Manis,Sembako,1,4000,3300,0,4000
STRX-260404-0078,MSC02,Milo Sachet,Minuman Sachet,1,1000,700,0,1000
STRX-260404-0078,KRT03,Sabun Cuci Baju,Kebutuhan RT,1,5000,4500,0,5000
STRX-260404-0079,MNM01,Aqua Botol 600ml,Minuman,1,4000,3000,0,4000
STRX-260404-0079,RKK01,Rokok Sampoerna,Rokok,2,27000,24000,0,54000
STRX-260404-0079,MNM03,Fanta 390ml,Minuman,2,5000,4000,0,10000
STRX-260404-0080,MNM01,Aqua Botol 600ml,Minuman,2,4000,3000,0,8000
STRX-260404-0081,MIE03,Mie Sedap Soto Ayam,Mie Instan,1,3500,2750,0,3500
STRX-260404-0081,PRW01,Shampoo Sachet,Perawatan Tubuh,1,1000,500,0,1000
STRX-260404-0082,MSC02,Milo Sachet,Minuman Sachet,3,1000,700,0,3000
STRX-260404-0082,MIE03,Mie Sedap Soto Ayam,Mie Instan,4,3500,2750,0,14000
STRX-260404-0082,MSC01,Kopi Sachet Gula Aren,Minuman Sachet,3,2000,1700,0,6000
STRX-260404-0082,RKK01,Rokok Sampoerna,Rokok,2,27000,24000,0,54000
STRX-260404-0082,SNK01,Chitato,Snack,2,2000,1800,0,4000
STRX-260404-0083,MIE01,Indomie Goreng,Mie Instan,3,2700,2500,300,8100
STRX-260404-0083,SMB04,Kecap Manis,Sembako,2,4000,3300,0,8000
STRX-260404-0083,MSC02,Milo Sachet,Minuman Sachet,1,1000,700,0,1000
STRX-260404-0084,KRT03,Sabun Cuci Baju,Kebutuhan RT,1,5000,4500,0,5000
STRX-260404-0084,MNM01,Aqua Botol 600ml,Minuman,4,4000,3000,0,16000
STRX-260404-0084,MNM03,Fanta 390ml,Minuman,1,5000,4000,0,5000
STRX-260404-0085,MIE01,Indomie Goreng,Mie Instan,4,3000,2500,0,12000
STRX-260404-0085,PRW01,Shampoo Sachet,Perawatan Tubuh,2,850,500,150,1700
STRX-260404-0085,KRT03,Sabun Cuci Baju,Kebutuhan RT,1,5000,4500,0,5000
STRX-260404-0085,SNK01,Chitato,Snack,2,2000,1800,0,4000
STRX-260404-0086,MIE01,Indomie Goreng,Mie Instan,4,3000,2500,0,12000
STRX-260404-0086,MIE02,Mie Sedap Goreng,Mie Instan,1,3000,2500,0,3000
STRX-260404-0086,SMB01,Gula Pasir 1kg,Sembako,3,15500,13500,0,46500
STRX-260404-0086,BMB01,Masako Ayam,Bumbu Dapur,2,5000,4500,0,10000
STRX-260404-0087,MIE01,Indomie Goreng,Mie Instan,3,3000,2500,0,9000
STRX-260404-0087,MIE02,Mie Sedap Goreng,Mie Instan,2,3000,2500,0,6000
STRX-260404-0087,MNM04,Pocari Sweat,Minuman,2,5000,4000,0,10000
STRX-260404-0087,MNM01,Aqua Botol 600ml,Minuman,4,4000,3000,0,16000
STRX-260404-0088,MNM01,Aqua Botol 600ml,Minuman,5,4000,3000,0,20000
STRX-260404-0089,BMB01,Masako Ayam,Bumbu Dapur,1,5000,4500,0,5000
STRX-260404-0089,MSC02,Milo Sachet,Minuman Sachet,4,1000,700,0,4000
STRX-260404-0090,MSC01,Kopi Sachet Gula Aren,Minuman Sachet,1,2000,1700,0,2000
STRX-260404-0090,SMB01,Gula Pasir 1kg,Sembako,1,15500,13500,0,15500
STRX-260404-0090,SNK03,Chocolatos,Snack,1,1500,1000,0,1500
STRX-260404-0091,SNK03,Chocolatos,Snack,3,1500,1000,0,4500
STRX-260404-0091,MSC01,Kopi Sachet Gula Aren,Minuman Sachet,3,2000,1700,0,6000
STRX-260404-0091,MIE03,Mie Sedap Soto Ayam,Mie Instan,4,3500,2750,0,14000
STRX-260404-0092,MIE03,Mie Sedap Soto Ayam,Mie Instan,3,3500,2750,0,10500
STRX-260404-0092,MIE01,Indomie Goreng,Mie Instan,3,3000,2500,0,9000
STRX-260404-0093,MNM02,Teh Pucuk Harum,Minuman,3,4000,3000,0,12000
STRX-260404-0093,MIE02,Mie Sedap Goreng,Mie Instan,2,3000,2500,0,6000
STRX-260404-0093,MSC02,Milo Sachet,Minuman Sachet,1,1000,700,0,1000
STRX-260404-0094,MNM03,Fanta 390ml,Minuman,2,5000,4000,0,10000
STRX-260404-0094,BMB01,Masako Ayam,Bumbu Dapur,1,5000,4500,0,5000
STRX-260404-0094,SMB03,Tepung Beras,Sembako,1,4000,3300,0,4000
STRX-260404-0095,MNM03,Fanta 390ml,Minuman,1,5000,4000,0,5000
STRX-260404-0095,MNM01,Aqua Botol 600ml,Minuman,4,4000,3000,0,16000
STRX-260404-0096,MIE02,Mie Sedap Goreng,Mie Instan,2,3000,2500,0,6000
STRX-260404-0096,MIE04,Mie Sedap Cup Soto,Mie Instan,1,5500,4500,0,5500
STRX-260404-0097,MNM02,Teh Pucuk Harum,Minuman,2,4000,3000,0,8000
STRX-260404-0097,SMB04,Kecap Manis,Sembako,1,4000,3300,0,4000
STRX-260404-0098,MIE01,Indomie Goreng,Mie Instan,3,3000,2500,0,9000
STRX-260404-0098,MNM01,Aqua Botol 600ml,Minuman,3,4000,3000,0,12000
STRX-260404-0099,MNM03,Fanta 390ml,Minuman,1,5000,4000,0,5000
STRX-260404-0100,SNK02,Better Caramel,Snack,2,2000,1600,0,4000
STRX-260404-0100,MSC01,Kopi Sachet Gula Aren,Minuman Sachet,4,2000,1700,0,8000
STRX-260404-0101,MSC02,Milo Sachet,Minuman Sachet,3,1000,700,0,3000
STRX-260404-0101,RKK01,Rokok Sampoerna,Rokok,2,27000,24000,0,54000
STRX-260404-0101,SMB01,Gula Pasir 1kg,Sembako,1,15500,13500,0,15500
STRX-260404-0102,SMB01,Gula Pasir 1kg,Sembako,1,15500,13500,0,15500
STRX-260404-0102,SNK01,Chitato,Snack,2,2000,1800,0,4000
STRX-260404-0102,MIE02,Mie Sedap Goreng,Mie Instan,2,3000,2500,0,6000
STRX-260404-0103,SMB02,Minyak Goreng 1L,Sembako,2,15000,13500,0,30000
STRX-260404-0103,SMB04,Kecap Manis,Sembako,1,4000,3300,0,4000
STRX-260404-0103,MNM02,Teh Pucuk Harum,Minuman,1,4000,3000,0,4000
STRX-260405-0104,SMB02,Minyak Goreng 1L,Sembako,1,15000,13500,0,15000
STRX-260405-0104,MNM01,Aqua Botol 600ml,Minuman,1,4000,3000,0,4000
STRX-260405-0104,MSC01,Kopi Sachet Gula Aren,Minuman Sachet,2,1700,1700,300,3400
STRX-260405-0105,RKK01,Rokok Sampoerna,Rokok,4,27000,24000,0,108000
STRX-260405-0105,MNM03,Fanta 390ml,Minuman,2,4750,4000,250,9500
STRX-260405-0106,MSC01,Kopi Sachet Gula Aren,Minuman Sachet,1,2000,1700,0,2000
STRX-260405-0106,RKK01,Rokok Sampoerna,Rokok,4,27000,24000,0,108000
STRX-260405-0106,MNM01,Aqua Botol 600ml,Minuman,4,4000,3000,0,16000
STRX-260405-0107,MNM01,Aqua Botol 600ml,Minuman,1,4000,3000,0,4000
STRX-260405-0108,MIE01,Indomie Goreng,Mie Instan,2,3000,2500,0,6000
STRX-260405-0108,MNM03,Fanta 390ml,Minuman,1,5000,4000,0,5000
STRX-260405-0109,SMB04,Kecap Manis,Sembako,1,4000,3300,0,4000
STRX-260405-0110,SNK02,Better Caramel,Snack,2,2000,1600,0,4000
STRX-260405-0111,MSC02,Milo Sachet,Minuman Sachet,2,1000,700,0,2000
STRX-260405-0111,PRW01,Shampoo Sachet,Perawatan Tubuh,2,1000,500,0,2000
STRX-260405-0111,MIE03,Mie Sedap Soto Ayam,Mie Instan,2,3500,2750,0,7000
STRX-260405-0112,SMB02,Minyak Goreng 1L,Sembako,2,15000,13500,0,30000
STRX-260405-0112,KRT01,Rinso Anti Noda Sachet,Kebutuhan RT,2,1500,1200,0,3000
STRX-260405-0113,SNK01,Chitato,Snack,1,2000,1800,0,2000
STRX-260405-0113,SMB02,Minyak Goreng 1L,Sembako,1,15000,13500,0,15000
STRX-260405-0113,BMB01,Masako Ayam,Bumbu Dapur,4,5000,4500,0,20000
STRX-260405-0113,MSC01,Kopi Sachet Gula Aren,Minuman Sachet,1,2000,1700,0,2000
STRX-260405-0113,MIE02,Mie Sedap Goreng,Mie Instan,1,3000,2500,0,3000
STRX-260405-0114,MIE01,Indomie Goreng,Mie Instan,2,3000,2500,0,6000
STRX-260405-0114,MNM01,Aqua Botol 600ml,Minuman,2,4000,3000,0,8000
STRX-260405-0115,MSC01,Kopi Sachet Gula Aren,Minuman Sachet,4,2000,1700,0,8000
STRX-260405-0115,MNM01,Aqua Botol 600ml,Minuman,3,4000,3000,0,12000
STRX-260405-0116,MNM01,Aqua Botol 600ml,Minuman,3,4000,3000,0,12000
STRX-260405-0117,MNM01,Aqua Botol 600ml,Minuman,3,4000,3000,0,12000
STRX-260405-0117,SNK03,Chocolatos,Snack,2,1500,1000,0,3000
STRX-260405-0118,MNM03,Fanta 390ml,Minuman,1,5000,4000,0,5000
STRX-260405-0118,SMB01,Gula Pasir 1kg,Sembako,1,15500,13500,0,15500
STRX-260405-0118,MIE03,Mie Sedap Soto Ayam,Mie Instan,1,3500,2750,0,3500
STRX-260405-0119,KRT01,Rinso Anti Noda Sachet,Kebutuhan RT,2,1500,1200,0,3000
STRX-260405-0119,KRT03,Sabun Cuci Baju,Kebutuhan RT,1,5000,4500,0,5000
STRX-260405-0119,SMB02,Minyak Goreng 1L,Sembako,2,15000,13500,0,30000
STRX-260405-0120,SMB02,Minyak Goreng 1L,Sembako,2,15000,13500,0,30000
STRX-260405-0120,MNM01,Aqua Botol 600ml,Minuman,3,4000,3000,0,12000
STRX-260405-0120,RKK01,Rokok Sampoerna,Rokok,1,27000,24000,0,27000
STRX-260405-0121,MNM01,Aqua Botol 600ml,Minuman,2,4000,3000,0,8000
STRX-260405-0121,GAS01,Gas LPG 3kg,Kebutuhan Dapur,3,23000,20000,0,69000
STRX-260405-0121,PRW01,Shampoo Sachet,Perawatan Tubuh,2,1000,500,0,2000
STRX-260405-0121,MNM02,Teh Pucuk Harum,Minuman,1,4000,3000,0,4000
STRX-260405-0122,RKK01,Rokok Sampoerna,Rokok,2,27000,24000,0,54000
STRX-260405-0122,MNM03,Fanta 390ml,Minuman,2,5000,4000,0,10000
STRX-260405-0122,MIE01,Indomie Goreng,Mie Instan,4,3000,2500,0,12000
STRX-260405-0122,SMB04,Kecap Manis,Sembako,2,4000,3300,0,8000
STRX-260405-0123,MIE02,Mie Sedap Goreng,Mie Instan,1,3000,2500,0,3000
STRX-260405-0123,PRW01,Shampoo Sachet,Perawatan Tubuh,2,1000,500,0,2000
STRX-260405-0124,BMB01,Masako Ayam,Bumbu Dapur,4,5000,4500,0,20000
STRX-260405-0125,SMB03,Tepung Beras,Sembako,2,4000,3300,0,8000
STRX-260405-0126,SNK02,Better Caramel,Snack,1,2000,1600,0,2000
STRX-260405-0126,MIE02,Mie Sedap Goreng,Mie Instan,3,3000,2500,0,9000
STRX-260405-0127,SMB01,Gula Pasir 1kg,Sembako,1,15500,13500,0,15500
STRX-260405-0127,MNM03,Fanta 390ml,Minuman,1,5000,4000,0,5000
STRX-260405-0127,MIE02,Mie Sedap Goreng,Mie Instan,3,3000,2500,0,9000
STRX-260405-0128,MNM04,Pocari Sweat,Minuman,1,5000,4000,0,5000
STRX-260405-0128,SNK03,Chocolatos,Snack,2,1500,1000,0,3000
STRX-260405-0128,MNM03,Fanta 390ml,Minuman,1,5000,4000,0,5000
STRX-260405-0128,SMB01,Gula Pasir 1kg,Sembako,2,15500,13500,0,31000
STRX-260405-0128,KRT03,Sabun Cuci Baju,Kebutuhan RT,1,5000,4500,0,5000
STRX-260405-0129,SNK03,Chocolatos,Snack,1,1500,1000,0,1500
STRX-260405-0129,MIE01,Indomie Goreng,Mie Instan,3,3000,2500,0,9000
STRX-260405-0130,SMB02,Minyak Goreng 1L,Sembako,1,15000,13500,0,15000
STRX-260405-0130,MIE02,Mie Sedap Goreng,Mie Instan,4,3000,2500,0,12000
STRX-260405-0130,SNK03,Chocolatos,Snack,1,1500,1000,0,1500
STRX-260405-0130,BMB01,Masako Ayam,Bumbu Dapur,1,5000,4500,0,5000
STRX-260405-0131,MIE01,Indomie Goreng,Mie Instan,3,3000,2500,0,9000
STRX-260405-0131,MNM01,Aqua Botol 600ml,Minuman,2,4000,3000,0,8000
STRX-260405-0132,SNK03,Chocolatos,Snack,1,1500,1000,0,1500
STRX-260405-0132,MIE02,Mie Sedap Goreng,Mie Instan,5,3000,2500,0,15000
STRX-260405-0133,MSC02,Milo Sachet,Minuman Sachet,3,1000,700,0,3000
STRX-260405-0134,SNK01,Chitato,Snack,1,2000,1800,0,2000
STRX-260405-0134,BMB01,Masako Ayam,Bumbu Dapur,3,5000,4500,0,15000
STRX-260405-0135,SNK03,Chocolatos,Snack,1,1500,1000,0,1500
STRX-260405-0135,RKK01,Rokok Sampoerna,Rokok,3,25650,24000,1350,76950
STRX-260405-0136,MNM01,Aqua Botol 600ml,Minuman,3,4000,3000,0,12000
STRX-260405-0136,MSC01,Kopi Sachet Gula Aren,Minuman Sachet,2,2000,1700,0,4000
STRX-260405-0137,MIE03,Mie Sedap Soto Ayam,Mie Instan,1,3500,2750,0,3500
STRX-260405-0138,MIE02,Mie Sedap Goreng,Mie Instan,1,3000,2500,0,3000
STRX-260405-0138,MNM02,Teh Pucuk Harum,Minuman,1,4000,3000,0,4000
STRX-260405-0139,RKK01,Rokok Sampoerna,Rokok,4,27000,24000,0,108000
STRX-260405-0140,SMB03,Tepung Beras,Sembako,2,4000,3300,0,8000
STRX-260405-0140,MNM04,Pocari Sweat,Minuman,3,5000,4000,0,15000
STRX-260405-0141,PRW01,Shampoo Sachet,Perawatan Tubuh,1,1000,500,0,1000
STRX-260405-0141,SNK03,Chocolatos,Snack,1,1500,1000,0,1500
STRX-260405-0142,SMB04,Kecap Manis,Sembako,1,4000,3300,0,4000
STRX-260405-0142,MIE03,Mie Sedap Soto Ayam,Mie Instan,4,3500,2750,0,14000
STRX-260405-0142,PRW01,Shampoo Sachet,Perawatan Tubuh,3,1000,500,0,3000
STRX-260405-0143,MIE01,Indomie Goreng,Mie Instan,2,3000,2500,0,6000
STRX-260405-0143,KRT01,Rinso Anti Noda Sachet,Kebutuhan RT,1,1500,1200,0,1500
STRX-260405-0144,MIE01,Indomie Goreng,Mie Instan,2,3000,2500,0,6000
STRX-260405-0145,KRT02,Sunlight Cuci Piring,Kebutuhan RT,1,10000,9000,0,10000
STRX-260405-0145,MIE02,Mie Sedap Goreng,Mie Instan,2,3000,2500,0,6000
STRX-260405-0145,MSC02,Milo Sachet,Minuman Sachet,4,1000,700,0,4000
STRX-260405-0145,MSC01,Kopi Sachet Gula Aren,Minuman Sachet,3,2000,1700,0,6000
STRX-260405-0146,SMB02,Minyak Goreng 1L,Sembako,1,15000,13500,0,15000
STRX-260405-0146,KRT03,Sabun Cuci Baju,Kebutuhan RT,1,5000,4500,0,5000
STRX-260405-0146,SMB03,Tepung Beras,Sembako,1,4000,3300,0,4000
STRX-260405-0146,GAS01,Gas LPG 3kg,Kebutuhan Dapur,1,23000,20000,0,23000
STRX-260405-0147,RKK01,Rokok Sampoerna,Rokok,2,27000,24000,0,54000
STRX-260405-0147,MIE03,Mie Sedap Soto Ayam,Mie Instan,3,3500,2750,0,10500
STRX-260405-0147,SMB03,Tepung Beras,Sembako,2,4000,3300,0,8000
STRX-260405-0148,MNM01,Aqua Botol 600ml,Minuman,2,4000,3000,0,8000
STRX-260406-0149,GAS01,Gas LPG 3kg,Kebutuhan Dapur,1,23000,20000,0,23000
STRX-260406-0150,MSC01,Kopi Sachet Gula Aren,Minuman Sachet,2,2000,1700,0,4000
STRX-260406-0150,MIE03,Mie Sedap Soto Ayam,Mie Instan,2,3500,2750,0,7000
STRX-260406-0151,PRW01,Shampoo Sachet,Perawatan Tubuh,1,1000,500,0,1000
STRX-260406-0151,MIE02,Mie Sedap Goreng,Mie Instan,4,3000,2500,0,12000
STRX-260406-0152,MIE01,Indomie Goreng,Mie Instan,1,3000,2500,0,3000
STRX-260406-0153,MSC01,Kopi Sachet Gula Aren,Minuman Sachet,1,2000,1700,0,2000
STRX-260406-0153,MIE02,Mie Sedap Goreng,Mie Instan,3,3000,2500,0,9000
STRX-260406-0154,MIE01,Indomie Goreng,Mie Instan,2,3000,2500,0,6000
STRX-260406-0154,SMB04,Kecap Manis,Sembako,1,4000,3300,0,4000
STRX-260406-0154,MNM01,Aqua Botol 600ml,Minuman,2,3800,3000,200,7600
STRX-260406-0155,MNM03,Fanta 390ml,Minuman,1,5000,4000,0,5000
STRX-260406-0155,MIE01,Indomie Goreng,Mie Instan,3,3000,2500,0,9000
STRX-260406-0155,BMB01,Masako Ayam,Bumbu Dapur,2,5000,4500,0,10000
STRX-260406-0156,MIE03,Mie Sedap Soto Ayam,Mie Instan,5,3500,2750,0,17500
STRX-260406-0156,KRT01,Rinso Anti Noda Sachet,Kebutuhan RT,2,1500,1200,0,3000
STRX-260406-0156,MNM01,Aqua Botol 600ml,Minuman,3,3600,3000,400,10800
STRX-260406-0157,SNK02,Better Caramel,Snack,1,2000,1600,0,2000
STRX-260406-0157,MSC01,Kopi Sachet Gula Aren,Minuman Sachet,3,2000,1700,0,6000
STRX-260406-0157,SNK01,Chitato,Snack,1,2000,1800,0,2000
STRX-260406-0158,SMB01,Gula Pasir 1kg,Sembako,1,15500,13500,0,15500
STRX-260406-0159,MNM02,Teh Pucuk Harum,Minuman,1,4000,3000,0,4000
STRX-260406-0159,KRT02,Sunlight Cuci Piring,Kebutuhan RT,3,10000,9000,0,30000
STRX-260406-0159,SNK01,Chitato,Snack,1,2000,1800,0,2000
STRX-260406-0160,MNM01,Aqua Botol 600ml,Minuman,3,4000,3000,0,12000
STRX-260406-0160,SNK02,Better Caramel,Snack,2,2000,1600,0,4000
STRX-260406-0161,BMB01,Masako Ayam,Bumbu Dapur,3,5000,4500,0,15000
STRX-260406-0161,PRW01,Shampoo Sachet,Perawatan Tubuh,1,1000,500,0,1000
STRX-260406-0162,MIE03,Mie Sedap Soto Ayam,Mie Instan,5,3500,2750,0,17500
STRX-260406-0162,MIE01,Indomie Goreng,Mie Instan,5,3000,2500,0,15000
STRX-260406-0162,RKK01,Rokok Sampoerna,Rokok,1,27000,24000,0,27000
STRX-260407-0163,MNM02,Teh Pucuk Harum,Minuman,3,4000,3000,0,12000
STRX-260407-0163,MIE02,Mie Sedap Goreng,Mie Instan,1,3000,2500,0,3000
STRX-260407-0164,BMB01,Masako Ayam,Bumbu Dapur,1,5000,4500,0,5000
STRX-260407-0165,SNK02,Better Caramel,Snack,1,2000,1600,0,2000
STRX-260407-0166,MNM02,Teh Pucuk Harum,Minuman,1,4000,3000,0,4000
STRX-260407-0166,MSC02,Milo Sachet,Minuman Sachet,3,1000,700,0,3000
STRX-260407-0166,SNK02,Better Caramel,Snack,2,2000,1600,0,4000
STRX-260407-0166,MIE03,Mie Sedap Soto Ayam,Mie Instan,1,3500,2750,0,3500
STRX-260407-0167,BMB01,Masako Ayam,Bumbu Dapur,2,5000,4500,0,10000
STRX-260407-0168,KRT03,Sabun Cuci Baju,Kebutuhan RT,1,5000,4500,0,5000
STRX-260407-0168,SMB01,Gula Pasir 1kg,Sembako,1,15500,13500,0,15500
STRX-260407-0168,MSC01,Kopi Sachet Gula Aren,Minuman Sachet,4,2000,1700,0,8000
STRX-260407-0168,MIE01,Indomie Goreng,Mie Instan,2,3000,2500,0,6000
STRX-260407-0169,MSC02,Milo Sachet,Minuman Sachet,1,1000,700,0,1000
STRX-260407-0169,RKK01,Rokok Sampoerna,Rokok,1,27000,24000,0,27000
STRX-260407-0169,SMB01,Gula Pasir 1kg,Sembako,2,15500,13500,0,31000
STRX-260407-0170,RKK01,Rokok Sampoerna,Rokok,1,27000,24000,0,27000
STRX-260407-0171,MNM02,Teh Pucuk Harum,Minuman,1,4000,3000,0,4000
STRX-260407-0171,MIE02,Mie Sedap Goreng,Mie Instan,1,3000,2500,0,3000
STRX-260407-0172,MIE03,Mie Sedap Soto Ayam,Mie Instan,2,3500,2750,0,7000
STRX-260408-0173,MNM01,Aqua Botol 600ml,Minuman,5,4000,3000,0,20000
STRX-260408-0173,MIE02,Mie Sedap Goreng,Mie Instan,3,3000,2500,0,9000
STRX-260408-0173,PRW01,Shampoo Sachet,Perawatan Tubuh,2,1000,500,0,2000
STRX-260408-0173,MNM02,Teh Pucuk Harum,Minuman,2,4000,3000,0,8000
STRX-260408-0174,SMB04,Kecap Manis,Sembako,1,4000,3300,0,4000
STRX-260408-0174,MNM02,Teh Pucuk Harum,Minuman,1,4000,3000,0,4000
STRX-260408-0174,RKK01,Rokok Sampoerna,Rokok,1,27000,24000,0,27000
STRX-260408-0174,SMB03,Tepung Beras,Sembako,1,4000,3300,0,4000
STRX-260408-0175,BMB01,Masako Ayam,Bumbu Dapur,1,5000,4500,0,5000
STRX-260408-0175,MNM02,Teh Pucuk Harum,Minuman,1,4000,3000,0,4000
STRX-260408-0176,MNM01,Aqua Botol 600ml,Minuman,1,4000,3000,0,4000
STRX-260408-0176,KRT01,Rinso Anti Noda Sachet,Kebutuhan RT,1,1500,1200,0,1500
STRX-260408-0176,SNK01,Chitato,Snack,3,2000,1800,0,6000
STRX-260408-0177,MIE01,Indomie Goreng,Mie Instan,3,3000,2500,0,9000
STRX-260408-0178,KRT03,Sabun Cuci Baju,Kebutuhan RT,2,5000,4500,0,10000
STRX-260408-0178,BMB01,Masako Ayam,Bumbu Dapur,2,5000,4500,0,10000
STRX-260408-0179,MNM01,Aqua Botol 600ml,Minuman,2,4000,3000,0,8000
STRX-260408-0179,MIE01,Indomie Goreng,Mie Instan,2,3000,2500,0,6000
STRX-260408-0179,PRW01,Shampoo Sachet,Perawatan Tubuh,1,1000,500,0,1000
STRX-260408-0179,KRT01,Rinso Anti Noda Sachet,Kebutuhan RT,1,1500,1200,0,1500
STRX-260408-0179,SNK02,Better Caramel,Snack,2,2000,1600,0,4000
STRX-260408-0180,SNK02,Better Caramel,Snack,1,2000,1600,0,2000
STRX-260408-0180,BMB01,Masako Ayam,Bumbu Dapur,1,5000,4500,0,5000
STRX-260408-0181,SMB02,Minyak Goreng 1L,Sembako,2,15000,13500,0,30000
STRX-260408-0181,MNM01,Aqua Botol 600ml,Minuman,1,4000,3000,0,4000
STRX-260408-0182,MIE03,Mie Sedap Soto Ayam,Mie Instan,2,3500,2750,0,7000
STRX-260408-0182,MSC01,Kopi Sachet Gula Aren,Minuman Sachet,3,2000,1700,0,6000
STRX-260408-0182,RKK01,Rokok Sampoerna,Rokok,2,27000,24000,0,54000
STRX-260408-0183,MIE01,Indomie Goreng,Mie Instan,2,3000,2500,0,6000
STRX-260408-0183,RKK01,Rokok Sampoerna,Rokok,2,27000,24000,0,54000
STRX-260408-0183,MSC01,Kopi Sachet Gula Aren,Minuman Sachet,3,2000,1700,0,6000
STRX-260408-0184,MNM02,Teh Pucuk Harum,Minuman,2,4000,3000,0,8000
STRX-260408-0184,KRT03,Sabun Cuci Baju,Kebutuhan RT,1,5000,4500,0,5000
STRX-260408-0184,MIE03,Mie Sedap Soto Ayam,Mie Instan,2,3500,2750,0,7000
STRX-260408-0185,SMB03,Tepung Beras,Sembako,1,4000,3300,0,4000
STRX-260408-0185,MNM02,Teh Pucuk Harum,Minuman,1,4000,3000,0,4000
STRX-260408-0186,MIE02,Mie Sedap Goreng,Mie Instan,4,3000,2500,0,12000
STRX-260408-0186,SNK02,Better Caramel,Snack,3,1900,1600,100,5700
STRX-260408-0186,SNK01,Chitato,Snack,3,2000,1800,0,6000
STRX-260408-0186,MSC01,Kopi Sachet Gula Aren,Minuman Sachet,5,2000,1700,0,10000
STRX-260408-0187,MNM01,Aqua Botol 600ml,Minuman,2,4000,3000,0,8000
STRX-260408-0187,MIE02,Mie Sedap Goreng,Mie Instan,2,3000,2500,0,6000
STRX-260408-0187,MIE03,Mie Sedap Soto Ayam,Mie Instan,4,3500,2750,0,14000
STRX-260408-0188,KRT02,Sunlight Cuci Piring,Kebutuhan RT,1,10000,9000,0,10000
STRX-260408-0188,BMB01,Masako Ayam,Bumbu Dapur,1,5000,4500,0,5000
STRX-260409-0189,MIE03,Mie Sedap Soto Ayam,Mie Instan,1,3500,2750,0,3500
STRX-260409-0189,MIE02,Mie Sedap Goreng,Mie Instan,4,3000,2500,0,12000
STRX-260409-0190,MSC02,Milo Sachet,Minuman Sachet,2,1000,700,0,2000
STRX-260409-0190,MNM03,Fanta 390ml,Minuman,1,5000,4000,0,5000
STRX-260409-0190,MIE01,Indomie Goreng,Mie Instan,1,2850,2500,150,2850
STRX-260409-0190,SNK03,Chocolatos,Snack,3,1500,1000,0,4500
STRX-260409-0191,MSC02,Milo Sachet,Minuman Sachet,1,1000,700,0,1000
STRX-260409-0192,RKK01,Rokok Sampoerna,Rokok,1,27000,24000,0,27000
STRX-260409-0192,MSC02,Milo Sachet,Minuman Sachet,1,1000,700,0,1000
STRX-260409-0192,MNM02,Teh Pucuk Harum,Minuman,1,4000,3000,0,4000
STRX-260409-0193,MNM01,Aqua Botol 600ml,Minuman,2,4000,3000,0,8000
STRX-260409-0193,BMB01,Masako Ayam,Bumbu Dapur,3,5000,4500,0,15000
STRX-260409-0193,MIE01,Indomie Goreng,Mie Instan,2,3000,2500,0,6000
STRX-260409-0194,MIE02,Mie Sedap Goreng,Mie Instan,4,3000,2500,0,12000
STRX-260409-0194,RKK01,Rokok Sampoerna,Rokok,5,27000,24000,0,135000
STRX-260409-0195,MSC01,Kopi Sachet Gula Aren,Minuman Sachet,1,2000,1700,0,2000
STRX-260409-0195,SMB02,Minyak Goreng 1L,Sembako,1,15000,13500,0,15000
STRX-260409-0196,BMB01,Masako Ayam,Bumbu Dapur,1,5000,4500,0,5000
STRX-260409-0196,MIE02,Mie Sedap Goreng,Mie Instan,3,3000,2500,0,9000
STRX-260409-0196,RKK01,Rokok Sampoerna,Rokok,2,27000,24000,0,54000
STRX-260409-0197,PRW01,Shampoo Sachet,Perawatan Tubuh,2,1000,500,0,2000
STRX-260409-0197,MSC01,Kopi Sachet Gula Aren,Minuman Sachet,1,2000,1700,0,2000
STRX-260409-0198,RKK01,Rokok Sampoerna,Rokok,3,27000,24000,0,81000
STRX-260409-0198,MNM04,Pocari Sweat,Minuman,2,5000,4000,0,10000
STRX-260409-0198,MNM01,Aqua Botol 600ml,Minuman,1,4000,3000,0,4000
STRX-260409-0198,SNK01,Chitato,Snack,1,2000,1800,0,2000
STRX-260409-0199,SNK02,Better Caramel,Snack,3,2000,1600,0,6000
STRX-260409-0199,SMB01,Gula Pasir 1kg,Sembako,1,15500,13500,0,15500
STRX-260409-0200,MNM01,Aqua Botol 600ml,Minuman,1,4000,3000,0,4000
STRX-260409-0200,SNK02,Better Caramel,Snack,1,2000,1600,0,2000
STRX-260409-0200,MIE03,Mie Sedap Soto Ayam,Mie Instan,1,3500,2750,0,3500
STRX-260409-0201,MIE03,Mie Sedap Soto Ayam,Mie Instan,1,3500,2750,0,3500
STRX-260409-0202,MNM03,Fanta 390ml,Minuman,1,5000,4000,0,5000
STRX-260409-0202,SMB04,Kecap Manis,Sembako,2,3600,3300,400,7200
STRX-260409-0203,MSC01,Kopi Sachet Gula Aren,Minuman Sachet,3,2000,1700,0,6000
STRX-260409-0203,PRW01,Shampoo Sachet,Perawatan Tubuh,1,1000,500,0,1000
STRX-260409-0203,MIE02,Mie Sedap Goreng,Mie Instan,1,3000,2500,0,3000
STRX-260410-0204,MIE02,Mie Sedap Goreng,Mie Instan,3,3000,2500,0,9000
STRX-260410-0205,SMB01,Gula Pasir 1kg,Sembako,2,15500,13500,0,31000
STRX-260410-0206,KRT01,Rinso Anti Noda Sachet,Kebutuhan RT,1,1500,1200,0,1500
STRX-260410-0206,KRT03,Sabun Cuci Baju,Kebutuhan RT,3,5000,4500,0,15000
STRX-260410-0207,MIE03,Mie Sedap Soto Ayam,Mie Instan,4,3500,2750,0,14000
STRX-260410-0207,RKK01,Rokok Sampoerna,Rokok,1,27000,24000,0,27000
STRX-260410-0207,MNM03,Fanta 390ml,Minuman,1,5000,4000,0,5000
STRX-260410-0207,MSC01,Kopi Sachet Gula Aren,Minuman Sachet,3,2000,1700,0,6000
STRX-260410-0207,MIE02,Mie Sedap Goreng,Mie Instan,5,3000,2500,0,15000
STRX-260410-0208,KRT01,Rinso Anti Noda Sachet,Kebutuhan RT,2,1500,1200,0,3000
STRX-260410-0208,SMB03,Tepung Beras,Sembako,1,4000,3300,0,4000
STRX-260410-0208,KRT02,Sunlight Cuci Piring,Kebutuhan RT,1,10000,9000,0,10000
STRX-260410-0209,MNM02,Teh Pucuk Harum,Minuman,2,4000,3000,0,8000
STRX-260410-0209,MNM01,Aqua Botol 600ml,Minuman,4,4000,3000,0,16000
STRX-260410-0209,MNM03,Fanta 390ml,Minuman,2,5000,4000,0,10000
STRX-260410-0209,BMB01,Masako Ayam,Bumbu Dapur,3,5000,4500,0,15000
STRX-260410-0209,RKK01,Rokok Sampoerna,Rokok,2,27000,24000,0,54000
STRX-260410-0210,MNM01,Aqua Botol 600ml,Minuman,1,4000,3000,0,4000
STRX-260410-0210,SNK01,Chitato,Snack,1,2000,1800,0,2000
STRX-260410-0210,PRW01,Shampoo Sachet,Perawatan Tubuh,1,1000,500,0,1000
STRX-260410-0211,RKK01,Rokok Sampoerna,Rokok,5,27000,24000,0,135000
STRX-260410-0212,MIE01,Indomie Goreng,Mie Instan,2,3000,2500,0,6000
STRX-260410-0212,BMB01,Masako Ayam,Bumbu Dapur,2,5000,4500,0,10000
STRX-260410-0212,MIE03,Mie Sedap Soto Ayam,Mie Instan,2,3500,2750,0,7000
STRX-260410-0212,MNM02,Teh Pucuk Harum,Minuman,2,4000,3000,0,8000
STRX-260410-0213,SNK03,Chocolatos,Snack,2,1500,1000,0,3000
STRX-260410-0214,PRW01,Shampoo Sachet,Perawatan Tubuh,2,1000,500,0,2000
STRX-260410-0214,MIE02,Mie Sedap Goreng,Mie Instan,1,3000,2500,0,3000
STRX-260410-0214,MNM01,Aqua Botol 600ml,Minuman,1,4000,3000,0,4000
STRX-260410-0215,MIE03,Mie Sedap Soto Ayam,Mie Instan,2,3500,2750,0,7000
STRX-260410-0215,RKK01,Rokok Sampoerna,Rokok,2,27000,24000,0,54000
STRX-260410-0216,KRT03,Sabun Cuci Baju,Kebutuhan RT,1,5000,4500,0,5000
STRX-260410-0216,MNM04,Pocari Sweat,Minuman,1,5000,4000,0,5000
STRX-260410-0217,RKK01,Rokok Sampoerna,Rokok,4,27000,24000,0,108000
STRX-260411-0218,MIE01,Indomie Goreng,Mie Instan,2,3000,2500,0,6000
STRX-260411-0218,RKK01,Rokok Sampoerna,Rokok,2,27000,24000,0,54000
STRX-260411-0219,BMB01,Masako Ayam,Bumbu Dapur,4,5000,4500,0,20000
STRX-260411-0219,MIE01,Indomie Goreng,Mie Instan,4,3000,2500,0,12000
STRX-260411-0219,MIE03,Mie Sedap Soto Ayam,Mie Instan,2,3500,2750,0,7000
STRX-260411-0220,MNM03,Fanta 390ml,Minuman,2,5000,4000,0,10000
STRX-260411-0220,RKK01,Rokok Sampoerna,Rokok,1,25650,24000,1350,25650
STRX-260411-0221,MIE03,Mie Sedap Soto Ayam,Mie Instan,3,3500,2750,0,10500
STRX-260411-0221,SNK03,Chocolatos,Snack,1,1500,1000,0,1500
STRX-260411-0222,MNM01,Aqua Botol 600ml,Minuman,5,4000,3000,0,20000
STRX-260411-0222,KRT01,Rinso Anti Noda Sachet,Kebutuhan RT,2,1500,1200,0,3000
STRX-260411-0222,SMB02,Minyak Goreng 1L,Sembako,1,15000,13500,0,15000
STRX-260411-0222,RKK01,Rokok Sampoerna,Rokok,2,27000,24000,0,54000
STRX-260411-0223,MIE01,Indomie Goreng,Mie Instan,4,3000,2500,0,12000
STRX-260411-0223,SNK03,Chocolatos,Snack,1,1500,1000,0,1500
STRX-260411-0223,MIE02,Mie Sedap Goreng,Mie Instan,3,3000,2500,0,9000
STRX-260411-0223,SNK01,Chitato,Snack,2,2000,1800,0,4000
STRX-260411-0224,MIE03,Mie Sedap Soto Ayam,Mie Instan,1,3500,2750,0,3500
STRX-260411-0224,RKK01,Rokok Sampoerna,Rokok,5,27000,24000,0,135000
STRX-260411-0225,BMB01,Masako Ayam,Bumbu Dapur,4,5000,4500,0,20000
STRX-260411-0225,PRW01,Shampoo Sachet,Perawatan Tubuh,2,1000,500,0,2000
STRX-260411-0225,KRT03,Sabun Cuci Baju,Kebutuhan RT,2,5000,4500,0,10000
STRX-260411-0226,MSC02,Milo Sachet,Minuman Sachet,3,1000,700,0,3000
STRX-260411-0226,MNM01,Aqua Botol 600ml,Minuman,3,4000,3000,0,12000
STRX-260411-0226,SMB03,Tepung Beras,Sembako,2,4000,3300,0,8000
STRX-260411-0227,SNK02,Better Caramel,Snack,2,2000,1600,0,4000
STRX-260411-0228,SNK03,Chocolatos,Snack,1,1500,1000,0,1500
STRX-260411-0228,MNM01,Aqua Botol 600ml,Minuman,2,4000,3000,0,8000
STRX-260411-0228,PRW01,Shampoo Sachet,Perawatan Tubuh,2,1000,500,0,2000
STRX-260411-0228,KRT01,Rinso Anti Noda Sachet,Kebutuhan RT,2,1500,1200,0,3000
STRX-260411-0229,MNM02,Teh Pucuk Harum,Minuman,1,4000,3000,0,4000
STRX-260411-0229,MIE01,Indomie Goreng,Mie Instan,1,3000,2500,0,3000
STRX-260411-0229,KRT03,Sabun Cuci Baju,Kebutuhan RT,1,5000,4500,0,5000
STRX-260411-0230,SMB04,Kecap Manis,Sembako,1,4000,3300,0,4000
STRX-260411-0230,MNM01,Aqua Botol 600ml,Minuman,3,4000,3000,0,12000
STRX-260411-0230,RKK01,Rokok Sampoerna,Rokok,2,27000,24000,0,54000
STRX-260411-0231,MIE01,Indomie Goreng,Mie Instan,1,3000,2500,0,3000
STRX-260411-0231,MIE02,Mie Sedap Goreng,Mie Instan,4,3000,2500,0,12000
STRX-260411-0232,MIE02,Mie Sedap Goreng,Mie Instan,1,3000,2500,0,3000
STRX-260411-0232,SMB04,Kecap Manis,Sembako,1,4000,3300,0,4000
STRX-260411-0233,PRW01,Shampoo Sachet,Perawatan Tubuh,1,850,500,150,850
STRX-260411-0234,MSC02,Milo Sachet,Minuman Sachet,4,1000,700,0,4000
STRX-260411-0234,MIE01,Indomie Goreng,Mie Instan,1,3000,2500,0,3000
STRX-260411-0234,MNM01,Aqua Botol 600ml,Minuman,2,4000,3000,0,8000
STRX-260411-0235,MIE02,Mie Sedap Goreng,Mie Instan,3,3000,2500,0,9000
STRX-260411-0235,MSC02,Milo Sachet,Minuman Sachet,4,850,700,150,3400
STRX-260411-0236,MNM03,Fanta 390ml,Minuman,1,5000,4000,0,5000
STRX-260411-0236,SNK01,Chitato,Snack,3,2000,1800,0,6000
STRX-260411-0237,SMB03,Tepung Beras,Sembako,1,4000,3300,0,4000
STRX-260411-0237,BMB01,Masako Ayam,Bumbu Dapur,4,5000,4500,0,20000
STRX-260411-0237,SMB01,Gula Pasir 1kg,Sembako,1,15500,13500,0,15500
STRX-260411-0238,MSC01,Kopi Sachet Gula Aren,Minuman Sachet,1,2000,1700,0,2000
STRX-260411-0239,MSC02,Milo Sachet,Minuman Sachet,3,1000,700,0,3000
STRX-260411-0239,MNM03,Fanta 390ml,Minuman,1,5000,4000,0,5000
STRX-260411-0240,BMB01,Masako Ayam,Bumbu Dapur,1,5000,4500,0,5000
STRX-260411-0241,RKK01,Rokok Sampoerna,Rokok,1,27000,24000,0,27000
STRX-260411-0241,SMB03,Tepung Beras,Sembako,1,4000,3300,0,4000
STRX-260411-0241,SNK01,Chitato,Snack,2,2000,1800,0,4000
STRX-260412-0242,RKK01,Rokok Sampoerna,Rokok,3,27000,24000,0,81000
STRX-260412-0242,MIE01,Indomie Goreng,Mie Instan,1,3000,2500,0,3000
STRX-260412-0242,GAS01,Gas LPG 3kg,Kebutuhan Dapur,2,23000,20000,0,46000
STRX-260412-0243,MIE04,Mie Sedap Cup Soto,Mie Instan,2,5500,4500,0,11000
STRX-260412-0243,MNM01,Aqua Botol 600ml,Minuman,2,4000,3000,0,8000
STRX-260412-0243,MNM04,Pocari Sweat,Minuman,2,5000,4000,0,10000
STRX-260412-0243,MIE02,Mie Sedap Goreng,Mie Instan,1,3000,2500,0,3000
STRX-260412-0244,MIE02,Mie Sedap Goreng,Mie Instan,1,3000,2500,0,3000
STRX-260412-0244,MNM03,Fanta 390ml,Minuman,1,5000,4000,0,5000
STRX-260412-0244,SMB02,Minyak Goreng 1L,Sembako,3,15000,13500,0,45000
STRX-260412-0245,MSC02,Milo Sachet,Minuman Sachet,2,1000,700,0,2000
STRX-260412-0245,MIE02,Mie Sedap Goreng,Mie Instan,2,3000,2500,0,6000
STRX-260412-0246,SNK03,Chocolatos,Snack,3,1500,1000,0,4500
STRX-260412-0247,MIE03,Mie Sedap Soto Ayam,Mie Instan,1,3500,2750,0,3500
STRX-260412-0247,SMB04,Kecap Manis,Sembako,2,4000,3300,0,8000
STRX-260412-0247,MNM02,Teh Pucuk Harum,Minuman,1,4000,3000,0,4000
STRX-260412-0248,BMB01,Masako Ayam,Bumbu Dapur,1,4500,4500,500,4500
STRX-260412-0249,KRT02,Sunlight Cuci Piring,Kebutuhan RT,1,10000,9000,0,10000
STRX-260412-0249,KRT03,Sabun Cuci Baju,Kebutuhan RT,2,5000,4500,0,10000
STRX-260412-0250,MNM01,Aqua Botol 600ml,Minuman,1,4000,3000,0,4000
STRX-260412-0250,PRW01,Shampoo Sachet,Perawatan Tubuh,1,1000,500,0,1000
STRX-260412-0250,MIE01,Indomie Goreng,Mie Instan,2,3000,2500,0,6000
STRX-260412-0250,MIE03,Mie Sedap Soto Ayam,Mie Instan,2,3500,2750,0,7000
STRX-260412-0251,MSC01,Kopi Sachet Gula Aren,Minuman Sachet,5,2000,1700,0,10000
STRX-260412-0252,MNM01,Aqua Botol 600ml,Minuman,4,4000,3000,0,16000
STRX-260412-0252,KRT01,Rinso Anti Noda Sachet,Kebutuhan RT,2,1500,1200,0,3000
STRX-260412-0252,MIE04,Mie Sedap Cup Soto,Mie Instan,1,5500,4500,0,5500
STRX-260412-0252,MNM02,Teh Pucuk Harum,Minuman,1,4000,3000,0,4000
STRX-260412-0253,MIE03,Mie Sedap Soto Ayam,Mie Instan,1,3500,2750,0,3500
STRX-260412-0253,MIE02,Mie Sedap Goreng,Mie Instan,4,3000,2500,0,12000
STRX-260412-0254,MIE01,Indomie Goreng,Mie Instan,1,3000,2500,0,3000
STRX-260412-0254,RKK01,Rokok Sampoerna,Rokok,1,27000,24000,0,27000
STRX-260412-0254,PRW01,Shampoo Sachet,Perawatan Tubuh,2,1000,500,0,2000
STRX-260412-0254,MNM01,Aqua Botol 600ml,Minuman,2,4000,3000,0,8000
STRX-260412-0255,SMB01,Gula Pasir 1kg,Sembako,3,15500,13500,0,46500
STRX-260412-0256,BMB01,Masako Ayam,Bumbu Dapur,1,5000,4500,0,5000
STRX-260412-0256,SMB04,Kecap Manis,Sembako,1,4000,3300,0,4000
STRX-260412-0256,MSC01,Kopi Sachet Gula Aren,Minuman Sachet,4,2000,1700,0,8000
STRX-260412-0257,SMB02,Minyak Goreng 1L,Sembako,1,15000,13500,0,15000
STRX-260412-0257,MNM02,Teh Pucuk Harum,Minuman,1,3400,3000,600,3400
STRX-260412-0258,MIE02,Mie Sedap Goreng,Mie Instan,1,3000,2500,0,3000
STRX-260412-0258,MIE03,Mie Sedap Soto Ayam,Mie Instan,1,3500,2750,0,3500
STRX-260412-0259,SMB04,Kecap Manis,Sembako,2,4000,3300,0,8000
STRX-260412-0259,MNM01,Aqua Botol 600ml,Minuman,1,4000,3000,0,4000
STRX-260412-0260,SNK03,Chocolatos,Snack,1,1500,1000,0,1500
STRX-260412-0260,MNM01,Aqua Botol 600ml,Minuman,2,4000,3000,0,8000
STRX-260412-0260,MNM04,Pocari Sweat,Minuman,2,5000,4000,0,10000
STRX-260412-0260,MNM02,Teh Pucuk Harum,Minuman,1,4000,3000,0,4000
STRX-260412-0260,BMB01,Masako Ayam,Bumbu Dapur,2,5000,4500,0,10000
STRX-260412-0261,MSC02,Milo Sachet,Minuman Sachet,4,1000,700,0,4000
STRX-260412-0262,PRW01,Shampoo Sachet,Perawatan Tubuh,1,1000,500,0,1000
STRX-260412-0262,MNM01,Aqua Botol 600ml,Minuman,2,4000,3000,0,8000
STRX-260412-0262,BMB01,Masako Ayam,Bumbu Dapur,2,5000,4500,0,10000
STRX-260412-0263,MSC01,Kopi Sachet Gula Aren,Minuman Sachet,2,2000,1700,0,4000
STRX-260412-0263,MIE02,Mie Sedap Goreng,Mie Instan,2,3000,2500,0,6000
STRX-260412-0263,PRW01,Shampoo Sachet,Perawatan Tubuh,1,1000,500,0,1000
STRX-260412-0264,MSC02,Milo Sachet,Minuman Sachet,1,1000,700,0,1000
STRX-260412-0264,SNK03,Chocolatos,Snack,2,1500,1000,0,3000
STRX-260412-0265,SNK02,Better Caramel,Snack,3,2000,1600,0,6000
STRX-260412-0265,KRT02,Sunlight Cuci Piring,Kebutuhan RT,1,10000,9000,0,10000
STRX-260412-0265,KRT03,Sabun Cuci Baju,Kebutuhan RT,1,5000,4500,0,5000
STRX-260412-0265,PRW01,Shampoo Sachet,Perawatan Tubuh,3,1000,500,0,3000
STRX-260412-0266,RKK01,Rokok Sampoerna,Rokok,3,27000,24000,0,81000
STRX-260412-0266,MSC01,Kopi Sachet Gula Aren,Minuman Sachet,3,2000,1700,0,6000
STRX-260412-0267,MIE01,Indomie Goreng,Mie Instan,2,3000,2500,0,6000
STRX-260412-0267,SNK01,Chitato,Snack,3,1700,1800,300,5100
STRX-260412-0267,GAS01,Gas LPG 3kg,Kebutuhan Dapur,1,23000,20000,0,23000
STRX-260412-0268,BMB01,Masako Ayam,Bumbu Dapur,5,5000,4500,0,25000
STRX-260412-0268,MIE01,Indomie Goreng,Mie Instan,4,3000,2500,0,12000
STRX-260412-0268,SNK01,Chitato,Snack,2,2000,1800,0,4000
STRX-260412-0269,MIE02,Mie Sedap Goreng,Mie Instan,2,3000,2500,0,6000
STRX-260413-0270,MIE01,Indomie Goreng,Mie Instan,2,3000,2500,0,6000
STRX-260413-0270,MNM01,Aqua Botol 600ml,Minuman,4,4000,3000,0,16000
STRX-260413-0271,MIE01,Indomie Goreng,Mie Instan,2,3000,2500,0,6000
STRX-260413-0271,SMB03,Tepung Beras,Sembako,1,4000,3300,0,4000
STRX-260413-0271,KRT02,Sunlight Cuci Piring,Kebutuhan RT,1,10000,9000,0,10000
STRX-260413-0272,MIE04,Mie Sedap Cup Soto,Mie Instan,2,5500,4500,0,11000
STRX-260413-0272,PRW01,Shampoo Sachet,Perawatan Tubuh,1,1000,500,0,1000
STRX-260413-0272,BMB01,Masako Ayam,Bumbu Dapur,5,5000,4500,0,25000
STRX-260413-0272,RKK01,Rokok Sampoerna,Rokok,2,27000,24000,0,54000
STRX-260413-0272,MNM01,Aqua Botol 600ml,Minuman,2,4000,3000,0,8000
STRX-260413-0273,MSC01,Kopi Sachet Gula Aren,Minuman Sachet,1,2000,1700,0,2000
STRX-260413-0274,MSC02,Milo Sachet,Minuman Sachet,5,1000,700,0,5000
STRX-260413-0274,MNM02,Teh Pucuk Harum,Minuman,1,4000,3000,0,4000
STRX-260413-0274,SMB04,Kecap Manis,Sembako,1,4000,3300,0,4000
STRX-260413-0274,MIE02,Mie Sedap Goreng,Mie Instan,1,3000,2500,0,3000
STRX-260413-0275,MNM01,Aqua Botol 600ml,Minuman,1,4000,3000,0,4000
STRX-260413-0275,MNM02,Teh Pucuk Harum,Minuman,2,4000,3000,0,8000
STRX-260413-0275,MIE02,Mie Sedap Goreng,Mie Instan,1,3000,2500,0,3000
STRX-260413-0276,MSC01,Kopi Sachet Gula Aren,Minuman Sachet,2,2000,1700,0,4000
STRX-260413-0276,KRT02,Sunlight Cuci Piring,Kebutuhan RT,1,10000,9000,0,10000
STRX-260413-0276,KRT01,Rinso Anti Noda Sachet,Kebutuhan RT,1,1500,1200,0,1500
STRX-260414-0277,RKK01,Rokok Sampoerna,Rokok,5,27000,24000,0,135000
STRX-260414-0277,MSC02,Milo Sachet,Minuman Sachet,4,1000,700,0,4000
STRX-260414-0277,MIE01,Indomie Goreng,Mie Instan,2,3000,2500,0,6000
STRX-260414-0277,SNK02,Better Caramel,Snack,1,2000,1600,0,2000
STRX-260414-0278,MIE03,Mie Sedap Soto Ayam,Mie Instan,2,3500,2750,0,7000
STRX-260414-0278,SNK01,Chitato,Snack,2,2000,1800,0,4000
STRX-260414-0278,SNK03,Chocolatos,Snack,3,1275,1000,225,3825
STRX-260414-0279,MIE01,Indomie Goreng,Mie Instan,5,3000,2500,0,15000
STRX-260414-0279,MSC01,Kopi Sachet Gula Aren,Minuman Sachet,1,2000,1700,0,2000
STRX-260414-0280,MIE04,Mie Sedap Cup Soto,Mie Instan,1,5500,4500,0,5500
STRX-260414-0280,MNM01,Aqua Botol 600ml,Minuman,1,4000,3000,0,4000
STRX-260414-0281,MNM01,Aqua Botol 600ml,Minuman,1,4000,3000,0,4000
STRX-260414-0281,KRT03,Sabun Cuci Baju,Kebutuhan RT,1,5000,4500,0,5000
STRX-260414-0282,MIE03,Mie Sedap Soto Ayam,Mie Instan,1,3500,2750,0,3500
STRX-260414-0282,MNM03,Fanta 390ml,Minuman,1,5000,4000,0,5000
STRX-260414-0283,SNK01,Chitato,Snack,1,2000,1800,0,2000
STRX-260414-0283,MSC02,Milo Sachet,Minuman Sachet,2,1000,700,0,2000
STRX-260414-0284,MNM03,Fanta 390ml,Minuman,2,5000,4000,0,10000
STRX-260414-0284,MIE01,Indomie Goreng,Mie Instan,1,3000,2500,0,3000
STRX-260414-0284,MIE03,Mie Sedap Soto Ayam,Mie Instan,4,3500,2750,0,14000
STRX-260414-0285,MNM01,Aqua Botol 600ml,Minuman,2,4000,3000,0,8000
STRX-260414-0286,SMB01,Gula Pasir 1kg,Sembako,1,15500,13500,0,15500
STRX-260414-0287,MIE04,Mie Sedap Cup Soto,Mie Instan,1,5225,4500,275,5225
STRX-260414-0287,KRT02,Sunlight Cuci Piring,Kebutuhan RT,1,10000,9000,0,10000
STRX-260414-0287,MIE02,Mie Sedap Goreng,Mie Instan,5,3000,2500,0,15000
STRX-260415-0288,MNM03,Fanta 390ml,Minuman,1,5000,4000,0,5000
STRX-260415-0288,KRT03,Sabun Cuci Baju,Kebutuhan RT,1,5000,4500,0,5000
STRX-260415-0288,PRW01,Shampoo Sachet,Perawatan Tubuh,1,1000,500,0,1000
STRX-260415-0289,MSC02,Milo Sachet,Minuman Sachet,3,1000,700,0,3000
STRX-260415-0289,MNM01,Aqua Botol 600ml,Minuman,2,4000,3000,0,8000
STRX-260415-0289,MIE04,Mie Sedap Cup Soto,Mie Instan,1,5500,4500,0,5500
STRX-260415-0289,MIE02,Mie Sedap Goreng,Mie Instan,4,3000,2500,0,12000
STRX-260415-0290,RKK01,Rokok Sampoerna,Rokok,1,27000,24000,0,27000
STRX-260415-0290,MNM02,Teh Pucuk Harum,Minuman,1,4000,3000,0,4000
STRX-260415-0291,MIE01,Indomie Goreng,Mie Instan,4,3000,2500,0,12000
STRX-260415-0291,SNK02,Better Caramel,Snack,2,2000,1600,0,4000
STRX-260415-0292,MNM03,Fanta 390ml,Minuman,3,5000,4000,0,15000
STRX-260415-0293,MSC01,Kopi Sachet Gula Aren,Minuman Sachet,2,2000,1700,0,4000
STRX-260415-0293,MIE02,Mie Sedap Goreng,Mie Instan,4,3000,2500,0,12000
STRX-260415-0293,SNK01,Chitato,Snack,1,2000,1800,0,2000
STRX-260415-0294,MIE03,Mie Sedap Soto Ayam,Mie Instan,2,3500,2750,0,7000
STRX-260415-0294,MNM02,Teh Pucuk Harum,Minuman,3,4000,3000,0,12000
STRX-260415-0294,SNK01,Chitato,Snack,2,2000,1800,0,4000
STRX-260415-0295,SNK03,Chocolatos,Snack,1,1500,1000,0,1500
STRX-260415-0295,MIE04,Mie Sedap Cup Soto,Mie Instan,1,5500,4500,0,5500
STRX-260415-0296,BMB01,Masako Ayam,Bumbu Dapur,4,5000,4500,0,20000
STRX-260415-0297,MIE01,Indomie Goreng,Mie Instan,5,3000,2500,0,15000
STRX-260415-0297,PRW01,Shampoo Sachet,Perawatan Tubuh,2,1000,500,0,2000
STRX-260415-0297,MIE04,Mie Sedap Cup Soto,Mie Instan,1,5500,4500,0,5500
STRX-260415-0298,SMB01,Gula Pasir 1kg,Sembako,2,15500,13500,0,31000
STRX-260415-0298,MIE03,Mie Sedap Soto Ayam,Mie Instan,3,3500,2750,0,10500
STRX-260415-0298,SNK02,Better Caramel,Snack,2,2000,1600,0,4000
STRX-260415-0299,SMB02,Minyak Goreng 1L,Sembako,1,15000,13500,0,15000
STRX-260415-0299,MIE02,Mie Sedap Goreng,Mie Instan,4,3000,2500,0,12000
STRX-260415-0300,MIE02,Mie Sedap Goreng,Mie Instan,2,3000,2500,0,6000
STRX-260415-0300,KRT03,Sabun Cuci Baju,Kebutuhan RT,1,4500,4500,500,4500
STRX-260415-0300,MIE03,Mie Sedap Soto Ayam,Mie Instan,2,3500,2750,0,7000
STRX-260415-0301,PRW01,Shampoo Sachet,Perawatan Tubuh,3,1000,500,0,3000
STRX-260415-0301,MIE04,Mie Sedap Cup Soto,Mie Instan,1,5500,4500,0,5500
STRX-260415-0301,BMB01,Masako Ayam,Bumbu Dapur,3,5000,4500,0,15000
STRX-260415-0301,MNM01,Aqua Botol 600ml,Minuman,3,4000,3000,0,12000
STRX-260415-0302,SNK03,Chocolatos,Snack,2,1500,1000,0,3000
STRX-260415-0302,MNM01,Aqua Botol 600ml,Minuman,1,4000,3000,0,4000
STRX-260415-0302,MSC02,Milo Sachet,Minuman Sachet,4,950,700,50,3800
STRX-260415-0303,MIE02,Mie Sedap Goreng,Mie Instan,1,3000,2500,0,3000
STRX-260415-0304,MSC02,Milo Sachet,Minuman Sachet,4,1000,700,0,4000
STRX-260415-0304,MIE03,Mie Sedap Soto Ayam,Mie Instan,3,3500,2750,0,10500
STRX-260415-0305,MSC02,Milo Sachet,Minuman Sachet,5,1000,700,0,5000
STRX-260415-0305,SNK02,Better Caramel,Snack,1,2000,1600,0,2000
STRX-260416-0306,MIE04,Mie Sedap Cup Soto,Mie Instan,2,5500,4500,0,11000
STRX-260416-0306,SMB01,Gula Pasir 1kg,Sembako,1,15500,13500,0,15500
STRX-260416-0306,RKK01,Rokok Sampoerna,Rokok,3,27000,24000,0,81000
STRX-260416-0306,BMB01,Masako Ayam,Bumbu Dapur,1,5000,4500,0,5000
STRX-260416-0307,SMB02,Minyak Goreng 1L,Sembako,2,15000,13500,0,30000
STRX-260416-0307,SNK03,Chocolatos,Snack,2,1500,1000,0,3000
STRX-260416-0308,SMB02,Minyak Goreng 1L,Sembako,1,15000,13500,0,15000
STRX-260416-0308,KRT03,Sabun Cuci Baju,Kebutuhan RT,2,5000,4500,0,10000
STRX-260416-0308,RKK01,Rokok Sampoerna,Rokok,1,27000,24000,0,27000
STRX-260416-0309,MNM02,Teh Pucuk Harum,Minuman,1,4000,3000,0,4000
STRX-260416-0309,KRT01,Rinso Anti Noda Sachet,Kebutuhan RT,2,1500,1200,0,3000
STRX-260416-0310,GAS01,Gas LPG 3kg,Kebutuhan Dapur,1,23000,20000,0,23000
STRX-260416-0311,MSC02,Milo Sachet,Minuman Sachet,4,1000,700,0,4000
STRX-260416-0311,SNK03,Chocolatos,Snack,2,1500,1000,0,3000
STRX-260416-0312,MNM01,Aqua Botol 600ml,Minuman,1,4000,3000,0,4000
STRX-260416-0313,SNK01,Chitato,Snack,3,2000,1800,0,6000
STRX-260416-0314,SMB04,Kecap Manis,Sembako,2,4000,3300,0,8000
STRX-260416-0314,MSC02,Milo Sachet,Minuman Sachet,4,1000,700,0,4000
STRX-260416-0314,MIE02,Mie Sedap Goreng,Mie Instan,5,3000,2500,0,15000
STRX-260416-0315,MNM02,Teh Pucuk Harum,Minuman,2,4000,3000,0,8000
STRX-260416-0315,MNM03,Fanta 390ml,Minuman,1,5000,4000,0,5000
STRX-260416-0316,MNM01,Aqua Botol 600ml,Minuman,2,4000,3000,0,8000
STRX-260416-0316,MIE02,Mie Sedap Goreng,Mie Instan,2,3000,2500,0,6000
STRX-260416-0316,MNM02,Teh Pucuk Harum,Minuman,1,4000,3000,0,4000
STRX-260416-0317,MSC01,Kopi Sachet Gula Aren,Minuman Sachet,3,2000,1700,0,6000
STRX-260416-0318,MIE02,Mie Sedap Goreng,Mie Instan,2,3000,2500,0,6000
STRX-260416-0318,RKK01,Rokok Sampoerna,Rokok,1,27000,24000,0,27000
STRX-260416-0319,RKK01,Rokok Sampoerna,Rokok,3,24300,24000,2700,72900
STRX-260416-0319,MNM01,Aqua Botol 600ml,Minuman,4,4000,3000,0,16000
STRX-260416-0319,MNM02,Teh Pucuk Harum,Minuman,1,4000,3000,0,4000
STRX-260416-0320,MNM03,Fanta 390ml,Minuman,1,5000,4000,0,5000
STRX-260416-0320,KRT01,Rinso Anti Noda Sachet,Kebutuhan RT,2,1500,1200,0,3000
STRX-260416-0320,SNK01,Chitato,Snack,2,2000,1800,0,4000
STRX-260416-0320,MNM01,Aqua Botol 600ml,Minuman,2,4000,3000,0,8000
STRX-260416-0321,MSC01,Kopi Sachet Gula Aren,Minuman Sachet,1,2000,1700,0,2000
STRX-260416-0321,SNK02,Better Caramel,Snack,1,1800,1600,200,1800
STRX-260416-0321,MNM02,Teh Pucuk Harum,Minuman,2,4000,3000,0,8000
STRX-260416-0321,MSC02,Milo Sachet,Minuman Sachet,2,1000,700,0,2000
STRX-260416-0322,KRT01,Rinso Anti Noda Sachet,Kebutuhan RT,2,1500,1200,0,3000
STRX-260416-0323,PRW01,Shampoo Sachet,Perawatan Tubuh,1,1000,500,0,1000
STRX-260416-0323,BMB01,Masako Ayam,Bumbu Dapur,5,5000,4500,0,25000
STRX-260417-0324,MNM03,Fanta 390ml,Minuman,1,5000,4000,0,5000
STRX-260417-0324,KRT02,Sunlight Cuci Piring,Kebutuhan RT,1,10000,9000,0,10000
STRX-260417-0324,MSC01,Kopi Sachet Gula Aren,Minuman Sachet,3,2000,1700,0,6000
STRX-260417-0324,MIE03,Mie Sedap Soto Ayam,Mie Instan,1,3500,2750,0,3500
STRX-260417-0325,RKK01,Rokok Sampoerna,Rokok,2,27000,24000,0,54000
STRX-260417-0325,MIE03,Mie Sedap Soto Ayam,Mie Instan,2,3500,2750,0,7000
STRX-260417-0326,MNM04,Pocari Sweat,Minuman,1,5000,4000,0,5000
STRX-260417-0326,KRT03,Sabun Cuci Baju,Kebutuhan RT,1,5000,4500,0,5000
STRX-260417-0326,MNM01,Aqua Botol 600ml,Minuman,3,4000,3000,0,12000
STRX-260417-0326,SMB01,Gula Pasir 1kg,Sembako,2,15500,13500,0,31000
STRX-260417-0327,SNK01,Chitato,Snack,1,2000,1800,0,2000
STRX-260417-0327,SMB01,Gula Pasir 1kg,Sembako,2,15500,13500,0,31000
STRX-260417-0328,MNM03,Fanta 390ml,Minuman,2,4500,4000,500,9000
STRX-260417-0328,SNK03,Chocolatos,Snack,1,1500,1000,0,1500
STRX-260417-0329,SMB02,Minyak Goreng 1L,Sembako,1,15000,13500,0,15000
STRX-260417-0329,SNK01,Chitato,Snack,2,2000,1800,0,4000
STRX-260417-0329,MIE02,Mie Sedap Goreng,Mie Instan,2,3000,2500,0,6000
STRX-260417-0329,KRT03,Sabun Cuci Baju,Kebutuhan RT,1,5000,4500,0,5000
STRX-260417-0330,RKK01,Rokok Sampoerna,Rokok,1,27000,24000,0,27000
STRX-260417-0331,MIE02,Mie Sedap Goreng,Mie Instan,1,3000,2500,0,3000
STRX-260417-0331,MIE01,Indomie Goreng,Mie Instan,4,2700,2500,300,10800
STRX-260417-0332,MSC02,Milo Sachet,Minuman Sachet,3,1000,700,0,3000
STRX-260417-0332,MNM03,Fanta 390ml,Minuman,1,5000,4000,0,5000
STRX-260417-0332,MSC01,Kopi Sachet Gula Aren,Minuman Sachet,1,2000,1700,0,2000
STRX-260417-0333,MNM01,Aqua Botol 600ml,Minuman,2,4000,3000,0,8000
STRX-260417-0333,KRT03,Sabun Cuci Baju,Kebutuhan RT,3,5000,4500,0,15000
STRX-260418-0334,RKK01,Rokok Sampoerna,Rokok,4,27000,24000,0,108000
STRX-260418-0335,MIE03,Mie Sedap Soto Ayam,Mie Instan,2,3500,2750,0,7000
STRX-260418-0335,BMB01,Masako Ayam,Bumbu Dapur,4,5000,4500,0,20000
STRX-260418-0335,GAS01,Gas LPG 3kg,Kebutuhan Dapur,1,23000,20000,0,23000
STRX-260418-0336,MSC02,Milo Sachet,Minuman Sachet,1,1000,700,0,1000
STRX-260418-0336,MIE03,Mie Sedap Soto Ayam,Mie Instan,3,3500,2750,0,10500
STRX-260418-0337,SNK02,Better Caramel,Snack,1,2000,1600,0,2000
STRX-260418-0337,KRT03,Sabun Cuci Baju,Kebutuhan RT,3,5000,4500,0,15000
STRX-260418-0337,MNM01,Aqua Botol 600ml,Minuman,3,4000,3000,0,12000
STRX-260418-0338,RKK01,Rokok Sampoerna,Rokok,1,27000,24000,0,27000
STRX-260418-0339,MIE02,Mie Sedap Goreng,Mie Instan,2,2550,2500,450,5100
STRX-260418-0339,MNM01,Aqua Botol 600ml,Minuman,1,3400,3000,600,3400
STRX-260418-0340,SMB02,Minyak Goreng 1L,Sembako,1,15000,13500,0,15000
STRX-260418-0340,KRT02,Sunlight Cuci Piring,Kebutuhan RT,2,10000,9000,0,20000
STRX-260418-0340,MNM01,Aqua Botol 600ml,Minuman,4,4000,3000,0,16000
STRX-260418-0341,MNM04,Pocari Sweat,Minuman,2,5000,4000,0,10000
STRX-260418-0341,MIE01,Indomie Goreng,Mie Instan,5,3000,2500,0,15000
STRX-260418-0342,KRT03,Sabun Cuci Baju,Kebutuhan RT,1,5000,4500,0,5000
STRX-260418-0342,MSC02,Milo Sachet,Minuman Sachet,2,1000,700,0,2000
STRX-260418-0342,PRW01,Shampoo Sachet,Perawatan Tubuh,1,1000,500,0,1000
STRX-260418-0342,SMB01,Gula Pasir 1kg,Sembako,2,15500,13500,0,31000
STRX-260418-0343,MNM03,Fanta 390ml,Minuman,1,5000,4000,0,5000
STRX-260418-0343,MIE01,Indomie Goreng,Mie Instan,3,3000,2500,0,9000
STRX-260418-0343,MIE02,Mie Sedap Goreng,Mie Instan,4,3000,2500,0,12000
STRX-260418-0344,SMB03,Tepung Beras,Sembako,1,4000,3300,0,4000
STRX-260418-0344,RKK01,Rokok Sampoerna,Rokok,2,27000,24000,0,54000
STRX-260418-0344,MIE02,Mie Sedap Goreng,Mie Instan,1,3000,2500,0,3000
STRX-260418-0345,MNM02,Teh Pucuk Harum,Minuman,1,4000,3000,0,4000
STRX-260418-0345,MSC02,Milo Sachet,Minuman Sachet,2,1000,700,0,2000
STRX-260418-0346,SNK03,Chocolatos,Snack,1,1500,1000,0,1500
STRX-260418-0346,RKK01,Rokok Sampoerna,Rokok,3,27000,24000,0,81000
STRX-260418-0347,MIE03,Mie Sedap Soto Ayam,Mie Instan,3,3500,2750,0,10500
STRX-260418-0347,MSC01,Kopi Sachet Gula Aren,Minuman Sachet,4,2000,1700,0,8000
STRX-260418-0348,MSC02,Milo Sachet,Minuman Sachet,3,1000,700,0,3000
STRX-260418-0348,SNK01,Chitato,Snack,1,2000,1800,0,2000
STRX-260418-0348,BMB01,Masako Ayam,Bumbu Dapur,1,4500,4500,500,4500
STRX-260418-0349,SNK02,Better Caramel,Snack,2,2000,1600,0,4000
STRX-260418-0349,MNM01,Aqua Botol 600ml,Minuman,1,4000,3000,0,4000
STRX-260418-0350,SMB01,Gula Pasir 1kg,Sembako,3,15500,13500,0,46500
STRX-260418-0350,MIE02,Mie Sedap Goreng,Mie Instan,3,3000,2500,0,9000
STRX-260418-0351,MSC02,Milo Sachet,Minuman Sachet,1,1000,700,0,1000
STRX-260418-0351,PRW01,Shampoo Sachet,Perawatan Tubuh,1,1000,500,0,1000
STRX-260418-0351,SNK01,Chitato,Snack,1,2000,1800,0,2000
STRX-260418-0351,MNM02,Teh Pucuk Harum,Minuman,3,4000,3000,0,12000
STRX-260418-0352,SMB02,Minyak Goreng 1L,Sembako,1,15000,13500,0,15000
STRX-260418-0352,MSC02,Milo Sachet,Minuman Sachet,2,1000,700,0,2000
STRX-260418-0352,SMB04,Kecap Manis,Sembako,1,4000,3300,0,4000
STRX-260418-0352,PRW01,Shampoo Sachet,Perawatan Tubuh,1,1000,500,0,1000
STRX-260418-0353,BMB01,Masako Ayam,Bumbu Dapur,4,5000,4500,0,20000
STRX-260418-0353,MNM03,Fanta 390ml,Minuman,1,5000,4000,0,5000
STRX-260418-0354,MIE02,Mie Sedap Goreng,Mie Instan,1,3000,2500,0,3000
STRX-260418-0354,MNM03,Fanta 390ml,Minuman,2,5000,4000,0,10000
STRX-260418-0355,RKK01,Rokok Sampoerna,Rokok,4,25650,24000,1350,102600
STRX-260418-0355,MNM02,Teh Pucuk Harum,Minuman,1,4000,3000,0,4000
STRX-260418-0355,MIE02,Mie Sedap Goreng,Mie Instan,1,3000,2500,0,3000
STRX-260418-0356,MIE02,Mie Sedap Goreng,Mie Instan,5,3000,2500,0,15000
STRX-260419-0357,KRT01,Rinso Anti Noda Sachet,Kebutuhan RT,1,1500,1200,0,1500
STRX-260419-0357,GAS01,Gas LPG 3kg,Kebutuhan Dapur,1,23000,20000,0,23000
STRX-260419-0357,MIE02,Mie Sedap Goreng,Mie Instan,1,3000,2500,0,3000
STRX-260419-0358,MIE02,Mie Sedap Goreng,Mie Instan,2,3000,2500,0,6000
STRX-260419-0358,SNK01,Chitato,Snack,1,2000,1800,0,2000
STRX-260419-0358,MIE04,Mie Sedap Cup Soto,Mie Instan,1,5500,4500,0,5500
STRX-260419-0359,MSC02,Milo Sachet,Minuman Sachet,2,1000,700,0,2000
STRX-260419-0359,MIE01,Indomie Goreng,Mie Instan,1,3000,2500,0,3000
STRX-260419-0359,BMB01,Masako Ayam,Bumbu Dapur,4,5000,4500,0,20000
STRX-260419-0359,MSC01,Kopi Sachet Gula Aren,Minuman Sachet,1,2000,1700,0,2000
STRX-260419-0360,MNM01,Aqua Botol 600ml,Minuman,1,4000,3000,0,4000
STRX-260419-0360,SMB02,Minyak Goreng 1L,Sembako,2,15000,13500,0,30000
STRX-260419-0361,KRT01,Rinso Anti Noda Sachet,Kebutuhan RT,3,1500,1200,0,4500
STRX-260419-0361,MSC01,Kopi Sachet Gula Aren,Minuman Sachet,2,2000,1700,0,4000
STRX-260419-0361,MNM01,Aqua Botol 600ml,Minuman,1,3400,3000,600,3400
STRX-260419-0361,MIE02,Mie Sedap Goreng,Mie Instan,3,3000,2500,0,9000
STRX-260419-0362,MIE02,Mie Sedap Goreng,Mie Instan,1,3000,2500,0,3000
STRX-260419-0362,SNK03,Chocolatos,Snack,1,1500,1000,0,1500
STRX-260419-0363,MIE03,Mie Sedap Soto Ayam,Mie Instan,2,3500,2750,0,7000
STRX-260419-0363,RKK01,Rokok Sampoerna,Rokok,2,27000,24000,0,54000
STRX-260419-0364,MSC01,Kopi Sachet Gula Aren,Minuman Sachet,1,2000,1700,0,2000
STRX-260419-0364,SNK02,Better Caramel,Snack,3,2000,1600,0,6000
STRX-260419-0364,MNM01,Aqua Botol 600ml,Minuman,2,4000,3000,0,8000
STRX-260419-0364,MIE01,Indomie Goreng,Mie Instan,4,3000,2500,0,12000
STRX-260419-0364,KRT03,Sabun Cuci Baju,Kebutuhan RT,2,5000,4500,0,10000
STRX-260419-0365,SMB04,Kecap Manis,Sembako,3,4000,3300,0,12000
STRX-260419-0366,MSC02,Milo Sachet,Minuman Sachet,2,1000,700,0,2000
STRX-260419-0366,SNK01,Chitato,Snack,1,2000,1800,0,2000
STRX-260419-0367,MSC02,Milo Sachet,Minuman Sachet,1,850,700,150,850
STRX-260419-0367,MNM01,Aqua Botol 600ml,Minuman,2,4000,3000,0,8000
STRX-260419-0367,MIE02,Mie Sedap Goreng,Mie Instan,3,3000,2500,0,9000
STRX-260419-0368,MIE01,Indomie Goreng,Mie Instan,3,3000,2500,0,9000
STRX-260419-0369,SMB01,Gula Pasir 1kg,Sembako,1,15500,13500,0,15500
STRX-260419-0369,RKK01,Rokok Sampoerna,Rokok,2,27000,24000,0,54000
STRX-260419-0370,MSC02,Milo Sachet,Minuman Sachet,2,1000,700,0,2000
STRX-260419-0370,MIE02,Mie Sedap Goreng,Mie Instan,2,3000,2500,0,6000
STRX-260419-0371,MIE01,Indomie Goreng,Mie Instan,2,3000,2500,0,6000
STRX-260419-0371,MNM03,Fanta 390ml,Minuman,1,5000,4000,0,5000
STRX-260419-0372,SNK02,Better Caramel,Snack,1,1900,1600,100,1900
STRX-260419-0372,PRW01,Shampoo Sachet,Perawatan Tubuh,1,1000,500,0,1000
STRX-260419-0372,MNM02,Teh Pucuk Harum,Minuman,2,4000,3000,0,8000
STRX-260419-0373,PRW01,Shampoo Sachet,Perawatan Tubuh,2,1000,500,0,2000
STRX-260419-0373,MNM03,Fanta 390ml,Minuman,1,5000,4000,0,5000
STRX-260419-0374,MIE01,Indomie Goreng,Mie Instan,1,3000,2500,0,3000
STRX-260419-0374,MIE03,Mie Sedap Soto Ayam,Mie Instan,4,3500,2750,0,14000
STRX-260419-0374,MIE02,Mie Sedap Goreng,Mie Instan,3,3000,2500,0,9000
STRX-260419-0375,MIE02,Mie Sedap Goreng,Mie Instan,1,3000,2500,0,3000
STRX-260419-0376,MNM03,Fanta 390ml,Minuman,1,5000,4000,0,5000
STRX-260419-0376,SMB01,Gula Pasir 1kg,Sembako,2,15500,13500,0,31000
STRX-260419-0376,KRT03,Sabun Cuci Baju,Kebutuhan RT,1,5000,4500,0,5000
STRX-260419-0376,PRW01,Shampoo Sachet,Perawatan Tubuh,2,1000,500,0,2000
STRX-260419-0376,KRT02,Sunlight Cuci Piring,Kebutuhan RT,1,10000,9000,0,10000
STRX-260419-0377,MNM02,Teh Pucuk Harum,Minuman,2,4000,3000,0,8000
STRX-260419-0377,MNM04,Pocari Sweat,Minuman,3,5000,4000,0,15000
STRX-260419-0377,MNM03,Fanta 390ml,Minuman,1,5000,4000,0,5000
STRX-260419-0378,SMB04,Kecap Manis,Sembako,1,4000,3300,0,4000
STRX-260419-0378,MNM01,Aqua Botol 600ml,Minuman,1,4000,3000,0,4000
STRX-260419-0379,MIE02,Mie Sedap Goreng,Mie Instan,4,3000,2500,0,12000
STRX-260419-0379,RKK01,Rokok Sampoerna,Rokok,1,27000,24000,0,27000
STRX-260419-0380,RKK01,Rokok Sampoerna,Rokok,4,27000,24000,0,108000
STRX-260419-0380,SNK03,Chocolatos,Snack,1,1350,1000,150,1350
STRX-260419-0380,MSC01,Kopi Sachet Gula Aren,Minuman Sachet,2,2000,1700,0,4000
STRX-260419-0380,KRT03,Sabun Cuci Baju,Kebutuhan RT,2,5000,4500,0,10000
STRX-260419-0381,MIE02,Mie Sedap Goreng,Mie Instan,1,3000,2500,0,3000
STRX-260419-0381,KRT03,Sabun Cuci Baju,Kebutuhan RT,1,5000,4500,0,5000
STRX-260419-0382,MIE04,Mie Sedap Cup Soto,Mie Instan,3,5500,4500,0,16500
STRX-260419-0382,MNM01,Aqua Botol 600ml,Minuman,1,4000,3000,0,4000
STRX-260420-0383,MNM04,Pocari Sweat,Minuman,1,5000,4000,0,5000
STRX-260420-0383,PRW01,Shampoo Sachet,Perawatan Tubuh,1,1000,500,0,1000
STRX-260420-0383,MIE03,Mie Sedap Soto Ayam,Mie Instan,3,3500,2750,0,10500
STRX-260420-0384,SNK03,Chocolatos,Snack,2,1500,1000,0,3000
STRX-260420-0385,MIE04,Mie Sedap Cup Soto,Mie Instan,2,5500,4500,0,11000
STRX-260420-0386,MNM02,Teh Pucuk Harum,Minuman,1,4000,3000,0,4000
STRX-260420-0386,KRT03,Sabun Cuci Baju,Kebutuhan RT,1,5000,4500,0,5000
STRX-260420-0387,MIE02,Mie Sedap Goreng,Mie Instan,1,3000,2500,0,3000
STRX-260420-0387,SNK01,Chitato,Snack,1,2000,1800,0,2000
STRX-260420-0388,MNM01,Aqua Botol 600ml,Minuman,1,4000,3000,0,4000
STRX-260420-0389,MNM01,Aqua Botol 600ml,Minuman,2,4000,3000,0,8000
STRX-260420-0389,MIE02,Mie Sedap Goreng,Mie Instan,1,3000,2500,0,3000
STRX-260420-0389,SNK01,Chitato,Snack,3,2000,1800,0,6000
STRX-260420-0389,MNM02,Teh Pucuk Harum,Minuman,1,4000,3000,0,4000
STRX-260420-0390,PRW01,Shampoo Sachet,Perawatan Tubuh,1,1000,500,0,1000
STRX-260420-0390,RKK01,Rokok Sampoerna,Rokok,3,27000,24000,0,81000
STRX-260420-0391,BMB01,Masako Ayam,Bumbu Dapur,1,5000,4500,0,5000
STRX-260420-0391,MNM02,Teh Pucuk Harum,Minuman,1,4000,3000,0,4000
STRX-260420-0392,KRT02,Sunlight Cuci Piring,Kebutuhan RT,3,10000,9000,0,30000
STRX-260420-0392,MIE04,Mie Sedap Cup Soto,Mie Instan,1,5500,4500,0,5500
STRX-260420-0392,MNM02,Teh Pucuk Harum,Minuman,1,4000,3000,0,4000
STRX-260420-0392,SMB01,Gula Pasir 1kg,Sembako,1,15500,13500,0,15500
STRX-260420-0393,MIE02,Mie Sedap Goreng,Mie Instan,4,3000,2500,0,12000
STRX-260420-0393,RKK01,Rokok Sampoerna,Rokok,1,27000,24000,0,27000
STRX-260420-0394,SNK03,Chocolatos,Snack,1,1500,1000,0,1500
STRX-260420-0394,RKK01,Rokok Sampoerna,Rokok,1,27000,24000,0,27000
STRX-260420-0394,MIE03,Mie Sedap Soto Ayam,Mie Instan,3,3500,2750,0,10500
STRX-260420-0394,SNK01,Chitato,Snack,1,2000,1800,0,2000
STRX-260420-0395,PRW01,Shampoo Sachet,Perawatan Tubuh,3,1000,500,0,3000
STRX-260420-0396,MIE02,Mie Sedap Goreng,Mie Instan,2,3000,2500,0,6000
STRX-260420-0396,MIE01,Indomie Goreng,Mie Instan,5,3000,2500,0,15000
STRX-260420-0396,MNM03,Fanta 390ml,Minuman,2,5000,4000,0,10000
STRX-260420-0397,SNK02,Better Caramel,Snack,1,2000,1600,0,2000
STRX-260420-0398,SMB01,Gula Pasir 1kg,Sembako,1,15500,13500,0,15500
STRX-260420-0398,PRW01,Shampoo Sachet,Perawatan Tubuh,1,1000,500,0,1000
STRX-260420-0399,MNM03,Fanta 390ml,Minuman,1,5000,4000,0,5000
STRX-260420-0399,PRW01,Shampoo Sachet,Perawatan Tubuh,2,850,500,150,1700
STRX-260420-0399,MNM02,Teh Pucuk Harum,Minuman,1,4000,3000,0,4000
STRX-260420-0400,SMB02,Minyak Goreng 1L,Sembako,1,15000,13500,0,15000
STRX-260420-0400,RKK01,Rokok Sampoerna,Rokok,1,27000,24000,0,27000
STRX-260420-0401,SMB01,Gula Pasir 1kg,Sembako,1,15500,13500,0,15500
STRX-260420-0401,SMB02,Minyak Goreng 1L,Sembako,1,15000,13500,0,15000
STRX-260420-0401,SNK03,Chocolatos,Snack,1,1500,1000,0,1500
STRX-260420-0402,SMB03,Tepung Beras,Sembako,1,4000,3300,0,4000
STRX-260420-0402,MSC02,Milo Sachet,Minuman Sachet,5,1000,700,0,5000
STRX-260420-0402,RKK01,Rokok Sampoerna,Rokok,3,27000,24000,0,81000
STRX-260420-0403,MNM01,Aqua Botol 600ml,Minuman,1,3400,3000,600,3400
STRX-260421-0404,MSC01,Kopi Sachet Gula Aren,Minuman Sachet,2,2000,1700,0,4000
STRX-260421-0404,MNM04,Pocari Sweat,Minuman,1,5000,4000,0,5000
STRX-260421-0405,MIE03,Mie Sedap Soto Ayam,Mie Instan,2,2975,2750,525,5950
STRX-260421-0406,SMB01,Gula Pasir 1kg,Sembako,2,15500,13500,0,31000
STRX-260421-0407,KRT01,Rinso Anti Noda Sachet,Kebutuhan RT,1,1500,1200,0,1500
STRX-260421-0407,MIE02,Mie Sedap Goreng,Mie Instan,1,3000,2500,0,3000
STRX-260421-0407,RKK01,Rokok Sampoerna,Rokok,1,27000,24000,0,27000
STRX-260421-0407,SNK02,Better Caramel,Snack,1,1900,1600,100,1900
STRX-260421-0407,MIE01,Indomie Goreng,Mie Instan,2,3000,2500,0,6000
STRX-260421-0408,MNM03,Fanta 390ml,Minuman,1,5000,4000,0,5000
STRX-260421-0408,MSC02,Milo Sachet,Minuman Sachet,3,950,700,50,2850
STRX-260421-0409,SMB03,Tepung Beras,Sembako,1,4000,3300,0,4000
STRX-260421-0409,SNK03,Chocolatos,Snack,2,1500,1000,0,3000
STRX-260421-0409,MSC01,Kopi Sachet Gula Aren,Minuman Sachet,1,1900,1700,100,1900
STRX-260421-0410,PRW01,Shampoo Sachet,Perawatan Tubuh,1,1000,500,0,1000
STRX-260421-0410,SMB04,Kecap Manis,Sembako,2,4000,3300,0,8000
STRX-260421-0410,SNK01,Chitato,Snack,2,2000,1800,0,4000
STRX-260421-0410,MNM04,Pocari Sweat,Minuman,1,5000,4000,0,5000
STRX-260421-0411,MNM01,Aqua Botol 600ml,Minuman,2,4000,3000,0,8000
STRX-260421-0411,SMB04,Kecap Manis,Sembako,1,4000,3300,0,4000
STRX-260421-0411,SNK03,Chocolatos,Snack,3,1500,1000,0,4500
STRX-260421-0412,MNM01,Aqua Botol 600ml,Minuman,2,4000,3000,0,8000
STRX-260421-0412,MSC02,Milo Sachet,Minuman Sachet,2,1000,700,0,2000
STRX-260421-0412,KRT01,Rinso Anti Noda Sachet,Kebutuhan RT,1,1500,1200,0,1500
STRX-260421-0412,MIE03,Mie Sedap Soto Ayam,Mie Instan,5,3325,2750,175,16625
STRX-260421-0413,MIE01,Indomie Goreng,Mie Instan,1,3000,2500,0,3000
STRX-260421-0414,KRT01,Rinso Anti Noda Sachet,Kebutuhan RT,1,1500,1200,0,1500
STRX-260421-0415,SMB04,Kecap Manis,Sembako,2,4000,3300,0,8000
STRX-260421-0415,MNM02,Teh Pucuk Harum,Minuman,1,4000,3000,0,4000
STRX-260421-0415,MIE01,Indomie Goreng,Mie Instan,2,3000,2500,0,6000
STRX-260421-0416,SNK03,Chocolatos,Snack,1,1500,1000,0,1500
STRX-260421-0416,MIE01,Indomie Goreng,Mie Instan,2,3000,2500,0,6000
STRX-260421-0416,KRT01,Rinso Anti Noda Sachet,Kebutuhan RT,2,1500,1200,0,3000
STRX-260421-0417,MIE04,Mie Sedap Cup Soto,Mie Instan,2,5500,4500,0,11000
STRX-260421-0417,KRT03,Sabun Cuci Baju,Kebutuhan RT,2,5000,4500,0,10000
STRX-260421-0417,MNM01,Aqua Botol 600ml,Minuman,3,4000,3000,0,12000
STRX-260421-0417,BMB01,Masako Ayam,Bumbu Dapur,1,5000,4500,0,5000
STRX-260421-0418,MNM03,Fanta 390ml,Minuman,1,5000,4000,0,5000
STRX-260421-0419,MSC01,Kopi Sachet Gula Aren,Minuman Sachet,1,2000,1700,0,2000
STRX-260421-0419,SMB04,Kecap Manis,Sembako,1,4000,3300,0,4000
STRX-260421-0419,MNM01,Aqua Botol 600ml,Minuman,2,4000,3000,0,8000
STRX-260421-0420,MIE01,Indomie Goreng,Mie Instan,3,3000,2500,0,9000
STRX-260421-0420,MSC01,Kopi Sachet Gula Aren,Minuman Sachet,3,2000,1700,0,6000
STRX-260421-0421,MNM01,Aqua Botol 600ml,Minuman,1,4000,3000,0,4000
STRX-260421-0421,RKK01,Rokok Sampoerna,Rokok,2,27000,24000,0,54000
STRX-260422-0422,PRW01,Shampoo Sachet,Perawatan Tubuh,1,1000,500,0,1000
STRX-260422-0422,MSC02,Milo Sachet,Minuman Sachet,1,1000,700,0,1000
STRX-260422-0423,SNK01,Chitato,Snack,2,2000,1800,0,4000
STRX-260422-0424,KRT01,Rinso Anti Noda Sachet,Kebutuhan RT,1,1500,1200,0,1500
STRX-260422-0424,SMB01,Gula Pasir 1kg,Sembako,1,15500,13500,0,15500
STRX-260422-0424,RKK01,Rokok Sampoerna,Rokok,2,27000,24000,0,54000
STRX-260422-0424,MIE01,Indomie Goreng,Mie Instan,2,3000,2500,0,6000
STRX-260422-0425,MNM01,Aqua Botol 600ml,Minuman,1,4000,3000,0,4000
STRX-260422-0425,BMB01,Masako Ayam,Bumbu Dapur,3,5000,4500,0,15000
STRX-260422-0425,MNM04,Pocari Sweat,Minuman,1,5000,4000,0,5000
STRX-260422-0426,KRT03,Sabun Cuci Baju,Kebutuhan RT,1,5000,4500,0,5000
STRX-260422-0426,MSC02,Milo Sachet,Minuman Sachet,3,1000,700,0,3000
STRX-260422-0427,MIE03,Mie Sedap Soto Ayam,Mie Instan,2,3500,2750,0,7000
STRX-260422-0428,RKK01,Rokok Sampoerna,Rokok,2,27000,24000,0,54000
STRX-260422-0428,SMB02,Minyak Goreng 1L,Sembako,1,15000,13500,0,15000
STRX-260422-0428,BMB01,Masako Ayam,Bumbu Dapur,2,5000,4500,0,10000
STRX-260422-0429,SMB03,Tepung Beras,Sembako,3,4000,3300,0,12000
STRX-260422-0429,MIE02,Mie Sedap Goreng,Mie Instan,4,3000,2500,0,12000
STRX-260422-0430,MSC02,Milo Sachet,Minuman Sachet,3,1000,700,0,3000
STRX-260422-0430,SMB04,Kecap Manis,Sembako,1,4000,3300,0,4000
STRX-260422-0430,MNM01,Aqua Botol 600ml,Minuman,5,4000,3000,0,20000
STRX-260422-0430,PRW01,Shampoo Sachet,Perawatan Tubuh,1,1000,500,0,1000
STRX-260422-0431,RKK01,Rokok Sampoerna,Rokok,4,27000,24000,0,108000
STRX-260422-0431,MIE02,Mie Sedap Goreng,Mie Instan,2,3000,2500,0,6000
STRX-260422-0431,MIE01,Indomie Goreng,Mie Instan,3,3000,2500,0,9000
STRX-260422-0432,MSC01,Kopi Sachet Gula Aren,Minuman Sachet,2,2000,1700,0,4000
STRX-260422-0432,GAS01,Gas LPG 3kg,Kebutuhan Dapur,2,23000,20000,0,46000
STRX-260422-0433,MIE03,Mie Sedap Soto Ayam,Mie Instan,1,3500,2750,0,3500
STRX-260422-0433,SNK01,Chitato,Snack,1,2000,1800,0,2000
STRX-260422-0433,KRT01,Rinso Anti Noda Sachet,Kebutuhan RT,2,1500,1200,0,3000
STRX-260422-0433,MSC02,Milo Sachet,Minuman Sachet,3,1000,700,0,3000
STRX-260422-0434,RKK01,Rokok Sampoerna,Rokok,3,27000,24000,0,81000
STRX-260422-0434,MNM02,Teh Pucuk Harum,Minuman,1,4000,3000,0,4000
STRX-260422-0435,MIE02,Mie Sedap Goreng,Mie Instan,5,3000,2500,0,15000
STRX-260422-0436,PRW01,Shampoo Sachet,Perawatan Tubuh,3,1000,500,0,3000
STRX-260422-0436,SNK02,Better Caramel,Snack,1,2000,1600,0,2000
STRX-260422-0436,SMB03,Tepung Beras,Sembako,1,4000,3300,0,4000
STRX-260422-0437,KRT01,Rinso Anti Noda Sachet,Kebutuhan RT,1,1500,1200,0,1500
STRX-260422-0437,RKK01,Rokok Sampoerna,Rokok,3,27000,24000,0,81000
STRX-260422-0437,MNM01,Aqua Botol 600ml,Minuman,1,4000,3000,0,4000
STRX-260423-0438,MNM03,Fanta 390ml,Minuman,1,5000,4000,0,5000
STRX-260423-0438,MNM01,Aqua Botol 600ml,Minuman,2,4000,3000,0,8000
STRX-260423-0438,SNK01,Chitato,Snack,2,2000,1800,0,4000
STRX-260423-0438,MSC01,Kopi Sachet Gula Aren,Minuman Sachet,2,2000,1700,0,4000
STRX-260423-0439,MNM02,Teh Pucuk Harum,Minuman,1,4000,3000,0,4000
STRX-260423-0439,MSC02,Milo Sachet,Minuman Sachet,2,1000,700,0,2000
STRX-260423-0439,SMB04,Kecap Manis,Sembako,1,3600,3300,400,3600
STRX-260423-0439,MNM03,Fanta 390ml,Minuman,1,5000,4000,0,5000
STRX-260423-0440,MIE03,Mie Sedap Soto Ayam,Mie Instan,3,3500,2750,0,10500
STRX-260423-0441,MNM02,Teh Pucuk Harum,Minuman,1,4000,3000,0,4000
STRX-260423-0442,MIE01,Indomie Goreng,Mie Instan,2,3000,2500,0,6000
STRX-260423-0442,MSC01,Kopi Sachet Gula Aren,Minuman Sachet,4,2000,1700,0,8000
STRX-260423-0442,SMB02,Minyak Goreng 1L,Sembako,1,15000,13500,0,15000
STRX-260423-0443,SNK02,Better Caramel,Snack,1,2000,1600,0,2000
STRX-260423-0443,MNM02,Teh Pucuk Harum,Minuman,1,4000,3000,0,4000
STRX-260423-0444,MNM03,Fanta 390ml,Minuman,1,5000,4000,0,5000
STRX-260423-0444,SNK03,Chocolatos,Snack,2,1500,1000,0,3000
STRX-260423-0445,MIE02,Mie Sedap Goreng,Mie Instan,4,2850,2500,150,11400
STRX-260423-0445,MSC01,Kopi Sachet Gula Aren,Minuman Sachet,1,2000,1700,0,2000
STRX-260423-0445,MSC02,Milo Sachet,Minuman Sachet,1,850,700,150,850
STRX-260423-0446,SMB04,Kecap Manis,Sembako,1,4000,3300,0,4000
STRX-260423-0446,MIE01,Indomie Goreng,Mie Instan,3,3000,2500,0,9000
STRX-260423-0447,MNM02,Teh Pucuk Harum,Minuman,3,4000,3000,0,12000
STRX-260423-0448,KRT01,Rinso Anti Noda Sachet,Kebutuhan RT,1,1500,1200,0,1500
STRX-260423-0448,SNK02,Better Caramel,Snack,1,2000,1600,0,2000
STRX-260423-0448,KRT02,Sunlight Cuci Piring,Kebutuhan RT,1,10000,9000,0,10000
STRX-260423-0448,SMB03,Tepung Beras,Sembako,1,4000,3300,0,4000
STRX-260423-0449,MNM02,Teh Pucuk Harum,Minuman,1,4000,3000,0,4000
STRX-260423-0449,RKK01,Rokok Sampoerna,Rokok,5,27000,24000,0,135000
STRX-260423-0449,BMB01,Masako Ayam,Bumbu Dapur,1,5000,4500,0,5000
STRX-260423-0449,PRW01,Shampoo Sachet,Perawatan Tubuh,1,1000,500,0,1000
STRX-260423-0449,MIE03,Mie Sedap Soto Ayam,Mie Instan,2,3500,2750,0,7000
STRX-260423-0450,MIE02,Mie Sedap Goreng,Mie Instan,3,3000,2500,0,9000
STRX-260423-0450,MIE01,Indomie Goreng,Mie Instan,1,3000,2500,0,3000
STRX-260423-0451,MSC01,Kopi Sachet Gula Aren,Minuman Sachet,1,2000,1700,0,2000
STRX-260423-0451,MSC02,Milo Sachet,Minuman Sachet,3,1000,700,0,3000
STRX-260423-0452,MIE01,Indomie Goreng,Mie Instan,5,3000,2500,0,15000
STRX-260423-0452,MIE04,Mie Sedap Cup Soto,Mie Instan,1,5500,4500,0,5500
STRX-260423-0452,MNM01,Aqua Botol 600ml,Minuman,4,4000,3000,0,16000
STRX-260423-0453,MNM02,Teh Pucuk Harum,Minuman,1,4000,3000,0,4000
STRX-260423-0453,MSC02,Milo Sachet,Minuman Sachet,2,1000,700,0,2000
STRX-260423-0453,BMB01,Masako Ayam,Bumbu Dapur,4,5000,4500,0,20000
STRX-260423-0454,SMB01,Gula Pasir 1kg,Sembako,2,15500,13500,0,31000
STRX-260423-0454,MSC01,Kopi Sachet Gula Aren,Minuman Sachet,1,2000,1700,0,2000
STRX-260423-0454,MIE04,Mie Sedap Cup Soto,Mie Instan,1,5500,4500,0,5500
STRX-260423-0455,MNM01,Aqua Botol 600ml,Minuman,3,4000,3000,0,12000
STRX-260423-0455,MSC01,Kopi Sachet Gula Aren,Minuman Sachet,1,2000,1700,0,2000
STRX-260423-0455,KRT03,Sabun Cuci Baju,Kebutuhan RT,1,5000,4500,0,5000
STRX-260423-0456,MIE03,Mie Sedap Soto Ayam,Mie Instan,3,3500,2750,0,10500
STRX-260423-0456,MIE01,Indomie Goreng,Mie Instan,2,2700,2500,300,5400
STRX-260423-0457,BMB01,Masako Ayam,Bumbu Dapur,2,5000,4500,0,10000
STRX-260424-0458,MNM03,Fanta 390ml,Minuman,1,5000,4000,0,5000
STRX-260424-0458,PRW01,Shampoo Sachet,Perawatan Tubuh,1,1000,500,0,1000
STRX-260424-0458,MIE02,Mie Sedap Goreng,Mie Instan,4,3000,2500,0,12000
STRX-260424-0458,SMB02,Minyak Goreng 1L,Sembako,2,15000,13500,0,30000
STRX-260424-0458,MNM01,Aqua Botol 600ml,Minuman,3,4000,3000,0,12000
STRX-260424-0459,BMB01,Masako Ayam,Bumbu Dapur,1,5000,4500,0,5000
STRX-260424-0459,MIE03,Mie Sedap Soto Ayam,Mie Instan,2,3500,2750,0,7000
STRX-260424-0460,PRW01,Shampoo Sachet,Perawatan Tubuh,1,1000,500,0,1000
STRX-260424-0461,RKK01,Rokok Sampoerna,Rokok,1,27000,24000,0,27000
STRX-260424-0462,SMB02,Minyak Goreng 1L,Sembako,1,15000,13500,0,15000
STRX-260424-0462,SMB01,Gula Pasir 1kg,Sembako,1,15500,13500,0,15500
STRX-260424-0463,KRT01,Rinso Anti Noda Sachet,Kebutuhan RT,2,1500,1200,0,3000
STRX-260424-0463,RKK01,Rokok Sampoerna,Rokok,3,27000,24000,0,81000
STRX-260424-0463,MSC02,Milo Sachet,Minuman Sachet,5,1000,700,0,5000
STRX-260424-0464,SNK03,Chocolatos,Snack,1,1500,1000,0,1500
STRX-260424-0465,MIE02,Mie Sedap Goreng,Mie Instan,3,3000,2500,0,9000
STRX-260424-0466,MIE04,Mie Sedap Cup Soto,Mie Instan,1,5500,4500,0,5500
STRX-260424-0466,KRT03,Sabun Cuci Baju,Kebutuhan RT,2,5000,4500,0,10000
STRX-260424-0466,MIE03,Mie Sedap Soto Ayam,Mie Instan,2,3500,2750,0,7000
STRX-260424-0466,MNM02,Teh Pucuk Harum,Minuman,1,4000,3000,0,4000
STRX-260424-0467,MSC02,Milo Sachet,Minuman Sachet,2,1000,700,0,2000
STRX-260424-0467,SNK03,Chocolatos,Snack,2,1500,1000,0,3000
STRX-260424-0468,MIE02,Mie Sedap Goreng,Mie Instan,2,3000,2500,0,6000
STRX-260424-0469,MIE02,Mie Sedap Goreng,Mie Instan,4,3000,2500,0,12000
STRX-260424-0469,MSC02,Milo Sachet,Minuman Sachet,2,1000,700,0,2000
STRX-260424-0470,MNM02,Teh Pucuk Harum,Minuman,1,4000,3000,0,4000
STRX-260424-0471,MNM01,Aqua Botol 600ml,Minuman,4,4000,3000,0,16000
STRX-260424-0471,MNM03,Fanta 390ml,Minuman,3,5000,4000,0,15000
STRX-260424-0471,MSC02,Milo Sachet,Minuman Sachet,1,1000,700,0,1000
STRX-260424-0472,MSC02,Milo Sachet,Minuman Sachet,4,1000,700,0,4000
STRX-260424-0472,MNM02,Teh Pucuk Harum,Minuman,2,4000,3000,0,8000
STRX-260425-0473,MSC01,Kopi Sachet Gula Aren,Minuman Sachet,4,2000,1700,0,8000
STRX-260425-0473,MSC02,Milo Sachet,Minuman Sachet,1,1000,700,0,1000
STRX-260425-0473,MNM03,Fanta 390ml,Minuman,3,5000,4000,0,15000
STRX-260425-0473,KRT02,Sunlight Cuci Piring,Kebutuhan RT,1,9000,9000,1000,9000
STRX-260425-0473,KRT03,Sabun Cuci Baju,Kebutuhan RT,2,5000,4500,0,10000
STRX-260425-0474,MNM01,Aqua Botol 600ml,Minuman,1,4000,3000,0,4000
STRX-260425-0474,MIE02,Mie Sedap Goreng,Mie Instan,4,3000,2500,0,12000
STRX-260425-0475,RKK01,Rokok Sampoerna,Rokok,2,27000,24000,0,54000
STRX-260425-0475,MIE01,Indomie Goreng,Mie Instan,1,3000,2500,0,3000
STRX-260425-0475,SMB03,Tepung Beras,Sembako,1,4000,3300,0,4000
STRX-260425-0475,SMB01,Gula Pasir 1kg,Sembako,2,15500,13500,0,31000
STRX-260425-0475,SNK01,Chitato,Snack,1,2000,1800,0,2000
STRX-260425-0476,MNM01,Aqua Botol 600ml,Minuman,3,4000,3000,0,12000
STRX-260425-0476,MIE02,Mie Sedap Goreng,Mie Instan,1,3000,2500,0,3000
STRX-260425-0476,SMB01,Gula Pasir 1kg,Sembako,1,14725,13500,775,14725
STRX-260425-0477,MSC01,Kopi Sachet Gula Aren,Minuman Sachet,3,2000,1700,0,6000
STRX-260425-0477,PRW01,Shampoo Sachet,Perawatan Tubuh,2,1000,500,0,2000
STRX-260425-0478,BMB01,Masako Ayam,Bumbu Dapur,2,5000,4500,0,10000
STRX-260425-0479,MNM04,Pocari Sweat,Minuman,1,4500,4000,500,4500
STRX-260425-0479,MSC01,Kopi Sachet Gula Aren,Minuman Sachet,2,2000,1700,0,4000
STRX-260425-0479,MSC02,Milo Sachet,Minuman Sachet,3,1000,700,0,3000
STRX-260425-0480,MIE01,Indomie Goreng,Mie Instan,2,3000,2500,0,6000
STRX-260425-0480,RKK01,Rokok Sampoerna,Rokok,1,27000,24000,0,27000
STRX-260425-0481,PRW01,Shampoo Sachet,Perawatan Tubuh,2,1000,500,0,2000
STRX-260425-0482,SNK03,Chocolatos,Snack,2,1500,1000,0,3000
STRX-260425-0483,MIE01,Indomie Goreng,Mie Instan,1,3000,2500,0,3000
STRX-260425-0484,MIE02,Mie Sedap Goreng,Mie Instan,5,3000,2500,0,15000
STRX-260425-0484,MIE01,Indomie Goreng,Mie Instan,2,3000,2500,0,6000
STRX-260425-0484,MNM04,Pocari Sweat,Minuman,2,5000,4000,0,10000
STRX-260425-0485,MNM01,Aqua Botol 600ml,Minuman,3,4000,3000,0,12000
STRX-260425-0485,MSC02,Milo Sachet,Minuman Sachet,3,1000,700,0,3000
STRX-260425-0486,MNM02,Teh Pucuk Harum,Minuman,3,4000,3000,0,12000
STRX-260425-0487,MIE01,Indomie Goreng,Mie Instan,4,3000,2500,0,12000
STRX-260425-0487,KRT03,Sabun Cuci Baju,Kebutuhan RT,2,5000,4500,0,10000
STRX-260425-0488,MNM04,Pocari Sweat,Minuman,2,5000,4000,0,10000
STRX-260425-0489,MIE02,Mie Sedap Goreng,Mie Instan,2,3000,2500,0,6000
STRX-260425-0489,SMB04,Kecap Manis,Sembako,2,4000,3300,0,8000
STRX-260425-0490,RKK01,Rokok Sampoerna,Rokok,1,25650,24000,1350,25650
STRX-260425-0490,PRW01,Shampoo Sachet,Perawatan Tubuh,1,1000,500,0,1000
STRX-260425-0491,SNK01,Chitato,Snack,2,2000,1800,0,4000
STRX-260425-0491,MIE02,Mie Sedap Goreng,Mie Instan,2,3000,2500,0,6000
STRX-260425-0492,RKK01,Rokok Sampoerna,Rokok,3,27000,24000,0,81000
STRX-260425-0492,MIE01,Indomie Goreng,Mie Instan,2,3000,2500,0,6000
STRX-260425-0492,KRT03,Sabun Cuci Baju,Kebutuhan RT,2,5000,4500,0,10000
STRX-260425-0493,SMB03,Tepung Beras,Sembako,2,4000,3300,0,8000
STRX-260425-0493,MNM02,Teh Pucuk Harum,Minuman,2,4000,3000,0,8000
STRX-260425-0493,PRW01,Shampoo Sachet,Perawatan Tubuh,2,1000,500,0,2000
STRX-260425-0494,SMB03,Tepung Beras,Sembako,1,4000,3300,0,4000
STRX-260425-0494,PRW01,Shampoo Sachet,Perawatan Tubuh,3,1000,500,0,3000
STRX-260425-0495,MNM04,Pocari Sweat,Minuman,2,5000,4000,0,10000
STRX-260425-0496,SMB03,Tepung Beras,Sembako,1,4000,3300,0,4000
STRX-260425-0497,SMB01,Gula Pasir 1kg,Sembako,1,15500,13500,0,15500
STRX-260425-0497,SMB02,Minyak Goreng 1L,Sembako,1,15000,13500,0,15000
STRX-260425-0497,MNM01,Aqua Botol 600ml,Minuman,3,4000,3000,0,12000
STRX-260425-0498,SNK03,Chocolatos,Snack,2,1500,1000,0,3000
STRX-260425-0498,MNM04,Pocari Sweat,Minuman,1,5000,4000,0,5000
STRX-260425-0498,SMB01,Gula Pasir 1kg,Sembako,1,15500,13500,0,15500
STRX-260425-0499,MSC02,Milo Sachet,Minuman Sachet,1,1000,700,0,1000
STRX-260425-0499,MNM01,Aqua Botol 600ml,Minuman,2,4000,3000,0,8000
STRX-260425-0499,KRT03,Sabun Cuci Baju,Kebutuhan RT,2,5000,4500,0,10000
STRX-260425-0499,MIE04,Mie Sedap Cup Soto,Mie Instan,1,5500,4500,0,5500
STRX-260425-0499,KRT02,Sunlight Cuci Piring,Kebutuhan RT,2,10000,9000,0,20000
STRX-260425-0500,MIE01,Indomie Goreng,Mie Instan,2,3000,2500,0,6000
STRX-260425-0500,MIE02,Mie Sedap Goreng,Mie Instan,2,3000,2500,0,6000
STRX-260425-0500,RKK01,Rokok Sampoerna,Rokok,2,27000,24000,0,54000
STRX-260425-0501,SMB02,Minyak Goreng 1L,Sembako,1,15000,13500,0,15000
STRX-260425-0502,BMB01,Masako Ayam,Bumbu Dapur,3,5000,4500,0,15000
STRX-260425-0502,KRT03,Sabun Cuci Baju,Kebutuhan RT,1,5000,4500,0,5000
STRX-260426-0503,SMB02,Minyak Goreng 1L,Sembako,1,15000,13500,0,15000
STRX-260426-0503,RKK01,Rokok Sampoerna,Rokok,2,27000,24000,0,54000
STRX-260426-0503,MIE01,Indomie Goreng,Mie Instan,2,3000,2500,0,6000
STRX-260426-0504,MSC02,Milo Sachet,Minuman Sachet,4,1000,700,0,4000
STRX-260426-0504,SMB03,Tepung Beras,Sembako,1,4000,3300,0,4000
STRX-260426-0504,MIE02,Mie Sedap Goreng,Mie Instan,3,3000,2500,0,9000
STRX-260426-0505,SMB02,Minyak Goreng 1L,Sembako,1,15000,13500,0,15000
STRX-260426-0505,MIE01,Indomie Goreng,Mie Instan,1,3000,2500,0,3000
STRX-260426-0506,SMB02,Minyak Goreng 1L,Sembako,1,15000,13500,0,15000
STRX-260426-0506,SMB04,Kecap Manis,Sembako,1,4000,3300,0,4000
STRX-260426-0506,KRT02,Sunlight Cuci Piring,Kebutuhan RT,1,10000,9000,0,10000
STRX-260426-0506,MSC02,Milo Sachet,Minuman Sachet,4,1000,700,0,4000
STRX-260426-0507,MIE01,Indomie Goreng,Mie Instan,2,3000,2500,0,6000
STRX-260426-0508,MIE01,Indomie Goreng,Mie Instan,5,3000,2500,0,15000
STRX-260426-0509,MSC01,Kopi Sachet Gula Aren,Minuman Sachet,5,2000,1700,0,10000
STRX-260426-0509,MIE02,Mie Sedap Goreng,Mie Instan,4,3000,2500,0,12000
STRX-260426-0510,MSC02,Milo Sachet,Minuman Sachet,3,1000,700,0,3000
STRX-260426-0510,MIE03,Mie Sedap Soto Ayam,Mie Instan,2,3500,2750,0,7000
STRX-260426-0510,MIE02,Mie Sedap Goreng,Mie Instan,3,2550,2500,450,7650
STRX-260426-0511,MIE04,Mie Sedap Cup Soto,Mie Instan,1,5500,4500,0,5500
STRX-260426-0511,SNK03,Chocolatos,Snack,3,1500,1000,0,4500
STRX-260426-0512,SMB03,Tepung Beras,Sembako,1,4000,3300,0,4000
STRX-260426-0512,MIE02,Mie Sedap Goreng,Mie Instan,3,3000,2500,0,9000
STRX-260426-0513,SMB04,Kecap Manis,Sembako,1,4000,3300,0,4000
STRX-260426-0513,SNK01,Chitato,Snack,1,2000,1800,0,2000
STRX-260426-0514,MSC02,Milo Sachet,Minuman Sachet,2,1000,700,0,2000
STRX-260426-0514,MIE01,Indomie Goreng,Mie Instan,2,3000,2500,0,6000
STRX-260426-0515,SMB03,Tepung Beras,Sembako,1,4000,3300,0,4000
STRX-260426-0515,MIE01,Indomie Goreng,Mie Instan,4,3000,2500,0,12000
STRX-260426-0515,KRT03,Sabun Cuci Baju,Kebutuhan RT,2,5000,4500,0,10000
STRX-260426-0516,MSC01,Kopi Sachet Gula Aren,Minuman Sachet,4,2000,1700,0,8000
STRX-260426-0516,MIE02,Mie Sedap Goreng,Mie Instan,2,3000,2500,0,6000
STRX-260426-0516,MNM01,Aqua Botol 600ml,Minuman,1,4000,3000,0,4000
STRX-260426-0517,MSC01,Kopi Sachet Gula Aren,Minuman Sachet,1,2000,1700,0,2000
STRX-260426-0517,BMB01,Masako Ayam,Bumbu Dapur,1,5000,4500,0,5000
STRX-260426-0518,MNM03,Fanta 390ml,Minuman,2,5000,4000,0,10000
STRX-260426-0518,MNM01,Aqua Botol 600ml,Minuman,2,4000,3000,0,8000
STRX-260426-0519,GAS01,Gas LPG 3kg,Kebutuhan Dapur,1,23000,20000,0,23000
STRX-260426-0519,MIE01,Indomie Goreng,Mie Instan,2,3000,2500,0,6000
STRX-260426-0519,MIE03,Mie Sedap Soto Ayam,Mie Instan,4,3500,2750,0,14000
STRX-260426-0520,MIE01,Indomie Goreng,Mie Instan,4,3000,2500,0,12000
STRX-260426-0520,RKK01,Rokok Sampoerna,Rokok,3,22950,24000,4050,68850
STRX-260426-0521,MNM04,Pocari Sweat,Minuman,2,5000,4000,0,10000
STRX-260426-0521,MIE03,Mie Sedap Soto Ayam,Mie Instan,1,3500,2750,0,3500
STRX-260426-0521,SNK01,Chitato,Snack,2,2000,1800,0,4000
STRX-260426-0522,RKK01,Rokok Sampoerna,Rokok,2,27000,24000,0,54000
STRX-260426-0522,BMB01,Masako Ayam,Bumbu Dapur,2,5000,4500,0,10000
STRX-260426-0522,MIE01,Indomie Goreng,Mie Instan,3,3000,2500,0,9000
STRX-260426-0522,MNM01,Aqua Botol 600ml,Minuman,5,4000,3000,0,20000
STRX-260426-0523,SNK01,Chitato,Snack,2,2000,1800,0,4000
STRX-260426-0523,KRT03,Sabun Cuci Baju,Kebutuhan RT,2,5000,4500,0,10000
STRX-260426-0523,RKK01,Rokok Sampoerna,Rokok,2,27000,24000,0,54000
STRX-260426-0524,MNM04,Pocari Sweat,Minuman,2,5000,4000,0,10000
STRX-260426-0524,MIE01,Indomie Goreng,Mie Instan,1,3000,2500,0,3000
STRX-260426-0525,BMB01,Masako Ayam,Bumbu Dapur,4,5000,4500,0,20000
STRX-260426-0525,SMB03,Tepung Beras,Sembako,3,4000,3300,0,12000
STRX-260426-0525,MNM02,Teh Pucuk Harum,Minuman,1,4000,3000,0,4000
STRX-260426-0526,GAS01,Gas LPG 3kg,Kebutuhan Dapur,2,23000,20000,0,46000
STRX-260426-0526,SMB01,Gula Pasir 1kg,Sembako,1,15500,13500,0,15500
STRX-260426-0527,SMB03,Tepung Beras,Sembako,3,4000,3300,0,12000
STRX-260426-0527,KRT03,Sabun Cuci Baju,Kebutuhan RT,1,5000,4500,0,5000
STRX-260426-0528,RKK01,Rokok Sampoerna,Rokok,2,27000,24000,0,54000
STRX-260426-0528,MNM04,Pocari Sweat,Minuman,2,5000,4000,0,10000
STRX-260426-0529,PRW01,Shampoo Sachet,Perawatan Tubuh,1,1000,500,0,1000
STRX-260426-0529,SNK02,Better Caramel,Snack,1,2000,1600,0,2000
STRX-260426-0530,MIE01,Indomie Goreng,Mie Instan,4,3000,2500,0,12000
STRX-260426-0531,MIE03,Mie Sedap Soto Ayam,Mie Instan,1,3500,2750,0,3500
STRX-260426-0532,PRW01,Shampoo Sachet,Perawatan Tubuh,1,1000,500,0,1000
STRX-260426-0532,MIE01,Indomie Goreng,Mie Instan,1,3000,2500,0,3000
STRX-260426-0532,MNM02,Teh Pucuk Harum,Minuman,2,4000,3000,0,8000
STRX-260426-0533,SNK01,Chitato,Snack,1,2000,1800,0,2000
STRX-260426-0534,SNK01,Chitato,Snack,1,2000,1800,0,2000
STRX-260426-0534,PRW01,Shampoo Sachet,Perawatan Tubuh,1,850,500,150,850
STRX-260426-0534,RKK01,Rokok Sampoerna,Rokok,2,27000,24000,0,54000
STRX-260426-0534,SNK03,Chocolatos,Snack,1,1500,1000,0,1500
STRX-260427-0535,MIE02,Mie Sedap Goreng,Mie Instan,1,3000,2500,0,3000
STRX-260427-0535,MNM04,Pocari Sweat,Minuman,2,5000,4000,0,10000
STRX-260427-0535,SNK03,Chocolatos,Snack,3,1500,1000,0,4500
STRX-260427-0536,MSC02,Milo Sachet,Minuman Sachet,2,1000,700,0,2000
STRX-260427-0536,GAS01,Gas LPG 3kg,Kebutuhan Dapur,2,23000,20000,0,46000
STRX-260427-0537,MIE03,Mie Sedap Soto Ayam,Mie Instan,1,3500,2750,0,3500
STRX-260427-0537,MNM02,Teh Pucuk Harum,Minuman,2,4000,3000,0,8000
STRX-260427-0538,PRW01,Shampoo Sachet,Perawatan Tubuh,1,1000,500,0,1000
STRX-260427-0538,MNM01,Aqua Botol 600ml,Minuman,2,4000,3000,0,8000
STRX-260427-0538,BMB01,Masako Ayam,Bumbu Dapur,5,5000,4500,0,25000
STRX-260427-0538,MIE01,Indomie Goreng,Mie Instan,5,3000,2500,0,15000
STRX-260427-0539,MIE03,Mie Sedap Soto Ayam,Mie Instan,4,3500,2750,0,14000
STRX-260427-0539,MIE01,Indomie Goreng,Mie Instan,4,3000,2500,0,12000
STRX-260427-0539,MNM02,Teh Pucuk Harum,Minuman,1,4000,3000,0,4000
STRX-260427-0540,MSC01,Kopi Sachet Gula Aren,Minuman Sachet,1,2000,1700,0,2000
STRX-260427-0540,MNM02,Teh Pucuk Harum,Minuman,3,4000,3000,0,12000
STRX-260427-0541,MIE03,Mie Sedap Soto Ayam,Mie Instan,1,3500,2750,0,3500
STRX-260427-0541,MIE01,Indomie Goreng,Mie Instan,2,3000,2500,0,6000
STRX-260427-0541,BMB01,Masako Ayam,Bumbu Dapur,2,5000,4500,0,10000
STRX-260427-0542,MSC02,Milo Sachet,Minuman Sachet,2,1000,700,0,2000
STRX-260427-0542,MNM02,Teh Pucuk Harum,Minuman,1,4000,3000,0,4000
STRX-260427-0542,RKK01,Rokok Sampoerna,Rokok,2,27000,24000,0,54000
STRX-260427-0542,MIE01,Indomie Goreng,Mie Instan,1,3000,2500,0,3000
STRX-260427-0543,PRW01,Shampoo Sachet,Perawatan Tubuh,1,1000,500,0,1000
STRX-260427-0543,SMB02,Minyak Goreng 1L,Sembako,2,15000,13500,0,30000
STRX-260427-0543,MIE03,Mie Sedap Soto Ayam,Mie Instan,2,3500,2750,0,7000
STRX-260427-0544,RKK01,Rokok Sampoerna,Rokok,2,27000,24000,0,54000
STRX-260427-0544,MIE03,Mie Sedap Soto Ayam,Mie Instan,1,3500,2750,0,3500
STRX-260427-0545,BMB01,Masako Ayam,Bumbu Dapur,2,5000,4500,0,10000
STRX-260427-0545,MIE01,Indomie Goreng,Mie Instan,3,3000,2500,0,9000
STRX-260427-0546,RKK01,Rokok Sampoerna,Rokok,1,27000,24000,0,27000
STRX-260427-0546,SNK03,Chocolatos,Snack,1,1500,1000,0,1500
STRX-260427-0546,MNM01,Aqua Botol 600ml,Minuman,3,4000,3000,0,12000
STRX-260427-0547,PRW01,Shampoo Sachet,Perawatan Tubuh,2,1000,500,0,2000
STRX-260427-0547,MIE01,Indomie Goreng,Mie Instan,1,3000,2500,0,3000
STRX-260427-0548,MIE01,Indomie Goreng,Mie Instan,3,3000,2500,0,9000
STRX-260427-0549,MNM01,Aqua Botol 600ml,Minuman,3,4000,3000,0,12000
STRX-260427-0549,MIE02,Mie Sedap Goreng,Mie Instan,2,3000,2500,0,6000
STRX-260427-0550,SNK01,Chitato,Snack,3,2000,1800,0,6000
STRX-260427-0550,SNK03,Chocolatos,Snack,1,1500,1000,0,1500
STRX-260427-0550,BMB01,Masako Ayam,Bumbu Dapur,4,5000,4500,0,20000
STRX-260427-0551,KRT03,Sabun Cuci Baju,Kebutuhan RT,1,5000,4500,0,5000
STRX-260427-0551,SNK03,Chocolatos,Snack,2,1500,1000,0,3000
STRX-260427-0552,MIE03,Mie Sedap Soto Ayam,Mie Instan,2,3500,2750,0,7000
STRX-260427-0553,KRT03,Sabun Cuci Baju,Kebutuhan RT,1,5000,4500,0,5000
STRX-260427-0553,MNM02,Teh Pucuk Harum,Minuman,3,4000,3000,0,12000
STRX-260427-0553,RKK01,Rokok Sampoerna,Rokok,2,27000,24000,0,54000
STRX-260427-0553,MIE01,Indomie Goreng,Mie Instan,3,3000,2500,0,9000
STRX-260427-0554,SNK02,Better Caramel,Snack,1,1800,1600,200,1800
STRX-260427-0555,MSC01,Kopi Sachet Gula Aren,Minuman Sachet,2,2000,1700,0,4000
STRX-260427-0555,MIE03,Mie Sedap Soto Ayam,Mie Instan,1,3500,2750,0,3500
STRX-260427-0556,SNK03,Chocolatos,Snack,2,1500,1000,0,3000
STRX-260427-0556,BMB01,Masako Ayam,Bumbu Dapur,2,5000,4500,0,10000
STRX-260427-0556,MNM01,Aqua Botol 600ml,Minuman,1,4000,3000,0,4000
STRX-260427-0556,SMB01,Gula Pasir 1kg,Sembako,2,15500,13500,0,31000
STRX-260428-0557,MSC01,Kopi Sachet Gula Aren,Minuman Sachet,4,2000,1700,0,8000
STRX-260428-0557,PRW01,Shampoo Sachet,Perawatan Tubuh,1,1000,500,0,1000
STRX-260428-0558,SNK03,Chocolatos,Snack,3,1500,1000,0,4500
STRX-260428-0558,GAS01,Gas LPG 3kg,Kebutuhan Dapur,1,23000,20000,0,23000
STRX-260428-0558,MNM01,Aqua Botol 600ml,Minuman,2,4000,3000,0,8000
STRX-260428-0559,MIE01,Indomie Goreng,Mie Instan,3,3000,2500,0,9000
STRX-260428-0559,SMB04,Kecap Manis,Sembako,1,4000,3300,0,4000
STRX-260428-0559,SMB02,Minyak Goreng 1L,Sembako,1,15000,13500,0,15000
STRX-260428-0560,MNM03,Fanta 390ml,Minuman,1,5000,4000,0,5000
STRX-260428-0560,MNM02,Teh Pucuk Harum,Minuman,1,4000,3000,0,4000
STRX-260428-0561,SMB01,Gula Pasir 1kg,Sembako,1,13175,13500,2325,13175
STRX-260428-0561,MNM01,Aqua Botol 600ml,Minuman,3,4000,3000,0,12000
STRX-260428-0561,BMB01,Masako Ayam,Bumbu Dapur,4,5000,4500,0,20000
STRX-260428-0561,MIE03,Mie Sedap Soto Ayam,Mie Instan,2,3500,2750,0,7000
STRX-260428-0562,RKK01,Rokok Sampoerna,Rokok,3,27000,24000,0,81000
STRX-260428-0563,SMB02,Minyak Goreng 1L,Sembako,1,15000,13500,0,15000
STRX-260428-0564,MIE03,Mie Sedap Soto Ayam,Mie Instan,1,3500,2750,0,3500
STRX-260428-0564,SMB01,Gula Pasir 1kg,Sembako,1,15500,13500,0,15500
STRX-260428-0564,SMB02,Minyak Goreng 1L,Sembako,1,15000,13500,0,15000
STRX-260428-0564,KRT01,Rinso Anti Noda Sachet,Kebutuhan RT,1,1500,1200,0,1500
STRX-260428-0564,MNM01,Aqua Botol 600ml,Minuman,1,4000,3000,0,4000
STRX-260428-0565,KRT03,Sabun Cuci Baju,Kebutuhan RT,1,5000,4500,0,5000
STRX-260428-0565,MIE01,Indomie Goreng,Mie Instan,2,3000,2500,0,6000
STRX-260428-0566,MSC01,Kopi Sachet Gula Aren,Minuman Sachet,2,2000,1700,0,4000
STRX-260428-0566,PRW01,Shampoo Sachet,Perawatan Tubuh,1,1000,500,0,1000
STRX-260428-0566,MNM01,Aqua Botol 600ml,Minuman,2,4000,3000,0,8000
STRX-260428-0567,MIE03,Mie Sedap Soto Ayam,Mie Instan,1,3500,2750,0,3500
STRX-260428-0568,MNM04,Pocari Sweat,Minuman,1,5000,4000,0,5000
STRX-260428-0568,MIE03,Mie Sedap Soto Ayam,Mie Instan,1,3500,2750,0,3500
STRX-260428-0568,SMB02,Minyak Goreng 1L,Sembako,1,15000,13500,0,15000
STRX-260428-0568,PRW01,Shampoo Sachet,Perawatan Tubuh,1,1000,500,0,1000
STRX-260428-0569,SMB03,Tepung Beras,Sembako,1,4000,3300,0,4000
STRX-260428-0569,KRT01,Rinso Anti Noda Sachet,Kebutuhan RT,1,1500,1200,0,1500
STRX-260429-0570,MIE01,Indomie Goreng,Mie Instan,2,3000,2500,0,6000
STRX-260429-0570,SMB01,Gula Pasir 1kg,Sembako,3,15500,13500,0,46500
STRX-260429-0570,RKK01,Rokok Sampoerna,Rokok,2,27000,24000,0,54000
STRX-260429-0571,BMB01,Masako Ayam,Bumbu Dapur,2,5000,4500,0,10000
STRX-260429-0571,SNK01,Chitato,Snack,2,2000,1800,0,4000
STRX-260429-0571,SMB03,Tepung Beras,Sembako,2,4000,3300,0,8000
STRX-260429-0572,MIE02,Mie Sedap Goreng,Mie Instan,4,3000,2500,0,12000
STRX-260429-0573,MIE02,Mie Sedap Goreng,Mie Instan,3,3000,2500,0,9000
STRX-260429-0573,MIE01,Indomie Goreng,Mie Instan,2,3000,2500,0,6000
STRX-260429-0574,MIE01,Indomie Goreng,Mie Instan,1,3000,2500,0,3000
STRX-260429-0575,SMB02,Minyak Goreng 1L,Sembako,2,15000,13500,0,30000
STRX-260429-0575,SNK01,Chitato,Snack,1,2000,1800,0,2000
STRX-260429-0575,SNK03,Chocolatos,Snack,3,1500,1000,0,4500
STRX-260429-0576,GAS01,Gas LPG 3kg,Kebutuhan Dapur,1,23000,20000,0,23000
STRX-260429-0577,RKK01,Rokok Sampoerna,Rokok,3,27000,24000,0,81000
STRX-260429-0578,MIE01,Indomie Goreng,Mie Instan,2,3000,2500,0,6000
STRX-260429-0578,SNK03,Chocolatos,Snack,2,1500,1000,0,3000
STRX-260429-0579,MIE02,Mie Sedap Goreng,Mie Instan,2,3000,2500,0,6000
STRX-260429-0580,GAS01,Gas LPG 3kg,Kebutuhan Dapur,2,23000,20000,0,46000
STRX-260429-0580,MIE03,Mie Sedap Soto Ayam,Mie Instan,4,3500,2750,0,14000
STRX-260429-0581,MIE03,Mie Sedap Soto Ayam,Mie Instan,1,3500,2750,0,3500
STRX-260429-0581,MSC02,Milo Sachet,Minuman Sachet,3,1000,700,0,3000
STRX-260429-0582,MSC01,Kopi Sachet Gula Aren,Minuman Sachet,2,2000,1700,0,4000
STRX-260429-0582,MIE03,Mie Sedap Soto Ayam,Mie Instan,1,3500,2750,0,3500
STRX-260429-0583,PRW01,Shampoo Sachet,Perawatan Tubuh,3,1000,500,0,3000
STRX-260429-0584,MIE02,Mie Sedap Goreng,Mie Instan,3,3000,2500,0,9000
STRX-260429-0584,BMB01,Masako Ayam,Bumbu Dapur,3,5000,4500,0,15000
STRX-260429-0585,SNK03,Chocolatos,Snack,2,1500,1000,0,3000
STRX-260429-0586,KRT01,Rinso Anti Noda Sachet,Kebutuhan RT,2,1500,1200,0,3000
STRX-260429-0586,RKK01,Rokok Sampoerna,Rokok,3,27000,24000,0,81000
STRX-260429-0586,MNM03,Fanta 390ml,Minuman,1,5000,4000,0,5000
STRX-260429-0587,MSC02,Milo Sachet,Minuman Sachet,2,1000,700,0,2000
STRX-260429-0587,SMB01,Gula Pasir 1kg,Sembako,1,15500,13500,0,15500
STRX-260429-0588,SNK02,Better Caramel,Snack,1,2000,1600,0,2000
STRX-260429-0588,KRT02,Sunlight Cuci Piring,Kebutuhan RT,1,10000,9000,0,10000
STRX-260429-0588,RKK01,Rokok Sampoerna,Rokok,4,27000,24000,0,108000
STRX-260429-0588,SNK03,Chocolatos,Snack,1,1500,1000,0,1500
STRX-260429-0589,KRT01,Rinso Anti Noda Sachet,Kebutuhan RT,1,1500,1200,0,1500
STRX-260429-0589,MSC01,Kopi Sachet Gula Aren,Minuman Sachet,3,2000,1700,0,6000
STRX-260430-0590,SMB02,Minyak Goreng 1L,Sembako,1,15000,13500,0,15000
STRX-260430-0590,MSC02,Milo Sachet,Minuman Sachet,1,1000,700,0,1000
STRX-260430-0590,MSC01,Kopi Sachet Gula Aren,Minuman Sachet,3,2000,1700,0,6000
STRX-260430-0590,MIE01,Indomie Goreng,Mie Instan,4,3000,2500,0,12000
STRX-260430-0591,KRT03,Sabun Cuci Baju,Kebutuhan RT,1,5000,4500,0,5000
STRX-260430-0592,MIE02,Mie Sedap Goreng,Mie Instan,1,3000,2500,0,3000
STRX-260430-0592,KRT01,Rinso Anti Noda Sachet,Kebutuhan RT,2,1350,1200,150,2700
STRX-260430-0593,MNM01,Aqua Botol 600ml,Minuman,2,4000,3000,0,8000
STRX-260430-0593,RKK01,Rokok Sampoerna,Rokok,3,27000,24000,0,81000
STRX-260430-0593,MNM02,Teh Pucuk Harum,Minuman,2,4000,3000,0,8000
STRX-260430-0593,SMB01,Gula Pasir 1kg,Sembako,1,15500,13500,0,15500
STRX-260430-0594,MNM02,Teh Pucuk Harum,Minuman,2,4000,3000,0,8000
STRX-260430-0594,MNM01,Aqua Botol 600ml,Minuman,1,4000,3000,0,4000
STRX-260430-0594,MSC02,Milo Sachet,Minuman Sachet,2,1000,700,0,2000
STRX-260430-0594,RKK01,Rokok Sampoerna,Rokok,3,27000,24000,0,81000
STRX-260430-0595,MIE02,Mie Sedap Goreng,Mie Instan,1,3000,2500,0,3000
STRX-260430-0595,MNM03,Fanta 390ml,Minuman,1,5000,4000,0,5000
STRX-260430-0595,BMB01,Masako Ayam,Bumbu Dapur,1,4750,4500,250,4750
STRX-260430-0596,MNM01,Aqua Botol 600ml,Minuman,1,4000,3000,0,4000
STRX-260430-0597,BMB01,Masako Ayam,Bumbu Dapur,3,5000,4500,0,15000
STRX-260430-0597,MIE03,Mie Sedap Soto Ayam,Mie Instan,4,3500,2750,0,14000
STRX-260430-0598,SMB02,Minyak Goreng 1L,Sembako,1,15000,13500,0,15000
STRX-260430-0599,BMB01,Masako Ayam,Bumbu Dapur,4,5000,4500,0,20000
STRX-260430-0599,SMB02,Minyak Goreng 1L,Sembako,1,15000,13500,0,15000
STRX-260430-0599,MNM01,Aqua Botol 600ml,Minuman,4,4000,3000,0,16000
STRX-260430-0599,RKK01,Rokok Sampoerna,Rokok,1,27000,24000,0,27000
STRX-260430-0599,MNM02,Teh Pucuk Harum,Minuman,1,4000,3000,0,4000
STRX-260430-0600,SMB01,Gula Pasir 1kg,Sembako,1,15500,13500,0,15500
STRX-260430-0600,SNK02,Better Caramel,Snack,1,2000,1600,0,2000
STRX-260430-0600,MIE01,Indomie Goreng,Mie Instan,1,3000,2500,0,3000
STRX-260430-0600,BMB01,Masako Ayam,Bumbu Dapur,4,5000,4500,0,20000
STRX-260430-0600,MIE02,Mie Sedap Goreng,Mie Instan,2,2700,2500,300,5400
STRX-260430-0601,MSC02,Milo Sachet,Minuman Sachet,2,850,700,150,1700
STRX-260430-0601,MIE03,Mie Sedap Soto Ayam,Mie Instan,5,3500,2750,0,17500
STRX-260430-0602,SNK03,Chocolatos,Snack,2,1500,1000,0,3000
STRX-260430-0602,MIE01,Indomie Goreng,Mie Instan,2,3000,2500,0,6000
STRX-260430-0602,KRT03,Sabun Cuci Baju,Kebutuhan RT,1,5000,4500,0,5000
STRX-260430-0603,SMB04,Kecap Manis,Sembako,2,4000,3300,0,8000
STRX-260430-0603,KRT03,Sabun Cuci Baju,Kebutuhan RT,1,5000,4500,0,5000
STRX-260430-0603,MIE01,Indomie Goreng,Mie Instan,2,3000,2500,0,6000
STRX-260430-0603,SNK03,Chocolatos,Snack,1,1500,1000,0,1500
STRX-260430-0604,MNM01,Aqua Botol 600ml,Minuman,2,4000,3000,0,8000
STRX-260501-0605,SNK03,Chocolatos,Snack,1,1500,1000,0,1500
STRX-260501-0605,MSC02,Milo Sachet,Minuman Sachet,2,1000,700,0,2000
STRX-260501-0605,MNM01,Aqua Botol 600ml,Minuman,3,4000,3000,0,12000
STRX-260501-0606,SMB04,Kecap Manis,Sembako,1,4000,3300,0,4000
STRX-260501-0606,MNM02,Teh Pucuk Harum,Minuman,2,4000,3000,0,8000
STRX-260501-0606,SMB03,Tepung Beras,Sembako,1,4000,3300,0,4000
STRX-260501-0607,SMB02,Minyak Goreng 1L,Sembako,1,15000,13500,0,15000
STRX-260501-0608,MNM01,Aqua Botol 600ml,Minuman,2,4000,3000,0,8000
STRX-260501-0608,MSC01,Kopi Sachet Gula Aren,Minuman Sachet,4,1800,1700,200,7200
STRX-260501-0608,SNK02,Better Caramel,Snack,2,2000,1600,0,4000
STRX-260501-0608,SMB01,Gula Pasir 1kg,Sembako,1,15500,13500,0,15500
STRX-260501-0609,MIE04,Mie Sedap Cup Soto,Mie Instan,3,5500,4500,0,16500
STRX-260501-0609,BMB01,Masako Ayam,Bumbu Dapur,3,5000,4500,0,15000
STRX-260501-0609,SNK03,Chocolatos,Snack,1,1500,1000,0,1500
STRX-260501-0609,MIE02,Mie Sedap Goreng,Mie Instan,1,3000,2500,0,3000
STRX-260501-0610,PRW01,Shampoo Sachet,Perawatan Tubuh,1,1000,500,0,1000
STRX-260501-0610,MSC01,Kopi Sachet Gula Aren,Minuman Sachet,3,2000,1700,0,6000
STRX-260501-0610,MNM02,Teh Pucuk Harum,Minuman,1,4000,3000,0,4000
STRX-260501-0610,MSC02,Milo Sachet,Minuman Sachet,1,1000,700,0,1000
STRX-260501-0611,MIE02,Mie Sedap Goreng,Mie Instan,3,3000,2500,0,9000
STRX-260501-0611,MSC02,Milo Sachet,Minuman Sachet,2,1000,700,0,2000
STRX-260501-0611,MNM01,Aqua Botol 600ml,Minuman,2,3800,3000,200,7600
STRX-260501-0612,PRW01,Shampoo Sachet,Perawatan Tubuh,1,1000,500,0,1000
STRX-260501-0612,MNM02,Teh Pucuk Harum,Minuman,2,4000,3000,0,8000
STRX-260501-0612,KRT03,Sabun Cuci Baju,Kebutuhan RT,1,5000,4500,0,5000
STRX-260501-0613,SNK01,Chitato,Snack,1,2000,1800,0,2000
STRX-260501-0613,MSC01,Kopi Sachet Gula Aren,Minuman Sachet,3,2000,1700,0,6000
STRX-260501-0613,MIE03,Mie Sedap Soto Ayam,Mie Instan,4,3500,2750,0,14000
STRX-260501-0614,MSC01,Kopi Sachet Gula Aren,Minuman Sachet,1,2000,1700,0,2000
STRX-260501-0615,BMB01,Masako Ayam,Bumbu Dapur,1,5000,4500,0,5000
STRX-260501-0615,MIE04,Mie Sedap Cup Soto,Mie Instan,1,5500,4500,0,5500
STRX-260501-0616,RKK01,Rokok Sampoerna,Rokok,2,27000,24000,0,54000
STRX-260501-0616,BMB01,Masako Ayam,Bumbu Dapur,3,5000,4500,0,15000
STRX-260501-0616,KRT03,Sabun Cuci Baju,Kebutuhan RT,1,5000,4500,0,5000
STRX-260501-0617,SNK03,Chocolatos,Snack,2,1500,1000,0,3000
STRX-260501-0617,KRT02,Sunlight Cuci Piring,Kebutuhan RT,1,10000,9000,0,10000
STRX-260501-0617,MSC02,Milo Sachet,Minuman Sachet,3,1000,700,0,3000
STRX-260501-0618,MIE02,Mie Sedap Goreng,Mie Instan,4,3000,2500,0,12000
STRX-260501-0618,SMB02,Minyak Goreng 1L,Sembako,1,15000,13500,0,15000
STRX-260501-0619,MIE04,Mie Sedap Cup Soto,Mie Instan,3,5500,4500,0,16500
STRX-260501-0619,MIE01,Indomie Goreng,Mie Instan,3,3000,2500,0,9000
STRX-260501-0619,MIE02,Mie Sedap Goreng,Mie Instan,2,3000,2500,0,6000
STRX-260501-0619,MSC01,Kopi Sachet Gula Aren,Minuman Sachet,4,2000,1700,0,8000
STRX-260501-0620,BMB01,Masako Ayam,Bumbu Dapur,1,5000,4500,0,5000
STRX-260501-0620,MNM01,Aqua Botol 600ml,Minuman,3,4000,3000,0,12000
STRX-260501-0620,MNM02,Teh Pucuk Harum,Minuman,3,4000,3000,0,12000
STRX-260501-0621,MIE01,Indomie Goreng,Mie Instan,2,3000,2500,0,6000
STRX-260501-0622,SNK01,Chitato,Snack,1,2000,1800,0,2000
STRX-260501-0622,SMB04,Kecap Manis,Sembako,2,4000,3300,0,8000
STRX-260501-0623,KRT01,Rinso Anti Noda Sachet,Kebutuhan RT,1,1500,1200,0,1500
STRX-260501-0624,MNM01,Aqua Botol 600ml,Minuman,2,4000,3000,0,8000
STRX-260501-0624,RKK01,Rokok Sampoerna,Rokok,4,27000,24000,0,108000
STRX-260501-0624,MIE01,Indomie Goreng,Mie Instan,2,3000,2500,0,6000
STRX-260501-0625,GAS01,Gas LPG 3kg,Kebutuhan Dapur,1,23000,20000,0,23000
STRX-260501-0625,MNM02,Teh Pucuk Harum,Minuman,1,4000,3000,0,4000
STRX-260501-0625,SNK02,Better Caramel,Snack,2,2000,1600,0,4000
STRX-260501-0626,MSC02,Milo Sachet,Minuman Sachet,3,1000,700,0,3000
STRX-260501-0626,BMB01,Masako Ayam,Bumbu Dapur,2,5000,4500,0,10000
STRX-260501-0626,SMB02,Minyak Goreng 1L,Sembako,1,15000,13500,0,15000
STRX-260501-0627,MIE03,Mie Sedap Soto Ayam,Mie Instan,3,3500,2750,0,10500
STRX-260501-0627,MIE04,Mie Sedap Cup Soto,Mie Instan,1,5500,4500,0,5500
STRX-260501-0627,KRT01,Rinso Anti Noda Sachet,Kebutuhan RT,2,1500,1200,0,3000
STRX-260502-0628,SNK03,Chocolatos,Snack,1,1500,1000,0,1500
STRX-260502-0628,MNM01,Aqua Botol 600ml,Minuman,3,4000,3000,0,12000
STRX-260502-0628,MIE02,Mie Sedap Goreng,Mie Instan,5,3000,2500,0,15000
STRX-260502-0628,MIE03,Mie Sedap Soto Ayam,Mie Instan,1,3500,2750,0,3500
STRX-260502-0629,SMB01,Gula Pasir 1kg,Sembako,2,15500,13500,0,31000
STRX-260502-0629,BMB01,Masako Ayam,Bumbu Dapur,2,5000,4500,0,10000
STRX-260502-0629,MNM04,Pocari Sweat,Minuman,2,5000,4000,0,10000
STRX-260502-0630,SMB02,Minyak Goreng 1L,Sembako,1,15000,13500,0,15000
STRX-260502-0630,MSC02,Milo Sachet,Minuman Sachet,2,1000,700,0,2000
STRX-260502-0631,BMB01,Masako Ayam,Bumbu Dapur,2,5000,4500,0,10000
STRX-260502-0631,MSC02,Milo Sachet,Minuman Sachet,3,1000,700,0,3000
STRX-260502-0631,MNM04,Pocari Sweat,Minuman,2,5000,4000,0,10000
STRX-260502-0632,MNM03,Fanta 390ml,Minuman,2,5000,4000,0,10000
STRX-260502-0633,SMB04,Kecap Manis,Sembako,1,4000,3300,0,4000
STRX-260502-0633,SMB03,Tepung Beras,Sembako,1,4000,3300,0,4000
STRX-260502-0633,BMB01,Masako Ayam,Bumbu Dapur,2,5000,4500,0,10000
STRX-260502-0633,MNM02,Teh Pucuk Harum,Minuman,1,4000,3000,0,4000
STRX-260502-0634,SNK01,Chitato,Snack,1,2000,1800,0,2000
STRX-260502-0634,MNM01,Aqua Botol 600ml,Minuman,2,4000,3000,0,8000
STRX-260502-0634,MIE01,Indomie Goreng,Mie Instan,3,3000,2500,0,9000
STRX-260502-0634,MNM03,Fanta 390ml,Minuman,1,5000,4000,0,5000
STRX-260502-0635,MSC01,Kopi Sachet Gula Aren,Minuman Sachet,2,2000,1700,0,4000
STRX-260502-0635,MNM01,Aqua Botol 600ml,Minuman,2,4000,3000,0,8000
STRX-260502-0635,MIE01,Indomie Goreng,Mie Instan,3,3000,2500,0,9000
STRX-260502-0635,SMB02,Minyak Goreng 1L,Sembako,1,13500,13500,1500,13500
STRX-260502-0636,SNK01,Chitato,Snack,1,2000,1800,0,2000
STRX-260502-0637,MSC01,Kopi Sachet Gula Aren,Minuman Sachet,3,2000,1700,0,6000
STRX-260502-0637,BMB01,Masako Ayam,Bumbu Dapur,3,5000,4500,0,15000
STRX-260502-0637,SNK03,Chocolatos,Snack,1,1500,1000,0,1500
STRX-260502-0638,SMB04,Kecap Manis,Sembako,3,4000,3300,0,12000
STRX-260502-0638,MSC02,Milo Sachet,Minuman Sachet,1,1000,700,0,1000
STRX-260502-0639,KRT03,Sabun Cuci Baju,Kebutuhan RT,2,5000,4500,0,10000
STRX-260502-0639,RKK01,Rokok Sampoerna,Rokok,1,27000,24000,0,27000
STRX-260502-0639,MSC01,Kopi Sachet Gula Aren,Minuman Sachet,1,2000,1700,0,2000
STRX-260502-0640,MNM03,Fanta 390ml,Minuman,3,5000,4000,0,15000
STRX-260502-0640,SNK01,Chitato,Snack,1,2000,1800,0,2000
STRX-260502-0640,SMB01,Gula Pasir 1kg,Sembako,2,15500,13500,0,31000
STRX-260502-0640,MSC02,Milo Sachet,Minuman Sachet,1,1000,700,0,1000
STRX-260502-0641,KRT03,Sabun Cuci Baju,Kebutuhan RT,1,5000,4500,0,5000
STRX-260502-0642,SMB04,Kecap Manis,Sembako,1,4000,3300,0,4000
STRX-260502-0642,PRW01,Shampoo Sachet,Perawatan Tubuh,2,1000,500,0,2000
STRX-260502-0643,MSC02,Milo Sachet,Minuman Sachet,1,1000,700,0,1000
STRX-260502-0644,BMB01,Masako Ayam,Bumbu Dapur,4,5000,4500,0,20000
STRX-260502-0645,MSC01,Kopi Sachet Gula Aren,Minuman Sachet,1,2000,1700,0,2000
STRX-260502-0645,MNM03,Fanta 390ml,Minuman,1,5000,4000,0,5000
STRX-260502-0645,SNK01,Chitato,Snack,1,2000,1800,0,2000
STRX-260502-0646,MSC01,Kopi Sachet Gula Aren,Minuman Sachet,1,2000,1700,0,2000
STRX-260502-0647,MNM01,Aqua Botol 600ml,Minuman,1,4000,3000,0,4000
STRX-260502-0647,SMB04,Kecap Manis,Sembako,1,4000,3300,0,4000
STRX-260502-0648,PRW01,Shampoo Sachet,Perawatan Tubuh,2,1000,500,0,2000
STRX-260502-0648,MSC01,Kopi Sachet Gula Aren,Minuman Sachet,1,2000,1700,0,2000
STRX-260502-0648,SMB02,Minyak Goreng 1L,Sembako,1,15000,13500,0,15000
STRX-260502-0648,SNK03,Chocolatos,Snack,2,1500,1000,0,3000
STRX-260502-0649,MNM03,Fanta 390ml,Minuman,1,5000,4000,0,5000
STRX-260502-0649,SMB02,Minyak Goreng 1L,Sembako,1,15000,13500,0,15000
STRX-260502-0649,SNK01,Chitato,Snack,1,2000,1800,0,2000
STRX-260502-0650,SNK03,Chocolatos,Snack,2,1500,1000,0,3000
STRX-260502-0650,BMB01,Masako Ayam,Bumbu Dapur,3,5000,4500,0,15000
STRX-260502-0651,MNM02,Teh Pucuk Harum,Minuman,2,4000,3000,0,8000
STRX-260502-0651,MSC01,Kopi Sachet Gula Aren,Minuman Sachet,1,2000,1700,0,2000
STRX-260502-0652,MSC01,Kopi Sachet Gula Aren,Minuman Sachet,2,2000,1700,0,4000
STRX-260502-0653,SMB03,Tepung Beras,Sembako,2,4000,3300,0,8000
STRX-260502-0653,SMB01,Gula Pasir 1kg,Sembako,2,15500,13500,0,31000
STRX-260502-0653,KRT01,Rinso Anti Noda Sachet,Kebutuhan RT,1,1500,1200,0,1500
STRX-260502-0654,MIE01,Indomie Goreng,Mie Instan,3,3000,2500,0,9000
STRX-260502-0654,MNM01,Aqua Botol 600ml,Minuman,1,4000,3000,0,4000
STRX-260502-0654,MIE02,Mie Sedap Goreng,Mie Instan,3,3000,2500,0,9000
STRX-260502-0654,SMB01,Gula Pasir 1kg,Sembako,1,15500,13500,0,15500
STRX-260502-0654,SNK01,Chitato,Snack,3,1800,1800,200,5400
STRX-260502-0655,SMB01,Gula Pasir 1kg,Sembako,1,15500,13500,0,15500
STRX-260502-0655,PRW01,Shampoo Sachet,Perawatan Tubuh,1,1000,500,0,1000
STRX-260502-0655,MSC02,Milo Sachet,Minuman Sachet,3,1000,700,0,3000
STRX-260502-0656,MIE01,Indomie Goreng,Mie Instan,1,3000,2500,0,3000
STRX-260502-0657,MIE03,Mie Sedap Soto Ayam,Mie Instan,3,3500,2750,0,10500
STRX-260502-0657,KRT02,Sunlight Cuci Piring,Kebutuhan RT,2,10000,9000,0,20000
STRX-260502-0657,SMB01,Gula Pasir 1kg,Sembako,1,15500,13500,0,15500
STRX-260502-0658,BMB01,Masako Ayam,Bumbu Dapur,5,5000,4500,0,25000
STRX-260502-0659,MNM03,Fanta 390ml,Minuman,1,5000,4000,0,5000
STRX-260502-0659,SMB02,Minyak Goreng 1L,Sembako,1,15000,13500,0,15000
STRX-260502-0660,MSC01,Kopi Sachet Gula Aren,Minuman Sachet,3,2000,1700,0,6000
STRX-260502-0661,MIE02,Mie Sedap Goreng,Mie Instan,2,2550,2500,450,5100
STRX-260502-0661,MIE04,Mie Sedap Cup Soto,Mie Instan,3,5500,4500,0,16500
STRX-260502-0661,SMB03,Tepung Beras,Sembako,1,4000,3300,0,4000
STRX-260502-0661,MSC02,Milo Sachet,Minuman Sachet,5,1000,700,0,5000
STRX-260502-0662,GAS01,Gas LPG 3kg,Kebutuhan Dapur,2,23000,20000,0,46000
STRX-260502-0662,SNK02,Better Caramel,Snack,1,2000,1600,0,2000
STRX-260502-0662,MSC02,Milo Sachet,Minuman Sachet,1,1000,700,0,1000
STRX-260502-0663,SMB03,Tepung Beras,Sembako,1,4000,3300,0,4000
STRX-260502-0663,SNK03,Chocolatos,Snack,1,1500,1000,0,1500
STRX-260502-0663,SMB02,Minyak Goreng 1L,Sembako,2,15000,13500,0,30000
STRX-260502-0664,MSC01,Kopi Sachet Gula Aren,Minuman Sachet,2,2000,1700,0,4000
STRX-260502-0664,MSC02,Milo Sachet,Minuman Sachet,4,1000,700,0,4000
STRX-260502-0665,MNM02,Teh Pucuk Harum,Minuman,1,4000,3000,0,4000
STRX-260502-0665,MIE04,Mie Sedap Cup Soto,Mie Instan,2,5500,4500,0,11000
STRX-260502-0665,MIE02,Mie Sedap Goreng,Mie Instan,2,3000,2500,0,6000
STRX-260502-0666,MSC02,Milo Sachet,Minuman Sachet,1,1000,700,0,1000
STRX-260502-0666,MIE01,Indomie Goreng,Mie Instan,2,3000,2500,0,6000
STRX-260502-0667,BMB01,Masako Ayam,Bumbu Dapur,2,5000,4500,0,10000
STRX-260502-0667,SNK02,Better Caramel,Snack,1,1700,1600,300,1700
STRX-260502-0668,MNM03,Fanta 390ml,Minuman,2,5000,4000,0,10000
STRX-260503-0669,MIE04,Mie Sedap Cup Soto,Mie Instan,1,5500,4500,0,5500
STRX-260503-0669,RKK01,Rokok Sampoerna,Rokok,2,27000,24000,0,54000
STRX-260503-0670,MIE01,Indomie Goreng,Mie Instan,2,3000,2500,0,6000
STRX-260503-0670,KRT03,Sabun Cuci Baju,Kebutuhan RT,2,5000,4500,0,10000
STRX-260503-0671,SNK01,Chitato,Snack,2,2000,1800,0,4000
STRX-260503-0671,GAS01,Gas LPG 3kg,Kebutuhan Dapur,1,23000,20000,0,23000
STRX-260503-0672,MSC01,Kopi Sachet Gula Aren,Minuman Sachet,3,2000,1700,0,6000
STRX-260503-0672,MIE01,Indomie Goreng,Mie Instan,2,3000,2500,0,6000
STRX-260503-0673,BMB01,Masako Ayam,Bumbu Dapur,2,5000,4500,0,10000
STRX-260503-0674,MIE02,Mie Sedap Goreng,Mie Instan,4,3000,2500,0,12000
STRX-260503-0675,BMB01,Masako Ayam,Bumbu Dapur,1,5000,4500,0,5000
STRX-260503-0676,PRW01,Shampoo Sachet,Perawatan Tubuh,2,1000,500,0,2000
STRX-260503-0676,KRT03,Sabun Cuci Baju,Kebutuhan RT,1,5000,4500,0,5000
STRX-260503-0676,SMB03,Tepung Beras,Sembako,1,4000,3300,0,4000
STRX-260503-0676,MIE01,Indomie Goreng,Mie Instan,1,2550,2500,450,2550
STRX-260503-0677,SNK03,Chocolatos,Snack,2,1500,1000,0,3000
STRX-260503-0677,MIE04,Mie Sedap Cup Soto,Mie Instan,2,5500,4500,0,11000
STRX-260503-0678,SNK03,Chocolatos,Snack,1,1500,1000,0,1500
STRX-260503-0678,MSC02,Milo Sachet,Minuman Sachet,3,1000,700,0,3000
STRX-260503-0679,MNM01,Aqua Botol 600ml,Minuman,2,4000,3000,0,8000
STRX-260503-0679,RKK01,Rokok Sampoerna,Rokok,2,27000,24000,0,54000
STRX-260503-0680,BMB01,Masako Ayam,Bumbu Dapur,1,5000,4500,0,5000
STRX-260503-0680,MNM02,Teh Pucuk Harum,Minuman,1,4000,3000,0,4000
STRX-260503-0681,MIE01,Indomie Goreng,Mie Instan,2,3000,2500,0,6000
STRX-260503-0681,SMB04,Kecap Manis,Sembako,2,4000,3300,0,8000
STRX-260503-0681,MNM02,Teh Pucuk Harum,Minuman,1,4000,3000,0,4000
STRX-260503-0682,SMB01,Gula Pasir 1kg,Sembako,1,15500,13500,0,15500
STRX-260503-0682,MNM01,Aqua Botol 600ml,Minuman,1,4000,3000,0,4000
STRX-260503-0683,BMB01,Masako Ayam,Bumbu Dapur,1,5000,4500,0,5000
STRX-260503-0683,SMB04,Kecap Manis,Sembako,1,4000,3300,0,4000
STRX-260503-0683,SMB03,Tepung Beras,Sembako,2,4000,3300,0,8000
STRX-260503-0684,MIE01,Indomie Goreng,Mie Instan,1,3000,2500,0,3000
STRX-260503-0684,KRT03,Sabun Cuci Baju,Kebutuhan RT,1,5000,4500,0,5000
STRX-260503-0684,RKK01,Rokok Sampoerna,Rokok,5,27000,24000,0,135000
STRX-260503-0685,MNM02,Teh Pucuk Harum,Minuman,1,4000,3000,0,4000
STRX-260503-0685,MNM03,Fanta 390ml,Minuman,2,5000,4000,0,10000
STRX-260503-0685,SNK02,Better Caramel,Snack,1,2000,1600,0,2000
STRX-260503-0686,MIE04,Mie Sedap Cup Soto,Mie Instan,1,5500,4500,0,5500
STRX-260503-0686,SMB04,Kecap Manis,Sembako,2,3800,3300,200,7600
STRX-260503-0686,KRT02,Sunlight Cuci Piring,Kebutuhan RT,1,10000,9000,0,10000
STRX-260503-0686,MNM01,Aqua Botol 600ml,Minuman,4,3400,3000,600,13600
STRX-260503-0687,MNM01,Aqua Botol 600ml,Minuman,3,4000,3000,0,12000
STRX-260503-0687,SNK01,Chitato,Snack,1,2000,1800,0,2000
STRX-260503-0688,GAS01,Gas LPG 3kg,Kebutuhan Dapur,2,23000,20000,0,46000
STRX-260503-0689,MNM01,Aqua Botol 600ml,Minuman,2,4000,3000,0,8000
STRX-260503-0689,GAS01,Gas LPG 3kg,Kebutuhan Dapur,1,23000,20000,0,23000
STRX-260503-0690,SMB04,Kecap Manis,Sembako,1,4000,3300,0,4000
STRX-260503-0691,BMB01,Masako Ayam,Bumbu Dapur,1,5000,4500,0,5000
STRX-260503-0692,MNM03,Fanta 390ml,Minuman,2,5000,4000,0,10000
STRX-260504-0693,SMB03,Tepung Beras,Sembako,1,4000,3300,0,4000
STRX-260504-0693,PRW01,Shampoo Sachet,Perawatan Tubuh,1,1000,500,0,1000
STRX-260504-0694,MIE03,Mie Sedap Soto Ayam,Mie Instan,1,3500,2750,0,3500
STRX-260504-0694,MIE02,Mie Sedap Goreng,Mie Instan,2,3000,2500,0,6000
STRX-260504-0694,RKK01,Rokok Sampoerna,Rokok,3,27000,24000,0,81000
STRX-260504-0695,MNM02,Teh Pucuk Harum,Minuman,1,4000,3000,0,4000
STRX-260504-0695,MSC01,Kopi Sachet Gula Aren,Minuman Sachet,3,2000,1700,0,6000
STRX-260504-0695,SNK01,Chitato,Snack,2,2000,1800,0,4000
STRX-260504-0695,MIE03,Mie Sedap Soto Ayam,Mie Instan,1,3500,2750,0,3500
STRX-260504-0696,MNM01,Aqua Botol 600ml,Minuman,1,4000,3000,0,4000
STRX-260504-0696,MSC02,Milo Sachet,Minuman Sachet,1,1000,700,0,1000
STRX-260504-0697,MIE03,Mie Sedap Soto Ayam,Mie Instan,1,3500,2750,0,3500
STRX-260504-0697,BMB01,Masako Ayam,Bumbu Dapur,5,5000,4500,0,25000
STRX-260504-0697,RKK01,Rokok Sampoerna,Rokok,5,27000,24000,0,135000
STRX-260504-0698,MNM01,Aqua Botol 600ml,Minuman,1,4000,3000,0,4000
STRX-260504-0698,MIE01,Indomie Goreng,Mie Instan,3,3000,2500,0,9000
STRX-260504-0698,MIE02,Mie Sedap Goreng,Mie Instan,2,3000,2500,0,6000
STRX-260504-0699,MIE01,Indomie Goreng,Mie Instan,2,3000,2500,0,6000
STRX-260504-0700,MSC02,Milo Sachet,Minuman Sachet,2,1000,700,0,2000
STRX-260504-0701,SMB01,Gula Pasir 1kg,Sembako,1,15500,13500,0,15500
STRX-260504-0702,SMB01,Gula Pasir 1kg,Sembako,2,15500,13500,0,31000
STRX-260504-0702,MIE03,Mie Sedap Soto Ayam,Mie Instan,2,3500,2750,0,7000
STRX-260504-0702,MNM01,Aqua Botol 600ml,Minuman,1,4000,3000,0,4000
STRX-260504-0703,BMB01,Masako Ayam,Bumbu Dapur,1,5000,4500,0,5000
STRX-260504-0703,MNM01,Aqua Botol 600ml,Minuman,3,4000,3000,0,12000
STRX-260504-0703,MIE03,Mie Sedap Soto Ayam,Mie Instan,2,3500,2750,0,7000
STRX-260504-0704,SMB01,Gula Pasir 1kg,Sembako,2,15500,13500,0,31000
STRX-260504-0705,KRT01,Rinso Anti Noda Sachet,Kebutuhan RT,1,1500,1200,0,1500
STRX-260504-0705,MIE01,Indomie Goreng,Mie Instan,2,3000,2500,0,6000
STRX-260504-0706,MNM01,Aqua Botol 600ml,Minuman,2,3400,3000,600,6800
STRX-260504-0706,MIE02,Mie Sedap Goreng,Mie Instan,2,3000,2500,0,6000
STRX-260504-0707,MIE03,Mie Sedap Soto Ayam,Mie Instan,2,3500,2750,0,7000
STRX-260504-0707,MSC02,Milo Sachet,Minuman Sachet,2,1000,700,0,2000
STRX-260504-0707,SMB02,Minyak Goreng 1L,Sembako,2,15000,13500,0,30000
STRX-260504-0708,PRW01,Shampoo Sachet,Perawatan Tubuh,3,1000,500,0,3000
STRX-260505-0709,SNK02,Better Caramel,Snack,3,2000,1600,0,6000
STRX-260505-0710,MSC01,Kopi Sachet Gula Aren,Minuman Sachet,2,2000,1700,0,4000
STRX-260505-0710,MNM01,Aqua Botol 600ml,Minuman,1,4000,3000,0,4000
STRX-260505-0710,MSC02,Milo Sachet,Minuman Sachet,4,1000,700,0,4000
STRX-260505-0711,SMB03,Tepung Beras,Sembako,1,4000,3300,0,4000
STRX-260505-0711,MIE01,Indomie Goreng,Mie Instan,3,3000,2500,0,9000
STRX-260505-0712,MIE04,Mie Sedap Cup Soto,Mie Instan,1,5500,4500,0,5500
STRX-260505-0712,MIE03,Mie Sedap Soto Ayam,Mie Instan,3,3500,2750,0,10500
STRX-260505-0712,MSC02,Milo Sachet,Minuman Sachet,1,1000,700,0,1000
STRX-260505-0713,SMB02,Minyak Goreng 1L,Sembako,2,15000,13500,0,30000
STRX-260505-0713,BMB01,Masako Ayam,Bumbu Dapur,1,5000,4500,0,5000
STRX-260505-0714,SMB01,Gula Pasir 1kg,Sembako,1,15500,13500,0,15500
STRX-260505-0714,KRT03,Sabun Cuci Baju,Kebutuhan RT,1,5000,4500,0,5000
STRX-260505-0715,SNK03,Chocolatos,Snack,1,1500,1000,0,1500
STRX-260505-0715,MIE02,Mie Sedap Goreng,Mie Instan,1,3000,2500,0,3000
STRX-260505-0716,MIE03,Mie Sedap Soto Ayam,Mie Instan,1,3500,2750,0,3500
STRX-260505-0716,MNM02,Teh Pucuk Harum,Minuman,1,4000,3000,0,4000
STRX-260505-0717,MNM01,Aqua Botol 600ml,Minuman,1,4000,3000,0,4000
STRX-260505-0717,MSC02,Milo Sachet,Minuman Sachet,2,1000,700,0,2000
STRX-260505-0718,BMB01,Masako Ayam,Bumbu Dapur,1,5000,4500,0,5000
STRX-260505-0718,MSC01,Kopi Sachet Gula Aren,Minuman Sachet,2,2000,1700,0,4000
STRX-260505-0718,MIE01,Indomie Goreng,Mie Instan,3,3000,2500,0,9000
STRX-260505-0719,BMB01,Masako Ayam,Bumbu Dapur,4,5000,4500,0,20000
STRX-260505-0720,BMB01,Masako Ayam,Bumbu Dapur,2,5000,4500,0,10000
STRX-260505-0720,PRW01,Shampoo Sachet,Perawatan Tubuh,1,1000,500,0,1000
STRX-260505-0720,MNM01,Aqua Botol 600ml,Minuman,2,4000,3000,0,8000
STRX-260505-0720,MNM03,Fanta 390ml,Minuman,1,5000,4000,0,5000
STRX-260505-0721,MIE04,Mie Sedap Cup Soto,Mie Instan,1,5500,4500,0,5500
STRX-260505-0721,RKK01,Rokok Sampoerna,Rokok,2,27000,24000,0,54000
STRX-260505-0721,MSC02,Milo Sachet,Minuman Sachet,2,1000,700,0,2000
STRX-260505-0722,RKK01,Rokok Sampoerna,Rokok,3,27000,24000,0,81000
STRX-260505-0722,MSC02,Milo Sachet,Minuman Sachet,3,1000,700,0,3000
STRX-260505-0722,MIE02,Mie Sedap Goreng,Mie Instan,4,2850,2500,150,11400
STRX-260505-0723,RKK01,Rokok Sampoerna,Rokok,4,27000,24000,0,108000
STRX-260505-0723,PRW01,Shampoo Sachet,Perawatan Tubuh,1,1000,500,0,1000
STRX-260505-0724,MSC02,Milo Sachet,Minuman Sachet,1,1000,700,0,1000
STRX-260505-0724,MNM01,Aqua Botol 600ml,Minuman,3,4000,3000,0,12000
STRX-260505-0724,MIE03,Mie Sedap Soto Ayam,Mie Instan,1,3500,2750,0,3500
STRX-260505-0724,KRT03,Sabun Cuci Baju,Kebutuhan RT,3,5000,4500,0,15000
STRX-260505-0725,SMB01,Gula Pasir 1kg,Sembako,2,15500,13500,0,31000
STRX-260505-0725,SMB03,Tepung Beras,Sembako,1,4000,3300,0,4000
STRX-260505-0725,RKK01,Rokok Sampoerna,Rokok,1,27000,24000,0,27000
STRX-260505-0725,MNM04,Pocari Sweat,Minuman,3,5000,4000,0,15000
STRX-260505-0726,SNK01,Chitato,Snack,3,2000,1800,0,6000
STRX-260505-0726,SNK03,Chocolatos,Snack,1,1500,1000,0,1500
STRX-260505-0727,MIE03,Mie Sedap Soto Ayam,Mie Instan,1,3500,2750,0,3500
STRX-260505-0728,SNK02,Better Caramel,Snack,3,2000,1600,0,6000
STRX-260505-0728,SMB01,Gula Pasir 1kg,Sembako,2,14725,13500,775,29450
STRX-260505-0729,MNM03,Fanta 390ml,Minuman,1,5000,4000,0,5000
STRX-260505-0729,PRW01,Shampoo Sachet,Perawatan Tubuh,2,1000,500,0,2000
STRX-260505-0730,KRT01,Rinso Anti Noda Sachet,Kebutuhan RT,1,1500,1200,0,1500
STRX-260505-0730,BMB01,Masako Ayam,Bumbu Dapur,2,5000,4500,0,10000
STRX-260505-0730,RKK01,Rokok Sampoerna,Rokok,3,27000,24000,0,81000
STRX-260505-0730,MNM01,Aqua Botol 600ml,Minuman,1,4000,3000,0,4000
STRX-260505-0730,SMB02,Minyak Goreng 1L,Sembako,2,15000,13500,0,30000
STRX-260505-0731,MNM02,Teh Pucuk Harum,Minuman,1,4000,3000,0,4000
STRX-260505-0731,RKK01,Rokok Sampoerna,Rokok,1,27000,24000,0,27000
STRX-260505-0732,MNM01,Aqua Botol 600ml,Minuman,4,4000,3000,0,16000
STRX-260505-0733,SNK01,Chitato,Snack,3,2000,1800,0,6000
STRX-260505-0733,SNK03,Chocolatos,Snack,1,1500,1000,0,1500
STRX-260505-0734,MIE03,Mie Sedap Soto Ayam,Mie Instan,2,3500,2750,0,7000
STRX-260505-0734,MIE02,Mie Sedap Goreng,Mie Instan,2,3000,2500,0,6000
STRX-260505-0734,MIE01,Indomie Goreng,Mie Instan,3,3000,2500,0,9000
STRX-260505-0735,MNM02,Teh Pucuk Harum,Minuman,1,4000,3000,0,4000
STRX-260505-0735,BMB01,Masako Ayam,Bumbu Dapur,3,5000,4500,0,15000
STRX-260505-0735,PRW01,Shampoo Sachet,Perawatan Tubuh,3,900,500,100,2700
STRX-260505-0735,MNM04,Pocari Sweat,Minuman,3,5000,4000,0,15000
STRX-260505-0736,GAS01,Gas LPG 3kg,Kebutuhan Dapur,2,23000,20000,0,46000
STRX-260505-0736,RKK01,Rokok Sampoerna,Rokok,3,27000,24000,0,81000
STRX-260505-0737,MSC01,Kopi Sachet Gula Aren,Minuman Sachet,3,2000,1700,0,6000
STRX-260505-0737,MSC02,Milo Sachet,Minuman Sachet,3,1000,700,0,3000
STRX-260505-0737,MNM01,Aqua Botol 600ml,Minuman,4,4000,3000,0,16000
STRX-260505-0738,MIE01,Indomie Goreng,Mie Instan,1,3000,2500,0,3000
STRX-260505-0738,MIE04,Mie Sedap Cup Soto,Mie Instan,1,5500,4500,0,5500
STRX-260505-0739,SMB01,Gula Pasir 1kg,Sembako,3,15500,13500,0,46500
STRX-260505-0739,SMB03,Tepung Beras,Sembako,1,4000,3300,0,4000
STRX-260505-0739,MNM04,Pocari Sweat,Minuman,2,5000,4000,0,10000
STRX-260505-0740,SMB01,Gula Pasir 1kg,Sembako,1,15500,13500,0,15500
STRX-260505-0741,MNM02,Teh Pucuk Harum,Minuman,2,4000,3000,0,8000
STRX-260505-0741,MSC01,Kopi Sachet Gula Aren,Minuman Sachet,3,2000,1700,0,6000
STRX-260505-0742,PRW01,Shampoo Sachet,Perawatan Tubuh,1,1000,500,0,1000
STRX-260505-0743,SMB03,Tepung Beras,Sembako,1,4000,3300,0,4000
STRX-260505-0743,SNK03,Chocolatos,Snack,3,1500,1000,0,4500
STRX-260505-0743,MIE01,Indomie Goreng,Mie Instan,4,3000,2500,0,12000
STRX-260505-0743,RKK01,Rokok Sampoerna,Rokok,1,27000,24000,0,27000
STRX-260505-0743,KRT02,Sunlight Cuci Piring,Kebutuhan RT,3,10000,9000,0,30000
STRX-260505-0744,RKK01,Rokok Sampoerna,Rokok,2,27000,24000,0,54000
STRX-260505-0744,PRW01,Shampoo Sachet,Perawatan Tubuh,1,1000,500,0,1000
STRX-260506-0745,MIE03,Mie Sedap Soto Ayam,Mie Instan,4,3500,2750,0,14000
STRX-260506-0746,MIE01,Indomie Goreng,Mie Instan,1,3000,2500,0,3000
STRX-260506-0747,MSC02,Milo Sachet,Minuman Sachet,4,1000,700,0,4000
STRX-260506-0748,GAS01,Gas LPG 3kg,Kebutuhan Dapur,2,23000,20000,0,46000
STRX-260506-0749,SMB02,Minyak Goreng 1L,Sembako,2,15000,13500,0,30000
STRX-260506-0750,MIE02,Mie Sedap Goreng,Mie Instan,2,3000,2500,0,6000
STRX-260506-0750,MIE01,Indomie Goreng,Mie Instan,3,3000,2500,0,9000
STRX-260506-0750,MNM01,Aqua Botol 600ml,Minuman,5,4000,3000,0,20000
STRX-260506-0751,MSC02,Milo Sachet,Minuman Sachet,1,1000,700,0,1000
STRX-260506-0751,MIE03,Mie Sedap Soto Ayam,Mie Instan,3,3500,2750,0,10500
STRX-260506-0751,MNM01,Aqua Botol 600ml,Minuman,1,4000,3000,0,4000
STRX-260506-0752,SMB04,Kecap Manis,Sembako,2,4000,3300,0,8000
STRX-260506-0752,MSC01,Kopi Sachet Gula Aren,Minuman Sachet,1,2000,1700,0,2000
STRX-260506-0752,MNM01,Aqua Botol 600ml,Minuman,3,4000,3000,0,12000
STRX-260506-0753,SMB01,Gula Pasir 1kg,Sembako,1,15500,13500,0,15500
STRX-260506-0753,MSC01,Kopi Sachet Gula Aren,Minuman Sachet,3,2000,1700,0,6000
STRX-260506-0753,MNM04,Pocari Sweat,Minuman,1,5000,4000,0,5000
STRX-260506-0753,SNK03,Chocolatos,Snack,3,1500,1000,0,4500
STRX-260506-0754,SMB01,Gula Pasir 1kg,Sembako,1,15500,13500,0,15500
STRX-260506-0754,MNM02,Teh Pucuk Harum,Minuman,1,4000,3000,0,4000
STRX-260506-0754,MIE03,Mie Sedap Soto Ayam,Mie Instan,3,3500,2750,0,10500
STRX-260506-0755,MNM04,Pocari Sweat,Minuman,1,5000,4000,0,5000
STRX-260506-0755,MNM01,Aqua Botol 600ml,Minuman,4,4000,3000,0,16000
STRX-260506-0756,MIE01,Indomie Goreng,Mie Instan,4,3000,2500,0,12000
STRX-260506-0756,MNM03,Fanta 390ml,Minuman,2,5000,4000,0,10000
STRX-260506-0757,MIE02,Mie Sedap Goreng,Mie Instan,3,3000,2500,0,9000
STRX-260506-0757,MIE03,Mie Sedap Soto Ayam,Mie Instan,2,3500,2750,0,7000
STRX-260506-0757,KRT01,Rinso Anti Noda Sachet,Kebutuhan RT,2,1500,1200,0,3000
STRX-260506-0758,MIE01,Indomie Goreng,Mie Instan,4,3000,2500,0,12000
STRX-260506-0758,MNM02,Teh Pucuk Harum,Minuman,1,4000,3000,0,4000
STRX-260506-0758,GAS01,Gas LPG 3kg,Kebutuhan Dapur,1,23000,20000,0,23000
STRX-260506-0759,MSC02,Milo Sachet,Minuman Sachet,2,1000,700,0,2000
STRX-260506-0759,KRT01,Rinso Anti Noda Sachet,Kebutuhan RT,3,1500,1200,0,4500
STRX-260507-0760,MIE01,Indomie Goreng,Mie Instan,1,3000,2500,0,3000
STRX-260507-0761,MIE01,Indomie Goreng,Mie Instan,5,3000,2500,0,15000
STRX-260507-0761,SNK03,Chocolatos,Snack,3,1500,1000,0,4500
STRX-260507-0761,MIE03,Mie Sedap Soto Ayam,Mie Instan,1,3500,2750,0,3500
STRX-260507-0762,MNM03,Fanta 390ml,Minuman,2,5000,4000,0,10000
STRX-260507-0762,MNM04,Pocari Sweat,Minuman,1,5000,4000,0,5000
STRX-260507-0762,RKK01,Rokok Sampoerna,Rokok,2,27000,24000,0,54000
STRX-260507-0762,KRT03,Sabun Cuci Baju,Kebutuhan RT,2,5000,4500,0,10000
STRX-260507-0763,MNM01,Aqua Botol 600ml,Minuman,3,4000,3000,0,12000
STRX-260507-0763,MSC01,Kopi Sachet Gula Aren,Minuman Sachet,2,2000,1700,0,4000
STRX-260507-0763,MIE02,Mie Sedap Goreng,Mie Instan,4,3000,2500,0,12000
STRX-260507-0763,RKK01,Rokok Sampoerna,Rokok,2,27000,24000,0,54000
STRX-260507-0764,MIE01,Indomie Goreng,Mie Instan,1,3000,2500,0,3000
STRX-260507-0764,PRW01,Shampoo Sachet,Perawatan Tubuh,3,1000,500,0,3000
STRX-260507-0764,SNK03,Chocolatos,Snack,2,1500,1000,0,3000
STRX-260507-0765,MIE03,Mie Sedap Soto Ayam,Mie Instan,3,3500,2750,0,10500
STRX-260507-0765,SMB04,Kecap Manis,Sembako,1,4000,3300,0,4000
STRX-260507-0766,SNK03,Chocolatos,Snack,1,1500,1000,0,1500
STRX-260507-0766,SMB01,Gula Pasir 1kg,Sembako,2,15500,13500,0,31000
STRX-260507-0766,GAS01,Gas LPG 3kg,Kebutuhan Dapur,1,23000,20000,0,23000
STRX-260507-0766,RKK01,Rokok Sampoerna,Rokok,1,27000,24000,0,27000
STRX-260507-0767,RKK01,Rokok Sampoerna,Rokok,5,27000,24000,0,135000
STRX-260507-0767,SNK01,Chitato,Snack,2,2000,1800,0,4000
STRX-260507-0767,MIE02,Mie Sedap Goreng,Mie Instan,3,3000,2500,0,9000
STRX-260507-0768,SNK02,Better Caramel,Snack,1,2000,1600,0,2000
STRX-260507-0768,BMB01,Masako Ayam,Bumbu Dapur,2,5000,4500,0,10000
STRX-260507-0768,MIE01,Indomie Goreng,Mie Instan,5,3000,2500,0,15000
STRX-260507-0768,MNM01,Aqua Botol 600ml,Minuman,3,4000,3000,0,12000
STRX-260507-0769,MIE03,Mie Sedap Soto Ayam,Mie Instan,1,3500,2750,0,3500
STRX-260507-0770,BMB01,Masako Ayam,Bumbu Dapur,4,5000,4500,0,20000
STRX-260507-0770,PRW01,Shampoo Sachet,Perawatan Tubuh,1,900,500,100,900
STRX-260507-0770,MNM03,Fanta 390ml,Minuman,1,5000,4000,0,5000
STRX-260508-0771,SMB01,Gula Pasir 1kg,Sembako,1,15500,13500,0,15500
STRX-260508-0771,MNM01,Aqua Botol 600ml,Minuman,2,4000,3000,0,8000
STRX-260508-0772,MIE02,Mie Sedap Goreng,Mie Instan,1,3000,2500,0,3000
STRX-260508-0772,MNM01,Aqua Botol 600ml,Minuman,1,4000,3000,0,4000
STRX-260508-0772,MIE03,Mie Sedap Soto Ayam,Mie Instan,4,3500,2750,0,14000
STRX-260508-0773,KRT03,Sabun Cuci Baju,Kebutuhan RT,1,5000,4500,0,5000
STRX-260508-0774,BMB01,Masako Ayam,Bumbu Dapur,3,5000,4500,0,15000
STRX-260508-0774,MIE01,Indomie Goreng,Mie Instan,2,3000,2500,0,6000
STRX-260508-0774,MIE02,Mie Sedap Goreng,Mie Instan,3,3000,2500,0,9000
STRX-260508-0775,MNM01,Aqua Botol 600ml,Minuman,1,4000,3000,0,4000
STRX-260508-0775,SNK01,Chitato,Snack,2,2000,1800,0,4000
STRX-260508-0776,MIE02,Mie Sedap Goreng,Mie Instan,3,3000,2500,0,9000
STRX-260508-0776,RKK01,Rokok Sampoerna,Rokok,1,27000,24000,0,27000
STRX-260508-0776,MIE04,Mie Sedap Cup Soto,Mie Instan,2,5500,4500,0,11000
STRX-260508-0777,MIE03,Mie Sedap Soto Ayam,Mie Instan,1,3500,2750,0,3500
STRX-260508-0778,RKK01,Rokok Sampoerna,Rokok,3,27000,24000,0,81000
STRX-260508-0779,MSC02,Milo Sachet,Minuman Sachet,5,1000,700,0,5000
STRX-260508-0779,MIE02,Mie Sedap Goreng,Mie Instan,2,3000,2500,0,6000
STRX-260508-0779,MIE01,Indomie Goreng,Mie Instan,1,3000,2500,0,3000
STRX-260509-0780,MIE02,Mie Sedap Goreng,Mie Instan,2,3000,2500,0,6000
STRX-260509-0780,MNM01,Aqua Botol 600ml,Minuman,3,4000,3000,0,12000
STRX-260509-0780,SMB03,Tepung Beras,Sembako,2,4000,3300,0,8000
STRX-260509-0780,SMB02,Minyak Goreng 1L,Sembako,1,15000,13500,0,15000
STRX-260509-0781,BMB01,Masako Ayam,Bumbu Dapur,4,5000,4500,0,20000
STRX-260509-0781,SMB04,Kecap Manis,Sembako,1,4000,3300,0,4000
STRX-260509-0782,MIE01,Indomie Goreng,Mie Instan,2,3000,2500,0,6000
STRX-260509-0782,MNM01,Aqua Botol 600ml,Minuman,1,4000,3000,0,4000
STRX-260509-0782,SNK03,Chocolatos,Snack,1,1500,1000,0,1500
STRX-260509-0783,MIE01,Indomie Goreng,Mie Instan,1,3000,2500,0,3000
STRX-260509-0783,MSC01,Kopi Sachet Gula Aren,Minuman Sachet,4,2000,1700,0,8000
STRX-260509-0783,BMB01,Masako Ayam,Bumbu Dapur,2,5000,4500,0,10000
STRX-260509-0784,RKK01,Rokok Sampoerna,Rokok,2,27000,24000,0,54000
STRX-260509-0784,SMB02,Minyak Goreng 1L,Sembako,2,15000,13500,0,30000
STRX-260509-0785,MNM02,Teh Pucuk Harum,Minuman,3,4000,3000,0,12000
STRX-260509-0785,RKK01,Rokok Sampoerna,Rokok,1,27000,24000,0,27000
STRX-260509-0785,BMB01,Masako Ayam,Bumbu Dapur,3,5000,4500,0,15000
STRX-260509-0785,SMB03,Tepung Beras,Sembako,1,4000,3300,0,4000
STRX-260509-0786,KRT01,Rinso Anti Noda Sachet,Kebutuhan RT,1,1500,1200,0,1500
STRX-260509-0787,MNM01,Aqua Botol 600ml,Minuman,1,4000,3000,0,4000
STRX-260509-0787,SNK03,Chocolatos,Snack,1,1500,1000,0,1500
STRX-260509-0788,MNM03,Fanta 390ml,Minuman,2,5000,4000,0,10000
STRX-260509-0788,RKK01,Rokok Sampoerna,Rokok,1,27000,24000,0,27000
STRX-260509-0789,SMB02,Minyak Goreng 1L,Sembako,3,15000,13500,0,45000
STRX-260509-0789,MIE01,Indomie Goreng,Mie Instan,3,3000,2500,0,9000
STRX-260509-0790,MIE01,Indomie Goreng,Mie Instan,5,3000,2500,0,15000
STRX-260509-0790,MSC02,Milo Sachet,Minuman Sachet,4,1000,700,0,4000
STRX-260509-0791,MSC02,Milo Sachet,Minuman Sachet,4,1000,700,0,4000
STRX-260509-0791,MIE03,Mie Sedap Soto Ayam,Mie Instan,1,3500,2750,0,3500
STRX-260509-0792,PRW01,Shampoo Sachet,Perawatan Tubuh,1,1000,500,0,1000
STRX-260509-0792,SNK02,Better Caramel,Snack,1,2000,1600,0,2000
STRX-260509-0793,MIE02,Mie Sedap Goreng,Mie Instan,3,3000,2500,0,9000
STRX-260509-0793,MNM02,Teh Pucuk Harum,Minuman,1,4000,3000,0,4000
STRX-260509-0793,MIE03,Mie Sedap Soto Ayam,Mie Instan,3,3500,2750,0,10500
STRX-260509-0794,MIE01,Indomie Goreng,Mie Instan,4,3000,2500,0,12000
STRX-260509-0795,MIE03,Mie Sedap Soto Ayam,Mie Instan,4,3500,2750,0,14000
STRX-260509-0796,SMB03,Tepung Beras,Sembako,3,4000,3300,0,12000
STRX-260509-0797,SNK01,Chitato,Snack,1,2000,1800,0,2000
STRX-260509-0798,MSC02,Milo Sachet,Minuman Sachet,1,1000,700,0,1000
STRX-260509-0798,SMB02,Minyak Goreng 1L,Sembako,1,15000,13500,0,15000
STRX-260509-0798,MIE02,Mie Sedap Goreng,Mie Instan,5,3000,2500,0,15000
STRX-260509-0799,SMB04,Kecap Manis,Sembako,1,4000,3300,0,4000
STRX-260509-0799,MIE01,Indomie Goreng,Mie Instan,1,3000,2500,0,3000
STRX-260509-0799,SNK02,Better Caramel,Snack,1,2000,1600,0,2000
STRX-260509-0799,BMB01,Masako Ayam,Bumbu Dapur,1,4250,4500,750,4250
STRX-260509-0800,MNM01,Aqua Botol 600ml,Minuman,2,4000,3000,0,8000
STRX-260509-0800,SMB01,Gula Pasir 1kg,Sembako,3,15500,13500,0,46500
STRX-260509-0800,MIE02,Mie Sedap Goreng,Mie Instan,3,3000,2500,0,9000
STRX-260510-0801,PRW01,Shampoo Sachet,Perawatan Tubuh,1,1000,500,0,1000
STRX-260510-0801,MIE03,Mie Sedap Soto Ayam,Mie Instan,4,3500,2750,0,14000
STRX-260510-0802,MNM04,Pocari Sweat,Minuman,2,5000,4000,0,10000
STRX-260510-0803,MIE03,Mie Sedap Soto Ayam,Mie Instan,2,3500,2750,0,7000
STRX-260510-0803,KRT03,Sabun Cuci Baju,Kebutuhan RT,3,5000,4500,0,15000
STRX-260510-0804,MIE01,Indomie Goreng,Mie Instan,3,3000,2500,0,9000
STRX-260510-0804,MSC02,Milo Sachet,Minuman Sachet,1,1000,700,0,1000
STRX-260510-0804,MIE03,Mie Sedap Soto Ayam,Mie Instan,5,3500,2750,0,17500
STRX-260510-0804,MNM01,Aqua Botol 600ml,Minuman,1,4000,3000,0,4000
STRX-260510-0805,MNM03,Fanta 390ml,Minuman,2,5000,4000,0,10000
STRX-260510-0805,MNM02,Teh Pucuk Harum,Minuman,1,4000,3000,0,4000
STRX-260510-0806,MNM03,Fanta 390ml,Minuman,2,5000,4000,0,10000
STRX-260510-0806,MNM04,Pocari Sweat,Minuman,1,5000,4000,0,5000
STRX-260510-0807,MIE02,Mie Sedap Goreng,Mie Instan,2,3000,2500,0,6000
STRX-260510-0807,SMB04,Kecap Manis,Sembako,1,4000,3300,0,4000
STRX-260510-0807,MNM01,Aqua Botol 600ml,Minuman,4,4000,3000,0,16000
STRX-260510-0808,MIE03,Mie Sedap Soto Ayam,Mie Instan,1,3500,2750,0,3500
STRX-260510-0808,MIE01,Indomie Goreng,Mie Instan,1,3000,2500,0,3000
STRX-260510-0808,KRT03,Sabun Cuci Baju,Kebutuhan RT,3,5000,4500,0,15000
STRX-260510-0808,PRW01,Shampoo Sachet,Perawatan Tubuh,1,900,500,100,900
STRX-260510-0809,MSC01,Kopi Sachet Gula Aren,Minuman Sachet,2,2000,1700,0,4000
STRX-260510-0810,SMB03,Tepung Beras,Sembako,2,4000,3300,0,8000
STRX-260510-0811,MNM04,Pocari Sweat,Minuman,1,5000,4000,0,5000
STRX-260510-0812,MIE03,Mie Sedap Soto Ayam,Mie Instan,3,3500,2750,0,10500
STRX-260510-0812,MIE01,Indomie Goreng,Mie Instan,1,3000,2500,0,3000
STRX-260510-0812,KRT03,Sabun Cuci Baju,Kebutuhan RT,2,5000,4500,0,10000
STRX-260510-0813,MSC01,Kopi Sachet Gula Aren,Minuman Sachet,4,2000,1700,0,8000
STRX-260510-0813,MIE03,Mie Sedap Soto Ayam,Mie Instan,1,3500,2750,0,3500
STRX-260510-0814,MSC02,Milo Sachet,Minuman Sachet,3,1000,700,0,3000
STRX-260510-0814,MIE02,Mie Sedap Goreng,Mie Instan,4,3000,2500,0,12000
STRX-260511-0815,MNM01,Aqua Botol 600ml,Minuman,2,4000,3000,0,8000
STRX-260511-0815,SMB02,Minyak Goreng 1L,Sembako,1,15000,13500,0,15000
STRX-260511-0816,MIE03,Mie Sedap Soto Ayam,Mie Instan,1,3500,2750,0,3500
STRX-260511-0817,MIE02,Mie Sedap Goreng,Mie Instan,1,3000,2500,0,3000
STRX-260511-0818,SNK03,Chocolatos,Snack,1,1500,1000,0,1500
STRX-260511-0818,SMB02,Minyak Goreng 1L,Sembako,1,15000,13500,0,15000
STRX-260511-0818,MIE03,Mie Sedap Soto Ayam,Mie Instan,1,3500,2750,0,3500
STRX-260511-0819,SMB04,Kecap Manis,Sembako,2,4000,3300,0,8000
STRX-260511-0819,MNM01,Aqua Botol 600ml,Minuman,2,4000,3000,0,8000
STRX-260511-0819,SNK01,Chitato,Snack,1,2000,1800,0,2000
STRX-260511-0820,SMB03,Tepung Beras,Sembako,1,4000,3300,0,4000
STRX-260511-0820,MSC02,Milo Sachet,Minuman Sachet,1,1000,700,0,1000
STRX-260511-0820,GAS01,Gas LPG 3kg,Kebutuhan Dapur,3,23000,20000,0,69000
STRX-260511-0821,BMB01,Masako Ayam,Bumbu Dapur,2,5000,4500,0,10000
STRX-260511-0821,MIE04,Mie Sedap Cup Soto,Mie Instan,1,5500,4500,0,5500
STRX-260511-0821,SNK03,Chocolatos,Snack,2,1500,1000,0,3000
STRX-260511-0822,PRW01,Shampoo Sachet,Perawatan Tubuh,1,1000,500,0,1000
STRX-260511-0822,MSC01,Kopi Sachet Gula Aren,Minuman Sachet,2,2000,1700,0,4000
STRX-260511-0823,SMB04,Kecap Manis,Sembako,3,4000,3300,0,12000
STRX-260511-0824,SMB03,Tepung Beras,Sembako,3,4000,3300,0,12000
STRX-260511-0824,RKK01,Rokok Sampoerna,Rokok,3,27000,24000,0,81000
STRX-260511-0825,MNM02,Teh Pucuk Harum,Minuman,1,4000,3000,0,4000
STRX-260511-0825,MNM01,Aqua Botol 600ml,Minuman,3,4000,3000,0,12000
STRX-260511-0825,MIE03,Mie Sedap Soto Ayam,Mie Instan,1,3500,2750,0,3500
STRX-260511-0825,MSC02,Milo Sachet,Minuman Sachet,2,1000,700,0,2000
STRX-260511-0826,MSC02,Milo Sachet,Minuman Sachet,1,1000,700,0,1000
STRX-260511-0826,SNK01,Chitato,Snack,1,2000,1800,0,2000
STRX-260511-0826,MIE02,Mie Sedap Goreng,Mie Instan,2,3000,2500,0,6000
STRX-260511-0827,MNM01,Aqua Botol 600ml,Minuman,1,4000,3000,0,4000
STRX-260511-0827,MNM02,Teh Pucuk Harum,Minuman,1,4000,3000,0,4000
STRX-260511-0827,MNM04,Pocari Sweat,Minuman,1,5000,4000,0,5000
STRX-260511-0828,PRW01,Shampoo Sachet,Perawatan Tubuh,1,1000,500,0,1000
STRX-260511-0828,MNM02,Teh Pucuk Harum,Minuman,1,4000,3000,0,4000
STRX-260511-0829,MSC01,Kopi Sachet Gula Aren,Minuman Sachet,1,2000,1700,0,2000
STRX-260511-0829,PRW01,Shampoo Sachet,Perawatan Tubuh,2,1000,500,0,2000
STRX-260511-0830,GAS01,Gas LPG 3kg,Kebutuhan Dapur,1,23000,20000,0,23000
STRX-260511-0830,RKK01,Rokok Sampoerna,Rokok,1,27000,24000,0,27000
STRX-260511-0830,MIE03,Mie Sedap Soto Ayam,Mie Instan,4,3500,2750,0,14000
STRX-260511-0830,MSC02,Milo Sachet,Minuman Sachet,3,1000,700,0,3000
STRX-260511-0831,MNM01,Aqua Botol 600ml,Minuman,2,4000,3000,0,8000
STRX-260511-0831,PRW01,Shampoo Sachet,Perawatan Tubuh,2,1000,500,0,2000
STRX-260511-0831,MIE03,Mie Sedap Soto Ayam,Mie Instan,2,3500,2750,0,7000
STRX-260511-0831,MIE02,Mie Sedap Goreng,Mie Instan,2,3000,2500,0,6000
STRX-260512-0832,RKK01,Rokok Sampoerna,Rokok,2,27000,24000,0,54000
STRX-260512-0833,SNK01,Chitato,Snack,1,2000,1800,0,2000
STRX-260512-0833,SMB01,Gula Pasir 1kg,Sembako,2,15500,13500,0,31000
STRX-260512-0833,BMB01,Masako Ayam,Bumbu Dapur,3,5000,4500,0,15000
STRX-260512-0834,MNM02,Teh Pucuk Harum,Minuman,1,4000,3000,0,4000
STRX-260512-0835,SNK02,Better Caramel,Snack,1,2000,1600,0,2000
STRX-260512-0835,MSC01,Kopi Sachet Gula Aren,Minuman Sachet,5,2000,1700,0,10000
STRX-260512-0835,MIE02,Mie Sedap Goreng,Mie Instan,2,3000,2500,0,6000
STRX-260512-0836,RKK01,Rokok Sampoerna,Rokok,2,27000,24000,0,54000
STRX-260512-0836,MSC02,Milo Sachet,Minuman Sachet,3,1000,700,0,3000
STRX-260512-0836,MNM02,Teh Pucuk Harum,Minuman,1,4000,3000,0,4000
STRX-260512-0836,MNM01,Aqua Botol 600ml,Minuman,1,4000,3000,0,4000
STRX-260512-0837,MSC02,Milo Sachet,Minuman Sachet,3,1000,700,0,3000
STRX-260512-0837,RKK01,Rokok Sampoerna,Rokok,4,27000,24000,0,108000
STRX-260512-0838,MSC02,Milo Sachet,Minuman Sachet,2,1000,700,0,2000
STRX-260512-0839,MSC02,Milo Sachet,Minuman Sachet,3,1000,700,0,3000
STRX-260512-0839,MNM03,Fanta 390ml,Minuman,1,5000,4000,0,5000
STRX-260512-0840,MNM02,Teh Pucuk Harum,Minuman,3,4000,3000,0,12000
STRX-260512-0841,SNK03,Chocolatos,Snack,1,1500,1000,0,1500
STRX-260512-0841,MNM01,Aqua Botol 600ml,Minuman,3,4000,3000,0,12000
STRX-260512-0841,BMB01,Masako Ayam,Bumbu Dapur,4,5000,4500,0,20000
STRX-260512-0842,MNM01,Aqua Botol 600ml,Minuman,4,4000,3000,0,16000
STRX-260512-0842,SMB01,Gula Pasir 1kg,Sembako,1,15500,13500,0,15500
STRX-260512-0842,MIE01,Indomie Goreng,Mie Instan,5,3000,2500,0,15000
STRX-260512-0843,MNM01,Aqua Botol 600ml,Minuman,4,4000,3000,0,16000
STRX-260512-0843,SMB02,Minyak Goreng 1L,Sembako,2,15000,13500,0,30000
STRX-260512-0843,BMB01,Masako Ayam,Bumbu Dapur,2,5000,4500,0,10000
STRX-260512-0844,MNM03,Fanta 390ml,Minuman,1,5000,4000,0,5000
STRX-260512-0844,MSC02,Milo Sachet,Minuman Sachet,4,1000,700,0,4000
STRX-260512-0844,SNK03,Chocolatos,Snack,1,1500,1000,0,1500
STRX-260512-0844,KRT02,Sunlight Cuci Piring,Kebutuhan RT,2,10000,9000,0,20000
STRX-260512-0845,PRW01,Shampoo Sachet,Perawatan Tubuh,2,1000,500,0,2000
STRX-260512-0845,MSC01,Kopi Sachet Gula Aren,Minuman Sachet,3,2000,1700,0,6000
STRX-260512-0846,MIE03,Mie Sedap Soto Ayam,Mie Instan,3,3500,2750,0,10500
STRX-260512-0846,MNM04,Pocari Sweat,Minuman,1,5000,4000,0,5000
STRX-260512-0846,MIE02,Mie Sedap Goreng,Mie Instan,3,3000,2500,0,9000
STRX-260512-0846,SNK03,Chocolatos,Snack,1,1500,1000,0,1500
STRX-260512-0847,MIE01,Indomie Goreng,Mie Instan,1,3000,2500,0,3000
STRX-260512-0848,MNM01,Aqua Botol 600ml,Minuman,1,4000,3000,0,4000
STRX-260512-0848,MNM03,Fanta 390ml,Minuman,1,5000,4000,0,5000
STRX-260512-0848,SMB01,Gula Pasir 1kg,Sembako,3,15500,13500,0,46500
STRX-260512-0848,SMB03,Tepung Beras,Sembako,1,3800,3300,200,3800
STRX-260512-0849,SMB01,Gula Pasir 1kg,Sembako,2,15500,13500,0,31000
STRX-260512-0849,PRW01,Shampoo Sachet,Perawatan Tubuh,1,1000,500,0,1000
STRX-260512-0850,MNM04,Pocari Sweat,Minuman,1,5000,4000,0,5000
STRX-260512-0850,MNM03,Fanta 390ml,Minuman,1,5000,4000,0,5000
STRX-260512-0850,SNK02,Better Caramel,Snack,1,2000,1600,0,2000
STRX-260512-0851,GAS01,Gas LPG 3kg,Kebutuhan Dapur,1,23000,20000,0,23000
STRX-260512-0851,MIE04,Mie Sedap Cup Soto,Mie Instan,1,5500,4500,0,5500
STRX-260512-0852,MIE02,Mie Sedap Goreng,Mie Instan,5,3000,2500,0,15000
STRX-260512-0852,KRT02,Sunlight Cuci Piring,Kebutuhan RT,2,10000,9000,0,20000
STRX-260513-0853,KRT03,Sabun Cuci Baju,Kebutuhan RT,2,5000,4500,0,10000
STRX-260513-0853,MNM01,Aqua Botol 600ml,Minuman,3,4000,3000,0,12000
STRX-260513-0854,KRT01,Rinso Anti Noda Sachet,Kebutuhan RT,1,1500,1200,0,1500
STRX-260513-0854,MNM02,Teh Pucuk Harum,Minuman,2,4000,3000,0,8000
STRX-260513-0854,BMB01,Masako Ayam,Bumbu Dapur,2,5000,4500,0,10000
STRX-260513-0854,PRW01,Shampoo Sachet,Perawatan Tubuh,1,1000,500,0,1000
STRX-260513-0855,SMB03,Tepung Beras,Sembako,2,4000,3300,0,8000
STRX-260513-0855,MSC02,Milo Sachet,Minuman Sachet,2,900,700,100,1800
STRX-260513-0856,BMB01,Masako Ayam,Bumbu Dapur,2,5000,4500,0,10000
STRX-260513-0856,MSC01,Kopi Sachet Gula Aren,Minuman Sachet,1,2000,1700,0,2000
STRX-260513-0856,MNM01,Aqua Botol 600ml,Minuman,4,4000,3000,0,16000
STRX-260513-0857,RKK01,Rokok Sampoerna,Rokok,1,27000,24000,0,27000
STRX-260513-0857,MNM01,Aqua Botol 600ml,Minuman,1,4000,3000,0,4000
STRX-260513-0857,SNK03,Chocolatos,Snack,1,1500,1000,0,1500
STRX-260513-0858,MSC01,Kopi Sachet Gula Aren,Minuman Sachet,4,2000,1700,0,8000
STRX-260513-0858,MIE03,Mie Sedap Soto Ayam,Mie Instan,4,3500,2750,0,14000
STRX-260513-0859,MNM04,Pocari Sweat,Minuman,1,4500,4000,500,4500
STRX-260513-0860,MIE03,Mie Sedap Soto Ayam,Mie Instan,1,3500,2750,0,3500
STRX-260513-0861,RKK01,Rokok Sampoerna,Rokok,5,27000,24000,0,135000
STRX-260513-0861,MNM02,Teh Pucuk Harum,Minuman,1,4000,3000,0,4000
STRX-260513-0862,MIE01,Indomie Goreng,Mie Instan,1,3000,2500,0,3000
STRX-260513-0862,PRW01,Shampoo Sachet,Perawatan Tubuh,2,1000,500,0,2000
STRX-260513-0862,KRT03,Sabun Cuci Baju,Kebutuhan RT,1,4250,4500,750,4250
STRX-260513-0862,SNK01,Chitato,Snack,2,2000,1800,0,4000
STRX-260513-0863,MIE03,Mie Sedap Soto Ayam,Mie Instan,3,3500,2750,0,10500
STRX-260513-0864,MIE01,Indomie Goreng,Mie Instan,1,3000,2500,0,3000
STRX-260513-0865,BMB01,Masako Ayam,Bumbu Dapur,2,5000,4500,0,10000
STRX-260513-0865,MSC02,Milo Sachet,Minuman Sachet,1,1000,700,0,1000
STRX-260513-0865,RKK01,Rokok Sampoerna,Rokok,2,27000,24000,0,54000
STRX-260513-0865,MNM03,Fanta 390ml,Minuman,2,5000,4000,0,10000
STRX-260513-0866,MSC02,Milo Sachet,Minuman Sachet,1,950,700,50,950
STRX-260513-0866,SNK01,Chitato,Snack,1,2000,1800,0,2000
STRX-260513-0866,MIE02,Mie Sedap Goreng,Mie Instan,2,3000,2500,0,6000
STRX-260513-0866,SMB03,Tepung Beras,Sembako,2,4000,3300,0,8000
STRX-260513-0867,MIE03,Mie Sedap Soto Ayam,Mie Instan,4,3500,2750,0,14000
STRX-260513-0867,MNM02,Teh Pucuk Harum,Minuman,1,4000,3000,0,4000
STRX-260513-0867,MIE01,Indomie Goreng,Mie Instan,4,3000,2500,0,12000
STRX-260514-0868,MIE03,Mie Sedap Soto Ayam,Mie Instan,3,3500,2750,0,10500
STRX-260514-0869,SMB01,Gula Pasir 1kg,Sembako,1,15500,13500,0,15500
STRX-260514-0870,BMB01,Masako Ayam,Bumbu Dapur,1,5000,4500,0,5000
STRX-260514-0870,SMB04,Kecap Manis,Sembako,1,4000,3300,0,4000
STRX-260514-0871,MNM01,Aqua Botol 600ml,Minuman,1,4000,3000,0,4000
STRX-260514-0872,MNM03,Fanta 390ml,Minuman,2,5000,4000,0,10000
STRX-260514-0872,MNM01,Aqua Botol 600ml,Minuman,1,4000,3000,0,4000
STRX-260514-0873,MNM04,Pocari Sweat,Minuman,2,5000,4000,0,10000
STRX-260514-0873,MIE03,Mie Sedap Soto Ayam,Mie Instan,2,3500,2750,0,7000
STRX-260514-0874,MIE02,Mie Sedap Goreng,Mie Instan,1,3000,2500,0,3000
STRX-260514-0874,SNK03,Chocolatos,Snack,2,1500,1000,0,3000
STRX-260514-0875,SNK01,Chitato,Snack,2,2000,1800,0,4000
STRX-260514-0875,KRT03,Sabun Cuci Baju,Kebutuhan RT,1,5000,4500,0,5000
STRX-260514-0875,RKK01,Rokok Sampoerna,Rokok,5,27000,24000,0,135000
STRX-260514-0876,MIE02,Mie Sedap Goreng,Mie Instan,3,3000,2500,0,9000
STRX-260514-0877,MNM02,Teh Pucuk Harum,Minuman,1,4000,3000,0,4000
STRX-260514-0877,MIE02,Mie Sedap Goreng,Mie Instan,4,3000,2500,0,12000
STRX-260514-0877,MIE01,Indomie Goreng,Mie Instan,1,3000,2500,0,3000
STRX-260514-0878,MIE04,Mie Sedap Cup Soto,Mie Instan,1,5500,4500,0,5500
STRX-260514-0878,MNM03,Fanta 390ml,Minuman,2,5000,4000,0,10000
STRX-260514-0878,MNM01,Aqua Botol 600ml,Minuman,2,4000,3000,0,8000
STRX-260514-0878,MNM04,Pocari Sweat,Minuman,2,5000,4000,0,10000
STRX-260514-0879,RKK01,Rokok Sampoerna,Rokok,1,27000,24000,0,27000
STRX-260514-0880,MNM01,Aqua Botol 600ml,Minuman,1,4000,3000,0,4000
STRX-260514-0880,SMB01,Gula Pasir 1kg,Sembako,1,15500,13500,0,15500
STRX-260514-0880,MSC01,Kopi Sachet Gula Aren,Minuman Sachet,1,2000,1700,0,2000
STRX-260514-0880,RKK01,Rokok Sampoerna,Rokok,2,27000,24000,0,54000
STRX-260514-0881,MIE02,Mie Sedap Goreng,Mie Instan,2,3000,2500,0,6000
STRX-260514-0881,RKK01,Rokok Sampoerna,Rokok,5,27000,24000,0,135000
STRX-260515-0882,MIE01,Indomie Goreng,Mie Instan,1,2550,2500,450,2550
STRX-260515-0882,SNK03,Chocolatos,Snack,1,1500,1000,0,1500
STRX-260515-0882,MSC01,Kopi Sachet Gula Aren,Minuman Sachet,2,2000,1700,0,4000
STRX-260515-0883,MIE03,Mie Sedap Soto Ayam,Mie Instan,1,3500,2750,0,3500
STRX-260515-0883,SNK03,Chocolatos,Snack,1,1500,1000,0,1500
STRX-260515-0884,KRT01,Rinso Anti Noda Sachet,Kebutuhan RT,2,1500,1200,0,3000
STRX-260515-0884,SMB02,Minyak Goreng 1L,Sembako,1,15000,13500,0,15000
STRX-260515-0885,MIE01,Indomie Goreng,Mie Instan,1,2700,2500,300,2700
STRX-260515-0885,SNK01,Chitato,Snack,1,2000,1800,0,2000
STRX-260515-0885,MNM01,Aqua Botol 600ml,Minuman,2,4000,3000,0,8000
STRX-260515-0886,MIE03,Mie Sedap Soto Ayam,Mie Instan,3,3500,2750,0,10500
STRX-260515-0887,MIE02,Mie Sedap Goreng,Mie Instan,1,3000,2500,0,3000
STRX-260515-0887,MNM01,Aqua Botol 600ml,Minuman,2,4000,3000,0,8000
STRX-260515-0888,MIE01,Indomie Goreng,Mie Instan,4,3000,2500,0,12000
STRX-260515-0888,MNM02,Teh Pucuk Harum,Minuman,1,4000,3000,0,4000
STRX-260515-0889,BMB01,Masako Ayam,Bumbu Dapur,1,5000,4500,0,5000
STRX-260515-0889,SMB01,Gula Pasir 1kg,Sembako,3,15500,13500,0,46500
STRX-260515-0890,MNM04,Pocari Sweat,Minuman,1,5000,4000,0,5000
STRX-260515-0891,MNM02,Teh Pucuk Harum,Minuman,1,4000,3000,0,4000
STRX-260515-0891,SNK02,Better Caramel,Snack,3,2000,1600,0,6000
STRX-260515-0891,MNM03,Fanta 390ml,Minuman,1,5000,4000,0,5000
STRX-260515-0892,SMB03,Tepung Beras,Sembako,2,4000,3300,0,8000
STRX-260515-0892,SNK01,Chitato,Snack,1,2000,1800,0,2000
STRX-260516-0893,MIE01,Indomie Goreng,Mie Instan,4,3000,2500,0,12000
STRX-260516-0893,MSC02,Milo Sachet,Minuman Sachet,1,1000,700,0,1000
STRX-260516-0893,RKK01,Rokok Sampoerna,Rokok,1,27000,24000,0,27000
STRX-260516-0894,MNM02,Teh Pucuk Harum,Minuman,1,4000,3000,0,4000
STRX-260516-0894,KRT01,Rinso Anti Noda Sachet,Kebutuhan RT,1,1500,1200,0,1500
STRX-260516-0895,MIE02,Mie Sedap Goreng,Mie Instan,1,2850,2500,150,2850
STRX-260516-0895,MSC02,Milo Sachet,Minuman Sachet,4,1000,700,0,4000
STRX-260516-0895,MNM01,Aqua Botol 600ml,Minuman,1,4000,3000,0,4000
STRX-260516-0896,MIE03,Mie Sedap Soto Ayam,Mie Instan,2,3500,2750,0,7000
STRX-260516-0896,SMB04,Kecap Manis,Sembako,1,4000,3300,0,4000
STRX-260516-0897,SMB01,Gula Pasir 1kg,Sembako,1,15500,13500,0,15500
STRX-260516-0897,MNM02,Teh Pucuk Harum,Minuman,2,4000,3000,0,8000
STRX-260516-0898,MNM01,Aqua Botol 600ml,Minuman,1,4000,3000,0,4000
STRX-260516-0898,MIE01,Indomie Goreng,Mie Instan,4,3000,2500,0,12000
STRX-260516-0898,KRT03,Sabun Cuci Baju,Kebutuhan RT,3,5000,4500,0,15000
STRX-260516-0898,MNM02,Teh Pucuk Harum,Minuman,1,4000,3000,0,4000
STRX-260516-0899,MIE04,Mie Sedap Cup Soto,Mie Instan,2,5500,4500,0,11000
STRX-260516-0899,RKK01,Rokok Sampoerna,Rokok,2,27000,24000,0,54000
STRX-260516-0899,SNK03,Chocolatos,Snack,2,1500,1000,0,3000
STRX-260516-0900,RKK01,Rokok Sampoerna,Rokok,3,27000,24000,0,81000
STRX-260516-0901,MIE04,Mie Sedap Cup Soto,Mie Instan,1,5500,4500,0,5500
STRX-260516-0901,MSC02,Milo Sachet,Minuman Sachet,4,1000,700,0,4000
STRX-260516-0901,MNM01,Aqua Botol 600ml,Minuman,3,4000,3000,0,12000
STRX-260516-0901,SMB02,Minyak Goreng 1L,Sembako,2,15000,13500,0,30000
STRX-260516-0901,KRT03,Sabun Cuci Baju,Kebutuhan RT,1,5000,4500,0,5000
STRX-260516-0902,PRW01,Shampoo Sachet,Perawatan Tubuh,1,850,500,150,850
STRX-260516-0902,BMB01,Masako Ayam,Bumbu Dapur,1,5000,4500,0,5000
STRX-260516-0903,MIE01,Indomie Goreng,Mie Instan,2,3000,2500,0,6000
STRX-260516-0904,MIE02,Mie Sedap Goreng,Mie Instan,1,3000,2500,0,3000
STRX-260516-0905,SNK03,Chocolatos,Snack,3,1500,1000,0,4500
STRX-260516-0905,SMB04,Kecap Manis,Sembako,1,4000,3300,0,4000
STRX-260516-0906,MSC01,Kopi Sachet Gula Aren,Minuman Sachet,3,2000,1700,0,6000
STRX-260516-0906,SMB03,Tepung Beras,Sembako,2,4000,3300,0,8000
STRX-260516-0907,MNM03,Fanta 390ml,Minuman,1,5000,4000,0,5000
STRX-260516-0907,MNM01,Aqua Botol 600ml,Minuman,4,4000,3000,0,16000
STRX-260516-0907,BMB01,Masako Ayam,Bumbu Dapur,1,5000,4500,0,5000
STRX-260516-0907,KRT03,Sabun Cuci Baju,Kebutuhan RT,1,5000,4500,0,5000
STRX-260516-0908,MIE02,Mie Sedap Goreng,Mie Instan,1,3000,2500,0,3000
STRX-260516-0908,BMB01,Masako Ayam,Bumbu Dapur,1,5000,4500,0,5000
STRX-260516-0909,MIE02,Mie Sedap Goreng,Mie Instan,2,3000,2500,0,6000
STRX-260516-0909,MNM03,Fanta 390ml,Minuman,1,5000,4000,0,5000
STRX-260516-0910,MIE02,Mie Sedap Goreng,Mie Instan,3,3000,2500,0,9000
STRX-260516-0910,SMB01,Gula Pasir 1kg,Sembako,1,15500,13500,0,15500
STRX-260516-0910,MIE04,Mie Sedap Cup Soto,Mie Instan,3,5500,4500,0,16500
STRX-260516-0911,SNK03,Chocolatos,Snack,2,1500,1000,0,3000
STRX-260516-0911,MSC01,Kopi Sachet Gula Aren,Minuman Sachet,2,2000,1700,0,4000
STRX-260516-0912,SMB03,Tepung Beras,Sembako,1,3400,3300,600,3400
STRX-260516-0912,MSC01,Kopi Sachet Gula Aren,Minuman Sachet,1,2000,1700,0,2000
STRX-260516-0912,GAS01,Gas LPG 3kg,Kebutuhan Dapur,1,23000,20000,0,23000
STRX-260517-0913,SNK03,Chocolatos,Snack,2,1500,1000,0,3000
STRX-260517-0913,MNM04,Pocari Sweat,Minuman,1,5000,4000,0,5000
STRX-260517-0913,KRT03,Sabun Cuci Baju,Kebutuhan RT,2,5000,4500,0,10000
STRX-260517-0914,MIE01,Indomie Goreng,Mie Instan,4,3000,2500,0,12000
STRX-260517-0915,MIE02,Mie Sedap Goreng,Mie Instan,1,3000,2500,0,3000
STRX-260517-0916,SMB02,Minyak Goreng 1L,Sembako,1,15000,13500,0,15000
STRX-260517-0916,SNK03,Chocolatos,Snack,1,1500,1000,0,1500
STRX-260517-0917,MSC02,Milo Sachet,Minuman Sachet,3,1000,700,0,3000
STRX-260517-0917,MIE02,Mie Sedap Goreng,Mie Instan,1,3000,2500,0,3000
STRX-260517-0918,RKK01,Rokok Sampoerna,Rokok,4,27000,24000,0,108000
STRX-260517-0918,SNK03,Chocolatos,Snack,1,1500,1000,0,1500
STRX-260517-0919,MNM04,Pocari Sweat,Minuman,1,5000,4000,0,5000
STRX-260517-0919,MIE03,Mie Sedap Soto Ayam,Mie Instan,3,3500,2750,0,10500
STRX-260517-0919,RKK01,Rokok Sampoerna,Rokok,1,27000,24000,0,27000
STRX-260517-0920,SNK01,Chitato,Snack,2,2000,1800,0,4000
STRX-260517-0920,MIE02,Mie Sedap Goreng,Mie Instan,5,3000,2500,0,15000
STRX-260517-0921,SMB01,Gula Pasir 1kg,Sembako,1,15500,13500,0,15500
STRX-260517-0921,KRT01,Rinso Anti Noda Sachet,Kebutuhan RT,1,1350,1200,150,1350
STRX-260517-0921,MIE03,Mie Sedap Soto Ayam,Mie Instan,2,3325,2750,175,6650
STRX-260517-0921,MSC01,Kopi Sachet Gula Aren,Minuman Sachet,2,2000,1700,0,4000
STRX-260517-0922,MNM04,Pocari Sweat,Minuman,2,5000,4000,0,10000
STRX-260517-0922,MIE04,Mie Sedap Cup Soto,Mie Instan,3,5500,4500,0,16500
STRX-260517-0923,SMB01,Gula Pasir 1kg,Sembako,2,15500,13500,0,31000
STRX-260517-0923,SNK01,Chitato,Snack,3,2000,1800,0,6000
STRX-260517-0924,SNK01,Chitato,Snack,3,2000,1800,0,6000
STRX-260517-0924,RKK01,Rokok Sampoerna,Rokok,2,27000,24000,0,54000
STRX-260517-0925,MNM02,Teh Pucuk Harum,Minuman,1,4000,3000,0,4000
STRX-260517-0925,PRW01,Shampoo Sachet,Perawatan Tubuh,2,1000,500,0,2000
STRX-260517-0925,MIE02,Mie Sedap Goreng,Mie Instan,2,2700,2500,300,5400
STRX-260517-0925,BMB01,Masako Ayam,Bumbu Dapur,2,5000,4500,0,10000
STRX-260517-0925,MIE03,Mie Sedap Soto Ayam,Mie Instan,3,3500,2750,0,10500
STRX-260518-0926,KRT01,Rinso Anti Noda Sachet,Kebutuhan RT,1,1350,1200,150,1350
STRX-260518-0926,KRT02,Sunlight Cuci Piring,Kebutuhan RT,1,10000,9000,0,10000
STRX-260518-0926,MNM02,Teh Pucuk Harum,Minuman,1,4000,3000,0,4000
STRX-260518-0927,MSC01,Kopi Sachet Gula Aren,Minuman Sachet,1,2000,1700,0,2000
STRX-260518-0927,GAS01,Gas LPG 3kg,Kebutuhan Dapur,1,23000,20000,0,23000
STRX-260518-0927,MNM01,Aqua Botol 600ml,Minuman,4,4000,3000,0,16000
STRX-260518-0927,MIE02,Mie Sedap Goreng,Mie Instan,1,3000,2500,0,3000
STRX-260518-0928,MSC01,Kopi Sachet Gula Aren,Minuman Sachet,1,2000,1700,0,2000
STRX-260518-0928,SMB02,Minyak Goreng 1L,Sembako,2,15000,13500,0,30000
STRX-260518-0928,RKK01,Rokok Sampoerna,Rokok,2,27000,24000,0,54000
STRX-260518-0928,SMB03,Tepung Beras,Sembako,2,4000,3300,0,8000
STRX-260518-0929,SMB03,Tepung Beras,Sembako,1,4000,3300,0,4000
STRX-260518-0930,KRT03,Sabun Cuci Baju,Kebutuhan RT,1,5000,4500,0,5000
STRX-260518-0930,MIE01,Indomie Goreng,Mie Instan,3,3000,2500,0,9000
STRX-260518-0930,MIE04,Mie Sedap Cup Soto,Mie Instan,3,5500,4500,0,16500
STRX-260518-0931,MIE01,Indomie Goreng,Mie Instan,1,3000,2500,0,3000
STRX-260518-0931,MSC01,Kopi Sachet Gula Aren,Minuman Sachet,3,2000,1700,0,6000
STRX-260518-0932,MIE02,Mie Sedap Goreng,Mie Instan,3,3000,2500,0,9000
STRX-260518-0932,KRT01,Rinso Anti Noda Sachet,Kebutuhan RT,3,1500,1200,0,4500
STRX-260518-0933,MSC01,Kopi Sachet Gula Aren,Minuman Sachet,4,2000,1700,0,8000
STRX-260518-0933,PRW01,Shampoo Sachet,Perawatan Tubuh,2,1000,500,0,2000
STRX-260518-0933,MSC02,Milo Sachet,Minuman Sachet,2,1000,700,0,2000
STRX-260518-0933,SNK01,Chitato,Snack,1,2000,1800,0,2000
STRX-260518-0933,MNM04,Pocari Sweat,Minuman,3,5000,4000,0,15000
STRX-260518-0934,MIE03,Mie Sedap Soto Ayam,Mie Instan,2,3500,2750,0,7000
STRX-260518-0934,PRW01,Shampoo Sachet,Perawatan Tubuh,1,1000,500,0,1000
STRX-260518-0935,MSC02,Milo Sachet,Minuman Sachet,4,1000,700,0,4000
STRX-260518-0935,MNM02,Teh Pucuk Harum,Minuman,1,4000,3000,0,4000
STRX-260518-0935,MNM01,Aqua Botol 600ml,Minuman,2,4000,3000,0,8000
STRX-260518-0936,MIE04,Mie Sedap Cup Soto,Mie Instan,1,5500,4500,0,5500
STRX-260518-0936,MIE01,Indomie Goreng,Mie Instan,4,3000,2500,0,12000
STRX-260518-0936,MNM01,Aqua Botol 600ml,Minuman,1,4000,3000,0,4000
STRX-260518-0937,MSC01,Kopi Sachet Gula Aren,Minuman Sachet,1,1800,1700,200,1800
STRX-260518-0937,BMB01,Masako Ayam,Bumbu Dapur,1,5000,4500,0,5000
STRX-260518-0938,BMB01,Masako Ayam,Bumbu Dapur,3,5000,4500,0,15000
STRX-260518-0938,MNM01,Aqua Botol 600ml,Minuman,4,4000,3000,0,16000
STRX-260518-0939,SNK01,Chitato,Snack,3,2000,1800,0,6000
STRX-260518-0940,KRT01,Rinso Anti Noda Sachet,Kebutuhan RT,1,1500,1200,0,1500
STRX-260518-0940,MIE03,Mie Sedap Soto Ayam,Mie Instan,3,3500,2750,0,10500
STRX-260518-0941,SMB01,Gula Pasir 1kg,Sembako,2,15500,13500,0,31000
STRX-260519-0942,GAS01,Gas LPG 3kg,Kebutuhan Dapur,1,23000,20000,0,23000
STRX-260519-0942,SMB04,Kecap Manis,Sembako,1,4000,3300,0,4000
STRX-260519-0942,MIE03,Mie Sedap Soto Ayam,Mie Instan,2,3500,2750,0,7000
STRX-260519-0943,SMB02,Minyak Goreng 1L,Sembako,2,15000,13500,0,30000
STRX-260519-0943,GAS01,Gas LPG 3kg,Kebutuhan Dapur,1,23000,20000,0,23000
STRX-260519-0943,KRT03,Sabun Cuci Baju,Kebutuhan RT,1,5000,4500,0,5000
STRX-260519-0943,SNK01,Chitato,Snack,1,2000,1800,0,2000
STRX-260519-0943,MNM01,Aqua Botol 600ml,Minuman,4,4000,3000,0,16000
STRX-260519-0944,RKK01,Rokok Sampoerna,Rokok,1,27000,24000,0,27000
STRX-260519-0944,MIE01,Indomie Goreng,Mie Instan,5,3000,2500,0,15000
STRX-260519-0944,MIE02,Mie Sedap Goreng,Mie Instan,3,2850,2500,150,8550
STRX-260519-0944,KRT02,Sunlight Cuci Piring,Kebutuhan RT,1,10000,9000,0,10000
STRX-260519-0945,MNM03,Fanta 390ml,Minuman,2,5000,4000,0,10000
STRX-260519-0945,KRT01,Rinso Anti Noda Sachet,Kebutuhan RT,1,1500,1200,0,1500
STRX-260519-0945,MIE03,Mie Sedap Soto Ayam,Mie Instan,1,3500,2750,0,3500
STRX-260519-0946,PRW01,Shampoo Sachet,Perawatan Tubuh,1,1000,500,0,1000
STRX-260519-0946,SNK03,Chocolatos,Snack,1,1500,1000,0,1500
STRX-260519-0946,SNK01,Chitato,Snack,2,2000,1800,0,4000
STRX-260519-0947,BMB01,Masako Ayam,Bumbu Dapur,3,5000,4500,0,15000
STRX-260519-0947,MNM01,Aqua Botol 600ml,Minuman,4,4000,3000,0,16000
STRX-260519-0948,MSC02,Milo Sachet,Minuman Sachet,1,1000,700,0,1000
STRX-260519-0948,MIE02,Mie Sedap Goreng,Mie Instan,2,3000,2500,0,6000
STRX-260519-0948,MSC01,Kopi Sachet Gula Aren,Minuman Sachet,2,2000,1700,0,4000
STRX-260519-0948,KRT03,Sabun Cuci Baju,Kebutuhan RT,2,5000,4500,0,10000
STRX-260519-0949,SMB01,Gula Pasir 1kg,Sembako,1,15500,13500,0,15500
STRX-260519-0949,SMB03,Tepung Beras,Sembako,1,4000,3300,0,4000
STRX-260519-0949,MSC01,Kopi Sachet Gula Aren,Minuman Sachet,2,2000,1700,0,4000
STRX-260519-0950,KRT03,Sabun Cuci Baju,Kebutuhan RT,1,5000,4500,0,5000
STRX-260519-0950,KRT02,Sunlight Cuci Piring,Kebutuhan RT,1,10000,9000,0,10000
STRX-260519-0950,RKK01,Rokok Sampoerna,Rokok,5,27000,24000,0,135000
STRX-260519-0950,MNM03,Fanta 390ml,Minuman,2,5000,4000,0,10000
STRX-260519-0951,MIE01,Indomie Goreng,Mie Instan,3,3000,2500,0,9000
STRX-260519-0951,MNM02,Teh Pucuk Harum,Minuman,2,4000,3000,0,8000
STRX-260519-0951,MIE03,Mie Sedap Soto Ayam,Mie Instan,4,3500,2750,0,14000
STRX-260519-0952,MIE03,Mie Sedap Soto Ayam,Mie Instan,4,3500,2750,0,14000
STRX-260519-0953,MIE03,Mie Sedap Soto Ayam,Mie Instan,2,3500,2750,0,7000
STRX-260519-0953,MNM01,Aqua Botol 600ml,Minuman,1,4000,3000,0,4000
STRX-260519-0954,MNM02,Teh Pucuk Harum,Minuman,2,4000,3000,0,8000
STRX-260519-0955,MSC02,Milo Sachet,Minuman Sachet,4,1000,700,0,4000
STRX-260519-0955,MIE04,Mie Sedap Cup Soto,Mie Instan,2,5500,4500,0,11000
STRX-260519-0955,SMB01,Gula Pasir 1kg,Sembako,2,15500,13500,0,31000
STRX-260519-0956,MNM04,Pocari Sweat,Minuman,1,5000,4000,0,5000
STRX-260519-0956,PRW01,Shampoo Sachet,Perawatan Tubuh,1,1000,500,0,1000
STRX-260520-0957,BMB01,Masako Ayam,Bumbu Dapur,1,5000,4500,0,5000
STRX-260520-0957,SMB02,Minyak Goreng 1L,Sembako,1,15000,13500,0,15000
STRX-260520-0957,SMB01,Gula Pasir 1kg,Sembako,1,15500,13500,0,15500
STRX-260520-0958,SNK01,Chitato,Snack,1,2000,1800,0,2000
STRX-260520-0959,SMB04,Kecap Manis,Sembako,2,4000,3300,0,8000
STRX-260520-0959,SMB03,Tepung Beras,Sembako,1,4000,3300,0,4000
STRX-260520-0960,MSC01,Kopi Sachet Gula Aren,Minuman Sachet,4,2000,1700,0,8000
STRX-260520-0961,SMB01,Gula Pasir 1kg,Sembako,1,15500,13500,0,15500
STRX-260520-0961,MIE03,Mie Sedap Soto Ayam,Mie Instan,2,3500,2750,0,7000
STRX-260520-0962,MNM02,Teh Pucuk Harum,Minuman,1,4000,3000,0,4000
STRX-260520-0962,BMB01,Masako Ayam,Bumbu Dapur,2,5000,4500,0,10000
STRX-260520-0962,MNM04,Pocari Sweat,Minuman,1,5000,4000,0,5000
STRX-260520-0963,MIE02,Mie Sedap Goreng,Mie Instan,3,3000,2500,0,9000
STRX-260520-0963,MNM01,Aqua Botol 600ml,Minuman,4,4000,3000,0,16000
STRX-260520-0964,GAS01,Gas LPG 3kg,Kebutuhan Dapur,1,23000,20000,0,23000
STRX-260520-0964,MSC01,Kopi Sachet Gula Aren,Minuman Sachet,2,2000,1700,0,4000
STRX-260520-0965,MIE02,Mie Sedap Goreng,Mie Instan,2,3000,2500,0,6000
STRX-260520-0965,MIE03,Mie Sedap Soto Ayam,Mie Instan,2,2975,2750,525,5950
STRX-260520-0965,MIE04,Mie Sedap Cup Soto,Mie Instan,1,5500,4500,0,5500
STRX-260520-0966,MSC02,Milo Sachet,Minuman Sachet,2,1000,700,0,2000
STRX-260520-0966,MIE03,Mie Sedap Soto Ayam,Mie Instan,5,3500,2750,0,17500
STRX-260520-0967,MIE01,Indomie Goreng,Mie Instan,2,3000,2500,0,6000
STRX-260520-0968,SMB02,Minyak Goreng 1L,Sembako,1,15000,13500,0,15000
STRX-260520-0968,MNM01,Aqua Botol 600ml,Minuman,1,4000,3000,0,4000
STRX-260520-0968,MIE01,Indomie Goreng,Mie Instan,1,3000,2500,0,3000
STRX-260520-0968,SNK03,Chocolatos,Snack,2,1500,1000,0,3000
STRX-260520-0968,MNM02,Teh Pucuk Harum,Minuman,2,4000,3000,0,8000
STRX-260520-0969,RKK01,Rokok Sampoerna,Rokok,2,27000,24000,0,54000
STRX-260520-0969,SNK03,Chocolatos,Snack,1,1500,1000,0,1500
STRX-260520-0970,KRT03,Sabun Cuci Baju,Kebutuhan RT,1,5000,4500,0,5000
STRX-260520-0970,MIE01,Indomie Goreng,Mie Instan,1,3000,2500,0,3000
STRX-260520-0970,MNM04,Pocari Sweat,Minuman,3,5000,4000,0,15000
STRX-260521-0971,SMB04,Kecap Manis,Sembako,1,4000,3300,0,4000
STRX-260521-0971,MSC02,Milo Sachet,Minuman Sachet,4,1000,700,0,4000
STRX-260521-0972,KRT01,Rinso Anti Noda Sachet,Kebutuhan RT,1,1500,1200,0,1500
STRX-260521-0972,KRT03,Sabun Cuci Baju,Kebutuhan RT,1,5000,4500,0,5000
STRX-260521-0973,MSC01,Kopi Sachet Gula Aren,Minuman Sachet,1,2000,1700,0,2000
STRX-260521-0973,SMB04,Kecap Manis,Sembako,1,4000,3300,0,4000
STRX-260521-0974,SNK02,Better Caramel,Snack,2,2000,1600,0,4000
STRX-260521-0974,MSC01,Kopi Sachet Gula Aren,Minuman Sachet,3,2000,1700,0,6000
STRX-260521-0975,MIE02,Mie Sedap Goreng,Mie Instan,1,3000,2500,0,3000
STRX-260521-0975,BMB01,Masako Ayam,Bumbu Dapur,1,5000,4500,0,5000
STRX-260521-0976,MNM01,Aqua Botol 600ml,Minuman,2,4000,3000,0,8000
STRX-260521-0976,RKK01,Rokok Sampoerna,Rokok,2,27000,24000,0,54000
STRX-260521-0977,KRT02,Sunlight Cuci Piring,Kebutuhan RT,2,10000,9000,0,20000
STRX-260521-0977,MIE03,Mie Sedap Soto Ayam,Mie Instan,1,3500,2750,0,3500
STRX-260521-0978,MSC01,Kopi Sachet Gula Aren,Minuman Sachet,2,2000,1700,0,4000
STRX-260521-0978,MNM03,Fanta 390ml,Minuman,1,5000,4000,0,5000
STRX-260521-0978,SNK03,Chocolatos,Snack,1,1500,1000,0,1500
STRX-260521-0978,RKK01,Rokok Sampoerna,Rokok,3,27000,24000,0,81000
STRX-260521-0979,MNM01,Aqua Botol 600ml,Minuman,2,3600,3000,400,7200
STRX-260521-0979,MIE01,Indomie Goreng,Mie Instan,2,3000,2500,0,6000
STRX-260521-0979,SNK01,Chitato,Snack,3,2000,1800,0,6000
STRX-260521-0979,SMB01,Gula Pasir 1kg,Sembako,1,15500,13500,0,15500
STRX-260521-0980,SMB02,Minyak Goreng 1L,Sembako,2,15000,13500,0,30000
STRX-260521-0980,RKK01,Rokok Sampoerna,Rokok,4,27000,24000,0,108000
STRX-260521-0981,MNM03,Fanta 390ml,Minuman,2,4750,4000,250,9500
STRX-260521-0981,MNM02,Teh Pucuk Harum,Minuman,2,4000,3000,0,8000
STRX-260521-0981,KRT03,Sabun Cuci Baju,Kebutuhan RT,2,5000,4500,0,10000
STRX-260522-0982,MNM02,Teh Pucuk Harum,Minuman,1,4000,3000,0,4000
STRX-260522-0983,MSC02,Milo Sachet,Minuman Sachet,4,1000,700,0,4000
STRX-260522-0984,PRW01,Shampoo Sachet,Perawatan Tubuh,1,850,500,150,850
STRX-260522-0985,SMB03,Tepung Beras,Sembako,1,4000,3300,0,4000
STRX-260522-0985,MIE02,Mie Sedap Goreng,Mie Instan,1,3000,2500,0,3000
STRX-260522-0985,SNK02,Better Caramel,Snack,2,2000,1600,0,4000
STRX-260522-0986,SMB01,Gula Pasir 1kg,Sembako,2,15500,13500,0,31000
STRX-260522-0986,MIE03,Mie Sedap Soto Ayam,Mie Instan,2,3500,2750,0,7000
STRX-260522-0986,MNM01,Aqua Botol 600ml,Minuman,1,4000,3000,0,4000
STRX-260522-0986,MIE04,Mie Sedap Cup Soto,Mie Instan,1,5500,4500,0,5500
STRX-260522-0987,SMB01,Gula Pasir 1kg,Sembako,1,15500,13500,0,15500
STRX-260522-0988,MSC02,Milo Sachet,Minuman Sachet,1,1000,700,0,1000
STRX-260522-0988,BMB01,Masako Ayam,Bumbu Dapur,1,5000,4500,0,5000
STRX-260522-0988,MIE02,Mie Sedap Goreng,Mie Instan,2,3000,2500,0,6000
STRX-260522-0988,SNK02,Better Caramel,Snack,1,2000,1600,0,2000
STRX-260522-0989,MNM01,Aqua Botol 600ml,Minuman,2,4000,3000,0,8000
STRX-260522-0989,SMB04,Kecap Manis,Sembako,1,4000,3300,0,4000
STRX-260522-0990,KRT01,Rinso Anti Noda Sachet,Kebutuhan RT,1,1500,1200,0,1500
STRX-260523-0991,MIE02,Mie Sedap Goreng,Mie Instan,3,3000,2500,0,9000
STRX-260523-0991,RKK01,Rokok Sampoerna,Rokok,3,27000,24000,0,81000
STRX-260523-0991,MNM03,Fanta 390ml,Minuman,1,4750,4000,250,4750
STRX-260523-0992,MIE01,Indomie Goreng,Mie Instan,2,3000,2500,0,6000
STRX-260523-0993,SMB04,Kecap Manis,Sembako,1,4000,3300,0,4000
STRX-260523-0993,MNM01,Aqua Botol 600ml,Minuman,2,4000,3000,0,8000
STRX-260523-0994,MNM02,Teh Pucuk Harum,Minuman,2,4000,3000,0,8000
STRX-260523-0994,MIE02,Mie Sedap Goreng,Mie Instan,2,3000,2500,0,6000
STRX-260523-0995,SNK01,Chitato,Snack,1,1900,1800,100,1900
STRX-260523-0995,MSC01,Kopi Sachet Gula Aren,Minuman Sachet,3,2000,1700,0,6000
STRX-260523-0996,MIE03,Mie Sedap Soto Ayam,Mie Instan,1,3500,2750,0,3500
STRX-260523-0996,MSC01,Kopi Sachet Gula Aren,Minuman Sachet,2,2000,1700,0,4000
STRX-260523-0997,PRW01,Shampoo Sachet,Perawatan Tubuh,1,1000,500,0,1000
STRX-260523-0998,SNK02,Better Caramel,Snack,1,1900,1600,100,1900
STRX-260523-0998,SNK03,Chocolatos,Snack,1,1500,1000,0,1500
STRX-260523-0999,MIE02,Mie Sedap Goreng,Mie Instan,3,3000,2500,0,9000
STRX-260523-0999,SMB04,Kecap Manis,Sembako,1,4000,3300,0,4000
STRX-260523-1000,MNM01,Aqua Botol 600ml,Minuman,2,4000,3000,0,8000
STRX-260523-1000,MIE02,Mie Sedap Goreng,Mie Instan,1,3000,2500,0,3000
STRX-260523-1001,MIE01,Indomie Goreng,Mie Instan,3,3000,2500,0,9000
STRX-260523-1001,SNK02,Better Caramel,Snack,1,2000,1600,0,2000
STRX-260523-1001,BMB01,Masako Ayam,Bumbu Dapur,2,5000,4500,0,10000
STRX-260523-1002,MIE01,Indomie Goreng,Mie Instan,2,3000,2500,0,6000
STRX-260523-1002,MIE02,Mie Sedap Goreng,Mie Instan,1,3000,2500,0,3000
STRX-260523-1002,MNM01,Aqua Botol 600ml,Minuman,2,3600,3000,400,7200
STRX-260523-1002,MNM03,Fanta 390ml,Minuman,1,5000,4000,0,5000
STRX-260523-1003,MIE03,Mie Sedap Soto Ayam,Mie Instan,2,3500,2750,0,7000
STRX-260523-1004,RKK01,Rokok Sampoerna,Rokok,2,27000,24000,0,54000
STRX-260523-1005,MNM01,Aqua Botol 600ml,Minuman,2,4000,3000,0,8000
STRX-260523-1005,SNK03,Chocolatos,Snack,1,1500,1000,0,1500
STRX-260523-1005,MIE01,Indomie Goreng,Mie Instan,3,3000,2500,0,9000
STRX-260523-1006,MSC02,Milo Sachet,Minuman Sachet,2,1000,700,0,2000
STRX-260523-1006,MSC01,Kopi Sachet Gula Aren,Minuman Sachet,2,2000,1700,0,4000
STRX-260523-1007,MIE01,Indomie Goreng,Mie Instan,3,3000,2500,0,9000
STRX-260523-1008,BMB01,Masako Ayam,Bumbu Dapur,4,5000,4500,0,20000
STRX-260523-1008,MSC01,Kopi Sachet Gula Aren,Minuman Sachet,2,1800,1700,200,3600
STRX-260523-1009,MNM01,Aqua Botol 600ml,Minuman,1,4000,3000,0,4000
STRX-260523-1009,BMB01,Masako Ayam,Bumbu Dapur,1,5000,4500,0,5000
STRX-260524-1010,MNM02,Teh Pucuk Harum,Minuman,1,4000,3000,0,4000
STRX-260524-1010,MIE03,Mie Sedap Soto Ayam,Mie Instan,2,3500,2750,0,7000
STRX-260524-1011,SNK01,Chitato,Snack,1,2000,1800,0,2000
STRX-260524-1012,BMB01,Masako Ayam,Bumbu Dapur,2,4500,4500,500,9000
STRX-260524-1013,SNK01,Chitato,Snack,2,2000,1800,0,4000
STRX-260524-1013,SNK03,Chocolatos,Snack,2,1500,1000,0,3000
STRX-260524-1013,SMB04,Kecap Manis,Sembako,1,4000,3300,0,4000
STRX-260524-1014,KRT03,Sabun Cuci Baju,Kebutuhan RT,1,5000,4500,0,5000
STRX-260524-1014,KRT01,Rinso Anti Noda Sachet,Kebutuhan RT,1,1500,1200,0,1500
STRX-260524-1014,MNM01,Aqua Botol 600ml,Minuman,4,4000,3000,0,16000
STRX-260524-1015,MIE02,Mie Sedap Goreng,Mie Instan,1,3000,2500,0,3000
STRX-260524-1015,BMB01,Masako Ayam,Bumbu Dapur,1,5000,4500,0,5000
STRX-260524-1015,MIE03,Mie Sedap Soto Ayam,Mie Instan,1,3500,2750,0,3500
STRX-260524-1016,MNM01,Aqua Botol 600ml,Minuman,1,4000,3000,0,4000
STRX-260524-1017,MIE02,Mie Sedap Goreng,Mie Instan,1,3000,2500,0,3000
STRX-260524-1018,MSC01,Kopi Sachet Gula Aren,Minuman Sachet,1,2000,1700,0,2000
STRX-260524-1018,MSC02,Milo Sachet,Minuman Sachet,2,1000,700,0,2000
STRX-260524-1018,MIE04,Mie Sedap Cup Soto,Mie Instan,1,5500,4500,0,5500
STRX-260524-1018,MNM01,Aqua Botol 600ml,Minuman,1,4000,3000,0,4000
STRX-260524-1019,MSC02,Milo Sachet,Minuman Sachet,2,1000,700,0,2000
STRX-260524-1019,MSC01,Kopi Sachet Gula Aren,Minuman Sachet,1,2000,1700,0,2000
STRX-260524-1020,MIE03,Mie Sedap Soto Ayam,Mie Instan,3,3500,2750,0,10500
STRX-260524-1020,RKK01,Rokok Sampoerna,Rokok,2,27000,24000,0,54000
STRX-260524-1021,MIE03,Mie Sedap Soto Ayam,Mie Instan,2,3500,2750,0,7000
STRX-260524-1021,SNK01,Chitato,Snack,3,2000,1800,0,6000
STRX-260524-1021,PRW01,Shampoo Sachet,Perawatan Tubuh,1,1000,500,0,1000
STRX-260524-1022,MIE01,Indomie Goreng,Mie Instan,3,3000,2500,0,9000
STRX-260524-1023,BMB01,Masako Ayam,Bumbu Dapur,3,5000,4500,0,15000
STRX-260524-1023,MIE03,Mie Sedap Soto Ayam,Mie Instan,3,3500,2750,0,10500
STRX-260524-1024,MNM01,Aqua Botol 600ml,Minuman,2,4000,3000,0,8000
STRX-260524-1024,KRT03,Sabun Cuci Baju,Kebutuhan RT,1,5000,4500,0,5000
STRX-260524-1025,KRT01,Rinso Anti Noda Sachet,Kebutuhan RT,2,1500,1200,0,3000
STRX-260524-1026,PRW01,Shampoo Sachet,Perawatan Tubuh,1,1000,500,0,1000
STRX-260524-1026,MNM01,Aqua Botol 600ml,Minuman,5,4000,3000,0,20000
STRX-260524-1026,MSC02,Milo Sachet,Minuman Sachet,3,1000,700,0,3000
STRX-260524-1027,MSC02,Milo Sachet,Minuman Sachet,5,850,700,150,4250
STRX-260524-1028,MNM03,Fanta 390ml,Minuman,1,5000,4000,0,5000
STRX-260524-1028,MIE02,Mie Sedap Goreng,Mie Instan,1,3000,2500,0,3000
STRX-260524-1029,MIE03,Mie Sedap Soto Ayam,Mie Instan,2,3500,2750,0,7000
STRX-260524-1029,BMB01,Masako Ayam,Bumbu Dapur,3,5000,4500,0,15000
STRX-260524-1030,MIE01,Indomie Goreng,Mie Instan,4,3000,2500,0,12000
STRX-260524-1030,MSC01,Kopi Sachet Gula Aren,Minuman Sachet,2,2000,1700,0,4000
STRX-260524-1031,MNM01,Aqua Botol 600ml,Minuman,3,4000,3000,0,12000
STRX-260524-1031,MNM03,Fanta 390ml,Minuman,2,5000,4000,0,10000
STRX-260524-1031,MNM02,Teh Pucuk Harum,Minuman,2,4000,3000,0,8000
STRX-260525-1032,SMB03,Tepung Beras,Sembako,1,4000,3300,0,4000
STRX-260525-1032,SNK03,Chocolatos,Snack,2,1500,1000,0,3000
STRX-260525-1032,KRT01,Rinso Anti Noda Sachet,Kebutuhan RT,2,1500,1200,0,3000
STRX-260525-1032,SNK01,Chitato,Snack,2,2000,1800,0,4000
STRX-260525-1033,MIE01,Indomie Goreng,Mie Instan,2,3000,2500,0,6000
STRX-260525-1034,MIE04,Mie Sedap Cup Soto,Mie Instan,2,5500,4500,0,11000
STRX-260525-1034,RKK01,Rokok Sampoerna,Rokok,3,27000,24000,0,81000
STRX-260525-1035,RKK01,Rokok Sampoerna,Rokok,1,27000,24000,0,27000
STRX-260525-1035,MSC01,Kopi Sachet Gula Aren,Minuman Sachet,1,2000,1700,0,2000
STRX-260525-1036,RKK01,Rokok Sampoerna,Rokok,3,27000,24000,0,81000
STRX-260525-1036,MSC01,Kopi Sachet Gula Aren,Minuman Sachet,1,2000,1700,0,2000
STRX-260525-1037,MNM01,Aqua Botol 600ml,Minuman,1,4000,3000,0,4000
STRX-260525-1037,MSC02,Milo Sachet,Minuman Sachet,2,1000,700,0,2000
STRX-260525-1038,MNM03,Fanta 390ml,Minuman,1,5000,4000,0,5000
STRX-260525-1038,MNM02,Teh Pucuk Harum,Minuman,1,4000,3000,0,4000
STRX-260525-1038,BMB01,Masako Ayam,Bumbu Dapur,4,5000,4500,0,20000
STRX-260525-1038,PRW01,Shampoo Sachet,Perawatan Tubuh,2,1000,500,0,2000
STRX-260525-1039,GAS01,Gas LPG 3kg,Kebutuhan Dapur,1,23000,20000,0,23000
STRX-260525-1040,MIE01,Indomie Goreng,Mie Instan,3,2550,2500,450,7650
STRX-260525-1040,MIE02,Mie Sedap Goreng,Mie Instan,4,3000,2500,0,12000
STRX-260525-1040,MNM03,Fanta 390ml,Minuman,1,5000,4000,0,5000
STRX-260525-1041,MSC02,Milo Sachet,Minuman Sachet,2,1000,700,0,2000
STRX-260525-1042,KRT03,Sabun Cuci Baju,Kebutuhan RT,1,5000,4500,0,5000
STRX-260525-1042,PRW01,Shampoo Sachet,Perawatan Tubuh,2,1000,500,0,2000
STRX-260525-1042,SMB02,Minyak Goreng 1L,Sembako,2,15000,13500,0,30000
STRX-260525-1043,PRW01,Shampoo Sachet,Perawatan Tubuh,1,1000,500,0,1000
STRX-260525-1044,BMB01,Masako Ayam,Bumbu Dapur,1,5000,4500,0,5000
STRX-260525-1045,SMB04,Kecap Manis,Sembako,2,4000,3300,0,8000
STRX-260525-1045,KRT03,Sabun Cuci Baju,Kebutuhan RT,1,5000,4500,0,5000
STRX-260525-1046,MIE02,Mie Sedap Goreng,Mie Instan,2,3000,2500,0,6000
STRX-260525-1046,MNM02,Teh Pucuk Harum,Minuman,1,4000,3000,0,4000
STRX-260525-1047,MSC02,Milo Sachet,Minuman Sachet,2,1000,700,0,2000
STRX-260525-1047,SNK01,Chitato,Snack,2,2000,1800,0,4000
STRX-260525-1047,PRW01,Shampoo Sachet,Perawatan Tubuh,1,1000,500,0,1000
STRX-260525-1048,MIE02,Mie Sedap Goreng,Mie Instan,5,3000,2500,0,15000
STRX-260525-1048,MIE03,Mie Sedap Soto Ayam,Mie Instan,2,3500,2750,0,7000
STRX-260525-1048,MSC01,Kopi Sachet Gula Aren,Minuman Sachet,5,2000,1700,0,10000
STRX-260525-1049,RKK01,Rokok Sampoerna,Rokok,3,27000,24000,0,81000
STRX-260525-1049,SMB04,Kecap Manis,Sembako,1,4000,3300,0,4000
STRX-260525-1049,KRT03,Sabun Cuci Baju,Kebutuhan RT,1,5000,4500,0,5000
STRX-260525-1050,SMB04,Kecap Manis,Sembako,1,4000,3300,0,4000
STRX-260525-1050,MIE03,Mie Sedap Soto Ayam,Mie Instan,1,3500,2750,0,3500
STRX-260525-1051,MSC02,Milo Sachet,Minuman Sachet,2,1000,700,0,2000
STRX-260525-1052,MIE03,Mie Sedap Soto Ayam,Mie Instan,2,3500,2750,0,7000
STRX-260525-1052,BMB01,Masako Ayam,Bumbu Dapur,2,5000,4500,0,10000
STRX-260525-1052,MNM02,Teh Pucuk Harum,Minuman,2,4000,3000,0,8000
STRX-260525-1053,SMB01,Gula Pasir 1kg,Sembako,2,15500,13500,0,31000
STRX-260525-1053,BMB01,Masako Ayam,Bumbu Dapur,2,5000,4500,0,10000
STRX-260525-1053,SMB02,Minyak Goreng 1L,Sembako,2,15000,13500,0,30000
STRX-260525-1054,MNM01,Aqua Botol 600ml,Minuman,2,4000,3000,0,8000
STRX-260525-1054,MIE03,Mie Sedap Soto Ayam,Mie Instan,1,3500,2750,0,3500
STRX-260525-1055,SMB03,Tepung Beras,Sembako,3,4000,3300,0,12000
STRX-260525-1055,MIE01,Indomie Goreng,Mie Instan,5,3000,2500,0,15000
STRX-260525-1056,BMB01,Masako Ayam,Bumbu Dapur,2,5000,4500,0,10000
STRX-260525-1056,MNM02,Teh Pucuk Harum,Minuman,2,4000,3000,0,8000
STRX-260525-1056,MIE03,Mie Sedap Soto Ayam,Mie Instan,2,3500,2750,0,7000
STRX-260525-1057,SMB03,Tepung Beras,Sembako,1,4000,3300,0,4000
STRX-260525-1057,PRW01,Shampoo Sachet,Perawatan Tubuh,1,1000,500,0,1000
STRX-260525-1057,SNK01,Chitato,Snack,1,2000,1800,0,2000
STRX-260525-1057,KRT01,Rinso Anti Noda Sachet,Kebutuhan RT,2,1500,1200,0,3000
STRX-260525-1058,SNK02,Better Caramel,Snack,2,2000,1600,0,4000
STRX-260526-1059,BMB01,Masako Ayam,Bumbu Dapur,2,5000,4500,0,10000
STRX-260526-1059,MIE01,Indomie Goreng,Mie Instan,3,3000,2500,0,9000
STRX-260526-1060,MIE01,Indomie Goreng,Mie Instan,4,3000,2500,0,12000
STRX-260526-1060,MSC02,Milo Sachet,Minuman Sachet,5,1000,700,0,5000
STRX-260526-1060,MNM01,Aqua Botol 600ml,Minuman,2,4000,3000,0,8000
STRX-260526-1060,SNK03,Chocolatos,Snack,3,1500,1000,0,4500
STRX-260526-1061,MSC01,Kopi Sachet Gula Aren,Minuman Sachet,2,2000,1700,0,4000
STRX-260526-1061,MSC02,Milo Sachet,Minuman Sachet,3,1000,700,0,3000
STRX-260526-1062,MSC01,Kopi Sachet Gula Aren,Minuman Sachet,3,2000,1700,0,6000
STRX-260526-1062,MNM02,Teh Pucuk Harum,Minuman,1,4000,3000,0,4000
STRX-260526-1062,MSC02,Milo Sachet,Minuman Sachet,5,1000,700,0,5000
STRX-260526-1062,MIE02,Mie Sedap Goreng,Mie Instan,2,3000,2500,0,6000
STRX-260526-1063,RKK01,Rokok Sampoerna,Rokok,1,27000,24000,0,27000
STRX-260526-1063,KRT01,Rinso Anti Noda Sachet,Kebutuhan RT,1,1500,1200,0,1500
STRX-260526-1064,MIE01,Indomie Goreng,Mie Instan,3,3000,2500,0,9000
STRX-260526-1064,KRT03,Sabun Cuci Baju,Kebutuhan RT,2,5000,4500,0,10000
STRX-260526-1065,KRT03,Sabun Cuci Baju,Kebutuhan RT,2,5000,4500,0,10000
STRX-260526-1066,GAS01,Gas LPG 3kg,Kebutuhan Dapur,1,23000,20000,0,23000
STRX-260526-1066,SMB02,Minyak Goreng 1L,Sembako,2,15000,13500,0,30000
STRX-260526-1067,MNM01,Aqua Botol 600ml,Minuman,1,4000,3000,0,4000
STRX-260526-1067,MIE03,Mie Sedap Soto Ayam,Mie Instan,1,3500,2750,0,3500
STRX-260526-1068,SMB01,Gula Pasir 1kg,Sembako,1,15500,13500,0,15500
STRX-260526-1068,KRT03,Sabun Cuci Baju,Kebutuhan RT,2,5000,4500,0,10000
STRX-260526-1068,MIE02,Mie Sedap Goreng,Mie Instan,1,3000,2500,0,3000
STRX-260526-1069,MIE01,Indomie Goreng,Mie Instan,3,3000,2500,0,9000
STRX-260526-1069,SNK02,Better Caramel,Snack,1,2000,1600,0,2000
STRX-260526-1070,MNM02,Teh Pucuk Harum,Minuman,1,4000,3000,0,4000
STRX-260526-1070,MNM03,Fanta 390ml,Minuman,1,5000,4000,0,5000
STRX-260526-1071,KRT01,Rinso Anti Noda Sachet,Kebutuhan RT,1,1500,1200,0,1500
STRX-260526-1071,MNM01,Aqua Botol 600ml,Minuman,2,4000,3000,0,8000
STRX-260526-1071,KRT02,Sunlight Cuci Piring,Kebutuhan RT,3,10000,9000,0,30000
STRX-260526-1071,MIE03,Mie Sedap Soto Ayam,Mie Instan,3,3500,2750,0,10500
STRX-260526-1072,SMB01,Gula Pasir 1kg,Sembako,1,15500,13500,0,15500
STRX-260526-1073,KRT03,Sabun Cuci Baju,Kebutuhan RT,1,5000,4500,0,5000
STRX-260526-1073,MSC02,Milo Sachet,Minuman Sachet,5,1000,700,0,5000
STRX-260526-1073,MNM01,Aqua Botol 600ml,Minuman,4,4000,3000,0,16000
STRX-260526-1074,SMB01,Gula Pasir 1kg,Sembako,2,15500,13500,0,31000
STRX-260526-1074,MIE02,Mie Sedap Goreng,Mie Instan,1,2850,2500,150,2850
STRX-260526-1074,MNM01,Aqua Botol 600ml,Minuman,4,3800,3000,200,15200
STRX-260526-1075,SNK02,Better Caramel,Snack,1,2000,1600,0,2000
STRX-260526-1075,SNK01,Chitato,Snack,1,2000,1800,0,2000
STRX-260526-1076,MNM01,Aqua Botol 600ml,Minuman,4,4000,3000,0,16000
STRX-260526-1076,BMB01,Masako Ayam,Bumbu Dapur,1,5000,4500,0,5000
STRX-260526-1077,MSC02,Milo Sachet,Minuman Sachet,3,1000,700,0,3000
STRX-260526-1078,MSC01,Kopi Sachet Gula Aren,Minuman Sachet,3,2000,1700,0,6000
STRX-260526-1078,MIE01,Indomie Goreng,Mie Instan,3,3000,2500,0,9000
STRX-260526-1078,MNM03,Fanta 390ml,Minuman,2,5000,4000,0,10000
STRX-260526-1078,SNK03,Chocolatos,Snack,1,1500,1000,0,1500
STRX-260526-1079,RKK01,Rokok Sampoerna,Rokok,2,27000,24000,0,54000
STRX-260526-1079,MNM03,Fanta 390ml,Minuman,1,5000,4000,0,5000
STRX-260526-1079,MSC01,Kopi Sachet Gula Aren,Minuman Sachet,1,2000,1700,0,2000
STRX-260526-1079,KRT03,Sabun Cuci Baju,Kebutuhan RT,1,4750,4500,250,4750
STRX-260526-1079,SNK02,Better Caramel,Snack,3,1700,1600,300,5100
STRX-260526-1080,MNM01,Aqua Botol 600ml,Minuman,4,4000,3000,0,16000
STRX-260526-1080,SMB01,Gula Pasir 1kg,Sembako,2,15500,13500,0,31000
STRX-260526-1081,MIE02,Mie Sedap Goreng,Mie Instan,3,3000,2500,0,9000
STRX-260526-1081,MNM01,Aqua Botol 600ml,Minuman,2,4000,3000,0,8000
STRX-260526-1082,MNM02,Teh Pucuk Harum,Minuman,1,4000,3000,0,4000
STRX-260526-1082,MSC01,Kopi Sachet Gula Aren,Minuman Sachet,2,2000,1700,0,4000
STRX-260526-1082,RKK01,Rokok Sampoerna,Rokok,5,27000,24000,0,135000
STRX-260527-1083,MIE03,Mie Sedap Soto Ayam,Mie Instan,5,3500,2750,0,17500
STRX-260527-1083,KRT03,Sabun Cuci Baju,Kebutuhan RT,2,5000,4500,0,10000
STRX-260527-1084,MIE02,Mie Sedap Goreng,Mie Instan,3,3000,2500,0,9000
STRX-260527-1084,KRT02,Sunlight Cuci Piring,Kebutuhan RT,2,10000,9000,0,20000
STRX-260527-1084,SMB01,Gula Pasir 1kg,Sembako,2,15500,13500,0,31000
STRX-260527-1084,SNK01,Chitato,Snack,1,2000,1800,0,2000
STRX-260527-1085,RKK01,Rokok Sampoerna,Rokok,4,27000,24000,0,108000
STRX-260527-1086,GAS01,Gas LPG 3kg,Kebutuhan Dapur,2,23000,20000,0,46000
STRX-260527-1087,BMB01,Masako Ayam,Bumbu Dapur,2,5000,4500,0,10000
STRX-260527-1087,PRW01,Shampoo Sachet,Perawatan Tubuh,3,900,500,100,2700
STRX-260527-1088,BMB01,Masako Ayam,Bumbu Dapur,1,5000,4500,0,5000
STRX-260527-1088,MSC02,Milo Sachet,Minuman Sachet,1,1000,700,0,1000
STRX-260527-1089,PRW01,Shampoo Sachet,Perawatan Tubuh,1,1000,500,0,1000
STRX-260527-1089,MNM01,Aqua Botol 600ml,Minuman,4,4000,3000,0,16000
STRX-260527-1089,MIE01,Indomie Goreng,Mie Instan,2,3000,2500,0,6000
STRX-260527-1089,MSC01,Kopi Sachet Gula Aren,Minuman Sachet,2,2000,1700,0,4000
STRX-260527-1090,SNK02,Better Caramel,Snack,1,2000,1600,0,2000
STRX-260527-1090,SMB01,Gula Pasir 1kg,Sembako,1,15500,13500,0,15500
STRX-260527-1090,MIE01,Indomie Goreng,Mie Instan,1,3000,2500,0,3000
STRX-260527-1091,KRT03,Sabun Cuci Baju,Kebutuhan RT,2,5000,4500,0,10000
STRX-260527-1092,BMB01,Masako Ayam,Bumbu Dapur,2,5000,4500,0,10000
STRX-260527-1092,MIE01,Indomie Goreng,Mie Instan,3,3000,2500,0,9000
STRX-260527-1093,SMB04,Kecap Manis,Sembako,2,4000,3300,0,8000
STRX-260527-1093,SNK01,Chitato,Snack,2,2000,1800,0,4000
STRX-260527-1094,MSC02,Milo Sachet,Minuman Sachet,3,1000,700,0,3000
STRX-260527-1094,KRT03,Sabun Cuci Baju,Kebutuhan RT,1,5000,4500,0,5000
STRX-260527-1095,MNM01,Aqua Botol 600ml,Minuman,2,4000,3000,0,8000
STRX-260527-1095,SMB01,Gula Pasir 1kg,Sembako,1,15500,13500,0,15500
STRX-260527-1096,MNM02,Teh Pucuk Harum,Minuman,2,3800,3000,200,7600
STRX-260527-1096,MSC02,Milo Sachet,Minuman Sachet,2,1000,700,0,2000
STRX-260527-1096,MSC01,Kopi Sachet Gula Aren,Minuman Sachet,5,2000,1700,0,10000
STRX-260527-1097,MSC01,Kopi Sachet Gula Aren,Minuman Sachet,4,2000,1700,0,8000
STRX-260527-1097,RKK01,Rokok Sampoerna,Rokok,1,27000,24000,0,27000
STRX-260527-1098,MNM03,Fanta 390ml,Minuman,2,5000,4000,0,10000
STRX-260527-1098,BMB01,Masako Ayam,Bumbu Dapur,1,5000,4500,0,5000
STRX-260527-1098,SNK03,Chocolatos,Snack,1,1500,1000,0,1500
STRX-260527-1099,SMB01,Gula Pasir 1kg,Sembako,1,15500,13500,0,15500
STRX-260527-1099,MNM02,Teh Pucuk Harum,Minuman,1,4000,3000,0,4000
STRX-260527-1100,MNM02,Teh Pucuk Harum,Minuman,1,4000,3000,0,4000
STRX-260528-1101,SNK01,Chitato,Snack,1,2000,1800,0,2000
STRX-260528-1101,SNK03,Chocolatos,Snack,1,1500,1000,0,1500
STRX-260528-1102,MIE03,Mie Sedap Soto Ayam,Mie Instan,2,3500,2750,0,7000
STRX-260528-1102,BMB01,Masako Ayam,Bumbu Dapur,3,5000,4500,0,15000
STRX-260528-1103,MNM01,Aqua Botol 600ml,Minuman,5,4000,3000,0,20000
STRX-260528-1103,SNK03,Chocolatos,Snack,1,1500,1000,0,1500
STRX-260528-1103,BMB01,Masako Ayam,Bumbu Dapur,4,5000,4500,0,20000
STRX-260528-1104,MIE01,Indomie Goreng,Mie Instan,3,3000,2500,0,9000
STRX-260528-1104,MSC02,Milo Sachet,Minuman Sachet,3,1000,700,0,3000
STRX-260528-1104,SMB03,Tepung Beras,Sembako,1,4000,3300,0,4000
STRX-260528-1105,SMB04,Kecap Manis,Sembako,1,4000,3300,0,4000
STRX-260528-1105,PRW01,Shampoo Sachet,Perawatan Tubuh,3,1000,500,0,3000
STRX-260528-1105,KRT01,Rinso Anti Noda Sachet,Kebutuhan RT,1,1500,1200,0,1500
STRX-260528-1105,BMB01,Masako Ayam,Bumbu Dapur,3,5000,4500,0,15000
STRX-260528-1106,MIE02,Mie Sedap Goreng,Mie Instan,1,3000,2500,0,3000
STRX-260528-1106,KRT03,Sabun Cuci Baju,Kebutuhan RT,3,5000,4500,0,15000
STRX-260528-1106,MNM01,Aqua Botol 600ml,Minuman,2,4000,3000,0,8000
STRX-260528-1107,MIE02,Mie Sedap Goreng,Mie Instan,2,3000,2500,0,6000
STRX-260528-1108,RKK01,Rokok Sampoerna,Rokok,2,27000,24000,0,54000
STRX-260528-1108,PRW01,Shampoo Sachet,Perawatan Tubuh,3,1000,500,0,3000
STRX-260528-1108,SNK03,Chocolatos,Snack,1,1500,1000,0,1500
STRX-260528-1109,RKK01,Rokok Sampoerna,Rokok,5,27000,24000,0,135000
STRX-260528-1109,SNK03,Chocolatos,Snack,1,1500,1000,0,1500
STRX-260528-1109,MSC01,Kopi Sachet Gula Aren,Minuman Sachet,4,2000,1700,0,8000
STRX-260528-1109,SMB04,Kecap Manis,Sembako,1,4000,3300,0,4000
STRX-260528-1110,MNM02,Teh Pucuk Harum,Minuman,3,4000,3000,0,12000
STRX-260528-1110,MSC01,Kopi Sachet Gula Aren,Minuman Sachet,2,2000,1700,0,4000
STRX-260528-1110,SMB02,Minyak Goreng 1L,Sembako,1,15000,13500,0,15000
STRX-260528-1110,MSC02,Milo Sachet,Minuman Sachet,4,1000,700,0,4000
STRX-260528-1110,MNM03,Fanta 390ml,Minuman,2,5000,4000,0,10000
STRX-260528-1111,BMB01,Masako Ayam,Bumbu Dapur,2,5000,4500,0,10000
STRX-260528-1111,SMB01,Gula Pasir 1kg,Sembako,1,15500,13500,0,15500
STRX-260528-1112,RKK01,Rokok Sampoerna,Rokok,4,27000,24000,0,108000
STRX-260528-1112,MIE04,Mie Sedap Cup Soto,Mie Instan,1,5500,4500,0,5500
STRX-260528-1113,PRW01,Shampoo Sachet,Perawatan Tubuh,1,1000,500,0,1000
STRX-260528-1113,SMB02,Minyak Goreng 1L,Sembako,1,15000,13500,0,15000
STRX-260528-1113,SNK01,Chitato,Snack,1,2000,1800,0,2000
STRX-260528-1113,MSC01,Kopi Sachet Gula Aren,Minuman Sachet,3,2000,1700,0,6000
STRX-260528-1114,MNM03,Fanta 390ml,Minuman,1,5000,4000,0,5000
STRX-260528-1114,MIE01,Indomie Goreng,Mie Instan,2,3000,2500,0,6000
STRX-260528-1114,SMB04,Kecap Manis,Sembako,2,4000,3300,0,8000
STRX-260528-1115,MIE01,Indomie Goreng,Mie Instan,1,3000,2500,0,3000
STRX-260528-1115,MNM01,Aqua Botol 600ml,Minuman,1,4000,3000,0,4000
STRX-260528-1116,SNK01,Chitato,Snack,2,2000,1800,0,4000
STRX-260528-1116,MNM04,Pocari Sweat,Minuman,1,5000,4000,0,5000
STRX-260528-1117,MIE04,Mie Sedap Cup Soto,Mie Instan,2,5500,4500,0,11000
STRX-260528-1118,MIE02,Mie Sedap Goreng,Mie Instan,4,3000,2500,0,12000
STRX-260528-1118,MSC02,Milo Sachet,Minuman Sachet,2,1000,700,0,2000
STRX-260528-1118,MIE01,Indomie Goreng,Mie Instan,3,3000,2500,0,9000
STRX-260528-1118,MIE04,Mie Sedap Cup Soto,Mie Instan,1,5500,4500,0,5500
STRX-260528-1119,BMB01,Masako Ayam,Bumbu Dapur,4,5000,4500,0,20000
STRX-260528-1119,SNK03,Chocolatos,Snack,1,1500,1000,0,1500
STRX-260529-1120,MSC01,Kopi Sachet Gula Aren,Minuman Sachet,4,2000,1700,0,8000
STRX-260529-1120,PRW01,Shampoo Sachet,Perawatan Tubuh,1,1000,500,0,1000
STRX-260529-1121,SMB03,Tepung Beras,Sembako,1,4000,3300,0,4000
STRX-260529-1121,MIE02,Mie Sedap Goreng,Mie Instan,1,3000,2500,0,3000
STRX-260529-1121,MIE01,Indomie Goreng,Mie Instan,5,3000,2500,0,15000
STRX-260529-1122,KRT02,Sunlight Cuci Piring,Kebutuhan RT,1,10000,9000,0,10000
STRX-260529-1122,SMB04,Kecap Manis,Sembako,1,4000,3300,0,4000
STRX-260529-1122,MNM03,Fanta 390ml,Minuman,1,5000,4000,0,5000
STRX-260529-1123,SNK02,Better Caramel,Snack,2,2000,1600,0,4000
STRX-260529-1124,SMB04,Kecap Manis,Sembako,2,4000,3300,0,8000
STRX-260529-1125,RKK01,Rokok Sampoerna,Rokok,1,27000,24000,0,27000
STRX-260529-1125,SMB02,Minyak Goreng 1L,Sembako,2,15000,13500,0,30000
STRX-260529-1126,SNK01,Chitato,Snack,1,2000,1800,0,2000
STRX-260529-1126,MNM04,Pocari Sweat,Minuman,1,5000,4000,0,5000
STRX-260529-1126,SMB02,Minyak Goreng 1L,Sembako,2,15000,13500,0,30000
STRX-260529-1127,RKK01,Rokok Sampoerna,Rokok,2,27000,24000,0,54000
STRX-260529-1127,SMB02,Minyak Goreng 1L,Sembako,1,15000,13500,0,15000
STRX-260529-1128,MSC02,Milo Sachet,Minuman Sachet,1,1000,700,0,1000
STRX-260529-1128,SMB01,Gula Pasir 1kg,Sembako,3,14725,13500,775,44175
STRX-260529-1129,PRW01,Shampoo Sachet,Perawatan Tubuh,1,1000,500,0,1000
STRX-260529-1129,KRT01,Rinso Anti Noda Sachet,Kebutuhan RT,1,1500,1200,0,1500
STRX-260529-1129,MNM01,Aqua Botol 600ml,Minuman,4,4000,3000,0,16000
STRX-260529-1130,MIE03,Mie Sedap Soto Ayam,Mie Instan,1,3500,2750,0,3500
STRX-260529-1130,BMB01,Masako Ayam,Bumbu Dapur,2,5000,4500,0,10000
STRX-260529-1130,MSC02,Milo Sachet,Minuman Sachet,1,1000,700,0,1000
STRX-260529-1131,MNM01,Aqua Botol 600ml,Minuman,1,4000,3000,0,4000
STRX-260529-1131,RKK01,Rokok Sampoerna,Rokok,1,27000,24000,0,27000
STRX-260529-1131,MNM02,Teh Pucuk Harum,Minuman,1,4000,3000,0,4000
STRX-260529-1132,RKK01,Rokok Sampoerna,Rokok,2,27000,24000,0,54000
STRX-260529-1132,BMB01,Masako Ayam,Bumbu Dapur,2,5000,4500,0,10000
STRX-260529-1133,MIE02,Mie Sedap Goreng,Mie Instan,1,3000,2500,0,3000
STRX-260529-1133,SMB04,Kecap Manis,Sembako,1,3600,3300,400,3600
STRX-260529-1133,KRT02,Sunlight Cuci Piring,Kebutuhan RT,1,10000,9000,0,10000
STRX-260529-1134,MNM01,Aqua Botol 600ml,Minuman,3,4000,3000,0,12000
STRX-260529-1134,SNK01,Chitato,Snack,1,2000,1800,0,2000
STRX-260529-1135,MSC01,Kopi Sachet Gula Aren,Minuman Sachet,5,2000,1700,0,10000
STRX-260529-1135,GAS01,Gas LPG 3kg,Kebutuhan Dapur,1,23000,20000,0,23000
STRX-260529-1136,GAS01,Gas LPG 3kg,Kebutuhan Dapur,2,23000,20000,0,46000
STRX-260529-1136,MNM03,Fanta 390ml,Minuman,2,4500,4000,500,9000
STRX-260529-1137,MIE03,Mie Sedap Soto Ayam,Mie Instan,1,3500,2750,0,3500
STRX-260529-1137,MIE01,Indomie Goreng,Mie Instan,2,2550,2500,450,5100
STRX-260529-1137,MSC01,Kopi Sachet Gula Aren,Minuman Sachet,1,2000,1700,0,2000
STRX-260529-1138,RKK01,Rokok Sampoerna,Rokok,2,27000,24000,0,54000
STRX-260529-1138,SMB01,Gula Pasir 1kg,Sembako,2,13175,13500,2325,26350
STRX-260529-1138,SMB03,Tepung Beras,Sembako,1,4000,3300,0,4000
STRX-260529-1139,MNM01,Aqua Botol 600ml,Minuman,1,4000,3000,0,4000
STRX-260529-1139,RKK01,Rokok Sampoerna,Rokok,1,27000,24000,0,27000
STRX-260529-1140,MIE01,Indomie Goreng,Mie Instan,1,3000,2500,0,3000
STRX-260529-1140,MNM04,Pocari Sweat,Minuman,3,5000,4000,0,15000
STRX-260529-1140,MNM01,Aqua Botol 600ml,Minuman,2,3600,3000,400,7200
STRX-260529-1141,KRT03,Sabun Cuci Baju,Kebutuhan RT,1,5000,4500,0,5000
STRX-260529-1142,MNM01,Aqua Botol 600ml,Minuman,2,4000,3000,0,8000
STRX-260529-1142,SNK01,Chitato,Snack,1,2000,1800,0,2000
STRX-260529-1143,RKK01,Rokok Sampoerna,Rokok,3,27000,24000,0,81000
STRX-260529-1143,MSC01,Kopi Sachet Gula Aren,Minuman Sachet,2,2000,1700,0,4000
STRX-260529-1144,MSC02,Milo Sachet,Minuman Sachet,1,1000,700,0,1000
STRX-260529-1144,MIE02,Mie Sedap Goreng,Mie Instan,2,3000,2500,0,6000
STRX-260529-1145,MIE02,Mie Sedap Goreng,Mie Instan,3,3000,2500,0,9000
STRX-260529-1145,MIE04,Mie Sedap Cup Soto,Mie Instan,1,5500,4500,0,5500
STRX-260529-1146,RKK01,Rokok Sampoerna,Rokok,2,27000,24000,0,54000
STRX-260529-1146,MIE03,Mie Sedap Soto Ayam,Mie Instan,2,3500,2750,0,7000
STRX-260530-1147,SNK01,Chitato,Snack,2,2000,1800,0,4000
STRX-260530-1147,SNK02,Better Caramel,Snack,1,2000,1600,0,2000
STRX-260530-1148,SMB04,Kecap Manis,Sembako,2,4000,3300,0,8000
STRX-260530-1148,SMB01,Gula Pasir 1kg,Sembako,3,15500,13500,0,46500
STRX-260530-1148,KRT03,Sabun Cuci Baju,Kebutuhan RT,1,5000,4500,0,5000
STRX-260530-1149,MIE03,Mie Sedap Soto Ayam,Mie Instan,1,3500,2750,0,3500
STRX-260530-1149,BMB01,Masako Ayam,Bumbu Dapur,4,5000,4500,0,20000
STRX-260530-1149,MNM02,Teh Pucuk Harum,Minuman,2,4000,3000,0,8000
STRX-260530-1150,MIE01,Indomie Goreng,Mie Instan,3,3000,2500,0,9000
STRX-260530-1150,MSC01,Kopi Sachet Gula Aren,Minuman Sachet,5,2000,1700,0,10000
STRX-260530-1150,MNM02,Teh Pucuk Harum,Minuman,1,4000,3000,0,4000
STRX-260530-1151,MNM02,Teh Pucuk Harum,Minuman,1,4000,3000,0,4000
STRX-260530-1151,SNK02,Better Caramel,Snack,1,2000,1600,0,2000
STRX-260530-1151,MSC01,Kopi Sachet Gula Aren,Minuman Sachet,1,2000,1700,0,2000
STRX-260530-1152,PRW01,Shampoo Sachet,Perawatan Tubuh,1,1000,500,0,1000
STRX-260530-1152,BMB01,Masako Ayam,Bumbu Dapur,5,5000,4500,0,25000
STRX-260530-1152,SMB03,Tepung Beras,Sembako,2,4000,3300,0,8000
STRX-260530-1152,MIE01,Indomie Goreng,Mie Instan,2,3000,2500,0,6000
STRX-260530-1153,PRW01,Shampoo Sachet,Perawatan Tubuh,1,1000,500,0,1000
STRX-260530-1153,MNM03,Fanta 390ml,Minuman,1,5000,4000,0,5000
STRX-260530-1154,SMB01,Gula Pasir 1kg,Sembako,1,15500,13500,0,15500
STRX-260530-1154,MIE03,Mie Sedap Soto Ayam,Mie Instan,2,3500,2750,0,7000
STRX-260530-1154,MIE01,Indomie Goreng,Mie Instan,5,3000,2500,0,15000
STRX-260530-1154,MSC02,Milo Sachet,Minuman Sachet,3,1000,700,0,3000
STRX-260530-1155,MSC02,Milo Sachet,Minuman Sachet,1,1000,700,0,1000
STRX-260530-1155,SNK01,Chitato,Snack,2,2000,1800,0,4000
STRX-260530-1155,SMB01,Gula Pasir 1kg,Sembako,2,15500,13500,0,31000
STRX-260530-1155,MNM01,Aqua Botol 600ml,Minuman,3,4000,3000,0,12000
STRX-260530-1155,BMB01,Masako Ayam,Bumbu Dapur,2,5000,4500,0,10000
STRX-260530-1156,MIE03,Mie Sedap Soto Ayam,Mie Instan,2,3500,2750,0,7000
STRX-260530-1157,MNM03,Fanta 390ml,Minuman,2,5000,4000,0,10000
STRX-260530-1157,MIE01,Indomie Goreng,Mie Instan,1,3000,2500,0,3000
STRX-260530-1158,SMB04,Kecap Manis,Sembako,2,4000,3300,0,8000
STRX-260530-1158,SMB03,Tepung Beras,Sembako,3,4000,3300,0,12000
STRX-260530-1159,MSC02,Milo Sachet,Minuman Sachet,4,1000,700,0,4000
STRX-260530-1159,MIE04,Mie Sedap Cup Soto,Mie Instan,1,5500,4500,0,5500
STRX-260530-1159,RKK01,Rokok Sampoerna,Rokok,1,27000,24000,0,27000
STRX-260530-1159,SMB02,Minyak Goreng 1L,Sembako,2,15000,13500,0,30000
STRX-260530-1160,MNM04,Pocari Sweat,Minuman,3,5000,4000,0,15000
STRX-260530-1160,MNM02,Teh Pucuk Harum,Minuman,1,4000,3000,0,4000
STRX-260530-1161,MNM02,Teh Pucuk Harum,Minuman,2,4000,3000,0,8000
STRX-260530-1161,MNM03,Fanta 390ml,Minuman,1,5000,4000,0,5000
STRX-260530-1161,SMB03,Tepung Beras,Sembako,2,4000,3300,0,8000
STRX-260530-1161,PRW01,Shampoo Sachet,Perawatan Tubuh,2,1000,500,0,2000
STRX-260530-1162,MSC01,Kopi Sachet Gula Aren,Minuman Sachet,2,2000,1700,0,4000
STRX-260530-1162,MNM03,Fanta 390ml,Minuman,2,5000,4000,0,10000
STRX-260530-1163,SNK01,Chitato,Snack,1,2000,1800,0,2000
STRX-260530-1163,SMB03,Tepung Beras,Sembako,2,4000,3300,0,8000
STRX-260530-1164,MNM02,Teh Pucuk Harum,Minuman,3,4000,3000,0,12000
STRX-260530-1164,PRW01,Shampoo Sachet,Perawatan Tubuh,2,1000,500,0,2000
STRX-260530-1164,RKK01,Rokok Sampoerna,Rokok,2,27000,24000,0,54000
STRX-260530-1164,MIE03,Mie Sedap Soto Ayam,Mie Instan,2,3500,2750,0,7000
STRX-260530-1165,SNK02,Better Caramel,Snack,1,2000,1600,0,2000
STRX-260530-1165,MIE03,Mie Sedap Soto Ayam,Mie Instan,1,3500,2750,0,3500
STRX-260530-1166,SNK03,Chocolatos,Snack,2,1500,1000,0,3000
STRX-260530-1166,GAS01,Gas LPG 3kg,Kebutuhan Dapur,1,23000,20000,0,23000
STRX-260531-1167,MIE03,Mie Sedap Soto Ayam,Mie Instan,3,3500,2750,0,10500
STRX-260531-1168,BMB01,Masako Ayam,Bumbu Dapur,2,5000,4500,0,10000
STRX-260531-1168,MIE01,Indomie Goreng,Mie Instan,1,3000,2500,0,3000
STRX-260531-1168,GAS01,Gas LPG 3kg,Kebutuhan Dapur,1,23000,20000,0,23000
STRX-260531-1168,MIE02,Mie Sedap Goreng,Mie Instan,4,3000,2500,0,12000
STRX-260531-1169,MNM01,Aqua Botol 600ml,Minuman,1,4000,3000,0,4000
STRX-260531-1169,GAS01,Gas LPG 3kg,Kebutuhan Dapur,1,23000,20000,0,23000
STRX-260531-1169,MIE01,Indomie Goreng,Mie Instan,2,3000,2500,0,6000
STRX-260531-1170,MNM01,Aqua Botol 600ml,Minuman,3,4000,3000,0,12000
STRX-260531-1170,SMB01,Gula Pasir 1kg,Sembako,1,15500,13500,0,15500
STRX-260531-1170,MIE03,Mie Sedap Soto Ayam,Mie Instan,1,3500,2750,0,3500
STRX-260531-1170,MIE01,Indomie Goreng,Mie Instan,4,3000,2500,0,12000
STRX-260531-1171,MNM02,Teh Pucuk Harum,Minuman,1,4000,3000,0,4000
STRX-260531-1172,MSC02,Milo Sachet,Minuman Sachet,3,1000,700,0,3000
STRX-260531-1172,BMB01,Masako Ayam,Bumbu Dapur,4,5000,4500,0,20000
STRX-260531-1172,MNM02,Teh Pucuk Harum,Minuman,2,4000,3000,0,8000
STRX-260531-1172,MIE03,Mie Sedap Soto Ayam,Mie Instan,4,3500,2750,0,14000
STRX-260531-1173,MNM03,Fanta 390ml,Minuman,2,5000,4000,0,10000
STRX-260531-1173,MNM02,Teh Pucuk Harum,Minuman,1,4000,3000,0,4000
STRX-260531-1173,SMB01,Gula Pasir 1kg,Sembako,2,15500,13500,0,31000
STRX-260531-1174,MNM01,Aqua Botol 600ml,Minuman,3,4000,3000,0,12000
STRX-260531-1175,MIE02,Mie Sedap Goreng,Mie Instan,2,3000,2500,0,6000
STRX-260531-1176,PRW01,Shampoo Sachet,Perawatan Tubuh,1,1000,500,0,1000
STRX-260531-1176,MNM02,Teh Pucuk Harum,Minuman,1,4000,3000,0,4000
STRX-260531-1176,MIE03,Mie Sedap Soto Ayam,Mie Instan,3,3500,2750,0,10500
STRX-260531-1177,SNK03,Chocolatos,Snack,2,1500,1000,0,3000
STRX-260531-1178,MIE02,Mie Sedap Goreng,Mie Instan,3,3000,2500,0,9000
STRX-260531-1178,MIE03,Mie Sedap Soto Ayam,Mie Instan,2,3500,2750,0,7000
STRX-260531-1179,MSC01,Kopi Sachet Gula Aren,Minuman Sachet,1,2000,1700,0,2000
STRX-260531-1179,SNK02,Better Caramel,Snack,2,2000,1600,0,4000
STRX-260531-1180,SMB01,Gula Pasir 1kg,Sembako,1,15500,13500,0,15500
STRX-260531-1180,SMB02,Minyak Goreng 1L,Sembako,2,15000,13500,0,30000
STRX-260531-1181,MNM01,Aqua Botol 600ml,Minuman,1,4000,3000,0,4000
STRX-260531-1181,MIE04,Mie Sedap Cup Soto,Mie Instan,1,5500,4500,0,5500
STRX-260531-1181,KRT01,Rinso Anti Noda Sachet,Kebutuhan RT,1,1500,1200,0,1500
STRX-260531-1182,MIE01,Indomie Goreng,Mie Instan,2,3000,2500,0,6000
STRX-260531-1182,SMB04,Kecap Manis,Sembako,1,4000,3300,0,4000
STRX-260531-1182,RKK01,Rokok Sampoerna,Rokok,1,27000,24000,0,27000
STRX-260531-1183,MNM01,Aqua Botol 600ml,Minuman,2,4000,3000,0,8000
STRX-260531-1183,MIE01,Indomie Goreng,Mie Instan,4,3000,2500,0,12000
STRX-260531-1183,KRT01,Rinso Anti Noda Sachet,Kebutuhan RT,1,1500,1200,0,1500
STRX-260531-1184,RKK01,Rokok Sampoerna,Rokok,4,27000,24000,0,108000
STRX-260531-1184,MNM02,Teh Pucuk Harum,Minuman,1,4000,3000,0,4000
STRX-260531-1184,SMB02,Minyak Goreng 1L,Sembako,1,15000,13500,0,15000
STRX-260531-1185,MNM03,Fanta 390ml,Minuman,1,5000,4000,0,5000
STRX-260531-1185,RKK01,Rokok Sampoerna,Rokok,1,27000,24000,0,27000
STRX-260531-1186,KRT03,Sabun Cuci Baju,Kebutuhan RT,2,5000,4500,0,10000
STRX-260531-1187,SNK01,Chitato,Snack,1,2000,1800,0,2000
STRX-260531-1187,MIE03,Mie Sedap Soto Ayam,Mie Instan,2,3500,2750,0,7000
STRX-260531-1187,MSC01,Kopi Sachet Gula Aren,Minuman Sachet,1,2000,1700,0,2000
STRX-260531-1187,MNM03,Fanta 390ml,Minuman,1,4250,4000,750,4250
STRX-260531-1188,MNM01,Aqua Botol 600ml,Minuman,4,4000,3000,0,16000
STRX-260531-1188,MIE01,Indomie Goreng,Mie Instan,4,3000,2500,0,12000
STRX-260531-1189,RKK01,Rokok Sampoerna,Rokok,2,27000,24000,0,54000
STRX-260531-1189,MIE02,Mie Sedap Goreng,Mie Instan,3,3000,2500,0,9000
STRX-260531-1190,MNM03,Fanta 390ml,Minuman,1,5000,4000,0,5000
STRX-260531-1190,MIE03,Mie Sedap Soto Ayam,Mie Instan,2,3500,2750,0,7000
STRX-260531-1191,MSC01,Kopi Sachet Gula Aren,Minuman Sachet,4,2000,1700,0,8000
STRX-260531-1191,MIE01,Indomie Goreng,Mie Instan,3,3000,2500,0,9000
STRX-260531-1191,MNM03,Fanta 390ml,Minuman,2,5000,4000,0,10000
STRX-260531-1191,MIE03,Mie Sedap Soto Ayam,Mie Instan,4,3500,2750,0,14000
STRX-260531-1192,SNK01,Chitato,Snack,1,2000,1800,0,2000
STRX-260531-1192,PRW01,Shampoo Sachet,Perawatan Tubuh,3,1000,500,0,3000
STRX-260531-1193,SMB01,Gula Pasir 1kg,Sembako,1,15500,13500,0,15500
STRX-260531-1193,SNK02,Better Caramel,Snack,3,2000,1600,0,6000
STRX-260531-1194,MSC02,Milo Sachet,Minuman Sachet,3,1000,700,0,3000
STRX-260601-1195,MNM02,Teh Pucuk Harum,Minuman,1,4000,3000,0,4000
STRX-260601-1195,BMB01,Masako Ayam,Bumbu Dapur,1,5000,4500,0,5000
STRX-260601-1195,RKK01,Rokok Sampoerna,Rokok,1,27000,24000,0,27000
STRX-260601-1196,KRT01,Rinso Anti Noda Sachet,Kebutuhan RT,1,1425,1200,75,1425
STRX-260601-1196,MNM01,Aqua Botol 600ml,Minuman,5,4000,3000,0,20000
STRX-260601-1197,SNK03,Chocolatos,Snack,2,1500,1000,0,3000
STRX-260601-1197,SMB01,Gula Pasir 1kg,Sembako,1,13175,13500,2325,13175
STRX-260601-1198,MNM01,Aqua Botol 600ml,Minuman,1,4000,3000,0,4000
STRX-260601-1198,GAS01,Gas LPG 3kg,Kebutuhan Dapur,1,23000,20000,0,23000
STRX-260601-1198,MNM03,Fanta 390ml,Minuman,1,5000,4000,0,5000
STRX-260601-1198,MIE02,Mie Sedap Goreng,Mie Instan,3,3000,2500,0,9000
STRX-260601-1199,MSC02,Milo Sachet,Minuman Sachet,2,1000,700,0,2000
STRX-260601-1199,MNM01,Aqua Botol 600ml,Minuman,3,4000,3000,0,12000
STRX-260601-1200,MNM04,Pocari Sweat,Minuman,2,5000,4000,0,10000
STRX-260601-1200,MNM01,Aqua Botol 600ml,Minuman,2,4000,3000,0,8000
STRX-260601-1201,RKK01,Rokok Sampoerna,Rokok,4,27000,24000,0,108000
STRX-260601-1201,BMB01,Masako Ayam,Bumbu Dapur,1,5000,4500,0,5000
STRX-260601-1202,SNK03,Chocolatos,Snack,2,1500,1000,0,3000
STRX-260601-1203,KRT03,Sabun Cuci Baju,Kebutuhan RT,1,5000,4500,0,5000
STRX-260601-1203,PRW01,Shampoo Sachet,Perawatan Tubuh,3,1000,500,0,3000
STRX-260601-1203,MNM04,Pocari Sweat,Minuman,2,5000,4000,0,10000
STRX-260601-1203,MNM03,Fanta 390ml,Minuman,1,5000,4000,0,5000
STRX-260601-1204,MNM01,Aqua Botol 600ml,Minuman,2,4000,3000,0,8000
STRX-260601-1204,MSC02,Milo Sachet,Minuman Sachet,3,1000,700,0,3000
STRX-260601-1205,KRT01,Rinso Anti Noda Sachet,Kebutuhan RT,1,1500,1200,0,1500
STRX-260601-1205,BMB01,Masako Ayam,Bumbu Dapur,2,5000,4500,0,10000
STRX-260601-1206,MIE03,Mie Sedap Soto Ayam,Mie Instan,3,3500,2750,0,10500
STRX-260601-1206,SNK01,Chitato,Snack,1,1800,1800,200,1800
STRX-260601-1207,RKK01,Rokok Sampoerna,Rokok,3,22950,24000,4050,68850
STRX-260601-1207,SMB03,Tepung Beras,Sembako,1,4000,3300,0,4000
STRX-260601-1207,MNM02,Teh Pucuk Harum,Minuman,1,4000,3000,0,4000
STRX-260601-1207,MIE01,Indomie Goreng,Mie Instan,2,3000,2500,0,6000
STRX-260601-1208,PRW01,Shampoo Sachet,Perawatan Tubuh,1,1000,500,0,1000
STRX-260601-1208,MNM03,Fanta 390ml,Minuman,2,5000,4000,0,10000
STRX-260601-1208,MNM01,Aqua Botol 600ml,Minuman,2,4000,3000,0,8000
STRX-260601-1209,SMB01,Gula Pasir 1kg,Sembako,3,15500,13500,0,46500
STRX-260601-1209,SMB02,Minyak Goreng 1L,Sembako,1,15000,13500,0,15000
STRX-260601-1210,SMB04,Kecap Manis,Sembako,1,4000,3300,0,4000
STRX-260601-1210,MNM01,Aqua Botol 600ml,Minuman,2,4000,3000,0,8000
STRX-260601-1210,MIE04,Mie Sedap Cup Soto,Mie Instan,1,5500,4500,0,5500
STRX-260601-1211,KRT03,Sabun Cuci Baju,Kebutuhan RT,3,5000,4500,0,15000
STRX-260601-1212,MSC01,Kopi Sachet Gula Aren,Minuman Sachet,3,2000,1700,0,6000
STRX-260601-1212,SNK03,Chocolatos,Snack,1,1500,1000,0,1500
STRX-260601-1213,MIE01,Indomie Goreng,Mie Instan,1,3000,2500,0,3000
STRX-260601-1213,MIE03,Mie Sedap Soto Ayam,Mie Instan,4,3500,2750,0,14000
STRX-260601-1214,SNK01,Chitato,Snack,1,2000,1800,0,2000
STRX-260601-1214,MSC02,Milo Sachet,Minuman Sachet,1,1000,700,0,1000
STRX-260601-1215,MNM02,Teh Pucuk Harum,Minuman,1,4000,3000,0,4000
STRX-260601-1215,RKK01,Rokok Sampoerna,Rokok,3,27000,24000,0,81000
STRX-260601-1216,SNK03,Chocolatos,Snack,2,1500,1000,0,3000
STRX-260601-1216,MNM01,Aqua Botol 600ml,Minuman,2,4000,3000,0,8000
STRX-260601-1217,MNM01,Aqua Botol 600ml,Minuman,2,4000,3000,0,8000
STRX-260601-1217,SMB03,Tepung Beras,Sembako,3,4000,3300,0,12000
STRX-260601-1217,MIE02,Mie Sedap Goreng,Mie Instan,4,3000,2500,0,12000
STRX-260601-1218,MIE02,Mie Sedap Goreng,Mie Instan,2,3000,2500,0,6000
STRX-260601-1219,MSC01,Kopi Sachet Gula Aren,Minuman Sachet,2,2000,1700,0,4000
STRX-260601-1219,MIE01,Indomie Goreng,Mie Instan,2,3000,2500,0,6000
STRX-260601-1219,SMB02,Minyak Goreng 1L,Sembako,1,12750,13500,2250,12750
STRX-260602-1220,SNK03,Chocolatos,Snack,1,1500,1000,0,1500
STRX-260602-1220,MIE03,Mie Sedap Soto Ayam,Mie Instan,3,3500,2750,0,10500
STRX-260602-1221,MSC02,Milo Sachet,Minuman Sachet,1,1000,700,0,1000
STRX-260602-1221,MNM04,Pocari Sweat,Minuman,1,5000,4000,0,5000
STRX-260602-1222,SMB03,Tepung Beras,Sembako,2,4000,3300,0,8000
STRX-260602-1222,MIE01,Indomie Goreng,Mie Instan,3,2700,2500,300,8100
STRX-260602-1222,MSC02,Milo Sachet,Minuman Sachet,3,850,700,150,2550
STRX-260602-1222,MNM01,Aqua Botol 600ml,Minuman,3,4000,3000,0,12000
STRX-260602-1223,SNK01,Chitato,Snack,2,2000,1800,0,4000
STRX-260602-1223,MIE01,Indomie Goreng,Mie Instan,1,3000,2500,0,3000
STRX-260602-1223,MSC02,Milo Sachet,Minuman Sachet,1,1000,700,0,1000
STRX-260602-1223,SNK03,Chocolatos,Snack,1,1425,1000,75,1425
STRX-260602-1224,MIE01,Indomie Goreng,Mie Instan,4,3000,2500,0,12000
STRX-260602-1224,MSC02,Milo Sachet,Minuman Sachet,2,1000,700,0,2000
STRX-260602-1224,MNM01,Aqua Botol 600ml,Minuman,2,4000,3000,0,8000
STRX-260602-1225,SNK02,Better Caramel,Snack,1,2000,1600,0,2000
STRX-260602-1225,KRT02,Sunlight Cuci Piring,Kebutuhan RT,1,10000,9000,0,10000
STRX-260602-1226,MNM03,Fanta 390ml,Minuman,1,5000,4000,0,5000
STRX-260602-1227,KRT03,Sabun Cuci Baju,Kebutuhan RT,1,5000,4500,0,5000
STRX-260602-1227,MSC01,Kopi Sachet Gula Aren,Minuman Sachet,5,2000,1700,0,10000
STRX-260602-1227,MIE02,Mie Sedap Goreng,Mie Instan,2,3000,2500,0,6000
STRX-260602-1227,BMB01,Masako Ayam,Bumbu Dapur,1,5000,4500,0,5000
STRX-260602-1228,BMB01,Masako Ayam,Bumbu Dapur,3,5000,4500,0,15000
STRX-260602-1228,MIE01,Indomie Goreng,Mie Instan,2,3000,2500,0,6000
STRX-260602-1228,SNK02,Better Caramel,Snack,2,2000,1600,0,4000
STRX-260602-1229,MIE03,Mie Sedap Soto Ayam,Mie Instan,2,3500,2750,0,7000
STRX-260602-1229,MIE02,Mie Sedap Goreng,Mie Instan,4,3000,2500,0,12000
STRX-260602-1229,MSC01,Kopi Sachet Gula Aren,Minuman Sachet,2,2000,1700,0,4000
STRX-260602-1230,MIE01,Indomie Goreng,Mie Instan,5,3000,2500,0,15000
STRX-260602-1230,MSC02,Milo Sachet,Minuman Sachet,5,950,700,50,4750
STRX-260602-1231,MNM02,Teh Pucuk Harum,Minuman,1,4000,3000,0,4000
STRX-260602-1231,PRW01,Shampoo Sachet,Perawatan Tubuh,1,1000,500,0,1000
STRX-260602-1231,MSC01,Kopi Sachet Gula Aren,Minuman Sachet,2,2000,1700,0,4000
STRX-260602-1231,MIE03,Mie Sedap Soto Ayam,Mie Instan,2,3500,2750,0,7000
STRX-260602-1232,PRW01,Shampoo Sachet,Perawatan Tubuh,1,1000,500,0,1000
STRX-260602-1232,SMB02,Minyak Goreng 1L,Sembako,1,15000,13500,0,15000
STRX-260602-1232,SMB03,Tepung Beras,Sembako,1,3400,3300,600,3400
STRX-260602-1233,PRW01,Shampoo Sachet,Perawatan Tubuh,1,1000,500,0,1000
STRX-260602-1234,MIE02,Mie Sedap Goreng,Mie Instan,2,3000,2500,0,6000
STRX-260602-1234,MSC01,Kopi Sachet Gula Aren,Minuman Sachet,1,2000,1700,0,2000
STRX-260602-1234,KRT02,Sunlight Cuci Piring,Kebutuhan RT,2,10000,9000,0,20000
STRX-260602-1235,SNK01,Chitato,Snack,1,2000,1800,0,2000
STRX-260602-1236,MIE02,Mie Sedap Goreng,Mie Instan,4,3000,2500,0,12000
STRX-260602-1236,MSC02,Milo Sachet,Minuman Sachet,1,1000,700,0,1000
STRX-260602-1237,MNM01,Aqua Botol 600ml,Minuman,3,4000,3000,0,12000
STRX-260602-1237,MIE02,Mie Sedap Goreng,Mie Instan,3,3000,2500,0,9000
STRX-260602-1237,SMB04,Kecap Manis,Sembako,2,4000,3300,0,8000
STRX-260602-1238,RKK01,Rokok Sampoerna,Rokok,2,22950,24000,4050,45900
STRX-260602-1238,MNM01,Aqua Botol 600ml,Minuman,3,4000,3000,0,12000
STRX-260602-1239,SMB03,Tepung Beras,Sembako,2,4000,3300,0,8000
STRX-260602-1240,MNM01,Aqua Botol 600ml,Minuman,1,4000,3000,0,4000
STRX-260602-1240,MIE02,Mie Sedap Goreng,Mie Instan,2,2550,2500,450,5100
STRX-260602-1241,RKK01,Rokok Sampoerna,Rokok,2,27000,24000,0,54000
STRX-260602-1242,BMB01,Masako Ayam,Bumbu Dapur,2,5000,4500,0,10000
STRX-260602-1242,SMB04,Kecap Manis,Sembako,1,4000,3300,0,4000
STRX-260602-1242,MIE02,Mie Sedap Goreng,Mie Instan,4,3000,2500,0,12000
STRX-260602-1243,SMB02,Minyak Goreng 1L,Sembako,1,15000,13500,0,15000
STRX-260602-1244,RKK01,Rokok Sampoerna,Rokok,1,27000,24000,0,27000
STRX-260602-1245,MNM01,Aqua Botol 600ml,Minuman,1,4000,3000,0,4000
STRX-260602-1246,SMB04,Kecap Manis,Sembako,2,4000,3300,0,8000
STRX-260602-1246,SMB02,Minyak Goreng 1L,Sembako,3,15000,13500,0,45000
STRX-260602-1247,MIE02,Mie Sedap Goreng,Mie Instan,1,3000,2500,0,3000
STRX-260602-1247,SNK03,Chocolatos,Snack,1,1500,1000,0,1500
STRX-260602-1247,RKK01,Rokok Sampoerna,Rokok,2,27000,24000,0,54000
STRX-260602-1248,MIE02,Mie Sedap Goreng,Mie Instan,1,3000,2500,0,3000
STRX-260602-1248,SNK03,Chocolatos,Snack,2,1500,1000,0,3000
STRX-260602-1249,SMB02,Minyak Goreng 1L,Sembako,1,15000,13500,0,15000
STRX-260602-1250,MNM02,Teh Pucuk Harum,Minuman,1,4000,3000,0,4000
STRX-260602-1250,RKK01,Rokok Sampoerna,Rokok,1,27000,24000,0,27000
STRX-260602-1251,SNK03,Chocolatos,Snack,1,1500,1000,0,1500
STRX-260602-1251,RKK01,Rokok Sampoerna,Rokok,2,27000,24000,0,54000
STRX-260603-1252,SNK01,Chitato,Snack,1,2000,1800,0,2000
STRX-260603-1252,MNM04,Pocari Sweat,Minuman,2,5000,4000,0,10000
STRX-260603-1253,MIE01,Indomie Goreng,Mie Instan,2,3000,2500,0,6000
STRX-260603-1253,BMB01,Masako Ayam,Bumbu Dapur,1,5000,4500,0,5000
STRX-260603-1253,MNM01,Aqua Botol 600ml,Minuman,3,4000,3000,0,12000
STRX-260603-1253,MIE03,Mie Sedap Soto Ayam,Mie Instan,2,3500,2750,0,7000
STRX-260603-1254,MIE02,Mie Sedap Goreng,Mie Instan,2,3000,2500,0,6000
STRX-260603-1254,SMB01,Gula Pasir 1kg,Sembako,1,15500,13500,0,15500
STRX-260603-1255,PRW01,Shampoo Sachet,Perawatan Tubuh,1,1000,500,0,1000
STRX-260603-1256,MNM02,Teh Pucuk Harum,Minuman,2,4000,3000,0,8000
STRX-260603-1257,MSC01,Kopi Sachet Gula Aren,Minuman Sachet,2,2000,1700,0,4000
STRX-260603-1257,SMB02,Minyak Goreng 1L,Sembako,1,14250,13500,750,14250
STRX-260603-1257,PRW01,Shampoo Sachet,Perawatan Tubuh,1,1000,500,0,1000
STRX-260603-1257,KRT02,Sunlight Cuci Piring,Kebutuhan RT,1,9500,9000,500,9500
STRX-260603-1258,MNM01,Aqua Botol 600ml,Minuman,2,4000,3000,0,8000
STRX-260603-1259,MSC01,Kopi Sachet Gula Aren,Minuman Sachet,3,2000,1700,0,6000
STRX-260603-1259,KRT03,Sabun Cuci Baju,Kebutuhan RT,2,5000,4500,0,10000
STRX-260603-1259,SNK02,Better Caramel,Snack,3,2000,1600,0,6000
STRX-260603-1259,MNM01,Aqua Botol 600ml,Minuman,4,4000,3000,0,16000
STRX-260603-1260,MIE02,Mie Sedap Goreng,Mie Instan,2,3000,2500,0,6000
STRX-260603-1260,MIE01,Indomie Goreng,Mie Instan,1,3000,2500,0,3000
STRX-260603-1260,BMB01,Masako Ayam,Bumbu Dapur,5,5000,4500,0,25000
STRX-260603-1261,KRT03,Sabun Cuci Baju,Kebutuhan RT,1,5000,4500,0,5000
STRX-260603-1261,MNM01,Aqua Botol 600ml,Minuman,1,3400,3000,600,3400
STRX-260603-1261,MSC01,Kopi Sachet Gula Aren,Minuman Sachet,2,2000,1700,0,4000
STRX-260603-1262,MNM03,Fanta 390ml,Minuman,3,5000,4000,0,15000
STRX-260603-1262,SMB03,Tepung Beras,Sembako,3,4000,3300,0,12000
STRX-260603-1262,MNM02,Teh Pucuk Harum,Minuman,1,4000,3000,0,4000
STRX-260603-1262,BMB01,Masako Ayam,Bumbu Dapur,4,5000,4500,0,20000
STRX-260603-1263,RKK01,Rokok Sampoerna,Rokok,2,27000,24000,0,54000
STRX-260603-1264,KRT01,Rinso Anti Noda Sachet,Kebutuhan RT,3,1500,1200,0,4500
STRX-260603-1264,MNM01,Aqua Botol 600ml,Minuman,5,4000,3000,0,20000
STRX-260603-1265,KRT03,Sabun Cuci Baju,Kebutuhan RT,1,5000,4500,0,5000
STRX-260603-1265,MIE01,Indomie Goreng,Mie Instan,4,3000,2500,0,12000
STRX-260603-1266,MNM04,Pocari Sweat,Minuman,2,5000,4000,0,10000
STRX-260603-1267,MSC02,Milo Sachet,Minuman Sachet,3,1000,700,0,3000
STRX-260603-1267,GAS01,Gas LPG 3kg,Kebutuhan Dapur,1,23000,20000,0,23000
STRX-260603-1268,SMB01,Gula Pasir 1kg,Sembako,1,15500,13500,0,15500
STRX-260603-1268,BMB01,Masako Ayam,Bumbu Dapur,2,5000,4500,0,10000
STRX-260603-1269,MIE02,Mie Sedap Goreng,Mie Instan,2,3000,2500,0,6000
STRX-260603-1270,SMB04,Kecap Manis,Sembako,1,4000,3300,0,4000
STRX-260603-1271,SNK03,Chocolatos,Snack,1,1500,1000,0,1500
STRX-260603-1271,RKK01,Rokok Sampoerna,Rokok,4,27000,24000,0,108000
STRX-260603-1271,MIE01,Indomie Goreng,Mie Instan,4,3000,2500,0,12000
STRX-260603-1271,SMB02,Minyak Goreng 1L,Sembako,2,15000,13500,0,30000
STRX-260603-1272,SMB02,Minyak Goreng 1L,Sembako,2,15000,13500,0,30000
STRX-260603-1272,MSC01,Kopi Sachet Gula Aren,Minuman Sachet,1,2000,1700,0,2000
STRX-260603-1273,MSC01,Kopi Sachet Gula Aren,Minuman Sachet,2,2000,1700,0,4000
STRX-260603-1274,KRT03,Sabun Cuci Baju,Kebutuhan RT,1,5000,4500,0,5000
STRX-260603-1274,MIE01,Indomie Goreng,Mie Instan,1,3000,2500,0,3000
STRX-260603-1275,RKK01,Rokok Sampoerna,Rokok,1,27000,24000,0,27000
STRX-260603-1275,SNK03,Chocolatos,Snack,1,1500,1000,0,1500
STRX-260603-1275,MNM01,Aqua Botol 600ml,Minuman,1,4000,3000,0,4000
STRX-260603-1276,MNM02,Teh Pucuk Harum,Minuman,1,4000,3000,0,4000
STRX-260603-1276,RKK01,Rokok Sampoerna,Rokok,1,27000,24000,0,27000
STRX-260603-1277,SNK02,Better Caramel,Snack,1,2000,1600,0,2000
STRX-260603-1278,RKK01,Rokok Sampoerna,Rokok,4,27000,24000,0,108000
STRX-260603-1278,SNK01,Chitato,Snack,1,2000,1800,0,2000
STRX-260603-1278,MIE03,Mie Sedap Soto Ayam,Mie Instan,2,3150,2750,350,6300
STRX-260603-1279,MSC02,Milo Sachet,Minuman Sachet,2,1000,700,0,2000
STRX-260603-1279,MNM01,Aqua Botol 600ml,Minuman,2,4000,3000,0,8000
STRX-260603-1280,SNK01,Chitato,Snack,1,2000,1800,0,2000
STRX-260603-1280,KRT03,Sabun Cuci Baju,Kebutuhan RT,1,4750,4500,250,4750
STRX-260603-1280,MIE01,Indomie Goreng,Mie Instan,1,3000,2500,0,3000
STRX-260604-1281,SMB01,Gula Pasir 1kg,Sembako,1,15500,13500,0,15500
STRX-260604-1282,KRT01,Rinso Anti Noda Sachet,Kebutuhan RT,1,1500,1200,0,1500
STRX-260604-1282,MNM03,Fanta 390ml,Minuman,2,5000,4000,0,10000
STRX-260604-1283,MSC01,Kopi Sachet Gula Aren,Minuman Sachet,3,2000,1700,0,6000
STRX-260604-1283,BMB01,Masako Ayam,Bumbu Dapur,1,5000,4500,0,5000
STRX-260604-1284,SNK01,Chitato,Snack,1,2000,1800,0,2000
STRX-260604-1284,SMB02,Minyak Goreng 1L,Sembako,2,15000,13500,0,30000
STRX-260604-1285,BMB01,Masako Ayam,Bumbu Dapur,4,5000,4500,0,20000
STRX-260604-1285,MSC01,Kopi Sachet Gula Aren,Minuman Sachet,1,2000,1700,0,2000
STRX-260604-1286,BMB01,Masako Ayam,Bumbu Dapur,2,4500,4500,500,9000
STRX-260604-1286,MIE02,Mie Sedap Goreng,Mie Instan,1,2850,2500,150,2850
STRX-260604-1287,MNM04,Pocari Sweat,Minuman,2,5000,4000,0,10000
STRX-260604-1287,BMB01,Masako Ayam,Bumbu Dapur,3,5000,4500,0,15000
STRX-260604-1287,SMB01,Gula Pasir 1kg,Sembako,2,15500,13500,0,31000
STRX-260604-1288,MIE03,Mie Sedap Soto Ayam,Mie Instan,2,3500,2750,0,7000
STRX-260604-1288,MIE01,Indomie Goreng,Mie Instan,2,3000,2500,0,6000
STRX-260604-1288,MIE02,Mie Sedap Goreng,Mie Instan,3,3000,2500,0,9000
STRX-260604-1289,MIE01,Indomie Goreng,Mie Instan,1,3000,2500,0,3000
STRX-260604-1290,MNM01,Aqua Botol 600ml,Minuman,2,4000,3000,0,8000
STRX-260604-1291,MSC02,Milo Sachet,Minuman Sachet,4,1000,700,0,4000
STRX-260604-1291,SMB03,Tepung Beras,Sembako,1,4000,3300,0,4000
STRX-260604-1291,MIE01,Indomie Goreng,Mie Instan,3,3000,2500,0,9000
STRX-260604-1292,MIE01,Indomie Goreng,Mie Instan,2,3000,2500,0,6000
STRX-260604-1292,SNK02,Better Caramel,Snack,2,2000,1600,0,4000
STRX-260604-1293,MIE01,Indomie Goreng,Mie Instan,2,3000,2500,0,6000
STRX-260604-1294,PRW01,Shampoo Sachet,Perawatan Tubuh,1,1000,500,0,1000
STRX-260604-1294,SNK02,Better Caramel,Snack,2,2000,1600,0,4000
STRX-260604-1295,SMB01,Gula Pasir 1kg,Sembako,2,15500,13500,0,31000
STRX-260604-1295,KRT03,Sabun Cuci Baju,Kebutuhan RT,1,5000,4500,0,5000
STRX-260604-1295,SNK03,Chocolatos,Snack,2,1500,1000,0,3000
STRX-260604-1296,PRW01,Shampoo Sachet,Perawatan Tubuh,2,1000,500,0,2000
STRX-260604-1297,MIE03,Mie Sedap Soto Ayam,Mie Instan,1,3500,2750,0,3500
STRX-260604-1297,MNM01,Aqua Botol 600ml,Minuman,2,3400,3000,600,6800
STRX-260604-1298,SNK01,Chitato,Snack,1,2000,1800,0,2000
STRX-260604-1298,SMB01,Gula Pasir 1kg,Sembako,1,15500,13500,0,15500
STRX-260604-1299,MNM03,Fanta 390ml,Minuman,2,5000,4000,0,10000
STRX-260604-1300,MSC02,Milo Sachet,Minuman Sachet,1,1000,700,0,1000
STRX-260604-1300,MIE02,Mie Sedap Goreng,Mie Instan,4,3000,2500,0,12000
STRX-260604-1300,MNM04,Pocari Sweat,Minuman,3,5000,4000,0,15000
STRX-260605-1301,SMB03,Tepung Beras,Sembako,1,4000,3300,0,4000
STRX-260605-1301,MNM04,Pocari Sweat,Minuman,1,5000,4000,0,5000
STRX-260605-1302,MIE01,Indomie Goreng,Mie Instan,2,3000,2500,0,6000
STRX-260605-1303,MIE03,Mie Sedap Soto Ayam,Mie Instan,1,3150,2750,350,3150
STRX-260605-1303,MIE01,Indomie Goreng,Mie Instan,4,3000,2500,0,12000
STRX-260605-1303,MSC01,Kopi Sachet Gula Aren,Minuman Sachet,2,2000,1700,0,4000
STRX-260605-1304,KRT03,Sabun Cuci Baju,Kebutuhan RT,1,5000,4500,0,5000
STRX-260605-1304,MNM04,Pocari Sweat,Minuman,1,5000,4000,0,5000
STRX-260605-1304,BMB01,Masako Ayam,Bumbu Dapur,1,5000,4500,0,5000
STRX-260605-1304,MSC02,Milo Sachet,Minuman Sachet,3,1000,700,0,3000
STRX-260605-1305,BMB01,Masako Ayam,Bumbu Dapur,4,5000,4500,0,20000
STRX-260605-1306,MSC01,Kopi Sachet Gula Aren,Minuman Sachet,3,2000,1700,0,6000
STRX-260605-1306,SNK03,Chocolatos,Snack,2,1500,1000,0,3000
STRX-260605-1306,SMB04,Kecap Manis,Sembako,1,4000,3300,0,4000
STRX-260605-1307,KRT01,Rinso Anti Noda Sachet,Kebutuhan RT,2,1500,1200,0,3000
STRX-260605-1307,RKK01,Rokok Sampoerna,Rokok,2,27000,24000,0,54000
STRX-260605-1307,MIE02,Mie Sedap Goreng,Mie Instan,4,3000,2500,0,12000
STRX-260605-1308,RKK01,Rokok Sampoerna,Rokok,2,27000,24000,0,54000
STRX-260605-1308,MIE02,Mie Sedap Goreng,Mie Instan,2,3000,2500,0,6000
STRX-260605-1309,BMB01,Masako Ayam,Bumbu Dapur,1,5000,4500,0,5000
STRX-260605-1309,RKK01,Rokok Sampoerna,Rokok,2,27000,24000,0,54000
STRX-260605-1309,MIE02,Mie Sedap Goreng,Mie Instan,3,3000,2500,0,9000
STRX-260605-1310,RKK01,Rokok Sampoerna,Rokok,1,27000,24000,0,27000
STRX-260605-1311,MNM01,Aqua Botol 600ml,Minuman,1,4000,3000,0,4000
STRX-260605-1312,KRT01,Rinso Anti Noda Sachet,Kebutuhan RT,1,1500,1200,0,1500
STRX-260605-1312,SMB01,Gula Pasir 1kg,Sembako,2,15500,13500,0,31000
STRX-260605-1312,MIE01,Indomie Goreng,Mie Instan,2,3000,2500,0,6000
STRX-260605-1313,RKK01,Rokok Sampoerna,Rokok,2,27000,24000,0,54000
STRX-260605-1313,KRT03,Sabun Cuci Baju,Kebutuhan RT,2,5000,4500,0,10000
STRX-260605-1314,MNM01,Aqua Botol 600ml,Minuman,4,4000,3000,0,16000
STRX-260605-1314,MIE02,Mie Sedap Goreng,Mie Instan,2,3000,2500,0,6000
STRX-260605-1314,MIE01,Indomie Goreng,Mie Instan,1,3000,2500,0,3000
STRX-260605-1315,SMB01,Gula Pasir 1kg,Sembako,1,15500,13500,0,15500
STRX-260605-1315,SNK03,Chocolatos,Snack,2,1500,1000,0,3000
STRX-260605-1316,PRW01,Shampoo Sachet,Perawatan Tubuh,2,1000,500,0,2000
STRX-260605-1316,MIE03,Mie Sedap Soto Ayam,Mie Instan,2,3500,2750,0,7000
STRX-260605-1316,MNM02,Teh Pucuk Harum,Minuman,1,4000,3000,0,4000
STRX-260605-1316,MNM01,Aqua Botol 600ml,Minuman,1,4000,3000,0,4000
STRX-260605-1317,MIE03,Mie Sedap Soto Ayam,Mie Instan,1,3500,2750,0,3500
STRX-260605-1317,MSC02,Milo Sachet,Minuman Sachet,4,1000,700,0,4000
STRX-260605-1317,SNK03,Chocolatos,Snack,1,1500,1000,0,1500
STRX-260605-1318,KRT03,Sabun Cuci Baju,Kebutuhan RT,3,4750,4500,250,14250
STRX-260605-1318,MSC01,Kopi Sachet Gula Aren,Minuman Sachet,2,2000,1700,0,4000
STRX-260605-1318,BMB01,Masako Ayam,Bumbu Dapur,2,5000,4500,0,10000
STRX-260605-1319,SNK01,Chitato,Snack,1,2000,1800,0,2000
STRX-260605-1320,RKK01,Rokok Sampoerna,Rokok,2,27000,24000,0,54000
STRX-260605-1320,PRW01,Shampoo Sachet,Perawatan Tubuh,2,1000,500,0,2000
STRX-260605-1320,MSC01,Kopi Sachet Gula Aren,Minuman Sachet,4,2000,1700,0,8000
STRX-260605-1321,MIE02,Mie Sedap Goreng,Mie Instan,1,3000,2500,0,3000
STRX-260605-1321,PRW01,Shampoo Sachet,Perawatan Tubuh,1,1000,500,0,1000
STRX-260605-1322,PRW01,Shampoo Sachet,Perawatan Tubuh,3,1000,500,0,3000
STRX-260605-1322,SMB03,Tepung Beras,Sembako,1,4000,3300,0,4000
STRX-260605-1323,SMB01,Gula Pasir 1kg,Sembako,1,15500,13500,0,15500
STRX-260605-1324,SMB04,Kecap Manis,Sembako,1,4000,3300,0,4000
STRX-260605-1324,BMB01,Masako Ayam,Bumbu Dapur,4,5000,4500,0,20000
STRX-260605-1324,MSC02,Milo Sachet,Minuman Sachet,2,1000,700,0,2000
STRX-260606-1325,KRT02,Sunlight Cuci Piring,Kebutuhan RT,1,10000,9000,0,10000
STRX-260606-1326,MIE02,Mie Sedap Goreng,Mie Instan,3,3000,2500,0,9000
STRX-260606-1326,MSC01,Kopi Sachet Gula Aren,Minuman Sachet,3,2000,1700,0,6000
STRX-260606-1327,MSC02,Milo Sachet,Minuman Sachet,1,1000,700,0,1000
STRX-260606-1328,MIE01,Indomie Goreng,Mie Instan,1,3000,2500,0,3000
STRX-260606-1329,MIE01,Indomie Goreng,Mie Instan,1,3000,2500,0,3000
STRX-260606-1330,MNM01,Aqua Botol 600ml,Minuman,1,3800,3000,200,3800
STRX-260606-1330,RKK01,Rokok Sampoerna,Rokok,3,27000,24000,0,81000
STRX-260606-1330,KRT01,Rinso Anti Noda Sachet,Kebutuhan RT,1,1500,1200,0,1500
STRX-260606-1330,MIE01,Indomie Goreng,Mie Instan,1,3000,2500,0,3000
STRX-260606-1331,MIE01,Indomie Goreng,Mie Instan,2,3000,2500,0,6000
STRX-260606-1331,RKK01,Rokok Sampoerna,Rokok,2,27000,24000,0,54000
STRX-260606-1332,MIE01,Indomie Goreng,Mie Instan,2,3000,2500,0,6000
STRX-260606-1332,PRW01,Shampoo Sachet,Perawatan Tubuh,2,1000,500,0,2000
STRX-260606-1332,MNM04,Pocari Sweat,Minuman,1,5000,4000,0,5000
STRX-260606-1332,MSC01,Kopi Sachet Gula Aren,Minuman Sachet,3,2000,1700,0,6000
STRX-260606-1333,SNK02,Better Caramel,Snack,1,2000,1600,0,2000
STRX-260606-1333,MNM02,Teh Pucuk Harum,Minuman,1,4000,3000,0,4000
STRX-260606-1334,MIE01,Indomie Goreng,Mie Instan,1,3000,2500,0,3000
STRX-260606-1334,MNM02,Teh Pucuk Harum,Minuman,1,4000,3000,0,4000
STRX-260606-1334,BMB01,Masako Ayam,Bumbu Dapur,1,5000,4500,0,5000
STRX-260606-1334,MSC01,Kopi Sachet Gula Aren,Minuman Sachet,2,2000,1700,0,4000
STRX-260606-1335,SMB04,Kecap Manis,Sembako,1,4000,3300,0,4000
STRX-260606-1335,MNM04,Pocari Sweat,Minuman,2,4500,4000,500,9000
STRX-260606-1336,SNK03,Chocolatos,Snack,1,1500,1000,0,1500
STRX-260606-1337,MSC01,Kopi Sachet Gula Aren,Minuman Sachet,1,2000,1700,0,2000
STRX-260606-1337,SNK01,Chitato,Snack,1,2000,1800,0,2000
STRX-260606-1337,MIE03,Mie Sedap Soto Ayam,Mie Instan,3,3500,2750,0,10500
STRX-260606-1338,SMB01,Gula Pasir 1kg,Sembako,1,15500,13500,0,15500
STRX-260606-1338,MIE03,Mie Sedap Soto Ayam,Mie Instan,5,3500,2750,0,17500
STRX-260606-1338,SNK02,Better Caramel,Snack,2,2000,1600,0,4000
STRX-260606-1338,SNK03,Chocolatos,Snack,1,1500,1000,0,1500
STRX-260606-1339,MIE01,Indomie Goreng,Mie Instan,2,3000,2500,0,6000
STRX-260606-1340,MIE03,Mie Sedap Soto Ayam,Mie Instan,1,3500,2750,0,3500
STRX-260606-1340,MIE01,Indomie Goreng,Mie Instan,2,3000,2500,0,6000
STRX-260606-1341,MIE01,Indomie Goreng,Mie Instan,2,3000,2500,0,6000
STRX-260607-1342,SMB01,Gula Pasir 1kg,Sembako,1,15500,13500,0,15500
STRX-260607-1342,MSC01,Kopi Sachet Gula Aren,Minuman Sachet,2,2000,1700,0,4000
STRX-260607-1343,MIE01,Indomie Goreng,Mie Instan,2,3000,2500,0,6000
STRX-260607-1343,MNM01,Aqua Botol 600ml,Minuman,2,4000,3000,0,8000
STRX-260607-1344,KRT01,Rinso Anti Noda Sachet,Kebutuhan RT,1,1500,1200,0,1500
STRX-260607-1344,SNK03,Chocolatos,Snack,2,1500,1000,0,3000
STRX-260607-1345,MSC02,Milo Sachet,Minuman Sachet,3,1000,700,0,3000
STRX-260607-1345,MNM02,Teh Pucuk Harum,Minuman,3,4000,3000,0,12000
STRX-260607-1345,MNM01,Aqua Botol 600ml,Minuman,2,4000,3000,0,8000
STRX-260607-1346,MIE01,Indomie Goreng,Mie Instan,4,3000,2500,0,12000
STRX-260607-1347,MIE02,Mie Sedap Goreng,Mie Instan,2,3000,2500,0,6000
STRX-260607-1347,SNK01,Chitato,Snack,2,2000,1800,0,4000
STRX-260607-1347,PRW01,Shampoo Sachet,Perawatan Tubuh,1,1000,500,0,1000
STRX-260607-1348,MIE03,Mie Sedap Soto Ayam,Mie Instan,1,3500,2750,0,3500
STRX-260607-1349,MNM03,Fanta 390ml,Minuman,1,4500,4000,500,4500
STRX-260607-1349,MSC02,Milo Sachet,Minuman Sachet,3,1000,700,0,3000
STRX-260607-1349,RKK01,Rokok Sampoerna,Rokok,3,27000,24000,0,81000
STRX-260607-1350,SNK02,Better Caramel,Snack,2,2000,1600,0,4000
STRX-260607-1350,SMB04,Kecap Manis,Sembako,3,4000,3300,0,12000
STRX-260607-1351,MIE03,Mie Sedap Soto Ayam,Mie Instan,3,3500,2750,0,10500
STRX-260607-1351,KRT03,Sabun Cuci Baju,Kebutuhan RT,1,5000,4500,0,5000
STRX-260607-1352,BMB01,Masako Ayam,Bumbu Dapur,1,5000,4500,0,5000
STRX-260607-1352,SMB01,Gula Pasir 1kg,Sembako,2,15500,13500,0,31000
STRX-260607-1352,SMB04,Kecap Manis,Sembako,3,4000,3300,0,12000
STRX-260607-1352,MNM01,Aqua Botol 600ml,Minuman,3,4000,3000,0,12000
STRX-260607-1353,KRT01,Rinso Anti Noda Sachet,Kebutuhan RT,1,1500,1200,0,1500
STRX-260607-1353,MIE03,Mie Sedap Soto Ayam,Mie Instan,3,3500,2750,0,10500
STRX-260607-1354,SMB02,Minyak Goreng 1L,Sembako,1,15000,13500,0,15000
STRX-260607-1354,KRT03,Sabun Cuci Baju,Kebutuhan RT,1,5000,4500,0,5000
STRX-260607-1354,MIE02,Mie Sedap Goreng,Mie Instan,1,3000,2500,0,3000
STRX-260607-1355,SNK03,Chocolatos,Snack,1,1500,1000,0,1500
STRX-260607-1355,SMB04,Kecap Manis,Sembako,2,4000,3300,0,8000
STRX-260607-1356,SMB04,Kecap Manis,Sembako,1,4000,3300,0,4000
STRX-260607-1356,RKK01,Rokok Sampoerna,Rokok,5,24300,24000,2700,121500
STRX-260607-1357,SMB04,Kecap Manis,Sembako,2,4000,3300,0,8000
STRX-260607-1358,PRW01,Shampoo Sachet,Perawatan Tubuh,2,1000,500,0,2000
STRX-260607-1359,MIE01,Indomie Goreng,Mie Instan,5,2850,2500,150,14250
STRX-260607-1360,MIE01,Indomie Goreng,Mie Instan,4,3000,2500,0,12000
STRX-260608-1361,SNK01,Chitato,Snack,3,2000,1800,0,6000
STRX-260608-1361,KRT01,Rinso Anti Noda Sachet,Kebutuhan RT,3,1500,1200,0,4500
STRX-260608-1362,SNK03,Chocolatos,Snack,1,1500,1000,0,1500
STRX-260608-1362,MIE01,Indomie Goreng,Mie Instan,1,3000,2500,0,3000
STRX-260608-1363,MIE03,Mie Sedap Soto Ayam,Mie Instan,2,3500,2750,0,7000
STRX-260608-1364,MNM01,Aqua Botol 600ml,Minuman,3,4000,3000,0,12000
STRX-260608-1364,MIE01,Indomie Goreng,Mie Instan,1,3000,2500,0,3000
STRX-260608-1364,SNK01,Chitato,Snack,1,2000,1800,0,2000
STRX-260608-1365,SNK01,Chitato,Snack,1,2000,1800,0,2000
STRX-260608-1366,MSC02,Milo Sachet,Minuman Sachet,2,1000,700,0,2000
STRX-260608-1366,SNK02,Better Caramel,Snack,1,2000,1600,0,2000
STRX-260608-1366,MIE04,Mie Sedap Cup Soto,Mie Instan,1,5500,4500,0,5500
STRX-260608-1366,MNM03,Fanta 390ml,Minuman,2,4750,4000,250,9500
STRX-260608-1367,MNM03,Fanta 390ml,Minuman,1,5000,4000,0,5000
STRX-260608-1367,MIE02,Mie Sedap Goreng,Mie Instan,2,3000,2500,0,6000
STRX-260608-1367,MNM01,Aqua Botol 600ml,Minuman,3,4000,3000,0,12000
STRX-260608-1367,BMB01,Masako Ayam,Bumbu Dapur,1,5000,4500,0,5000
STRX-260608-1367,SMB04,Kecap Manis,Sembako,2,4000,3300,0,8000
STRX-260608-1368,MNM01,Aqua Botol 600ml,Minuman,3,4000,3000,0,12000
STRX-260608-1368,MIE01,Indomie Goreng,Mie Instan,1,3000,2500,0,3000
STRX-260608-1368,MSC02,Milo Sachet,Minuman Sachet,2,1000,700,0,2000
STRX-260608-1369,MIE03,Mie Sedap Soto Ayam,Mie Instan,3,3500,2750,0,10500
STRX-260608-1370,MNM02,Teh Pucuk Harum,Minuman,2,4000,3000,0,8000
STRX-260608-1370,RKK01,Rokok Sampoerna,Rokok,1,27000,24000,0,27000
STRX-260608-1371,SMB04,Kecap Manis,Sembako,2,3800,3300,200,7600
STRX-260608-1372,SMB03,Tepung Beras,Sembako,2,4000,3300,0,8000
STRX-260608-1372,MIE03,Mie Sedap Soto Ayam,Mie Instan,1,3500,2750,0,3500
STRX-260608-1372,MSC01,Kopi Sachet Gula Aren,Minuman Sachet,2,2000,1700,0,4000
STRX-260608-1373,MSC02,Milo Sachet,Minuman Sachet,3,1000,700,0,3000
STRX-260608-1373,SNK03,Chocolatos,Snack,2,1500,1000,0,3000
STRX-260608-1374,PRW01,Shampoo Sachet,Perawatan Tubuh,1,1000,500,0,1000
STRX-260608-1374,MNM02,Teh Pucuk Harum,Minuman,1,4000,3000,0,4000
STRX-260608-1374,BMB01,Masako Ayam,Bumbu Dapur,1,5000,4500,0,5000
STRX-260608-1375,BMB01,Masako Ayam,Bumbu Dapur,5,5000,4500,0,25000
STRX-260608-1375,MSC01,Kopi Sachet Gula Aren,Minuman Sachet,1,2000,1700,0,2000
STRX-260608-1375,SNK03,Chocolatos,Snack,2,1500,1000,0,3000
STRX-260609-1376,PRW01,Shampoo Sachet,Perawatan Tubuh,1,1000,500,0,1000
STRX-260609-1376,SMB02,Minyak Goreng 1L,Sembako,2,15000,13500,0,30000
STRX-260609-1376,MSC02,Milo Sachet,Minuman Sachet,2,1000,700,0,2000
STRX-260609-1377,MIE03,Mie Sedap Soto Ayam,Mie Instan,1,3500,2750,0,3500
STRX-260609-1377,GAS01,Gas LPG 3kg,Kebutuhan Dapur,2,23000,20000,0,46000
STRX-260609-1377,SNK01,Chitato,Snack,1,2000,1800,0,2000
STRX-260609-1378,SMB01,Gula Pasir 1kg,Sembako,1,15500,13500,0,15500
STRX-260609-1378,KRT01,Rinso Anti Noda Sachet,Kebutuhan RT,2,1500,1200,0,3000
STRX-260609-1378,MIE03,Mie Sedap Soto Ayam,Mie Instan,4,3500,2750,0,14000
STRX-260609-1379,KRT03,Sabun Cuci Baju,Kebutuhan RT,1,5000,4500,0,5000
STRX-260609-1379,MIE01,Indomie Goreng,Mie Instan,2,3000,2500,0,6000
STRX-260609-1380,MIE04,Mie Sedap Cup Soto,Mie Instan,1,5500,4500,0,5500
STRX-260609-1380,MSC02,Milo Sachet,Minuman Sachet,1,1000,700,0,1000
STRX-260609-1380,BMB01,Masako Ayam,Bumbu Dapur,4,5000,4500,0,20000
STRX-260609-1381,PRW01,Shampoo Sachet,Perawatan Tubuh,1,1000,500,0,1000
STRX-260609-1381,SNK01,Chitato,Snack,1,2000,1800,0,2000
STRX-260609-1381,MIE02,Mie Sedap Goreng,Mie Instan,2,3000,2500,0,6000
STRX-260609-1382,KRT01,Rinso Anti Noda Sachet,Kebutuhan RT,1,1500,1200,0,1500
STRX-260609-1382,MIE01,Indomie Goreng,Mie Instan,4,3000,2500,0,12000
STRX-260609-1382,SNK01,Chitato,Snack,3,2000,1800,0,6000
STRX-260609-1382,SMB01,Gula Pasir 1kg,Sembako,3,15500,13500,0,46500
STRX-260609-1383,KRT01,Rinso Anti Noda Sachet,Kebutuhan RT,1,1500,1200,0,1500
STRX-260609-1383,MIE04,Mie Sedap Cup Soto,Mie Instan,1,5500,4500,0,5500
STRX-260609-1383,PRW01,Shampoo Sachet,Perawatan Tubuh,1,1000,500,0,1000
STRX-260609-1384,SMB02,Minyak Goreng 1L,Sembako,1,15000,13500,0,15000
STRX-260609-1384,MNM01,Aqua Botol 600ml,Minuman,2,4000,3000,0,8000
STRX-260609-1384,MIE01,Indomie Goreng,Mie Instan,1,3000,2500,0,3000
STRX-260609-1385,BMB01,Masako Ayam,Bumbu Dapur,2,5000,4500,0,10000
STRX-260609-1385,MNM01,Aqua Botol 600ml,Minuman,4,4000,3000,0,16000
STRX-260609-1386,RKK01,Rokok Sampoerna,Rokok,4,27000,24000,0,108000
STRX-260609-1386,MSC01,Kopi Sachet Gula Aren,Minuman Sachet,4,2000,1700,0,8000
STRX-260609-1386,MIE04,Mie Sedap Cup Soto,Mie Instan,3,5500,4500,0,16500
STRX-260609-1387,SNK02,Better Caramel,Snack,1,2000,1600,0,2000
STRX-260609-1387,MIE02,Mie Sedap Goreng,Mie Instan,1,3000,2500,0,3000
STRX-260609-1387,MNM01,Aqua Botol 600ml,Minuman,1,4000,3000,0,4000
STRX-260609-1388,BMB01,Masako Ayam,Bumbu Dapur,2,5000,4500,0,10000
STRX-260609-1388,MIE02,Mie Sedap Goreng,Mie Instan,4,3000,2500,0,12000
STRX-260609-1389,RKK01,Rokok Sampoerna,Rokok,2,27000,24000,0,54000
STRX-260609-1389,SMB03,Tepung Beras,Sembako,3,4000,3300,0,12000
STRX-260609-1389,MIE01,Indomie Goreng,Mie Instan,2,3000,2500,0,6000
STRX-260609-1389,MNM01,Aqua Botol 600ml,Minuman,5,4000,3000,0,20000
STRX-260609-1390,RKK01,Rokok Sampoerna,Rokok,1,25650,24000,1350,25650
STRX-260610-1391,MNM03,Fanta 390ml,Minuman,1,5000,4000,0,5000
STRX-260610-1391,PRW01,Shampoo Sachet,Perawatan Tubuh,1,1000,500,0,1000
STRX-260610-1392,MNM04,Pocari Sweat,Minuman,2,5000,4000,0,10000
STRX-260610-1392,BMB01,Masako Ayam,Bumbu Dapur,2,5000,4500,0,10000
STRX-260610-1393,SMB04,Kecap Manis,Sembako,2,4000,3300,0,8000
STRX-260610-1394,MNM03,Fanta 390ml,Minuman,1,5000,4000,0,5000
STRX-260610-1395,RKK01,Rokok Sampoerna,Rokok,1,27000,24000,0,27000
STRX-260610-1395,MNM01,Aqua Botol 600ml,Minuman,1,4000,3000,0,4000
STRX-260610-1395,SNK02,Better Caramel,Snack,1,2000,1600,0,2000
STRX-260610-1396,MIE02,Mie Sedap Goreng,Mie Instan,5,2550,2500,450,12750
STRX-260610-1397,MNM01,Aqua Botol 600ml,Minuman,1,4000,3000,0,4000
STRX-260610-1397,BMB01,Masako Ayam,Bumbu Dapur,2,5000,4500,0,10000
STRX-260610-1397,MIE01,Indomie Goreng,Mie Instan,2,3000,2500,0,6000
STRX-260610-1398,SMB01,Gula Pasir 1kg,Sembako,2,15500,13500,0,31000
STRX-260610-1398,MNM04,Pocari Sweat,Minuman,2,5000,4000,0,10000
STRX-260610-1399,MSC02,Milo Sachet,Minuman Sachet,4,1000,700,0,4000
STRX-260610-1399,SMB01,Gula Pasir 1kg,Sembako,1,15500,13500,0,15500
STRX-260610-1399,MIE04,Mie Sedap Cup Soto,Mie Instan,1,5500,4500,0,5500
STRX-260610-1400,MIE01,Indomie Goreng,Mie Instan,2,3000,2500,0,6000
STRX-260610-1400,MSC01,Kopi Sachet Gula Aren,Minuman Sachet,1,2000,1700,0,2000
STRX-260610-1400,PRW01,Shampoo Sachet,Perawatan Tubuh,1,1000,500,0,1000
STRX-260610-1400,SNK01,Chitato,Snack,2,2000,1800,0,4000
STRX-260610-1401,MIE04,Mie Sedap Cup Soto,Mie Instan,2,5500,4500,0,11000
STRX-260610-1402,RKK01,Rokok Sampoerna,Rokok,5,27000,24000,0,135000
STRX-260610-1403,SNK01,Chitato,Snack,2,2000,1800,0,4000
STRX-260610-1403,MNM03,Fanta 390ml,Minuman,1,5000,4000,0,5000
STRX-260610-1404,SMB02,Minyak Goreng 1L,Sembako,1,15000,13500,0,15000
STRX-260610-1404,MSC02,Milo Sachet,Minuman Sachet,2,1000,700,0,2000
STRX-260610-1404,SMB04,Kecap Manis,Sembako,1,4000,3300,0,4000
STRX-260610-1405,MIE03,Mie Sedap Soto Ayam,Mie Instan,3,3500,2750,0,10500
STRX-260610-1405,SNK03,Chocolatos,Snack,1,1500,1000,0,1500
STRX-260610-1405,PRW01,Shampoo Sachet,Perawatan Tubuh,1,1000,500,0,1000
STRX-260610-1406,MNM03,Fanta 390ml,Minuman,1,5000,4000,0,5000
STRX-260610-1406,KRT02,Sunlight Cuci Piring,Kebutuhan RT,1,10000,9000,0,10000
STRX-260610-1407,RKK01,Rokok Sampoerna,Rokok,3,27000,24000,0,81000
STRX-260610-1407,SMB01,Gula Pasir 1kg,Sembako,1,15500,13500,0,15500
STRX-260610-1408,MNM01,Aqua Botol 600ml,Minuman,2,3800,3000,200,7600
STRX-260610-1408,PRW01,Shampoo Sachet,Perawatan Tubuh,1,1000,500,0,1000
STRX-260610-1408,MSC02,Milo Sachet,Minuman Sachet,1,1000,700,0,1000
STRX-260611-1409,MNM02,Teh Pucuk Harum,Minuman,2,4000,3000,0,8000
STRX-260611-1409,MNM01,Aqua Botol 600ml,Minuman,1,4000,3000,0,4000
STRX-260611-1410,MSC01,Kopi Sachet Gula Aren,Minuman Sachet,4,2000,1700,0,8000
STRX-260611-1410,MIE03,Mie Sedap Soto Ayam,Mie Instan,1,3500,2750,0,3500
STRX-260611-1411,MNM01,Aqua Botol 600ml,Minuman,3,4000,3000,0,12000
STRX-260611-1412,PRW01,Shampoo Sachet,Perawatan Tubuh,1,1000,500,0,1000
STRX-260611-1412,MNM02,Teh Pucuk Harum,Minuman,1,4000,3000,0,4000
STRX-260611-1413,MIE04,Mie Sedap Cup Soto,Mie Instan,2,5500,4500,0,11000
STRX-260611-1413,MSC02,Milo Sachet,Minuman Sachet,1,1000,700,0,1000
STRX-260611-1413,RKK01,Rokok Sampoerna,Rokok,2,22950,24000,4050,45900
STRX-260611-1414,GAS01,Gas LPG 3kg,Kebutuhan Dapur,2,23000,20000,0,46000
STRX-260611-1414,MSC01,Kopi Sachet Gula Aren,Minuman Sachet,1,2000,1700,0,2000
STRX-260611-1414,SMB01,Gula Pasir 1kg,Sembako,1,15500,13500,0,15500
STRX-260611-1414,MIE03,Mie Sedap Soto Ayam,Mie Instan,2,3500,2750,0,7000
STRX-260611-1414,MNM02,Teh Pucuk Harum,Minuman,3,4000,3000,0,12000
STRX-260611-1415,MIE02,Mie Sedap Goreng,Mie Instan,2,3000,2500,0,6000
STRX-260611-1416,MIE02,Mie Sedap Goreng,Mie Instan,2,3000,2500,0,6000
STRX-260611-1416,MIE03,Mie Sedap Soto Ayam,Mie Instan,3,3500,2750,0,10500
STRX-260611-1416,MNM02,Teh Pucuk Harum,Minuman,2,4000,3000,0,8000
STRX-260611-1417,SMB04,Kecap Manis,Sembako,3,4000,3300,0,12000
STRX-260611-1417,SNK03,Chocolatos,Snack,2,1500,1000,0,3000
STRX-260611-1417,MNM02,Teh Pucuk Harum,Minuman,1,4000,3000,0,4000
STRX-260611-1417,MIE03,Mie Sedap Soto Ayam,Mie Instan,1,3500,2750,0,3500
STRX-260611-1417,SMB01,Gula Pasir 1kg,Sembako,1,15500,13500,0,15500
STRX-260611-1418,MNM04,Pocari Sweat,Minuman,2,4500,4000,500,9000
STRX-260611-1418,MSC01,Kopi Sachet Gula Aren,Minuman Sachet,1,2000,1700,0,2000
STRX-260611-1418,MSC02,Milo Sachet,Minuman Sachet,2,1000,700,0,2000
STRX-260611-1419,BMB01,Masako Ayam,Bumbu Dapur,5,5000,4500,0,25000
STRX-260611-1419,MSC01,Kopi Sachet Gula Aren,Minuman Sachet,2,2000,1700,0,4000
STRX-260611-1419,SNK02,Better Caramel,Snack,2,2000,1600,0,4000
STRX-260611-1420,MNM03,Fanta 390ml,Minuman,1,5000,4000,0,5000
STRX-260611-1421,SNK01,Chitato,Snack,2,2000,1800,0,4000
STRX-260611-1421,MNM01,Aqua Botol 600ml,Minuman,1,4000,3000,0,4000
STRX-260611-1422,PRW01,Shampoo Sachet,Perawatan Tubuh,2,1000,500,0,2000
STRX-260611-1422,SNK03,Chocolatos,Snack,1,1500,1000,0,1500
STRX-260611-1422,MNM01,Aqua Botol 600ml,Minuman,2,4000,3000,0,8000
STRX-260611-1422,MIE04,Mie Sedap Cup Soto,Mie Instan,2,5500,4500,0,11000
STRX-260612-1423,KRT01,Rinso Anti Noda Sachet,Kebutuhan RT,1,1425,1200,75,1425
STRX-260612-1423,SNK03,Chocolatos,Snack,2,1500,1000,0,3000
STRX-260612-1423,KRT03,Sabun Cuci Baju,Kebutuhan RT,2,5000,4500,0,10000
STRX-260612-1423,SMB03,Tepung Beras,Sembako,1,4000,3300,0,4000
STRX-260612-1424,MSC01,Kopi Sachet Gula Aren,Minuman Sachet,2,2000,1700,0,4000
STRX-260612-1424,PRW01,Shampoo Sachet,Perawatan Tubuh,3,1000,500,0,3000
STRX-260612-1425,RKK01,Rokok Sampoerna,Rokok,1,27000,24000,0,27000
STRX-260612-1425,MIE03,Mie Sedap Soto Ayam,Mie Instan,5,3500,2750,0,17500
STRX-260612-1425,MNM01,Aqua Botol 600ml,Minuman,4,4000,3000,0,16000
STRX-260612-1426,SNK03,Chocolatos,Snack,2,1500,1000,0,3000
STRX-260612-1426,MIE01,Indomie Goreng,Mie Instan,1,3000,2500,0,3000
STRX-260612-1427,MSC02,Milo Sachet,Minuman Sachet,4,1000,700,0,4000
STRX-260612-1427,SMB03,Tepung Beras,Sembako,1,4000,3300,0,4000
STRX-260612-1428,SMB01,Gula Pasir 1kg,Sembako,1,15500,13500,0,15500
STRX-260612-1428,MIE01,Indomie Goreng,Mie Instan,2,3000,2500,0,6000
STRX-260612-1429,MIE02,Mie Sedap Goreng,Mie Instan,1,3000,2500,0,3000
STRX-260612-1429,PRW01,Shampoo Sachet,Perawatan Tubuh,1,1000,500,0,1000
STRX-260612-1430,MNM03,Fanta 390ml,Minuman,2,5000,4000,0,10000
STRX-260612-1430,SNK02,Better Caramel,Snack,2,2000,1600,0,4000
STRX-260612-1430,RKK01,Rokok Sampoerna,Rokok,2,27000,24000,0,54000
STRX-260612-1431,MIE01,Indomie Goreng,Mie Instan,3,3000,2500,0,9000
STRX-260612-1431,MNM02,Teh Pucuk Harum,Minuman,1,4000,3000,0,4000
STRX-260612-1431,MIE02,Mie Sedap Goreng,Mie Instan,1,3000,2500,0,3000
STRX-260612-1432,MSC01,Kopi Sachet Gula Aren,Minuman Sachet,3,2000,1700,0,6000
STRX-260612-1433,SNK03,Chocolatos,Snack,1,1500,1000,0,1500
STRX-260612-1433,MSC02,Milo Sachet,Minuman Sachet,1,1000,700,0,1000
STRX-260612-1433,MSC01,Kopi Sachet Gula Aren,Minuman Sachet,3,2000,1700,0,6000
STRX-260613-1434,MIE03,Mie Sedap Soto Ayam,Mie Instan,1,3500,2750,0,3500
STRX-260613-1434,BMB01,Masako Ayam,Bumbu Dapur,2,5000,4500,0,10000
STRX-260613-1435,MIE03,Mie Sedap Soto Ayam,Mie Instan,4,3500,2750,0,14000
STRX-260613-1435,GAS01,Gas LPG 3kg,Kebutuhan Dapur,2,23000,20000,0,46000
STRX-260613-1435,MSC01,Kopi Sachet Gula Aren,Minuman Sachet,1,2000,1700,0,2000
STRX-260613-1435,MIE02,Mie Sedap Goreng,Mie Instan,4,3000,2500,0,12000
STRX-260613-1436,MNM01,Aqua Botol 600ml,Minuman,2,4000,3000,0,8000
STRX-260613-1436,MIE01,Indomie Goreng,Mie Instan,4,3000,2500,0,12000
STRX-260613-1436,MIE04,Mie Sedap Cup Soto,Mie Instan,1,5500,4500,0,5500
STRX-260613-1437,MSC01,Kopi Sachet Gula Aren,Minuman Sachet,4,2000,1700,0,8000
STRX-260613-1437,BMB01,Masako Ayam,Bumbu Dapur,1,5000,4500,0,5000
STRX-260613-1437,MIE02,Mie Sedap Goreng,Mie Instan,2,3000,2500,0,6000
STRX-260613-1438,SMB02,Minyak Goreng 1L,Sembako,2,15000,13500,0,30000
STRX-260613-1439,MNM03,Fanta 390ml,Minuman,2,5000,4000,0,10000
STRX-260613-1439,MSC01,Kopi Sachet Gula Aren,Minuman Sachet,2,2000,1700,0,4000
STRX-260613-1439,MNM01,Aqua Botol 600ml,Minuman,1,4000,3000,0,4000
STRX-260613-1440,BMB01,Masako Ayam,Bumbu Dapur,1,5000,4500,0,5000
STRX-260613-1440,SNK03,Chocolatos,Snack,1,1500,1000,0,1500
STRX-260613-1441,MSC01,Kopi Sachet Gula Aren,Minuman Sachet,1,2000,1700,0,2000
STRX-260613-1441,MIE01,Indomie Goreng,Mie Instan,4,3000,2500,0,12000
STRX-260613-1441,SMB03,Tepung Beras,Sembako,1,4000,3300,0,4000
STRX-260613-1441,KRT01,Rinso Anti Noda Sachet,Kebutuhan RT,1,1500,1200,0,1500
STRX-260613-1442,RKK01,Rokok Sampoerna,Rokok,4,27000,24000,0,108000
STRX-260613-1442,SMB04,Kecap Manis,Sembako,1,4000,3300,0,4000
STRX-260613-1442,MIE02,Mie Sedap Goreng,Mie Instan,4,3000,2500,0,12000
STRX-260613-1443,MSC01,Kopi Sachet Gula Aren,Minuman Sachet,1,1900,1700,100,1900
STRX-260613-1443,SMB04,Kecap Manis,Sembako,2,4000,3300,0,8000
STRX-260613-1444,RKK01,Rokok Sampoerna,Rokok,1,27000,24000,0,27000
STRX-260613-1444,MNM02,Teh Pucuk Harum,Minuman,2,4000,3000,0,8000
STRX-260613-1445,BMB01,Masako Ayam,Bumbu Dapur,3,4750,4500,250,14250
STRX-260613-1446,MNM04,Pocari Sweat,Minuman,2,5000,4000,0,10000
STRX-260613-1446,MNM01,Aqua Botol 600ml,Minuman,1,4000,3000,0,4000
STRX-260613-1446,MIE02,Mie Sedap Goreng,Mie Instan,2,3000,2500,0,6000
STRX-260613-1447,KRT03,Sabun Cuci Baju,Kebutuhan RT,1,5000,4500,0,5000
STRX-260613-1447,SNK03,Chocolatos,Snack,1,1500,1000,0,1500
STRX-260613-1448,MNM01,Aqua Botol 600ml,Minuman,2,4000,3000,0,8000
STRX-260613-1448,MNM04,Pocari Sweat,Minuman,1,5000,4000,0,5000
STRX-260613-1448,BMB01,Masako Ayam,Bumbu Dapur,2,4250,4500,750,8500
STRX-260613-1449,PRW01,Shampoo Sachet,Perawatan Tubuh,1,1000,500,0,1000
STRX-260613-1449,SNK01,Chitato,Snack,2,2000,1800,0,4000
STRX-260613-1450,MIE04,Mie Sedap Cup Soto,Mie Instan,2,5500,4500,0,11000
STRX-260613-1450,SNK03,Chocolatos,Snack,1,1500,1000,0,1500
STRX-260613-1450,MSC01,Kopi Sachet Gula Aren,Minuman Sachet,1,2000,1700,0,2000
STRX-260613-1451,MIE03,Mie Sedap Soto Ayam,Mie Instan,1,3500,2750,0,3500
STRX-260613-1451,BMB01,Masako Ayam,Bumbu Dapur,4,5000,4500,0,20000
STRX-260613-1452,MNM01,Aqua Botol 600ml,Minuman,1,4000,3000,0,4000
STRX-260613-1452,MIE01,Indomie Goreng,Mie Instan,1,3000,2500,0,3000
STRX-260613-1452,MIE02,Mie Sedap Goreng,Mie Instan,5,3000,2500,0,15000
STRX-260614-1453,MIE03,Mie Sedap Soto Ayam,Mie Instan,4,3500,2750,0,14000
STRX-260614-1454,KRT03,Sabun Cuci Baju,Kebutuhan RT,1,5000,4500,0,5000
STRX-260614-1455,MIE01,Indomie Goreng,Mie Instan,2,3000,2500,0,6000
STRX-260614-1455,MSC02,Milo Sachet,Minuman Sachet,4,1000,700,0,4000
STRX-260614-1456,MSC02,Milo Sachet,Minuman Sachet,2,1000,700,0,2000
STRX-260614-1456,MNM01,Aqua Botol 600ml,Minuman,4,4000,3000,0,16000
STRX-260614-1456,MSC01,Kopi Sachet Gula Aren,Minuman Sachet,1,2000,1700,0,2000
STRX-260614-1457,MNM01,Aqua Botol 600ml,Minuman,3,4000,3000,0,12000
STRX-260614-1457,MIE01,Indomie Goreng,Mie Instan,2,2850,2500,150,5700
STRX-260614-1458,MSC01,Kopi Sachet Gula Aren,Minuman Sachet,1,2000,1700,0,2000
STRX-260614-1458,SMB04,Kecap Manis,Sembako,1,4000,3300,0,4000
STRX-260614-1458,MNM01,Aqua Botol 600ml,Minuman,2,4000,3000,0,8000
STRX-260614-1459,MSC01,Kopi Sachet Gula Aren,Minuman Sachet,1,2000,1700,0,2000
STRX-260614-1460,SMB02,Minyak Goreng 1L,Sembako,1,15000,13500,0,15000
STRX-260614-1461,SNK03,Chocolatos,Snack,1,1500,1000,0,1500
STRX-260614-1461,MIE03,Mie Sedap Soto Ayam,Mie Instan,1,3150,2750,350,3150
STRX-260614-1461,PRW01,Shampoo Sachet,Perawatan Tubuh,1,1000,500,0,1000
STRX-260614-1461,MNM03,Fanta 390ml,Minuman,1,5000,4000,0,5000
STRX-260614-1462,MNM03,Fanta 390ml,Minuman,3,5000,4000,0,15000
STRX-260614-1462,MIE02,Mie Sedap Goreng,Mie Instan,3,3000,2500,0,9000
STRX-260614-1462,MSC01,Kopi Sachet Gula Aren,Minuman Sachet,1,2000,1700,0,2000
STRX-260614-1463,MNM01,Aqua Botol 600ml,Minuman,1,4000,3000,0,4000
STRX-260614-1464,KRT03,Sabun Cuci Baju,Kebutuhan RT,1,5000,4500,0,5000
STRX-260614-1465,MIE04,Mie Sedap Cup Soto,Mie Instan,2,5500,4500,0,11000
STRX-260614-1465,MSC01,Kopi Sachet Gula Aren,Minuman Sachet,2,2000,1700,0,4000
STRX-260614-1466,SNK01,Chitato,Snack,1,2000,1800,0,2000
STRX-260614-1467,SNK02,Better Caramel,Snack,1,2000,1600,0,2000
STRX-260614-1467,KRT03,Sabun Cuci Baju,Kebutuhan RT,3,5000,4500,0,15000
STRX-260614-1467,MSC02,Milo Sachet,Minuman Sachet,3,850,700,150,2550
STRX-260614-1468,MIE03,Mie Sedap Soto Ayam,Mie Instan,3,3500,2750,0,10500
STRX-260614-1468,KRT01,Rinso Anti Noda Sachet,Kebutuhan RT,2,1500,1200,0,3000
STRX-260614-1468,BMB01,Masako Ayam,Bumbu Dapur,1,5000,4500,0,5000
STRX-260614-1469,MSC01,Kopi Sachet Gula Aren,Minuman Sachet,4,2000,1700,0,8000
STRX-260614-1469,SNK01,Chitato,Snack,1,2000,1800,0,2000
STRX-260614-1470,MIE02,Mie Sedap Goreng,Mie Instan,2,3000,2500,0,6000
STRX-260614-1471,MSC01,Kopi Sachet Gula Aren,Minuman Sachet,2,1700,1700,300,3400
STRX-260614-1471,BMB01,Masako Ayam,Bumbu Dapur,4,5000,4500,0,20000
STRX-260614-1472,MSC02,Milo Sachet,Minuman Sachet,1,1000,700,0,1000
STRX-260614-1472,SMB01,Gula Pasir 1kg,Sembako,1,15500,13500,0,15500
STRX-260614-1472,MNM02,Teh Pucuk Harum,Minuman,2,3400,3000,600,6800
STRX-260614-1472,MNM03,Fanta 390ml,Minuman,2,5000,4000,0,10000
STRX-260614-1472,KRT01,Rinso Anti Noda Sachet,Kebutuhan RT,3,1500,1200,0,4500
STRX-260614-1473,MNM01,Aqua Botol 600ml,Minuman,3,4000,3000,0,12000
STRX-260615-1474,MIE01,Indomie Goreng,Mie Instan,5,3000,2500,0,15000
STRX-260615-1475,MIE03,Mie Sedap Soto Ayam,Mie Instan,1,3500,2750,0,3500
STRX-260615-1475,MSC02,Milo Sachet,Minuman Sachet,2,1000,700,0,2000
STRX-260615-1475,SMB01,Gula Pasir 1kg,Sembako,1,15500,13500,0,15500
STRX-260615-1476,MNM03,Fanta 390ml,Minuman,1,5000,4000,0,5000
STRX-260615-1476,SNK01,Chitato,Snack,1,2000,1800,0,2000
STRX-260615-1476,MIE02,Mie Sedap Goreng,Mie Instan,1,3000,2500,0,3000
STRX-260615-1476,PRW01,Shampoo Sachet,Perawatan Tubuh,1,1000,500,0,1000
STRX-260615-1477,KRT02,Sunlight Cuci Piring,Kebutuhan RT,2,10000,9000,0,20000
STRX-260615-1477,MNM01,Aqua Botol 600ml,Minuman,1,4000,3000,0,4000
STRX-260615-1477,SMB04,Kecap Manis,Sembako,2,4000,3300,0,8000
STRX-260615-1477,MSC01,Kopi Sachet Gula Aren,Minuman Sachet,3,2000,1700,0,6000
STRX-260615-1478,MNM02,Teh Pucuk Harum,Minuman,3,4000,3000,0,12000
STRX-260615-1478,SNK01,Chitato,Snack,1,2000,1800,0,2000
STRX-260615-1479,RKK01,Rokok Sampoerna,Rokok,3,27000,24000,0,81000
STRX-260615-1479,MIE02,Mie Sedap Goreng,Mie Instan,2,2550,2500,450,5100
STRX-260615-1480,RKK01,Rokok Sampoerna,Rokok,1,27000,24000,0,27000
STRX-260615-1480,SNK03,Chocolatos,Snack,1,1500,1000,0,1500
STRX-260615-1481,MSC02,Milo Sachet,Minuman Sachet,4,1000,700,0,4000
STRX-260615-1481,MIE01,Indomie Goreng,Mie Instan,1,3000,2500,0,3000
STRX-260615-1482,BMB01,Masako Ayam,Bumbu Dapur,1,5000,4500,0,5000
STRX-260615-1482,MNM01,Aqua Botol 600ml,Minuman,1,4000,3000,0,4000
STRX-260615-1482,MIE02,Mie Sedap Goreng,Mie Instan,2,3000,2500,0,6000
STRX-260615-1483,KRT01,Rinso Anti Noda Sachet,Kebutuhan RT,1,1500,1200,0,1500
STRX-260615-1483,MNM01,Aqua Botol 600ml,Minuman,3,4000,3000,0,12000
STRX-260615-1483,MNM04,Pocari Sweat,Minuman,1,5000,4000,0,5000
STRX-260615-1484,MNM01,Aqua Botol 600ml,Minuman,2,4000,3000,0,8000
STRX-260615-1485,MSC01,Kopi Sachet Gula Aren,Minuman Sachet,1,2000,1700,0,2000
STRX-260615-1485,MNM01,Aqua Botol 600ml,Minuman,1,4000,3000,0,4000
STRX-260615-1486,MIE02,Mie Sedap Goreng,Mie Instan,1,3000,2500,0,3000
STRX-260615-1486,MSC02,Milo Sachet,Minuman Sachet,1,1000,700,0,1000
STRX-260615-1486,PRW01,Shampoo Sachet,Perawatan Tubuh,1,950,500,50,950
STRX-260615-1486,MIE01,Indomie Goreng,Mie Instan,5,2700,2500,300,13500
STRX-260615-1487,MIE04,Mie Sedap Cup Soto,Mie Instan,1,5500,4500,0,5500
STRX-260615-1488,MNM03,Fanta 390ml,Minuman,2,5000,4000,0,10000
STRX-260615-1488,MIE02,Mie Sedap Goreng,Mie Instan,3,3000,2500,0,9000
STRX-260615-1488,MSC02,Milo Sachet,Minuman Sachet,3,1000,700,0,3000
STRX-260615-1489,MNM02,Teh Pucuk Harum,Minuman,1,4000,3000,0,4000
STRX-260615-1489,BMB01,Masako Ayam,Bumbu Dapur,2,5000,4500,0,10000
STRX-260615-1489,SNK01,Chitato,Snack,2,2000,1800,0,4000
STRX-260615-1490,MNM01,Aqua Botol 600ml,Minuman,1,4000,3000,0,4000
STRX-260615-1491,PRW01,Shampoo Sachet,Perawatan Tubuh,2,1000,500,0,2000
STRX-260615-1491,SNK03,Chocolatos,Snack,2,1500,1000,0,3000
STRX-260615-1492,MSC02,Milo Sachet,Minuman Sachet,3,1000,700,0,3000
STRX-260615-1492,BMB01,Masako Ayam,Bumbu Dapur,2,5000,4500,0,10000
STRX-260615-1492,RKK01,Rokok Sampoerna,Rokok,2,27000,24000,0,54000
STRX-260615-1493,MIE02,Mie Sedap Goreng,Mie Instan,1,3000,2500,0,3000
STRX-260615-1493,MIE03,Mie Sedap Soto Ayam,Mie Instan,3,3500,2750,0,10500
STRX-260615-1494,PRW01,Shampoo Sachet,Perawatan Tubuh,1,1000,500,0,1000
STRX-260615-1494,MIE02,Mie Sedap Goreng,Mie Instan,2,3000,2500,0,6000
STRX-260615-1494,BMB01,Masako Ayam,Bumbu Dapur,3,5000,4500,0,15000
STRX-260616-1495,MIE02,Mie Sedap Goreng,Mie Instan,2,3000,2500,0,6000
STRX-260616-1495,MIE03,Mie Sedap Soto Ayam,Mie Instan,2,3500,2750,0,7000
STRX-260616-1495,MNM01,Aqua Botol 600ml,Minuman,2,3400,3000,600,6800
STRX-260616-1495,RKK01,Rokok Sampoerna,Rokok,3,27000,24000,0,81000
STRX-260616-1496,MSC01,Kopi Sachet Gula Aren,Minuman Sachet,2,2000,1700,0,4000
STRX-260616-1496,MIE01,Indomie Goreng,Mie Instan,4,3000,2500,0,12000
STRX-260616-1497,MNM01,Aqua Botol 600ml,Minuman,1,4000,3000,0,4000
STRX-260616-1497,MIE04,Mie Sedap Cup Soto,Mie Instan,3,5500,4500,0,16500
STRX-260616-1498,MIE04,Mie Sedap Cup Soto,Mie Instan,1,5500,4500,0,5500
STRX-260616-1498,BMB01,Masako Ayam,Bumbu Dapur,1,5000,4500,0,5000
STRX-260616-1498,MSC01,Kopi Sachet Gula Aren,Minuman Sachet,4,1900,1700,100,7600
STRX-260616-1499,SNK03,Chocolatos,Snack,2,1500,1000,0,3000
STRX-260616-1499,KRT03,Sabun Cuci Baju,Kebutuhan RT,1,5000,4500,0,5000
STRX-260616-1500,MSC01,Kopi Sachet Gula Aren,Minuman Sachet,4,2000,1700,0,8000
STRX-260616-1500,MIE04,Mie Sedap Cup Soto,Mie Instan,2,5500,4500,0,11000
STRX-260616-1500,BMB01,Masako Ayam,Bumbu Dapur,1,5000,4500,0,5000
STRX-260616-1501,KRT03,Sabun Cuci Baju,Kebutuhan RT,1,5000,4500,0,5000
STRX-260616-1501,RKK01,Rokok Sampoerna,Rokok,3,27000,24000,0,81000
STRX-260616-1502,PRW01,Shampoo Sachet,Perawatan Tubuh,2,1000,500,0,2000
STRX-260616-1502,SMB04,Kecap Manis,Sembako,1,4000,3300,0,4000
STRX-260616-1503,BMB01,Masako Ayam,Bumbu Dapur,1,5000,4500,0,5000
STRX-260616-1504,PRW01,Shampoo Sachet,Perawatan Tubuh,1,1000,500,0,1000
STRX-260616-1504,MIE01,Indomie Goreng,Mie Instan,2,3000,2500,0,6000
STRX-260616-1504,KRT03,Sabun Cuci Baju,Kebutuhan RT,1,5000,4500,0,5000
STRX-260616-1505,MIE02,Mie Sedap Goreng,Mie Instan,1,3000,2500,0,3000
STRX-260616-1505,MIE01,Indomie Goreng,Mie Instan,4,3000,2500,0,12000
STRX-260616-1506,BMB01,Masako Ayam,Bumbu Dapur,3,5000,4500,0,15000
STRX-260616-1506,MIE04,Mie Sedap Cup Soto,Mie Instan,1,5500,4500,0,5500
STRX-260616-1506,MNM01,Aqua Botol 600ml,Minuman,2,4000,3000,0,8000
STRX-260616-1507,MIE01,Indomie Goreng,Mie Instan,2,3000,2500,0,6000
STRX-260616-1507,RKK01,Rokok Sampoerna,Rokok,3,27000,24000,0,81000
STRX-260616-1508,MNM01,Aqua Botol 600ml,Minuman,2,4000,3000,0,8000
STRX-260616-1508,MIE03,Mie Sedap Soto Ayam,Mie Instan,1,3500,2750,0,3500
STRX-260616-1509,RKK01,Rokok Sampoerna,Rokok,3,27000,24000,0,81000
STRX-260616-1510,MSC02,Milo Sachet,Minuman Sachet,3,1000,700,0,3000
STRX-260616-1510,KRT01,Rinso Anti Noda Sachet,Kebutuhan RT,1,1500,1200,0,1500
STRX-260616-1510,SMB04,Kecap Manis,Sembako,2,4000,3300,0,8000
STRX-260616-1511,KRT01,Rinso Anti Noda Sachet,Kebutuhan RT,2,1500,1200,0,3000
STRX-260616-1512,MSC02,Milo Sachet,Minuman Sachet,2,1000,700,0,2000
STRX-260616-1512,SMB03,Tepung Beras,Sembako,1,4000,3300,0,4000
STRX-260616-1512,KRT02,Sunlight Cuci Piring,Kebutuhan RT,2,8500,9000,1500,17000
STRX-260616-1513,MNM04,Pocari Sweat,Minuman,2,5000,4000,0,10000
STRX-260616-1513,KRT01,Rinso Anti Noda Sachet,Kebutuhan RT,1,1500,1200,0,1500
STRX-260616-1514,SNK03,Chocolatos,Snack,1,1500,1000,0,1500
STRX-260616-1514,SNK01,Chitato,Snack,3,2000,1800,0,6000
STRX-260616-1514,MNM03,Fanta 390ml,Minuman,1,5000,4000,0,5000
STRX-260616-1514,RKK01,Rokok Sampoerna,Rokok,1,27000,24000,0,27000
STRX-260617-1515,MIE02,Mie Sedap Goreng,Mie Instan,1,3000,2500,0,3000
STRX-260617-1515,MNM04,Pocari Sweat,Minuman,1,4250,4000,750,4250
STRX-260617-1515,MNM01,Aqua Botol 600ml,Minuman,3,4000,3000,0,12000
STRX-260617-1515,SMB03,Tepung Beras,Sembako,2,4000,3300,0,8000
STRX-260617-1516,MNM02,Teh Pucuk Harum,Minuman,2,4000,3000,0,8000
STRX-260617-1517,MSC01,Kopi Sachet Gula Aren,Minuman Sachet,4,2000,1700,0,8000
STRX-260617-1517,PRW01,Shampoo Sachet,Perawatan Tubuh,1,1000,500,0,1000
STRX-260617-1517,MNM04,Pocari Sweat,Minuman,3,5000,4000,0,15000
STRX-260617-1518,MIE03,Mie Sedap Soto Ayam,Mie Instan,2,3325,2750,175,6650
STRX-260617-1518,MNM02,Teh Pucuk Harum,Minuman,2,4000,3000,0,8000
STRX-260617-1519,MIE01,Indomie Goreng,Mie Instan,1,3000,2500,0,3000
STRX-260617-1519,MIE02,Mie Sedap Goreng,Mie Instan,2,3000,2500,0,6000
STRX-260617-1520,PRW01,Shampoo Sachet,Perawatan Tubuh,1,1000,500,0,1000
STRX-260617-1520,MSC02,Milo Sachet,Minuman Sachet,2,1000,700,0,2000
STRX-260617-1520,MNM03,Fanta 390ml,Minuman,1,5000,4000,0,5000
STRX-260617-1520,MNM01,Aqua Botol 600ml,Minuman,4,4000,3000,0,16000
STRX-260617-1520,KRT01,Rinso Anti Noda Sachet,Kebutuhan RT,1,1500,1200,0,1500
STRX-260617-1521,SMB01,Gula Pasir 1kg,Sembako,1,15500,13500,0,15500
STRX-260617-1522,MNM03,Fanta 390ml,Minuman,1,5000,4000,0,5000
STRX-260617-1522,MSC02,Milo Sachet,Minuman Sachet,1,1000,700,0,1000
STRX-260617-1522,RKK01,Rokok Sampoerna,Rokok,1,27000,24000,0,27000
STRX-260617-1522,MSC01,Kopi Sachet Gula Aren,Minuman Sachet,3,2000,1700,0,6000
STRX-260617-1523,MIE03,Mie Sedap Soto Ayam,Mie Instan,3,3500,2750,0,10500
STRX-260617-1523,MIE02,Mie Sedap Goreng,Mie Instan,1,3000,2500,0,3000
STRX-260617-1523,GAS01,Gas LPG 3kg,Kebutuhan Dapur,2,23000,20000,0,46000
STRX-260617-1524,KRT03,Sabun Cuci Baju,Kebutuhan RT,2,4750,4500,250,9500
STRX-260617-1524,MSC01,Kopi Sachet Gula Aren,Minuman Sachet,3,2000,1700,0,6000
STRX-260617-1525,MIE01,Indomie Goreng,Mie Instan,4,3000,2500,0,12000
STRX-260617-1525,MNM01,Aqua Botol 600ml,Minuman,2,4000,3000,0,8000
STRX-260617-1526,SMB02,Minyak Goreng 1L,Sembako,1,15000,13500,0,15000
STRX-260617-1526,MNM01,Aqua Botol 600ml,Minuman,2,4000,3000,0,8000
STRX-260617-1526,BMB01,Masako Ayam,Bumbu Dapur,4,5000,4500,0,20000
STRX-260617-1527,MIE02,Mie Sedap Goreng,Mie Instan,4,3000,2500,0,12000
STRX-260617-1527,MIE03,Mie Sedap Soto Ayam,Mie Instan,3,3500,2750,0,10500
STRX-260617-1527,SNK03,Chocolatos,Snack,1,1275,1000,225,1275
STRX-260617-1527,MNM04,Pocari Sweat,Minuman,2,5000,4000,0,10000
STRX-260617-1527,SMB04,Kecap Manis,Sembako,1,4000,3300,0,4000
STRX-260617-1528,MSC01,Kopi Sachet Gula Aren,Minuman Sachet,1,2000,1700,0,2000
STRX-260617-1528,MNM01,Aqua Botol 600ml,Minuman,2,4000,3000,0,8000
STRX-260618-1529,MSC02,Milo Sachet,Minuman Sachet,1,1000,700,0,1000
STRX-260618-1529,MNM02,Teh Pucuk Harum,Minuman,1,4000,3000,0,4000
STRX-260618-1529,MNM01,Aqua Botol 600ml,Minuman,2,4000,3000,0,8000
STRX-260618-1530,MIE01,Indomie Goreng,Mie Instan,3,3000,2500,0,9000
STRX-260618-1530,KRT03,Sabun Cuci Baju,Kebutuhan RT,2,5000,4500,0,10000
STRX-260618-1530,SNK02,Better Caramel,Snack,1,2000,1600,0,2000
STRX-260618-1530,MNM01,Aqua Botol 600ml,Minuman,2,3400,3000,600,6800
STRX-260618-1531,SNK03,Chocolatos,Snack,1,1500,1000,0,1500
STRX-260618-1531,MNM01,Aqua Botol 600ml,Minuman,1,4000,3000,0,4000
STRX-260618-1531,MNM03,Fanta 390ml,Minuman,1,5000,4000,0,5000
STRX-260618-1531,PRW01,Shampoo Sachet,Perawatan Tubuh,1,1000,500,0,1000
STRX-260618-1532,MSC01,Kopi Sachet Gula Aren,Minuman Sachet,2,2000,1700,0,4000
STRX-260618-1532,MIE03,Mie Sedap Soto Ayam,Mie Instan,1,3500,2750,0,3500
STRX-260618-1532,MSC02,Milo Sachet,Minuman Sachet,2,1000,700,0,2000
STRX-260618-1533,PRW01,Shampoo Sachet,Perawatan Tubuh,3,1000,500,0,3000
STRX-260618-1533,BMB01,Masako Ayam,Bumbu Dapur,2,5000,4500,0,10000
STRX-260618-1533,SNK01,Chitato,Snack,1,2000,1800,0,2000
STRX-260618-1534,MIE01,Indomie Goreng,Mie Instan,2,3000,2500,0,6000
STRX-260618-1534,KRT02,Sunlight Cuci Piring,Kebutuhan RT,2,8500,9000,1500,17000
STRX-260618-1535,BMB01,Masako Ayam,Bumbu Dapur,5,5000,4500,0,25000
STRX-260618-1536,KRT03,Sabun Cuci Baju,Kebutuhan RT,3,5000,4500,0,15000
STRX-260618-1536,PRW01,Shampoo Sachet,Perawatan Tubuh,2,1000,500,0,2000
STRX-260618-1537,MNM03,Fanta 390ml,Minuman,2,5000,4000,0,10000
STRX-260618-1538,SMB04,Kecap Manis,Sembako,3,4000,3300,0,12000
STRX-260618-1538,PRW01,Shampoo Sachet,Perawatan Tubuh,3,1000,500,0,3000
STRX-260618-1539,MNM01,Aqua Botol 600ml,Minuman,3,4000,3000,0,12000
STRX-260618-1540,SMB01,Gula Pasir 1kg,Sembako,2,15500,13500,0,31000
STRX-260618-1540,MIE01,Indomie Goreng,Mie Instan,3,3000,2500,0,9000
STRX-260618-1541,SNK01,Chitato,Snack,1,2000,1800,0,2000
STRX-260618-1541,MIE02,Mie Sedap Goreng,Mie Instan,1,3000,2500,0,3000
STRX-260618-1541,KRT01,Rinso Anti Noda Sachet,Kebutuhan RT,1,1500,1200,0,1500
STRX-260618-1541,SNK03,Chocolatos,Snack,1,1500,1000,0,1500
STRX-260618-1542,MSC02,Milo Sachet,Minuman Sachet,3,1000,700,0,3000
STRX-260618-1542,KRT03,Sabun Cuci Baju,Kebutuhan RT,2,5000,4500,0,10000
STRX-260618-1542,MSC01,Kopi Sachet Gula Aren,Minuman Sachet,2,2000,1700,0,4000
STRX-260618-1542,MIE03,Mie Sedap Soto Ayam,Mie Instan,2,3500,2750,0,7000
STRX-260618-1543,MIE02,Mie Sedap Goreng,Mie Instan,3,3000,2500,0,9000
STRX-260618-1544,MNM03,Fanta 390ml,Minuman,2,5000,4000,0,10000
STRX-260618-1544,MIE01,Indomie Goreng,Mie Instan,4,3000,2500,0,12000
STRX-260618-1544,MNM02,Teh Pucuk Harum,Minuman,1,4000,3000,0,4000
STRX-260618-1545,RKK01,Rokok Sampoerna,Rokok,4,27000,24000,0,108000
STRX-260618-1545,MNM01,Aqua Botol 600ml,Minuman,4,4000,3000,0,16000
STRX-260618-1546,KRT03,Sabun Cuci Baju,Kebutuhan RT,1,5000,4500,0,5000
STRX-260618-1546,MIE02,Mie Sedap Goreng,Mie Instan,2,3000,2500,0,6000
STRX-260618-1547,MNM02,Teh Pucuk Harum,Minuman,1,4000,3000,0,4000
STRX-260618-1547,MSC01,Kopi Sachet Gula Aren,Minuman Sachet,2,2000,1700,0,4000
STRX-260618-1547,MIE02,Mie Sedap Goreng,Mie Instan,2,3000,2500,0,6000
STRX-260618-1548,SNK03,Chocolatos,Snack,1,1500,1000,0,1500
STRX-260618-1548,MSC02,Milo Sachet,Minuman Sachet,2,1000,700,0,2000
STRX-260618-1548,KRT03,Sabun Cuci Baju,Kebutuhan RT,1,5000,4500,0,5000
STRX-260618-1548,MNM01,Aqua Botol 600ml,Minuman,2,4000,3000,0,8000
STRX-260618-1549,MIE01,Indomie Goreng,Mie Instan,4,3000,2500,0,12000
STRX-260618-1549,MSC01,Kopi Sachet Gula Aren,Minuman Sachet,1,2000,1700,0,2000
STRX-260618-1549,SNK01,Chitato,Snack,1,1700,1800,300,1700
STRX-260618-1549,SMB01,Gula Pasir 1kg,Sembako,1,15500,13500,0,15500
STRX-260619-1550,SMB04,Kecap Manis,Sembako,3,4000,3300,0,12000
STRX-260619-1550,PRW01,Shampoo Sachet,Perawatan Tubuh,1,1000,500,0,1000
STRX-260619-1550,SMB01,Gula Pasir 1kg,Sembako,1,13175,13500,2325,13175
STRX-260619-1550,MIE04,Mie Sedap Cup Soto,Mie Instan,2,5500,4500,0,11000
STRX-260619-1551,RKK01,Rokok Sampoerna,Rokok,1,27000,24000,0,27000
STRX-260619-1551,SMB04,Kecap Manis,Sembako,1,4000,3300,0,4000
STRX-260619-1551,MIE01,Indomie Goreng,Mie Instan,2,3000,2500,0,6000
STRX-260619-1551,SMB01,Gula Pasir 1kg,Sembako,1,15500,13500,0,15500
STRX-260619-1552,SMB02,Minyak Goreng 1L,Sembako,3,15000,13500,0,45000
STRX-260619-1552,MIE03,Mie Sedap Soto Ayam,Mie Instan,2,3500,2750,0,7000
STRX-260619-1552,MIE04,Mie Sedap Cup Soto,Mie Instan,2,5500,4500,0,11000
STRX-260619-1553,SMB01,Gula Pasir 1kg,Sembako,2,15500,13500,0,31000
STRX-260619-1553,MIE03,Mie Sedap Soto Ayam,Mie Instan,4,3500,2750,0,14000
STRX-260619-1553,PRW01,Shampoo Sachet,Perawatan Tubuh,1,1000,500,0,1000
STRX-260619-1554,MSC02,Milo Sachet,Minuman Sachet,1,1000,700,0,1000
STRX-260619-1554,BMB01,Masako Ayam,Bumbu Dapur,1,5000,4500,0,5000
STRX-260619-1554,RKK01,Rokok Sampoerna,Rokok,1,27000,24000,0,27000
STRX-260619-1555,MSC01,Kopi Sachet Gula Aren,Minuman Sachet,4,2000,1700,0,8000
STRX-260619-1555,SMB01,Gula Pasir 1kg,Sembako,1,15500,13500,0,15500
STRX-260619-1555,MIE04,Mie Sedap Cup Soto,Mie Instan,2,5500,4500,0,11000
STRX-260619-1556,SMB04,Kecap Manis,Sembako,2,4000,3300,0,8000
STRX-260619-1556,MIE02,Mie Sedap Goreng,Mie Instan,2,3000,2500,0,6000
STRX-260619-1556,MSC02,Milo Sachet,Minuman Sachet,3,1000,700,0,3000
STRX-260619-1557,MNM01,Aqua Botol 600ml,Minuman,1,4000,3000,0,4000
STRX-260620-1558,MNM01,Aqua Botol 600ml,Minuman,1,4000,3000,0,4000
STRX-260620-1558,BMB01,Masako Ayam,Bumbu Dapur,3,5000,4500,0,15000
STRX-260620-1559,PRW01,Shampoo Sachet,Perawatan Tubuh,1,1000,500,0,1000
STRX-260620-1559,MNM03,Fanta 390ml,Minuman,2,5000,4000,0,10000
STRX-260620-1559,RKK01,Rokok Sampoerna,Rokok,3,27000,24000,0,81000
STRX-260620-1559,MIE01,Indomie Goreng,Mie Instan,4,2700,2500,300,10800
STRX-260620-1560,KRT02,Sunlight Cuci Piring,Kebutuhan RT,1,9000,9000,1000,9000
STRX-260620-1560,MIE04,Mie Sedap Cup Soto,Mie Instan,1,5500,4500,0,5500
STRX-260620-1560,SMB01,Gula Pasir 1kg,Sembako,1,15500,13500,0,15500
STRX-260620-1561,MIE02,Mie Sedap Goreng,Mie Instan,3,3000,2500,0,9000
STRX-260620-1561,MSC01,Kopi Sachet Gula Aren,Minuman Sachet,3,2000,1700,0,6000
STRX-260620-1562,SMB03,Tepung Beras,Sembako,1,4000,3300,0,4000
STRX-260620-1562,SNK01,Chitato,Snack,1,1700,1800,300,1700
STRX-260620-1562,SMB01,Gula Pasir 1kg,Sembako,1,15500,13500,0,15500
STRX-260620-1562,SMB02,Minyak Goreng 1L,Sembako,1,14250,13500,750,14250
STRX-260620-1563,SNK03,Chocolatos,Snack,2,1500,1000,0,3000
STRX-260620-1563,MSC02,Milo Sachet,Minuman Sachet,5,1000,700,0,5000
STRX-260620-1564,MSC01,Kopi Sachet Gula Aren,Minuman Sachet,2,2000,1700,0,4000
STRX-260620-1564,PRW01,Shampoo Sachet,Perawatan Tubuh,1,1000,500,0,1000
STRX-260620-1564,MNM02,Teh Pucuk Harum,Minuman,1,4000,3000,0,4000
STRX-260620-1564,KRT03,Sabun Cuci Baju,Kebutuhan RT,1,5000,4500,0,5000
STRX-260620-1565,RKK01,Rokok Sampoerna,Rokok,2,27000,24000,0,54000
STRX-260620-1566,RKK01,Rokok Sampoerna,Rokok,4,27000,24000,0,108000
STRX-260620-1566,MIE01,Indomie Goreng,Mie Instan,3,2850,2500,150,8550
STRX-260620-1566,BMB01,Masako Ayam,Bumbu Dapur,2,5000,4500,0,10000
STRX-260620-1567,MSC02,Milo Sachet,Minuman Sachet,1,1000,700,0,1000
STRX-260620-1567,SMB03,Tepung Beras,Sembako,1,3600,3300,400,3600
STRX-260620-1567,BMB01,Masako Ayam,Bumbu Dapur,2,5000,4500,0,10000
STRX-260620-1568,MNM04,Pocari Sweat,Minuman,2,5000,4000,0,10000
STRX-260620-1568,MIE04,Mie Sedap Cup Soto,Mie Instan,1,5500,4500,0,5500
STRX-260620-1569,SMB04,Kecap Manis,Sembako,3,4000,3300,0,12000
STRX-260620-1569,MSC01,Kopi Sachet Gula Aren,Minuman Sachet,1,2000,1700,0,2000
STRX-260620-1569,SMB02,Minyak Goreng 1L,Sembako,2,15000,13500,0,30000
STRX-260620-1570,MSC02,Milo Sachet,Minuman Sachet,2,1000,700,0,2000
STRX-260620-1570,MIE01,Indomie Goreng,Mie Instan,4,3000,2500,0,12000
STRX-260620-1570,BMB01,Masako Ayam,Bumbu Dapur,5,5000,4500,0,25000
STRX-260620-1570,MNM02,Teh Pucuk Harum,Minuman,2,4000,3000,0,8000
STRX-260620-1571,MSC02,Milo Sachet,Minuman Sachet,1,1000,700,0,1000
STRX-260620-1571,MNM04,Pocari Sweat,Minuman,1,5000,4000,0,5000
STRX-260620-1572,MSC02,Milo Sachet,Minuman Sachet,5,1000,700,0,5000
STRX-260620-1572,SNK01,Chitato,Snack,1,2000,1800,0,2000
STRX-260620-1572,BMB01,Masako Ayam,Bumbu Dapur,3,5000,4500,0,15000
STRX-260620-1572,KRT03,Sabun Cuci Baju,Kebutuhan RT,2,5000,4500,0,10000
STRX-260620-1573,SMB02,Minyak Goreng 1L,Sembako,1,15000,13500,0,15000
STRX-260620-1573,BMB01,Masako Ayam,Bumbu Dapur,3,5000,4500,0,15000
STRX-260620-1574,SMB04,Kecap Manis,Sembako,2,4000,3300,0,8000
STRX-260620-1574,MNM01,Aqua Botol 600ml,Minuman,2,4000,3000,0,8000
STRX-260620-1574,MIE02,Mie Sedap Goreng,Mie Instan,2,3000,2500,0,6000
STRX-260620-1575,RKK01,Rokok Sampoerna,Rokok,4,27000,24000,0,108000
STRX-260620-1576,SMB04,Kecap Manis,Sembako,1,4000,3300,0,4000
STRX-260620-1576,MNM04,Pocari Sweat,Minuman,1,5000,4000,0,5000
STRX-260620-1576,MIE01,Indomie Goreng,Mie Instan,3,3000,2500,0,9000
STRX-260620-1576,SMB03,Tepung Beras,Sembako,1,4000,3300,0,4000
STRX-260620-1577,MSC01,Kopi Sachet Gula Aren,Minuman Sachet,1,2000,1700,0,2000
STRX-260620-1577,PRW01,Shampoo Sachet,Perawatan Tubuh,1,1000,500,0,1000
STRX-260620-1577,MIE02,Mie Sedap Goreng,Mie Instan,3,3000,2500,0,9000
STRX-260620-1577,GAS01,Gas LPG 3kg,Kebutuhan Dapur,1,23000,20000,0,23000
STRX-260620-1578,SMB01,Gula Pasir 1kg,Sembako,2,15500,13500,0,31000
STRX-260620-1578,SMB02,Minyak Goreng 1L,Sembako,1,15000,13500,0,15000
STRX-260620-1579,SMB02,Minyak Goreng 1L,Sembako,2,15000,13500,0,30000
STRX-260620-1579,MIE02,Mie Sedap Goreng,Mie Instan,1,3000,2500,0,3000
STRX-260620-1579,MNM01,Aqua Botol 600ml,Minuman,3,4000,3000,0,12000
STRX-260620-1579,MIE01,Indomie Goreng,Mie Instan,2,2700,2500,300,5400
STRX-260620-1580,MSC02,Milo Sachet,Minuman Sachet,1,1000,700,0,1000
STRX-260620-1580,MIE02,Mie Sedap Goreng,Mie Instan,2,3000,2500,0,6000
STRX-260620-1581,MNM01,Aqua Botol 600ml,Minuman,5,4000,3000,0,20000
STRX-260620-1581,KRT01,Rinso Anti Noda Sachet,Kebutuhan RT,2,1500,1200,0,3000
STRX-260620-1582,MSC02,Milo Sachet,Minuman Sachet,1,1000,700,0,1000
STRX-260620-1582,RKK01,Rokok Sampoerna,Rokok,4,27000,24000,0,108000
STRX-260621-1583,MSC02,Milo Sachet,Minuman Sachet,4,1000,700,0,4000
STRX-260621-1583,SNK01,Chitato,Snack,2,2000,1800,0,4000
STRX-260621-1583,BMB01,Masako Ayam,Bumbu Dapur,1,5000,4500,0,5000
STRX-260621-1583,MIE01,Indomie Goreng,Mie Instan,2,3000,2500,0,6000
STRX-260621-1583,MIE02,Mie Sedap Goreng,Mie Instan,1,3000,2500,0,3000
STRX-260621-1584,MIE02,Mie Sedap Goreng,Mie Instan,1,3000,2500,0,3000
STRX-260621-1584,MNM01,Aqua Botol 600ml,Minuman,4,4000,3000,0,16000
STRX-260621-1584,SMB02,Minyak Goreng 1L,Sembako,1,15000,13500,0,15000
STRX-260621-1584,MNM04,Pocari Sweat,Minuman,2,5000,4000,0,10000
STRX-260621-1585,MIE02,Mie Sedap Goreng,Mie Instan,2,3000,2500,0,6000
STRX-260621-1585,KRT03,Sabun Cuci Baju,Kebutuhan RT,1,5000,4500,0,5000
STRX-260621-1585,SNK02,Better Caramel,Snack,2,2000,1600,0,4000
STRX-260621-1585,MNM01,Aqua Botol 600ml,Minuman,3,4000,3000,0,12000
STRX-260621-1585,RKK01,Rokok Sampoerna,Rokok,4,27000,24000,0,108000
STRX-260621-1586,MSC01,Kopi Sachet Gula Aren,Minuman Sachet,2,2000,1700,0,4000
STRX-260621-1586,PRW01,Shampoo Sachet,Perawatan Tubuh,2,1000,500,0,2000
STRX-260621-1587,MIE03,Mie Sedap Soto Ayam,Mie Instan,2,3500,2750,0,7000
STRX-260621-1587,SMB03,Tepung Beras,Sembako,3,4000,3300,0,12000
STRX-260621-1588,BMB01,Masako Ayam,Bumbu Dapur,2,5000,4500,0,10000
STRX-260621-1588,MNM03,Fanta 390ml,Minuman,2,5000,4000,0,10000
STRX-260621-1588,KRT01,Rinso Anti Noda Sachet,Kebutuhan RT,1,1500,1200,0,1500
STRX-260621-1589,MIE02,Mie Sedap Goreng,Mie Instan,3,3000,2500,0,9000
STRX-260621-1589,MNM02,Teh Pucuk Harum,Minuman,1,4000,3000,0,4000
STRX-260621-1589,PRW01,Shampoo Sachet,Perawatan Tubuh,3,1000,500,0,3000
STRX-260621-1589,MIE01,Indomie Goreng,Mie Instan,5,3000,2500,0,15000
STRX-260621-1590,SNK03,Chocolatos,Snack,1,1500,1000,0,1500
STRX-260621-1591,RKK01,Rokok Sampoerna,Rokok,1,27000,24000,0,27000
STRX-260621-1591,SMB02,Minyak Goreng 1L,Sembako,1,15000,13500,0,15000
STRX-260621-1592,MSC02,Milo Sachet,Minuman Sachet,2,1000,700,0,2000
STRX-260621-1593,MIE01,Indomie Goreng,Mie Instan,2,3000,2500,0,6000
STRX-260621-1594,MIE02,Mie Sedap Goreng,Mie Instan,3,3000,2500,0,9000
STRX-260621-1594,KRT01,Rinso Anti Noda Sachet,Kebutuhan RT,2,1500,1200,0,3000
STRX-260621-1595,MSC02,Milo Sachet,Minuman Sachet,1,1000,700,0,1000
STRX-260621-1595,RKK01,Rokok Sampoerna,Rokok,4,22950,24000,4050,91800
STRX-260621-1595,SMB02,Minyak Goreng 1L,Sembako,1,15000,13500,0,15000
STRX-260621-1595,MNM03,Fanta 390ml,Minuman,2,5000,4000,0,10000
STRX-260621-1596,MSC01,Kopi Sachet Gula Aren,Minuman Sachet,1,2000,1700,0,2000
STRX-260621-1596,MNM01,Aqua Botol 600ml,Minuman,1,4000,3000,0,4000
STRX-260622-1597,MNM01,Aqua Botol 600ml,Minuman,1,4000,3000,0,4000
STRX-260622-1597,MIE01,Indomie Goreng,Mie Instan,2,3000,2500,0,6000
STRX-260622-1598,MIE01,Indomie Goreng,Mie Instan,1,3000,2500,0,3000
STRX-260622-1599,KRT02,Sunlight Cuci Piring,Kebutuhan RT,2,10000,9000,0,20000
STRX-260622-1599,MIE02,Mie Sedap Goreng,Mie Instan,2,3000,2500,0,6000
STRX-260622-1600,MNM04,Pocari Sweat,Minuman,3,5000,4000,0,15000
STRX-260622-1600,MSC02,Milo Sachet,Minuman Sachet,1,1000,700,0,1000
STRX-260622-1600,SMB04,Kecap Manis,Sembako,1,4000,3300,0,4000
STRX-260622-1601,SMB01,Gula Pasir 1kg,Sembako,1,15500,13500,0,15500
STRX-260622-1601,MSC02,Milo Sachet,Minuman Sachet,2,1000,700,0,2000
STRX-260622-1601,MSC01,Kopi Sachet Gula Aren,Minuman Sachet,4,2000,1700,0,8000
STRX-260622-1602,MIE01,Indomie Goreng,Mie Instan,2,3000,2500,0,6000
STRX-260622-1602,MSC02,Milo Sachet,Minuman Sachet,1,1000,700,0,1000
STRX-260622-1603,KRT03,Sabun Cuci Baju,Kebutuhan RT,2,5000,4500,0,10000
STRX-260622-1603,RKK01,Rokok Sampoerna,Rokok,2,27000,24000,0,54000
STRX-260622-1604,PRW01,Shampoo Sachet,Perawatan Tubuh,1,1000,500,0,1000
STRX-260622-1604,MNM02,Teh Pucuk Harum,Minuman,1,4000,3000,0,4000
STRX-260622-1605,SNK02,Better Caramel,Snack,1,2000,1600,0,2000
STRX-260622-1605,SNK03,Chocolatos,Snack,1,1500,1000,0,1500
STRX-260622-1605,KRT01,Rinso Anti Noda Sachet,Kebutuhan RT,2,1500,1200,0,3000
STRX-260622-1605,MIE02,Mie Sedap Goreng,Mie Instan,4,3000,2500,0,12000
STRX-260622-1605,SMB02,Minyak Goreng 1L,Sembako,1,15000,13500,0,15000
STRX-260622-1606,SNK03,Chocolatos,Snack,2,1500,1000,0,3000
STRX-260622-1606,MSC02,Milo Sachet,Minuman Sachet,1,1000,700,0,1000
STRX-260622-1607,MIE01,Indomie Goreng,Mie Instan,3,3000,2500,0,9000
STRX-260622-1607,MIE02,Mie Sedap Goreng,Mie Instan,5,3000,2500,0,15000
STRX-260622-1607,PRW01,Shampoo Sachet,Perawatan Tubuh,1,1000,500,0,1000
STRX-260622-1608,MIE01,Indomie Goreng,Mie Instan,3,3000,2500,0,9000
STRX-260622-1608,MSC01,Kopi Sachet Gula Aren,Minuman Sachet,4,2000,1700,0,8000
STRX-260622-1609,PRW01,Shampoo Sachet,Perawatan Tubuh,1,1000,500,0,1000
STRX-260622-1610,MSC02,Milo Sachet,Minuman Sachet,4,1000,700,0,4000
STRX-260622-1610,BMB01,Masako Ayam,Bumbu Dapur,2,5000,4500,0,10000
STRX-260622-1611,SMB02,Minyak Goreng 1L,Sembako,2,15000,13500,0,30000
STRX-260622-1612,MIE03,Mie Sedap Soto Ayam,Mie Instan,3,3500,2750,0,10500
STRX-260622-1612,KRT03,Sabun Cuci Baju,Kebutuhan RT,1,4250,4500,750,4250
STRX-260622-1613,MNM01,Aqua Botol 600ml,Minuman,3,4000,3000,0,12000
STRX-260622-1613,SMB02,Minyak Goreng 1L,Sembako,2,15000,13500,0,30000
STRX-260622-1614,MIE03,Mie Sedap Soto Ayam,Mie Instan,1,3500,2750,0,3500
STRX-260622-1614,MNM02,Teh Pucuk Harum,Minuman,1,4000,3000,0,4000
STRX-260622-1615,RKK01,Rokok Sampoerna,Rokok,4,27000,24000,0,108000
STRX-260622-1615,SMB03,Tepung Beras,Sembako,1,3400,3300,600,3400
STRX-260622-1616,PRW01,Shampoo Sachet,Perawatan Tubuh,1,1000,500,0,1000
STRX-260622-1616,MSC01,Kopi Sachet Gula Aren,Minuman Sachet,1,2000,1700,0,2000
STRX-260622-1617,MNM01,Aqua Botol 600ml,Minuman,3,4000,3000,0,12000
STRX-260622-1617,MIE01,Indomie Goreng,Mie Instan,1,3000,2500,0,3000
STRX-260622-1618,MIE02,Mie Sedap Goreng,Mie Instan,3,3000,2500,0,9000
STRX-260622-1619,MSC02,Milo Sachet,Minuman Sachet,2,1000,700,0,2000
STRX-260622-1619,MNM01,Aqua Botol 600ml,Minuman,1,4000,3000,0,4000
STRX-260623-1620,MIE01,Indomie Goreng,Mie Instan,2,3000,2500,0,6000
STRX-260623-1620,MNM01,Aqua Botol 600ml,Minuman,3,4000,3000,0,12000
STRX-260623-1620,SNK02,Better Caramel,Snack,1,2000,1600,0,2000
STRX-260623-1620,MNM02,Teh Pucuk Harum,Minuman,2,4000,3000,0,8000
STRX-260623-1621,RKK01,Rokok Sampoerna,Rokok,2,27000,24000,0,54000
STRX-260623-1621,MIE03,Mie Sedap Soto Ayam,Mie Instan,5,3500,2750,0,17500
STRX-260623-1621,MIE01,Indomie Goreng,Mie Instan,3,3000,2500,0,9000
STRX-260623-1621,SMB04,Kecap Manis,Sembako,1,4000,3300,0,4000
STRX-260623-1622,MNM01,Aqua Botol 600ml,Minuman,1,4000,3000,0,4000
STRX-260623-1622,SMB01,Gula Pasir 1kg,Sembako,2,15500,13500,0,31000
STRX-260623-1623,SMB01,Gula Pasir 1kg,Sembako,1,15500,13500,0,15500
STRX-260623-1623,MNM01,Aqua Botol 600ml,Minuman,2,4000,3000,0,8000
STRX-260623-1623,MSC01,Kopi Sachet Gula Aren,Minuman Sachet,2,2000,1700,0,4000
STRX-260623-1624,MNM01,Aqua Botol 600ml,Minuman,1,4000,3000,0,4000
STRX-260623-1624,MIE02,Mie Sedap Goreng,Mie Instan,1,3000,2500,0,3000
STRX-260623-1624,BMB01,Masako Ayam,Bumbu Dapur,2,5000,4500,0,10000
STRX-260623-1625,PRW01,Shampoo Sachet,Perawatan Tubuh,1,1000,500,0,1000
STRX-260623-1625,MSC01,Kopi Sachet Gula Aren,Minuman Sachet,3,2000,1700,0,6000
STRX-260623-1625,MSC02,Milo Sachet,Minuman Sachet,1,1000,700,0,1000
STRX-260623-1626,MNM01,Aqua Botol 600ml,Minuman,1,4000,3000,0,4000
STRX-260623-1627,MNM01,Aqua Botol 600ml,Minuman,1,4000,3000,0,4000
STRX-260623-1628,MNM04,Pocari Sweat,Minuman,2,5000,4000,0,10000
STRX-260623-1628,KRT03,Sabun Cuci Baju,Kebutuhan RT,1,5000,4500,0,5000
STRX-260623-1629,MIE04,Mie Sedap Cup Soto,Mie Instan,3,5500,4500,0,16500
STRX-260623-1629,MIE02,Mie Sedap Goreng,Mie Instan,2,3000,2500,0,6000
STRX-260623-1630,MIE01,Indomie Goreng,Mie Instan,1,3000,2500,0,3000
STRX-260623-1630,MSC01,Kopi Sachet Gula Aren,Minuman Sachet,4,2000,1700,0,8000
STRX-260623-1631,MIE02,Mie Sedap Goreng,Mie Instan,1,3000,2500,0,3000
STRX-260623-1631,KRT03,Sabun Cuci Baju,Kebutuhan RT,2,5000,4500,0,10000
STRX-260623-1632,MSC01,Kopi Sachet Gula Aren,Minuman Sachet,3,2000,1700,0,6000
STRX-260623-1632,MNM03,Fanta 390ml,Minuman,1,5000,4000,0,5000
STRX-260623-1633,MNM03,Fanta 390ml,Minuman,1,4250,4000,750,4250
STRX-260623-1633,KRT03,Sabun Cuci Baju,Kebutuhan RT,1,5000,4500,0,5000
STRX-260623-1633,MIE03,Mie Sedap Soto Ayam,Mie Instan,1,3500,2750,0,3500
STRX-260623-1634,BMB01,Masako Ayam,Bumbu Dapur,3,5000,4500,0,15000
STRX-260623-1634,MNM03,Fanta 390ml,Minuman,1,5000,4000,0,5000
STRX-260624-1635,SMB01,Gula Pasir 1kg,Sembako,1,15500,13500,0,15500
STRX-260624-1636,MSC02,Milo Sachet,Minuman Sachet,4,1000,700,0,4000
STRX-260624-1637,SNK02,Better Caramel,Snack,2,2000,1600,0,4000
STRX-260624-1638,MSC01,Kopi Sachet Gula Aren,Minuman Sachet,3,2000,1700,0,6000
STRX-260624-1638,MIE02,Mie Sedap Goreng,Mie Instan,5,3000,2500,0,15000
STRX-260624-1639,MSC01,Kopi Sachet Gula Aren,Minuman Sachet,1,2000,1700,0,2000
STRX-260624-1640,MIE04,Mie Sedap Cup Soto,Mie Instan,1,5500,4500,0,5500
STRX-260624-1640,MNM01,Aqua Botol 600ml,Minuman,2,4000,3000,0,8000
STRX-260624-1641,MNM01,Aqua Botol 600ml,Minuman,3,3800,3000,200,11400
STRX-260624-1642,MIE02,Mie Sedap Goreng,Mie Instan,2,3000,2500,0,6000
STRX-260624-1643,RKK01,Rokok Sampoerna,Rokok,4,27000,24000,0,108000
STRX-260624-1643,SNK03,Chocolatos,Snack,1,1500,1000,0,1500
STRX-260624-1644,RKK01,Rokok Sampoerna,Rokok,2,27000,24000,0,54000
STRX-260624-1644,MIE01,Indomie Goreng,Mie Instan,1,3000,2500,0,3000
STRX-260624-1645,MNM02,Teh Pucuk Harum,Minuman,3,4000,3000,0,12000
STRX-260624-1645,BMB01,Masako Ayam,Bumbu Dapur,4,5000,4500,0,20000
STRX-260624-1645,SMB03,Tepung Beras,Sembako,1,4000,3300,0,4000
STRX-260624-1646,KRT01,Rinso Anti Noda Sachet,Kebutuhan RT,1,1500,1200,0,1500
STRX-260624-1647,KRT03,Sabun Cuci Baju,Kebutuhan RT,1,5000,4500,0,5000
STRX-260624-1647,BMB01,Masako Ayam,Bumbu Dapur,1,5000,4500,0,5000
STRX-260624-1648,MNM01,Aqua Botol 600ml,Minuman,1,4000,3000,0,4000
STRX-260624-1649,MNM01,Aqua Botol 600ml,Minuman,3,4000,3000,0,12000
STRX-260624-1650,BMB01,Masako Ayam,Bumbu Dapur,1,5000,4500,0,5000
STRX-260624-1650,SMB01,Gula Pasir 1kg,Sembako,2,15500,13500,0,31000
STRX-260624-1651,MIE01,Indomie Goreng,Mie Instan,4,3000,2500,0,12000
STRX-260624-1651,MSC02,Milo Sachet,Minuman Sachet,3,1000,700,0,3000
STRX-260624-1651,MIE02,Mie Sedap Goreng,Mie Instan,1,3000,2500,0,3000
STRX-260625-1652,SNK03,Chocolatos,Snack,2,1500,1000,0,3000
STRX-260625-1652,SMB02,Minyak Goreng 1L,Sembako,2,15000,13500,0,30000
STRX-260625-1652,MNM04,Pocari Sweat,Minuman,1,5000,4000,0,5000
STRX-260625-1652,MNM02,Teh Pucuk Harum,Minuman,1,4000,3000,0,4000
STRX-260625-1653,MNM01,Aqua Botol 600ml,Minuman,4,4000,3000,0,16000
STRX-260625-1654,MNM02,Teh Pucuk Harum,Minuman,2,4000,3000,0,8000
STRX-260625-1654,SNK02,Better Caramel,Snack,1,2000,1600,0,2000
STRX-260625-1654,SMB04,Kecap Manis,Sembako,2,4000,3300,0,8000
STRX-260625-1654,BMB01,Masako Ayam,Bumbu Dapur,4,5000,4500,0,20000
STRX-260625-1655,MIE02,Mie Sedap Goreng,Mie Instan,2,3000,2500,0,6000
STRX-260625-1655,KRT03,Sabun Cuci Baju,Kebutuhan RT,1,5000,4500,0,5000
STRX-260625-1655,MNM01,Aqua Botol 600ml,Minuman,1,4000,3000,0,4000
STRX-260625-1656,MIE04,Mie Sedap Cup Soto,Mie Instan,3,5500,4500,0,16500
STRX-260625-1656,MNM01,Aqua Botol 600ml,Minuman,1,4000,3000,0,4000
STRX-260625-1656,MNM04,Pocari Sweat,Minuman,1,5000,4000,0,5000
STRX-260625-1657,SMB04,Kecap Manis,Sembako,1,4000,3300,0,4000
STRX-260625-1657,PRW01,Shampoo Sachet,Perawatan Tubuh,1,1000,500,0,1000
STRX-260625-1658,SNK01,Chitato,Snack,2,2000,1800,0,4000
STRX-260625-1658,SMB02,Minyak Goreng 1L,Sembako,1,15000,13500,0,15000
STRX-260625-1658,BMB01,Masako Ayam,Bumbu Dapur,3,5000,4500,0,15000
STRX-260625-1658,PRW01,Shampoo Sachet,Perawatan Tubuh,1,1000,500,0,1000
STRX-260625-1659,RKK01,Rokok Sampoerna,Rokok,3,27000,24000,0,81000
STRX-260625-1659,MIE01,Indomie Goreng,Mie Instan,1,3000,2500,0,3000
STRX-260625-1659,MIE03,Mie Sedap Soto Ayam,Mie Instan,2,3500,2750,0,7000
STRX-260625-1660,MIE01,Indomie Goreng,Mie Instan,1,3000,2500,0,3000
STRX-260625-1660,SMB01,Gula Pasir 1kg,Sembako,2,15500,13500,0,31000
STRX-260625-1660,KRT03,Sabun Cuci Baju,Kebutuhan RT,1,5000,4500,0,5000
STRX-260625-1661,SNK01,Chitato,Snack,1,2000,1800,0,2000
STRX-260625-1661,SMB01,Gula Pasir 1kg,Sembako,3,13175,13500,2325,39525
STRX-260625-1661,MNM04,Pocari Sweat,Minuman,2,5000,4000,0,10000
STRX-260625-1661,MIE02,Mie Sedap Goreng,Mie Instan,2,3000,2500,0,6000
STRX-260625-1662,MIE01,Indomie Goreng,Mie Instan,3,3000,2500,0,9000
STRX-260625-1663,SNK02,Better Caramel,Snack,2,2000,1600,0,4000
STRX-260625-1664,MNM01,Aqua Botol 600ml,Minuman,2,4000,3000,0,8000
STRX-260625-1664,MSC02,Milo Sachet,Minuman Sachet,1,1000,700,0,1000
STRX-260625-1664,MIE02,Mie Sedap Goreng,Mie Instan,2,3000,2500,0,6000
STRX-260625-1664,GAS01,Gas LPG 3kg,Kebutuhan Dapur,1,23000,20000,0,23000
STRX-260625-1665,MNM01,Aqua Botol 600ml,Minuman,1,4000,3000,0,4000
STRX-260625-1666,BMB01,Masako Ayam,Bumbu Dapur,4,5000,4500,0,20000
STRX-260625-1666,MIE01,Indomie Goreng,Mie Instan,3,3000,2500,0,9000
STRX-260625-1666,MIE03,Mie Sedap Soto Ayam,Mie Instan,1,3500,2750,0,3500
STRX-260626-1667,MNM02,Teh Pucuk Harum,Minuman,1,4000,3000,0,4000
STRX-260626-1667,RKK01,Rokok Sampoerna,Rokok,3,27000,24000,0,81000
STRX-260626-1668,SMB03,Tepung Beras,Sembako,1,4000,3300,0,4000
STRX-260626-1668,RKK01,Rokok Sampoerna,Rokok,2,27000,24000,0,54000
STRX-260626-1669,SNK02,Better Caramel,Snack,2,2000,1600,0,4000
STRX-260626-1669,SMB02,Minyak Goreng 1L,Sembako,1,15000,13500,0,15000
STRX-260626-1669,MIE03,Mie Sedap Soto Ayam,Mie Instan,1,3500,2750,0,3500
STRX-260626-1670,SMB03,Tepung Beras,Sembako,1,4000,3300,0,4000
STRX-260626-1671,KRT03,Sabun Cuci Baju,Kebutuhan RT,3,5000,4500,0,15000
STRX-260626-1671,MNM04,Pocari Sweat,Minuman,1,5000,4000,0,5000
STRX-260626-1672,MNM04,Pocari Sweat,Minuman,2,5000,4000,0,10000
STRX-260626-1672,MNM01,Aqua Botol 600ml,Minuman,3,3600,3000,400,10800
STRX-260626-1673,BMB01,Masako Ayam,Bumbu Dapur,1,5000,4500,0,5000
STRX-260626-1673,MNM02,Teh Pucuk Harum,Minuman,1,4000,3000,0,4000
STRX-260626-1674,KRT03,Sabun Cuci Baju,Kebutuhan RT,1,5000,4500,0,5000
STRX-260626-1674,SNK01,Chitato,Snack,1,2000,1800,0,2000
STRX-260626-1675,BMB01,Masako Ayam,Bumbu Dapur,1,5000,4500,0,5000
STRX-260626-1676,MIE03,Mie Sedap Soto Ayam,Mie Instan,2,3500,2750,0,7000
STRX-260626-1677,MNM03,Fanta 390ml,Minuman,2,5000,4000,0,10000
STRX-260626-1677,KRT03,Sabun Cuci Baju,Kebutuhan RT,1,5000,4500,0,5000
STRX-260626-1678,MSC02,Milo Sachet,Minuman Sachet,3,1000,700,0,3000
STRX-260626-1678,PRW01,Shampoo Sachet,Perawatan Tubuh,1,1000,500,0,1000
STRX-260626-1679,MIE02,Mie Sedap Goreng,Mie Instan,2,3000,2500,0,6000
STRX-260626-1680,SMB01,Gula Pasir 1kg,Sembako,2,15500,13500,0,31000
STRX-260626-1681,SMB04,Kecap Manis,Sembako,1,4000,3300,0,4000
STRX-260626-1682,MIE02,Mie Sedap Goreng,Mie Instan,2,3000,2500,0,6000
STRX-260626-1682,RKK01,Rokok Sampoerna,Rokok,2,27000,24000,0,54000
STRX-260626-1683,MSC02,Milo Sachet,Minuman Sachet,1,1000,700,0,1000
STRX-260626-1683,SMB03,Tepung Beras,Sembako,1,4000,3300,0,4000
STRX-260626-1683,MNM01,Aqua Botol 600ml,Minuman,1,4000,3000,0,4000
STRX-260626-1684,MNM03,Fanta 390ml,Minuman,2,5000,4000,0,10000
STRX-260626-1684,BMB01,Masako Ayam,Bumbu Dapur,3,5000,4500,0,15000
STRX-260626-1684,RKK01,Rokok Sampoerna,Rokok,3,27000,24000,0,81000
STRX-260626-1684,KRT03,Sabun Cuci Baju,Kebutuhan RT,3,5000,4500,0,15000
STRX-260626-1685,MNM01,Aqua Botol 600ml,Minuman,2,4000,3000,0,8000
STRX-260626-1685,MIE01,Indomie Goreng,Mie Instan,1,3000,2500,0,3000
STRX-260626-1686,MIE02,Mie Sedap Goreng,Mie Instan,2,3000,2500,0,6000
STRX-260626-1686,MSC02,Milo Sachet,Minuman Sachet,5,1000,700,0,5000
STRX-260626-1687,KRT03,Sabun Cuci Baju,Kebutuhan RT,2,5000,4500,0,10000
STRX-260626-1687,MNM04,Pocari Sweat,Minuman,1,5000,4000,0,5000
STRX-260626-1687,MIE03,Mie Sedap Soto Ayam,Mie Instan,2,3500,2750,0,7000
STRX-260626-1688,MNM01,Aqua Botol 600ml,Minuman,2,4000,3000,0,8000
STRX-260626-1688,MSC01,Kopi Sachet Gula Aren,Minuman Sachet,3,2000,1700,0,6000
STRX-260626-1688,SMB01,Gula Pasir 1kg,Sembako,2,15500,13500,0,31000
STRX-260626-1689,MIE01,Indomie Goreng,Mie Instan,2,3000,2500,0,6000
STRX-260626-1689,BMB01,Masako Ayam,Bumbu Dapur,3,5000,4500,0,15000
STRX-260626-1689,RKK01,Rokok Sampoerna,Rokok,2,27000,24000,0,54000
STRX-260626-1689,MNM01,Aqua Botol 600ml,Minuman,1,4000,3000,0,4000
STRX-260626-1689,MSC01,Kopi Sachet Gula Aren,Minuman Sachet,3,2000,1700,0,6000
STRX-260626-1690,MNM01,Aqua Botol 600ml,Minuman,2,4000,3000,0,8000
STRX-260626-1690,MIE01,Indomie Goreng,Mie Instan,3,3000,2500,0,9000
STRX-260626-1690,KRT03,Sabun Cuci Baju,Kebutuhan RT,2,5000,4500,0,10000
STRX-260626-1690,MSC01,Kopi Sachet Gula Aren,Minuman Sachet,2,2000,1700,0,4000
STRX-260626-1691,SNK02,Better Caramel,Snack,2,2000,1600,0,4000
STRX-260626-1691,SNK01,Chitato,Snack,2,2000,1800,0,4000
STRX-260626-1691,BMB01,Masako Ayam,Bumbu Dapur,3,5000,4500,0,15000
STRX-260626-1692,MNM01,Aqua Botol 600ml,Minuman,2,4000,3000,0,8000
STRX-260626-1693,RKK01,Rokok Sampoerna,Rokok,3,27000,24000,0,81000
STRX-260626-1693,MNM03,Fanta 390ml,Minuman,1,5000,4000,0,5000
STRX-260626-1694,SNK03,Chocolatos,Snack,1,1500,1000,0,1500
STRX-260626-1694,KRT02,Sunlight Cuci Piring,Kebutuhan RT,1,10000,9000,0,10000
STRX-260626-1694,MIE01,Indomie Goreng,Mie Instan,2,3000,2500,0,6000
STRX-260626-1694,MNM02,Teh Pucuk Harum,Minuman,1,4000,3000,0,4000
STRX-260626-1695,MIE03,Mie Sedap Soto Ayam,Mie Instan,3,3500,2750,0,10500
STRX-260626-1696,MIE04,Mie Sedap Cup Soto,Mie Instan,1,5500,4500,0,5500
STRX-260626-1696,MIE01,Indomie Goreng,Mie Instan,2,3000,2500,0,6000
STRX-260626-1696,KRT01,Rinso Anti Noda Sachet,Kebutuhan RT,2,1500,1200,0,3000
STRX-260626-1696,PRW01,Shampoo Sachet,Perawatan Tubuh,2,1000,500,0,2000
STRX-260627-1697,MIE02,Mie Sedap Goreng,Mie Instan,2,3000,2500,0,6000
STRX-260627-1698,MNM02,Teh Pucuk Harum,Minuman,1,4000,3000,0,4000
STRX-260627-1699,KRT03,Sabun Cuci Baju,Kebutuhan RT,1,5000,4500,0,5000
STRX-260627-1699,PRW01,Shampoo Sachet,Perawatan Tubuh,1,1000,500,0,1000
STRX-260627-1700,SMB02,Minyak Goreng 1L,Sembako,1,15000,13500,0,15000
STRX-260627-1700,MIE02,Mie Sedap Goreng,Mie Instan,4,3000,2500,0,12000
STRX-260627-1700,RKK01,Rokok Sampoerna,Rokok,3,24300,24000,2700,72900
STRX-260627-1701,SNK02,Better Caramel,Snack,2,2000,1600,0,4000
STRX-260627-1701,MIE02,Mie Sedap Goreng,Mie Instan,2,3000,2500,0,6000
STRX-260627-1701,MNM01,Aqua Botol 600ml,Minuman,2,4000,3000,0,8000
STRX-260627-1702,MNM04,Pocari Sweat,Minuman,1,5000,4000,0,5000
STRX-260627-1702,MIE01,Indomie Goreng,Mie Instan,1,3000,2500,0,3000
STRX-260627-1702,KRT03,Sabun Cuci Baju,Kebutuhan RT,2,4500,4500,500,9000
STRX-260627-1703,MIE02,Mie Sedap Goreng,Mie Instan,2,3000,2500,0,6000
STRX-260627-1703,MSC01,Kopi Sachet Gula Aren,Minuman Sachet,4,2000,1700,0,8000
STRX-260627-1703,BMB01,Masako Ayam,Bumbu Dapur,4,5000,4500,0,20000
STRX-260627-1703,MNM01,Aqua Botol 600ml,Minuman,4,4000,3000,0,16000
STRX-260627-1704,BMB01,Masako Ayam,Bumbu Dapur,2,5000,4500,0,10000
STRX-260627-1705,MIE01,Indomie Goreng,Mie Instan,1,3000,2500,0,3000
STRX-260627-1705,KRT03,Sabun Cuci Baju,Kebutuhan RT,2,5000,4500,0,10000
STRX-260627-1706,MNM02,Teh Pucuk Harum,Minuman,2,4000,3000,0,8000
STRX-260627-1706,MNM01,Aqua Botol 600ml,Minuman,2,4000,3000,0,8000
STRX-260627-1707,KRT01,Rinso Anti Noda Sachet,Kebutuhan RT,1,1500,1200,0,1500
STRX-260627-1707,MNM04,Pocari Sweat,Minuman,1,5000,4000,0,5000
STRX-260627-1707,MIE03,Mie Sedap Soto Ayam,Mie Instan,3,3500,2750,0,10500
STRX-260627-1707,MNM03,Fanta 390ml,Minuman,1,4750,4000,250,4750
STRX-260627-1708,SMB04,Kecap Manis,Sembako,3,4000,3300,0,12000
STRX-260627-1709,MSC02,Milo Sachet,Minuman Sachet,2,1000,700,0,2000
STRX-260627-1709,MNM02,Teh Pucuk Harum,Minuman,1,4000,3000,0,4000
STRX-260627-1709,MIE01,Indomie Goreng,Mie Instan,2,3000,2500,0,6000
STRX-260627-1710,RKK01,Rokok Sampoerna,Rokok,4,27000,24000,0,108000
STRX-260627-1711,PRW01,Shampoo Sachet,Perawatan Tubuh,1,1000,500,0,1000
STRX-260627-1711,MIE04,Mie Sedap Cup Soto,Mie Instan,1,5500,4500,0,5500
STRX-260627-1712,MSC01,Kopi Sachet Gula Aren,Minuman Sachet,1,2000,1700,0,2000
STRX-260627-1712,MIE02,Mie Sedap Goreng,Mie Instan,2,3000,2500,0,6000
STRX-260627-1713,MNM04,Pocari Sweat,Minuman,1,5000,4000,0,5000
STRX-260627-1713,SNK01,Chitato,Snack,1,2000,1800,0,2000
STRX-260627-1714,MNM02,Teh Pucuk Harum,Minuman,1,3800,3000,200,3800
STRX-260627-1714,MIE02,Mie Sedap Goreng,Mie Instan,1,3000,2500,0,3000
STRX-260627-1714,KRT02,Sunlight Cuci Piring,Kebutuhan RT,1,10000,9000,0,10000
STRX-260627-1714,MSC01,Kopi Sachet Gula Aren,Minuman Sachet,3,2000,1700,0,6000
STRX-260627-1714,SMB02,Minyak Goreng 1L,Sembako,2,15000,13500,0,30000
STRX-260627-1715,MNM03,Fanta 390ml,Minuman,1,5000,4000,0,5000
STRX-260627-1715,BMB01,Masako Ayam,Bumbu Dapur,2,5000,4500,0,10000
STRX-260627-1715,SNK03,Chocolatos,Snack,1,1500,1000,0,1500
STRX-260627-1716,MIE01,Indomie Goreng,Mie Instan,2,3000,2500,0,6000
STRX-260627-1717,MIE02,Mie Sedap Goreng,Mie Instan,1,3000,2500,0,3000
STRX-260627-1717,SNK03,Chocolatos,Snack,2,1500,1000,0,3000
STRX-260627-1718,KRT03,Sabun Cuci Baju,Kebutuhan RT,1,5000,4500,0,5000
STRX-260627-1718,MNM03,Fanta 390ml,Minuman,1,5000,4000,0,5000
STRX-260627-1719,MIE02,Mie Sedap Goreng,Mie Instan,3,3000,2500,0,9000
STRX-260627-1719,SNK03,Chocolatos,Snack,3,1500,1000,0,4500
STRX-260627-1719,MIE01,Indomie Goreng,Mie Instan,2,3000,2500,0,6000
STRX-260627-1719,MSC01,Kopi Sachet Gula Aren,Minuman Sachet,1,1900,1700,100,1900
STRX-260627-1720,MIE02,Mie Sedap Goreng,Mie Instan,4,3000,2500,0,12000
STRX-260627-1720,SMB01,Gula Pasir 1kg,Sembako,1,15500,13500,0,15500
STRX-260627-1721,MNM03,Fanta 390ml,Minuman,1,5000,4000,0,5000
STRX-260627-1721,BMB01,Masako Ayam,Bumbu Dapur,4,5000,4500,0,20000
STRX-260627-1722,KRT02,Sunlight Cuci Piring,Kebutuhan RT,3,10000,9000,0,30000
STRX-260627-1722,MSC02,Milo Sachet,Minuman Sachet,3,1000,700,0,3000
STRX-260627-1722,MNM02,Teh Pucuk Harum,Minuman,2,4000,3000,0,8000
STRX-260627-1722,MNM01,Aqua Botol 600ml,Minuman,3,4000,3000,0,12000
STRX-260627-1723,SMB02,Minyak Goreng 1L,Sembako,2,15000,13500,0,30000
STRX-260627-1723,MIE01,Indomie Goreng,Mie Instan,4,3000,2500,0,12000
STRX-260627-1723,MNM01,Aqua Botol 600ml,Minuman,4,4000,3000,0,16000
STRX-260627-1723,MSC01,Kopi Sachet Gula Aren,Minuman Sachet,2,2000,1700,0,4000
STRX-260627-1724,MNM02,Teh Pucuk Harum,Minuman,1,4000,3000,0,4000
STRX-260627-1724,BMB01,Masako Ayam,Bumbu Dapur,1,5000,4500,0,5000
STRX-260627-1724,SNK01,Chitato,Snack,3,2000,1800,0,6000
STRX-260627-1724,MNM04,Pocari Sweat,Minuman,2,5000,4000,0,10000
STRX-260627-1725,MIE01,Indomie Goreng,Mie Instan,1,3000,2500,0,3000
STRX-260627-1726,MIE01,Indomie Goreng,Mie Instan,2,3000,2500,0,6000
STRX-260627-1726,SMB04,Kecap Manis,Sembako,3,4000,3300,0,12000
STRX-260627-1726,MIE02,Mie Sedap Goreng,Mie Instan,4,2550,2500,450,10200
STRX-260627-1726,PRW01,Shampoo Sachet,Perawatan Tubuh,2,1000,500,0,2000
STRX-260627-1727,MIE01,Indomie Goreng,Mie Instan,2,3000,2500,0,6000
STRX-260627-1727,MNM02,Teh Pucuk Harum,Minuman,1,4000,3000,0,4000
STRX-260627-1728,SMB04,Kecap Manis,Sembako,2,4000,3300,0,8000
STRX-260627-1728,KRT01,Rinso Anti Noda Sachet,Kebutuhan RT,1,1500,1200,0,1500
STRX-260627-1728,MIE03,Mie Sedap Soto Ayam,Mie Instan,3,3500,2750,0,10500
STRX-260627-1729,SNK01,Chitato,Snack,2,2000,1800,0,4000
STRX-260627-1729,MIE01,Indomie Goreng,Mie Instan,1,3000,2500,0,3000
STRX-260627-1730,MIE03,Mie Sedap Soto Ayam,Mie Instan,1,3500,2750,0,3500
STRX-260627-1730,MSC02,Milo Sachet,Minuman Sachet,4,1000,700,0,4000
STRX-260627-1730,MIE01,Indomie Goreng,Mie Instan,4,3000,2500,0,12000
STRX-260627-1730,SNK01,Chitato,Snack,1,2000,1800,0,2000
STRX-260627-1731,MNM02,Teh Pucuk Harum,Minuman,3,4000,3000,0,12000
STRX-260627-1731,MNM01,Aqua Botol 600ml,Minuman,2,4000,3000,0,8000
STRX-260628-1732,MIE04,Mie Sedap Cup Soto,Mie Instan,1,5500,4500,0,5500
STRX-260628-1732,RKK01,Rokok Sampoerna,Rokok,3,27000,24000,0,81000
STRX-260628-1733,PRW01,Shampoo Sachet,Perawatan Tubuh,1,1000,500,0,1000
STRX-260628-1734,SMB04,Kecap Manis,Sembako,1,4000,3300,0,4000
STRX-260628-1734,MIE04,Mie Sedap Cup Soto,Mie Instan,1,5500,4500,0,5500
STRX-260628-1734,MNM01,Aqua Botol 600ml,Minuman,1,4000,3000,0,4000
STRX-260628-1735,MSC02,Milo Sachet,Minuman Sachet,1,950,700,50,950
STRX-260628-1735,KRT02,Sunlight Cuci Piring,Kebutuhan RT,1,10000,9000,0,10000
STRX-260628-1735,BMB01,Masako Ayam,Bumbu Dapur,3,5000,4500,0,15000
STRX-260628-1736,MIE01,Indomie Goreng,Mie Instan,1,3000,2500,0,3000
STRX-260628-1736,SMB04,Kecap Manis,Sembako,2,4000,3300,0,8000
STRX-260628-1737,MNM02,Teh Pucuk Harum,Minuman,3,4000,3000,0,12000
STRX-260628-1737,GAS01,Gas LPG 3kg,Kebutuhan Dapur,1,23000,20000,0,23000
STRX-260628-1737,MSC02,Milo Sachet,Minuman Sachet,5,850,700,150,4250
STRX-260628-1737,MIE02,Mie Sedap Goreng,Mie Instan,2,2700,2500,300,5400
STRX-260628-1737,MNM04,Pocari Sweat,Minuman,3,4750,4000,250,14250
STRX-260628-1738,BMB01,Masako Ayam,Bumbu Dapur,3,5000,4500,0,15000
STRX-260628-1738,MNM03,Fanta 390ml,Minuman,1,5000,4000,0,5000
STRX-260628-1739,MIE02,Mie Sedap Goreng,Mie Instan,3,3000,2500,0,9000
STRX-260628-1739,SMB01,Gula Pasir 1kg,Sembako,1,15500,13500,0,15500
STRX-260628-1740,MSC02,Milo Sachet,Minuman Sachet,3,1000,700,0,3000
STRX-260628-1740,RKK01,Rokok Sampoerna,Rokok,3,27000,24000,0,81000
STRX-260628-1740,SMB01,Gula Pasir 1kg,Sembako,1,15500,13500,0,15500
STRX-260628-1740,MIE01,Indomie Goreng,Mie Instan,5,3000,2500,0,15000
STRX-260628-1741,MIE04,Mie Sedap Cup Soto,Mie Instan,1,5500,4500,0,5500
STRX-260628-1741,SNK01,Chitato,Snack,2,2000,1800,0,4000
STRX-260628-1741,MNM02,Teh Pucuk Harum,Minuman,1,4000,3000,0,4000
STRX-260628-1741,KRT02,Sunlight Cuci Piring,Kebutuhan RT,1,10000,9000,0,10000
STRX-260628-1742,SNK02,Better Caramel,Snack,1,2000,1600,0,2000
STRX-260628-1742,SMB02,Minyak Goreng 1L,Sembako,1,15000,13500,0,15000
STRX-260628-1742,MIE03,Mie Sedap Soto Ayam,Mie Instan,2,3500,2750,0,7000
STRX-260628-1743,MIE02,Mie Sedap Goreng,Mie Instan,2,3000,2500,0,6000
STRX-260628-1743,MNM01,Aqua Botol 600ml,Minuman,1,4000,3000,0,4000
STRX-260628-1744,GAS01,Gas LPG 3kg,Kebutuhan Dapur,1,23000,20000,0,23000
STRX-260628-1744,MNM01,Aqua Botol 600ml,Minuman,2,4000,3000,0,8000
STRX-260628-1744,MNM03,Fanta 390ml,Minuman,2,5000,4000,0,10000
STRX-260628-1744,MSC02,Milo Sachet,Minuman Sachet,4,1000,700,0,4000
STRX-260628-1745,BMB01,Masako Ayam,Bumbu Dapur,1,5000,4500,0,5000
STRX-260628-1745,MSC02,Milo Sachet,Minuman Sachet,1,1000,700,0,1000
STRX-260628-1745,SNK01,Chitato,Snack,2,2000,1800,0,4000
STRX-260628-1745,MNM01,Aqua Botol 600ml,Minuman,4,4000,3000,0,16000
STRX-260628-1746,PRW01,Shampoo Sachet,Perawatan Tubuh,1,1000,500,0,1000
STRX-260628-1746,MIE02,Mie Sedap Goreng,Mie Instan,3,3000,2500,0,9000
STRX-260628-1747,SNK01,Chitato,Snack,1,2000,1800,0,2000
STRX-260628-1748,MNM01,Aqua Botol 600ml,Minuman,4,4000,3000,0,16000
STRX-260628-1749,MNM03,Fanta 390ml,Minuman,1,5000,4000,0,5000
STRX-260628-1750,RKK01,Rokok Sampoerna,Rokok,3,24300,24000,2700,72900
STRX-260628-1750,MIE01,Indomie Goreng,Mie Instan,2,3000,2500,0,6000
STRX-260628-1750,SMB04,Kecap Manis,Sembako,2,4000,3300,0,8000
STRX-260628-1751,MNM02,Teh Pucuk Harum,Minuman,3,4000,3000,0,12000
STRX-260628-1751,MSC02,Milo Sachet,Minuman Sachet,1,1000,700,0,1000
STRX-260628-1752,MNM01,Aqua Botol 600ml,Minuman,2,3600,3000,400,7200
STRX-260628-1752,MIE01,Indomie Goreng,Mie Instan,2,3000,2500,0,6000
STRX-260628-1752,MSC01,Kopi Sachet Gula Aren,Minuman Sachet,1,2000,1700,0,2000
STRX-260628-1752,MIE02,Mie Sedap Goreng,Mie Instan,1,3000,2500,0,3000
STRX-260628-1753,MNM02,Teh Pucuk Harum,Minuman,1,4000,3000,0,4000
STRX-260628-1754,SMB04,Kecap Manis,Sembako,2,4000,3300,0,8000
STRX-260628-1755,MSC02,Milo Sachet,Minuman Sachet,2,1000,700,0,2000
STRX-260628-1755,MNM03,Fanta 390ml,Minuman,2,5000,4000,0,10000
STRX-260628-1755,MIE01,Indomie Goreng,Mie Instan,3,3000,2500,0,9000
STRX-260628-1755,SMB01,Gula Pasir 1kg,Sembako,1,15500,13500,0,15500
STRX-260628-1756,SMB01,Gula Pasir 1kg,Sembako,1,15500,13500,0,15500
STRX-260628-1756,MIE02,Mie Sedap Goreng,Mie Instan,4,3000,2500,0,12000
STRX-260628-1757,MIE01,Indomie Goreng,Mie Instan,1,3000,2500,0,3000
STRX-260628-1757,MNM01,Aqua Botol 600ml,Minuman,1,4000,3000,0,4000
STRX-260628-1757,SMB04,Kecap Manis,Sembako,3,4000,3300,0,12000
STRX-260629-1758,KRT01,Rinso Anti Noda Sachet,Kebutuhan RT,1,1500,1200,0,1500
STRX-260629-1758,SNK03,Chocolatos,Snack,1,1500,1000,0,1500
STRX-260629-1759,MIE02,Mie Sedap Goreng,Mie Instan,3,3000,2500,0,9000
STRX-260629-1759,MIE01,Indomie Goreng,Mie Instan,2,3000,2500,0,6000
STRX-260629-1760,GAS01,Gas LPG 3kg,Kebutuhan Dapur,1,23000,20000,0,23000
STRX-260629-1761,MIE01,Indomie Goreng,Mie Instan,2,3000,2500,0,6000
STRX-260629-1762,SNK03,Chocolatos,Snack,1,1500,1000,0,1500
STRX-260629-1763,BMB01,Masako Ayam,Bumbu Dapur,2,5000,4500,0,10000
STRX-260629-1763,MIE02,Mie Sedap Goreng,Mie Instan,1,3000,2500,0,3000
STRX-260629-1763,MSC01,Kopi Sachet Gula Aren,Minuman Sachet,1,1700,1700,300,1700
STRX-260629-1763,SNK03,Chocolatos,Snack,1,1500,1000,0,1500
STRX-260629-1764,KRT01,Rinso Anti Noda Sachet,Kebutuhan RT,1,1500,1200,0,1500
STRX-260629-1764,MSC01,Kopi Sachet Gula Aren,Minuman Sachet,2,2000,1700,0,4000
STRX-260629-1765,SMB02,Minyak Goreng 1L,Sembako,2,15000,13500,0,30000
STRX-260629-1765,MNM01,Aqua Botol 600ml,Minuman,3,4000,3000,0,12000
STRX-260629-1766,MSC02,Milo Sachet,Minuman Sachet,2,1000,700,0,2000
STRX-260629-1766,KRT01,Rinso Anti Noda Sachet,Kebutuhan RT,3,1500,1200,0,4500
STRX-260629-1766,SNK03,Chocolatos,Snack,1,1500,1000,0,1500
STRX-260629-1766,PRW01,Shampoo Sachet,Perawatan Tubuh,1,1000,500,0,1000
STRX-260629-1766,MIE03,Mie Sedap Soto Ayam,Mie Instan,2,3500,2750,0,7000
STRX-260629-1767,MIE01,Indomie Goreng,Mie Instan,2,3000,2500,0,6000
STRX-260629-1768,MIE04,Mie Sedap Cup Soto,Mie Instan,1,4675,4500,825,4675
STRX-260629-1768,KRT03,Sabun Cuci Baju,Kebutuhan RT,1,5000,4500,0,5000
STRX-260629-1769,MNM02,Teh Pucuk Harum,Minuman,1,4000,3000,0,4000
STRX-260629-1769,MSC01,Kopi Sachet Gula Aren,Minuman Sachet,1,2000,1700,0,2000
STRX-260629-1769,MSC02,Milo Sachet,Minuman Sachet,1,1000,700,0,1000
STRX-260629-1769,SMB01,Gula Pasir 1kg,Sembako,2,15500,13500,0,31000
STRX-260629-1769,MNM03,Fanta 390ml,Minuman,1,5000,4000,0,5000
STRX-260629-1770,MNM03,Fanta 390ml,Minuman,2,5000,4000,0,10000
STRX-260629-1771,MNM02,Teh Pucuk Harum,Minuman,2,4000,3000,0,8000
STRX-260629-1771,RKK01,Rokok Sampoerna,Rokok,2,27000,24000,0,54000
STRX-260629-1771,SMB02,Minyak Goreng 1L,Sembako,1,15000,13500,0,15000
STRX-260629-1772,MIE02,Mie Sedap Goreng,Mie Instan,4,3000,2500,0,12000
STRX-260629-1773,MIE02,Mie Sedap Goreng,Mie Instan,3,3000,2500,0,9000
STRX-260629-1773,MNM01,Aqua Botol 600ml,Minuman,2,4000,3000,0,8000
STRX-260629-1774,MSC02,Milo Sachet,Minuman Sachet,1,1000,700,0,1000
STRX-260629-1774,MSC01,Kopi Sachet Gula Aren,Minuman Sachet,3,2000,1700,0,6000
STRX-260629-1775,MIE02,Mie Sedap Goreng,Mie Instan,1,3000,2500,0,3000
STRX-260629-1776,MNM01,Aqua Botol 600ml,Minuman,2,4000,3000,0,8000
STRX-260629-1776,MNM02,Teh Pucuk Harum,Minuman,1,4000,3000,0,4000
STRX-260629-1777,MIE01,Indomie Goreng,Mie Instan,1,3000,2500,0,3000
STRX-260629-1777,SMB02,Minyak Goreng 1L,Sembako,2,15000,13500,0,30000
STRX-260629-1778,RKK01,Rokok Sampoerna,Rokok,4,27000,24000,0,108000
STRX-260629-1778,MIE01,Indomie Goreng,Mie Instan,1,3000,2500,0,3000
STRX-260629-1778,MIE02,Mie Sedap Goreng,Mie Instan,2,2700,2500,300,5400
STRX-260629-1779,RKK01,Rokok Sampoerna,Rokok,3,27000,24000,0,81000
STRX-260629-1779,BMB01,Masako Ayam,Bumbu Dapur,5,5000,4500,0,25000
STRX-260629-1780,PRW01,Shampoo Sachet,Perawatan Tubuh,1,1000,500,0,1000
STRX-260629-1780,SMB01,Gula Pasir 1kg,Sembako,2,15500,13500,0,31000
STRX-260629-1781,MIE01,Indomie Goreng,Mie Instan,1,3000,2500,0,3000
STRX-260629-1782,SMB01,Gula Pasir 1kg,Sembako,1,13950,13500,1550,13950
STRX-260629-1782,RKK01,Rokok Sampoerna,Rokok,3,27000,24000,0,81000
STRX-260629-1783,SMB04,Kecap Manis,Sembako,1,4000,3300,0,4000
STRX-260629-1784,BMB01,Masako Ayam,Bumbu Dapur,3,5000,4500,0,15000
STRX-260629-1784,MIE02,Mie Sedap Goreng,Mie Instan,1,2700,2500,300,2700
STRX-260629-1784,MSC01,Kopi Sachet Gula Aren,Minuman Sachet,4,2000,1700,0,8000
STRX-260629-1785,SNK01,Chitato,Snack,2,2000,1800,0,4000
STRX-260629-1785,MIE02,Mie Sedap Goreng,Mie Instan,3,3000,2500,0,9000
STRX-260629-1786,MIE01,Indomie Goreng,Mie Instan,5,3000,2500,0,15000
STRX-260629-1787,MIE01,Indomie Goreng,Mie Instan,5,3000,2500,0,15000
STRX-260629-1787,SMB04,Kecap Manis,Sembako,1,4000,3300,0,4000
STRX-260629-1787,MIE02,Mie Sedap Goreng,Mie Instan,1,3000,2500,0,3000
STRX-260629-1787,MNM01,Aqua Botol 600ml,Minuman,5,4000,3000,0,20000
STRX-260629-1787,RKK01,Rokok Sampoerna,Rokok,5,27000,24000,0,135000
STRX-260630-1788,KRT01,Rinso Anti Noda Sachet,Kebutuhan RT,1,1500,1200,0,1500
STRX-260630-1788,RKK01,Rokok Sampoerna,Rokok,2,27000,24000,0,54000
STRX-260630-1788,MIE01,Indomie Goreng,Mie Instan,4,3000,2500,0,12000
STRX-260630-1789,MIE03,Mie Sedap Soto Ayam,Mie Instan,2,3500,2750,0,7000
STRX-260630-1789,SMB03,Tepung Beras,Sembako,1,4000,3300,0,4000
STRX-260630-1789,BMB01,Masako Ayam,Bumbu Dapur,3,5000,4500,0,15000
STRX-260630-1789,KRT03,Sabun Cuci Baju,Kebutuhan RT,1,5000,4500,0,5000
STRX-260630-1790,MNM01,Aqua Botol 600ml,Minuman,2,4000,3000,0,8000
STRX-260630-1790,SMB02,Minyak Goreng 1L,Sembako,1,15000,13500,0,15000
STRX-260630-1790,PRW01,Shampoo Sachet,Perawatan Tubuh,1,1000,500,0,1000
STRX-260630-1791,SMB02,Minyak Goreng 1L,Sembako,2,15000,13500,0,30000
STRX-260630-1791,SNK01,Chitato,Snack,3,2000,1800,0,6000
STRX-260630-1792,MIE02,Mie Sedap Goreng,Mie Instan,2,3000,2500,0,6000
STRX-260630-1792,SNK01,Chitato,Snack,1,2000,1800,0,2000
STRX-260630-1793,MSC02,Milo Sachet,Minuman Sachet,3,1000,700,0,3000
STRX-260630-1793,SMB04,Kecap Manis,Sembako,1,4000,3300,0,4000
STRX-260630-1793,MIE01,Indomie Goreng,Mie Instan,1,3000,2500,0,3000
STRX-260630-1793,RKK01,Rokok Sampoerna,Rokok,2,27000,24000,0,54000
STRX-260630-1794,MNM03,Fanta 390ml,Minuman,1,5000,4000,0,5000
STRX-260630-1794,KRT03,Sabun Cuci Baju,Kebutuhan RT,2,5000,4500,0,10000
STRX-260630-1794,SNK03,Chocolatos,Snack,3,1500,1000,0,4500
STRX-260630-1795,SMB04,Kecap Manis,Sembako,1,4000,3300,0,4000
STRX-260630-1796,MIE03,Mie Sedap Soto Ayam,Mie Instan,1,3500,2750,0,3500
STRX-260630-1796,SNK03,Chocolatos,Snack,1,1500,1000,0,1500
STRX-260630-1796,MIE02,Mie Sedap Goreng,Mie Instan,2,2850,2500,150,5700
STRX-260630-1797,MSC02,Milo Sachet,Minuman Sachet,1,1000,700,0,1000
STRX-260630-1797,MNM03,Fanta 390ml,Minuman,1,5000,4000,0,5000
STRX-260630-1797,SMB02,Minyak Goreng 1L,Sembako,1,15000,13500,0,15000
STRX-260630-1798,SNK03,Chocolatos,Snack,1,1500,1000,0,1500
STRX-260630-1799,MIE01,Indomie Goreng,Mie Instan,3,3000,2500,0,9000
STRX-260630-1800,SMB02,Minyak Goreng 1L,Sembako,2,15000,13500,0,30000
STRX-260630-1800,SNK01,Chitato,Snack,3,2000,1800,0,6000
STRX-260630-1800,BMB01,Masako Ayam,Bumbu Dapur,3,5000,4500,0,15000
STRX-260630-1801,SMB04,Kecap Manis,Sembako,2,4000,3300,0,8000
STRX-260630-1801,MSC02,Milo Sachet,Minuman Sachet,2,1000,700,0,2000
STRX-260630-1802,PRW01,Shampoo Sachet,Perawatan Tubuh,1,1000,500,0,1000
