transaction_code,date,time,datetime,day_of_week,day_name,is_weekend,is_payday,total,payment_method,amount_paid,change,num_items
STRX-260401-0001,2026-04-01,06:17:00,2026-04-01 06:17:00,2,Wednesday,0,1,10000,CASH,15000,5000,2
STRX-260401-0002,2026-04-01,10:38:00,2026-04-01 10:38:00,2,Wednesday,0,1,6000,CASH,10000,4000,1
STRX-260401-0003,2026-04-01,15:51:00,2026-04-01 15:51:00,2,Wednesday,0,1,21500,CASH,25000,3500,4
STRX-260401-0004,2026-04-01,08:59:00,2026-04-01 08:59:00,2,Wednesday,0,1,10850,CASH,15000,4150,2
STRX-260401-0005,2026-04-01,17:05:00,2026-04-01 17:05:00,2,Wednesday,0,1,22500,CASH,25000,2500,4
STRX-260401-0006,2026-04-01,12:17:00,2026-04-01 12:17:00,2,Wednesday,0,1,123000,CASH,125000,2000,5
STRX-260401-0007,2026-04-01,12:16:00,2026-04-01 12:16:00,2,Wednesday,0,1,4000,CASH,5000,1000,1
STRX-260401-0008,2026-04-01,14:23:00,2026-04-01 14:23:00,2,Wednesday,0,1,11000,CASH,15000,4000,2
STRX-260401-0009,2026-04-01,12:04:00,2026-04-01 12:04:00,2,Wednesday,0,1,12000,CASH,15000,3000,2
STRX-260401-0010,2026-04-01,18:48:00,2026-04-01 18:48:00,2,Wednesday,0,1,14000,CASH,15000,1000,2
STRX-260401-0011,2026-04-01,13:11:00,2026-04-01 13:11:00,2,Wednesday,0,1,8000,QRIS,8000,0,2
STRX-260401-0012,2026-04-01,19:59:00,2026-04-01 19:59:00,2,Wednesday,0,1,60500,CASH,65000,4500,2
STRX-260401-0013,2026-04-01,07:56:00,2026-04-01 07:56:00,2,Wednesday,0,1,9500,EWALLET,9500,0,3
STRX-260401-0014,2026-04-01,15:13:00,2026-04-01 15:13:00,2,Wednesday,0,1,59400,CASH,60000,600,3
STRX-260401-0015,2026-04-01,10:14:00,2026-04-01 10:14:00,2,Wednesday,0,1,24300,CASH,25000,700,1
STRX-260401-0016,2026-04-01,07:15:00,2026-04-01 07:15:00,2,Wednesday,0,1,13000,CASH,15000,2000,2
STRX-260401-0017,2026-04-01,12:06:00,2026-04-01 12:06:00,2,Wednesday,0,1,8000,CASH,10000,2000,1
STRX-260401-0018,2026-04-01,16:41:00,2026-04-01 16:41:00,2,Wednesday,0,1,16000,CASH,20000,4000,1
STRX-260401-0019,2026-04-01,09:28:00,2026-04-01 09:28:00,2,Wednesday,0,1,12000,CASH,15000,3000,1
STRX-260401-0020,2026-04-01,17:54:00,2026-04-01 17:54:00,2,Wednesday,0,1,47500,TRANSFER,47500,0,3
STRX-260401-0021,2026-04-01,07:24:00,2026-04-01 07:24:00,2,Wednesday,0,1,12000,TRANSFER,12000,0,1
STRX-260401-0022,2026-04-01,16:46:00,2026-04-01 16:46:00,2,Wednesday,0,1,41500,CASH,45000,3500,5
STRX-260401-0023,2026-04-01,15:43:00,2026-04-01 15:43:00,2,Wednesday,0,1,16000,CASH,20000,4000,3
STRX-260401-0024,2026-04-01,11:16:00,2026-04-01 11:16:00,2,Wednesday,0,1,88000,CASH,90000,2000,2
STRX-260401-0025,2026-04-01,20:04:00,2026-04-01 20:04:00,2,Wednesday,0,1,8000,CASH,10000,2000,2
STRX-260401-0026,2026-04-01,14:19:00,2026-04-01 14:19:00,2,Wednesday,0,1,20500,QRIS,20500,0,3
STRX-260401-0027,2026-04-01,14:17:00,2026-04-01 14:17:00,2,Wednesday,0,1,17500,CASH,20000,2500,2
STRX-260401-0028,2026-04-01,07:40:00,2026-04-01 07:40:00,2,Wednesday,0,1,41500,CASH,45000,3500,2
STRX-260401-0029,2026-04-01,12:00:00,2026-04-01 12:00:00,2,Wednesday,0,1,20700,CASH,25000,4300,1
STRX-260401-0030,2026-04-01,14:09:00,2026-04-01 14:09:00,2,Wednesday,0,1,44500,TRANSFER,44500,0,2
STRX-260402-0031,2026-04-02,17:56:00,2026-04-02 17:56:00,3,Thursday,0,1,30000,CASH,35000,5000,4
STRX-260402-0032,2026-04-02,17:15:00,2026-04-02 17:15:00,3,Thursday,0,1,15000,QRIS,15000,0,2
STRX-260402-0033,2026-04-02,10:50:00,2026-04-02 10:50:00,3,Thursday,0,1,30500,CASH,35000,4500,4
STRX-260402-0034,2026-04-02,10:37:00,2026-04-02 10:37:00,3,Thursday,0,1,36700,CASH,40000,3300,5
STRX-260402-0035,2026-04-02,12:42:00,2026-04-02 12:42:00,3,Thursday,0,1,97000,CASH,100000,3000,4
STRX-260402-0036,2026-04-02,09:36:00,2026-04-02 09:36:00,3,Thursday,0,1,35000,CASH,40000,5000,2
STRX-260402-0037,2026-04-02,12:13:00,2026-04-02 12:13:00,3,Thursday,0,1,5000,CASH,10000,5000,2
STRX-260402-0038,2026-04-02,08:48:00,2026-04-02 08:48:00,3,Thursday,0,1,6500,CASH,10000,3500,2
STRX-260402-0039,2026-04-02,12:56:00,2026-04-02 12:56:00,3,Thursday,0,1,99550,CASH,100000,450,3
STRX-260402-0040,2026-04-02,12:35:00,2026-04-02 12:35:00,3,Thursday,0,1,24000,QRIS,24000,0,2
STRX-260402-0041,2026-04-02,18:39:00,2026-04-02 18:39:00,3,Thursday,0,1,36000,CASH,40000,4000,3
STRX-260402-0042,2026-04-02,13:15:00,2026-04-02 13:15:00,3,Thursday,0,1,7500,CASH,10000,2500,2
STRX-260402-0043,2026-04-02,16:45:00,2026-04-02 16:45:00,3,Thursday,0,1,9500,CASH,10000,500,2
STRX-260402-0044,2026-04-02,19:01:00,2026-04-02 19:01:00,3,Thursday,0,1,27500,CASH,30000,2500,3
STRX-260402-0045,2026-04-02,10:14:00,2026-04-02 10:14:00,3,Thursday,0,1,24000,CASH,25000,1000,2
STRX-260402-0046,2026-04-02,20:34:00,2026-04-02 20:34:00,3,Thursday,0,1,4000,CASH,5000,1000,1
STRX-260402-0047,2026-04-02,08:29:00,2026-04-02 08:29:00,3,Thursday,0,1,6000,CASH,10000,4000,1
STRX-260403-0048,2026-04-03,17:53:00,2026-04-03 17:53:00,4,Friday,0,1,5500,CASH,10000,4500,2
STRX-260403-0049,2026-04-03,20:02:00,2026-04-03 20:02:00,4,Friday,0,1,60000,CASH,65000,5000,3
STRX-260403-0050,2026-04-03,09:38:00,2026-04-03 09:38:00,4,Friday,0,1,79000,TRANSFER,79000,0,5
STRX-260403-0051,2026-04-03,16:51:00,2026-04-03 16:51:00,4,Friday,0,1,1000,CASH,5000,4000,1
STRX-260403-0052,2026-04-03,11:32:00,2026-04-03 11:32:00,4,Friday,0,1,28500,CASH,30000,1500,3
STRX-260403-0053,2026-04-03,16:39:00,2026-04-03 16:39:00,4,Friday,0,1,22000,CASH,25000,3000,4
STRX-260403-0054,2026-04-03,06:54:00,2026-04-03 06:54:00,4,Friday,0,1,20000,CASH,25000,5000,2
STRX-260403-0055,2026-04-03,13:12:00,2026-04-03 13:12:00,4,Friday,0,1,81000,CASH,85000,4000,1
STRX-260403-0056,2026-04-03,15:31:00,2026-04-03 15:31:00,4,Friday,0,1,22500,CASH,25000,2500,2
STRX-260403-0057,2026-04-03,11:47:00,2026-04-03 11:47:00,4,Friday,0,1,30500,CASH,35000,4500,3
STRX-260403-0058,2026-04-03,17:17:00,2026-04-03 17:17:00,4,Friday,0,1,8575,CASH,10000,1425,3
STRX-260403-0059,2026-04-03,14:44:00,2026-04-03 14:44:00,4,Friday,0,1,31500,CASH,35000,3500,4
STRX-260403-0060,2026-04-03,14:43:00,2026-04-03 14:43:00,4,Friday,0,1,6000,CASH,10000,4000,1
STRX-260403-0061,2026-04-03,08:48:00,2026-04-03 08:48:00,4,Friday,0,1,5000,CASH,10000,5000,2
STRX-260403-0062,2026-04-03,12:36:00,2026-04-03 12:36:00,4,Friday,0,1,23700,CASH,25000,1300,3
STRX-260403-0063,2026-04-03,16:30:00,2026-04-03 16:30:00,4,Friday,0,1,114000,CASH,115000,1000,2
STRX-260403-0064,2026-04-03,15:42:00,2026-04-03 15:42:00,4,Friday,0,1,12000,CASH,15000,3000,2
STRX-260403-0065,2026-04-03,18:58:00,2026-04-03 18:58:00,4,Friday,0,1,66000,CASH,70000,4000,2
STRX-260403-0066,2026-04-03,07:27:00,2026-04-03 07:27:00,4,Friday,0,1,35500,CASH,40000,4500,3
STRX-260403-0067,2026-04-03,17:11:00,2026-04-03 17:11:00,4,Friday,0,1,12000,CASH,15000,3000,2
STRX-260403-0068,2026-04-03,11:21:00,2026-04-03 11:21:00,4,Friday,0,1,10000,CASH,15000,5000,2
STRX-260403-0069,2026-04-03,07:05:00,2026-04-03 07:05:00,4,Friday,0,1,9000,CASH,10000,1000,2
STRX-260403-0070,2026-04-03,12:12:00,2026-04-03 12:12:00,4,Friday,0,1,6000,CASH,10000,4000,2
STRX-260403-0071,2026-04-03,18:31:00,2026-04-03 18:31:00,4,Friday,0,1,1000,CASH,5000,4000,1
STRX-260403-0072,2026-04-03,14:35:00,2026-04-03 14:35:00,4,Friday,0,1,22000,CASH,25000,3000,2
STRX-260404-0073,2026-04-04,16:26:00,2026-04-04 16:26:00,5,Saturday,1,1,35000,TRANSFER,35000,0,4
STRX-260404-0074,2026-04-04,18:18:00,2026-04-04 18:18:00,5,Saturday,1,1,16000,QRIS,16000,0,3
STRX-260404-0075,2026-04-04,18:44:00,2026-04-04 18:44:00,5,Saturday,1,1,23000,CASH,25000,2000,2
STRX-260404-0076,2026-04-04,20:50:00,2026-04-04 20:50:00,5,Saturday,1,1,22000,CASH,25000,3000,3
STRX-260404-0077,2026-04-04,12:41:00,2026-04-04 12:41:00,5,Saturday,1,1,28500,CASH,30000,1500,5
STRX-260404-0078,2026-04-04,16:18:00,2026-04-04 16:18:00,5,Saturday,1,1,18000,CASH,20000,2000,5
STRX-260404-0079,2026-04-04,09:05:00,2026-04-04 09:05:00,5,Saturday,1,1,68000,CASH,70000,2000,3
STRX-260404-0080,2026-04-04,10:34:00,2026-04-04 10:34:00,5,Saturday,1,1,8000,CASH,10000,2000,1
STRX-260404-0081,2026-04-04,12:16:00,2026-04-04 12:16:00,5,Saturday,1,1,4500,QRIS,4500,0,2
STRX-260404-0082,2026-04-04,16:01:00,2026-04-04 16:01:00,5,Saturday,1,1,81000,CASH,85000,4000,5
STRX-260404-0083,2026-04-04,16:42:00,2026-04-04 16:42:00,5,Saturday,1,1,17100,CASH,20000,2900,3
STRX-260404-0084,2026-04-04,09:08:00,2026-04-04 09:08:00,5,Saturday,1,1,26000,CASH,30000,4000,3
STRX-260404-0085,2026-04-04,17:29:00,2026-04-04 17:29:00,5,Saturday,1,1,22700,TRANSFER,22700,0,4
STRX-260404-0086,2026-04-04,11:40:00,2026-04-04 11:40:00,5,Saturday,1,1,71500,CASH,75000,3500,4
STRX-260404-0087,2026-04-04,19:19:00,2026-04-04 19:19:00,5,Saturday,1,1,41000,TRANSFER,41000,0,4
STRX-260404-0088,2026-04-04,19:17:00,2026-04-04 19:17:00,5,Saturday,1,1,20000,CASH,25000,5000,1
STRX-260404-0089,2026-04-04,08:43:00,2026-04-04 08:43:00,5,Saturday,1,1,9000,CASH,10000,1000,2
STRX-260404-0090,2026-04-04,08:13:00,2026-04-04 08:13:00,5,Saturday,1,1,19000,CASH,20000,1000,3
STRX-260404-0091,2026-04-04,18:21:00,2026-04-04 18:21:00,5,Saturday,1,1,24500,EWALLET,24500,0,3
STRX-260404-0092,2026-04-04,11:50:00,2026-04-04 11:50:00,5,Saturday,1,1,19500,CASH,20000,500,2
STRX-260404-0093,2026-04-04,17:32:00,2026-04-04 17:32:00,5,Saturday,1,1,19000,CASH,20000,1000,3
STRX-260404-0094,2026-04-04,18:27:00,2026-04-04 18:27:00,5,Saturday,1,1,19000,CASH,20000,1000,3
STRX-260404-0095,2026-04-04,20:33:00,2026-04-04 20:33:00,5,Saturday,1,1,21000,CASH,25000,4000,2
STRX-260404-0096,2026-04-04,18:27:00,2026-04-04 18:27:00,5,Saturday,1,1,11500,CASH,15000,3500,2
STRX-260404-0097,2026-04-04,11:09:00,2026-04-04 11:09:00,5,Saturday,1,1,12000,CASH,15000,3000,2
STRX-260404-0098,2026-04-04,20:35:00,2026-04-04 20:35:00,5,Saturday,1,1,21000,CASH,25000,4000,2
STRX-260404-0099,2026-04-04,15:22:00,2026-04-04 15:22:00,5,Saturday,1,1,5000,CASH,10000,5000,1
STRX-260404-0100,2026-04-04,11:35:00,2026-04-04 11:35:00,5,Saturday,1,1,12000,QRIS,12000,0,2
STRX-260404-0101,2026-04-04,15:01:00,2026-04-04 15:01:00,5,Saturday,1,1,72500,CASH,75000,2500,3
STRX-260404-0102,2026-04-04,07:47:00,2026-04-04 07:47:00,5,Saturday,1,1,25500,CASH,30000,4500,3
STRX-260404-0103,2026-04-04,07:10:00,2026-04-04 07:10:00,5,Saturday,1,1,38000,CASH,40000,2000,3
STRX-260405-0104,2026-04-05,15:33:00,2026-04-05 15:33:00,6,Sunday,1,1,22400,CASH,25000,2600,3
STRX-260405-0105,2026-04-05,12:08:00,2026-04-05 12:08:00,6,Sunday,1,1,117500,QRIS,117500,0,2
STRX-260405-0106,2026-04-05,12:04:00,2026-04-05 12:04:00,6,Sunday,1,1,126000,CASH,130000,4000,3
STRX-260405-0107,2026-04-05,08:54:00,2026-04-05 08:54:00,6,Sunday,1,1,4000,CASH,5000,1000,1
STRX-260405-0108,2026-04-05,17:14:00,2026-04-05 17:14:00,6,Sunday,1,1,11000,CASH,15000,4000,2
STRX-260405-0109,2026-04-05,18:52:00,2026-04-05 18:52:00,6,Sunday,1,1,4000,CASH,5000,1000,1
STRX-260405-0110,2026-04-05,17:04:00,2026-04-05 17:04:00,6,Sunday,1,1,4000,CASH,5000,1000,1
STRX-260405-0111,2026-04-05,12:59:00,2026-04-05 12:59:00,6,Sunday,1,1,11000,CASH,15000,4000,3
STRX-260405-0112,2026-04-05,07:29:00,2026-04-05 07:29:00,6,Sunday,1,1,33000,CASH,35000,2000,2
STRX-260405-0113,2026-04-05,12:35:00,2026-04-05 12:35:00,6,Sunday,1,1,42000,CASH,45000,3000,5
STRX-260405-0114,2026-04-05,20:33:00,2026-04-05 20:33:00,6,Sunday,1,1,14000,CASH,15000,1000,2
STRX-260405-0115,2026-04-05,16:04:00,2026-04-05 16:04:00,6,Sunday,1,1,20000,CASH,25000,5000,2
STRX-260405-0116,2026-04-05,08:42:00,2026-04-05 08:42:00,6,Sunday,1,1,12000,TRANSFER,12000,0,1
STRX-260405-0117,2026-04-05,15:05:00,2026-04-05 15:05:00,6,Sunday,1,1,15000,QRIS,15000,0,2
STRX-260405-0118,2026-04-05,13:41:00,2026-04-05 13:41:00,6,Sunday,1,1,24000,TRANSFER,24000,0,3
STRX-260405-0119,2026-04-05,17:32:00,2026-04-05 17:32:00,6,Sunday,1,1,38000,CASH,40000,2000,3
STRX-260405-0120,2026-04-05,17:10:00,2026-04-05 17:10:00,6,Sunday,1,1,69000,TRANSFER,69000,0,3
STRX-260405-0121,2026-04-05,17:57:00,2026-04-05 17:57:00,6,Sunday,1,1,83000,CASH,85000,2000,4
STRX-260405-0122,2026-04-05,18:35:00,2026-04-05 18:35:00,6,Sunday,1,1,84000,CASH,85000,1000,4
STRX-260405-0123,2026-04-05,12:25:00,2026-04-05 12:25:00,6,Sunday,1,1,5000,CASH,10000,5000,2
STRX-260405-0124,2026-04-05,17:08:00,2026-04-05 17:08:00,6,Sunday,1,1,20000,CASH,25000,5000,1
STRX-260405-0125,2026-04-05,12:39:00,2026-04-05 12:39:00,6,Sunday,1,1,8000,CASH,10000,2000,1
STRX-260405-0126,2026-04-05,17:33:00,2026-04-05 17:33:00,6,Sunday,1,1,11000,CASH,15000,4000,2
STRX-260405-0127,2026-04-05,18:31:00,2026-04-05 18:31:00,6,Sunday,1,1,29500,CASH,30000,500,3
STRX-260405-0128,2026-04-05,20:04:00,2026-04-05 20:04:00,6,Sunday,1,1,49000,CASH,50000,1000,5
STRX-260405-0129,2026-04-05,08:22:00,2026-04-05 08:22:00,6,Sunday,1,1,10500,CASH,15000,4500,2
STRX-260405-0130,2026-04-05,07:49:00,2026-04-05 07:49:00,6,Sunday,1,1,33500,CASH,35000,1500,4
STRX-260405-0131,2026-04-05,07:41:00,2026-04-05 07:41:00,6,Sunday,1,1,17000,QRIS,17000,0,2
STRX-260405-0132,2026-04-05,13:31:00,2026-04-05 13:31:00,6,Sunday,1,1,16500,CASH,20000,3500,2
STRX-260405-0133,2026-04-05,10:06:00,2026-04-05 10:06:00,6,Sunday,1,1,3000,CASH,5000,2000,1
STRX-260405-0134,2026-04-05,16:22:00,2026-04-05 16:22:00,6,Sunday,1,1,17000,CASH,20000,3000,2
STRX-260405-0135,2026-04-05,16:25:00,2026-04-05 16:25:00,6,Sunday,1,1,78450,TRANSFER,78450,0,2
STRX-260405-0136,2026-04-05,10:41:00,2026-04-05 10:41:00,6,Sunday,1,1,16000,CASH,20000,4000,2
STRX-260405-0137,2026-04-05,14:33:00,2026-04-05 14:33:00,6,Sunday,1,1,3500,TRANSFER,3500,0,1
STRX-260405-0138,2026-04-05,13:58:00,2026-04-05 13:58:00,6,Sunday,1,1,7000,EWALLET,7000,0,2
STRX-260405-0139,2026-04-05,18:28:00,2026-04-05 18:28:00,6,Sunday,1,1,108000,EWALLET,108000,0,1
STRX-260405-0140,2026-04-05,20:42:00,2026-04-05 20:42:00,6,Sunday,1,1,23000,QRIS,23000,0,2
STRX-260405-0141,2026-04-05,17:32:00,2026-04-05 17:32:00,6,Sunday,1,1,2500,CASH,5000,2500,2
STRX-260405-0142,2026-04-05,20:08:00,2026-04-05 20:08:00,6,Sunday,1,1,21000,CASH,25000,4000,3
STRX-260405-0143,2026-04-05,12:43:00,2026-04-05 12:43:00,6,Sunday,1,1,7500,CASH,10000,2500,2
STRX-260405-0144,2026-04-05,18:53:00,2026-04-05 18:53:00,6,Sunday,1,1,6000,CASH,10000,4000,1
STRX-260405-0145,2026-04-05,11:33:00,2026-04-05 11:33:00,6,Sunday,1,1,26000,CASH,30000,4000,4
STRX-260405-0146,2026-04-05,15:53:00,2026-04-05 15:53:00,6,Sunday,1,1,47000,CASH,50000,3000,4
STRX-260405-0147,2026-04-05,10:15:00,2026-04-05 10:15:00,6,Sunday,1,1,72500,CASH,75000,2500,3
STRX-260405-0148,2026-04-05,18:25:00,2026-04-05 18:25:00,6,Sunday,1,1,8000,CASH,10000,2000,1
STRX-260406-0149,2026-04-06,10:06:00,2026-04-06 10:06:00,0,Monday,0,0,23000,QRIS,23000,0,1
STRX-260406-0150,2026-04-06,19:52:00,2026-04-06 19:52:00,0,Monday,0,0,11000,CASH,15000,4000,2
STRX-260406-0151,2026-04-06,06:25:00,2026-04-06 06:25:00,0,Monday,0,0,13000,CASH,15000,2000,2
STRX-260406-0152,2026-04-06,12:34:00,2026-04-06 12:34:00,0,Monday,0,0,3000,CASH,5000,2000,1
STRX-260406-0153,2026-04-06,12:02:00,2026-04-06 12:02:00,0,Monday,0,0,11000,CASH,15000,4000,2
STRX-260406-0154,2026-04-06,20:43:00,2026-04-06 20:43:00,0,Monday,0,0,17600,EWALLET,17600,0,3
STRX-260406-0155,2026-04-06,08:21:00,2026-04-06 08:21:00,0,Monday,0,0,24000,TRANSFER,24000,0,3
STRX-260406-0156,2026-04-06,13:31:00,2026-04-06 13:31:00,0,Monday,0,0,31300,CASH,35000,3700,3
STRX-260406-0157,2026-04-06,10:41:00,2026-04-06 10:41:00,0,Monday,0,0,10000,CASH,15000,5000,3
STRX-260406-0158,2026-04-06,07:44:00,2026-04-06 07:44:00,0,Monday,0,0,15500,CASH,20000,4500,1
STRX-260406-0159,2026-04-06,12:49:00,2026-04-06 12:49:00,0,Monday,0,0,36000,CASH,40000,4000,3
STRX-260406-0160,2026-04-06,12:34:00,2026-04-06 12:34:00,0,Monday,0,0,16000,CASH,20000,4000,2
STRX-260406-0161,2026-04-06,10:35:00,2026-04-06 10:35:00,0,Monday,0,0,16000,CASH,20000,4000,2
STRX-260406-0162,2026-04-06,14:59:00,2026-04-06 14:59:00,0,Monday,0,0,59500,CASH,60000,500,3
STRX-260407-0163,2026-04-07,19:41:00,2026-04-07 19:41:00,1,Tuesday,0,0,15000,CASH,20000,5000,2
STRX-260407-0164,2026-04-07,15:15:00,2026-04-07 15:15:00,1,Tuesday,0,0,5000,CASH,10000,5000,1
STRX-260407-0165,2026-04-07,11:30:00,2026-04-07 11:30:00,1,Tuesday,0,0,2000,CASH,5000,3000,1
STRX-260407-0166,2026-04-07,12:59:00,2026-04-07 12:59:00,1,Tuesday,0,0,14500,CASH,15000,500,4
STRX-260407-0167,2026-04-07,12:53:00,2026-04-07 12:53:00,1,Tuesday,0,0,10000,EWALLET,10000,0,1
STRX-260407-0168,2026-04-07,19:55:00,2026-04-07 19:55:00,1,Tuesday,0,0,34500,EWALLET,34500,0,4
STRX-260407-0169,2026-04-07,08:10:00,2026-04-07 08:10:00,1,Tuesday,0,0,59000,CASH,60000,1000,3
STRX-260407-0170,2026-04-07,12:20:00,2026-04-07 12:20:00,1,Tuesday,0,0,27000,CASH,30000,3000,1
STRX-260407-0171,2026-04-07,10:16:00,2026-04-07 10:16:00,1,Tuesday,0,0,7000,CASH,10000,3000,2
STRX-260407-0172,2026-04-07,10:42:00,2026-04-07 10:42:00,1,Tuesday,0,0,7000,CASH,10000,3000,1
STRX-260408-0173,2026-04-08,08:58:00,2026-04-08 08:58:00,2,Wednesday,0,0,39000,CASH,40000,1000,4
STRX-260408-0174,2026-04-08,16:38:00,2026-04-08 16:38:00,2,Wednesday,0,0,39000,CASH,40000,1000,4
STRX-260408-0175,2026-04-08,09:37:00,2026-04-08 09:37:00,2,Wednesday,0,0,9000,CASH,10000,1000,2
STRX-260408-0176,2026-04-08,16:19:00,2026-04-08 16:19:00,2,Wednesday,0,0,11500,CASH,15000,3500,3
STRX-260408-0177,2026-04-08,19:02:00,2026-04-08 19:02:00,2,Wednesday,0,0,9000,CASH,10000,1000,1
STRX-260408-0178,2026-04-08,11:57:00,2026-04-08 11:57:00,2,Wednesday,0,0,20000,CASH,25000,5000,2
STRX-260408-0179,2026-04-08,11:11:00,2026-04-08 11:11:00,2,Wednesday,0,0,20500,EWALLET,20500,0,5
STRX-260408-0180,2026-04-08,07:42:00,2026-04-08 07:42:00,2,Wednesday,0,0,7000,CASH,10000,3000,2
STRX-260408-0181,2026-04-08,16:03:00,2026-04-08 16:03:00,2,Wednesday,0,0,34000,CASH,35000,1000,2
STRX-260408-0182,2026-04-08,10:58:00,2026-04-08 10:58:00,2,Wednesday,0,0,67000,CASH,70000,3000,3
STRX-260408-0183,2026-04-08,19:56:00,2026-04-08 19:56:00,2,Wednesday,0,0,66000,CASH,70000,4000,3
STRX-260408-0184,2026-04-08,10:11:00,2026-04-08 10:11:00,2,Wednesday,0,0,20000,CASH,25000,5000,3
STRX-260408-0185,2026-04-08,10:13:00,2026-04-08 10:13:00,2,Wednesday,0,0,8000,CASH,10000,2000,2
STRX-260408-0186,2026-04-08,15:02:00,2026-04-08 15:02:00,2,Wednesday,0,0,33700,CASH,35000,1300,4
STRX-260408-0187,2026-04-08,10:38:00,2026-04-08 10:38:00,2,Wednesday,0,0,28000,CASH,30000,2000,3
STRX-260408-0188,2026-04-08,17:46:00,2026-04-08 17:46:00,2,Wednesday,0,0,15000,CASH,20000,5000,2
STRX-260409-0189,2026-04-09,19:37:00,2026-04-09 19:37:00,3,Thursday,0,0,15500,CASH,20000,4500,2
STRX-260409-0190,2026-04-09,17:31:00,2026-04-09 17:31:00,3,Thursday,0,0,14350,CASH,15000,650,4
STRX-260409-0191,2026-04-09,17:26:00,2026-04-09 17:26:00,3,Thursday,0,0,1000,CASH,5000,4000,1
STRX-260409-0192,2026-04-09,12:03:00,2026-04-09 12:03:00,3,Thursday,0,0,32000,CASH,35000,3000,3
STRX-260409-0193,2026-04-09,06:52:00,2026-04-09 06:52:00,3,Thursday,0,0,29000,QRIS,29000,0,3
STRX-260409-0194,2026-04-09,08:25:00,2026-04-09 08:25:00,3,Thursday,0,0,147000,CASH,150000,3000,2
STRX-260409-0195,2026-04-09,07:25:00,2026-04-09 07:25:00,3,Thursday,0,0,17000,CASH,20000,3000,2
STRX-260409-0196,2026-04-09,14:54:00,2026-04-09 14:54:00,3,Thursday,0,0,68000,CASH,70000,2000,3
STRX-260409-0197,2026-04-09,09:54:00,2026-04-09 09:54:00,3,Thursday,0,0,4000,CASH,5000,1000,2
STRX-260409-0198,2026-04-09,10:53:00,2026-04-09 10:53:00,3,Thursday,0,0,97000,CASH,100000,3000,4
STRX-260409-0199,2026-04-09,15:38:00,2026-04-09 15:38:00,3,Thursday,0,0,21500,CASH,25000,3500,2
STRX-260409-0200,2026-04-09,12:43:00,2026-04-09 12:43:00,3,Thursday,0,0,9500,CASH,10000,500,3
STRX-260409-0201,2026-04-09,11:05:00,2026-04-09 11:05:00,3,Thursday,0,0,3500,CASH,5000,1500,1
STRX-260409-0202,2026-04-09,09:28:00,2026-04-09 09:28:00,3,Thursday,0,0,12200,CASH,15000,2800,2
STRX-260409-0203,2026-04-09,11:05:00,2026-04-09 11:05:00,3,Thursday,0,0,10000,CASH,15000,5000,3
STRX-260410-0204,2026-04-10,10:50:00,2026-04-10 10:50:00,4,Friday,0,0,9000,CASH,10000,1000,1
STRX-260410-0205,2026-04-10,09:06:00,2026-04-10 09:06:00,4,Friday,0,0,31000,CASH,35000,4000,1
STRX-260410-0206,2026-04-10,18:28:00,2026-04-10 18:28:00,4,Friday,0,0,16500,EWALLET,16500,0,2
STRX-260410-0207,2026-04-10,11:25:00,2026-04-10 11:25:00,4,Friday,0,0,67000,CASH,70000,3000,5
STRX-260410-0208,2026-04-10,16:28:00,2026-04-10 16:28:00,4,Friday,0,0,17000,CASH,20000,3000,3
STRX-260410-0209,2026-04-10,11:28:00,2026-04-10 11:28:00,4,Friday,0,0,103000,CASH,105000,2000,5
STRX-260410-0210,2026-04-10,07:41:00,2026-04-10 07:41:00,4,Friday,0,0,7000,CASH,10000,3000,3
STRX-260410-0211,2026-04-10,12:25:00,2026-04-10 12:25:00,4,Friday,0,0,135000,CASH,140000,5000,1
STRX-260410-0212,2026-04-10,10:58:00,2026-04-10 10:58:00,4,Friday,0,0,31000,CASH,35000,4000,4
STRX-260410-0213,2026-04-10,18:41:00,2026-04-10 18:41:00,4,Friday,0,0,3000,TRANSFER,3000,0,1
STRX-260410-0214,2026-04-10,14:21:00,2026-04-10 14:21:00,4,Friday,0,0,9000,CASH,10000,1000,3
STRX-260410-0215,2026-04-10,11:45:00,2026-04-10 11:45:00,4,Friday,0,0,61000,CASH,65000,4000,2
STRX-260410-0216,2026-04-10,09:07:00,2026-04-10 09:07:00,4,Friday,0,0,10000,CASH,15000,5000,2
STRX-260410-0217,2026-04-10,18:39:00,2026-04-10 18:39:00,4,Friday,0,0,108000,QRIS,108000,0,1
STRX-260411-0218,2026-04-11,11:15:00,2026-04-11 11:15:00,5,Saturday,1,0,60000,CASH,65000,5000,2
STRX-260411-0219,2026-04-11,15:44:00,2026-04-11 15:44:00,5,Saturday,1,0,39000,CASH,40000,1000,3
STRX-260411-0220,2026-04-11,11:35:00,2026-04-11 11:35:00,5,Saturday,1,0,35650,CASH,40000,4350,2
STRX-260411-0221,2026-04-11,10:17:00,2026-04-11 10:17:00,5,Saturday,1,0,12000,CASH,15000,3000,2
STRX-260411-0222,2026-04-11,10:34:00,2026-04-11 10:34:00,5,Saturday,1,0,92000,CASH,95000,3000,4
STRX-260411-0223,2026-04-11,18:28:00,2026-04-11 18:28:00,5,Saturday,1,0,26500,CASH,30000,3500,4
STRX-260411-0224,2026-04-11,13:38:00,2026-04-11 13:38:00,5,Saturday,1,0,138500,CASH,140000,1500,2
STRX-260411-0225,2026-04-11,08:48:00,2026-04-11 08:48:00,5,Saturday,1,0,32000,CASH,35000,3000,3
STRX-260411-0226,2026-04-11,13:36:00,2026-04-11 13:36:00,5,Saturday,1,0,23000,CASH,25000,2000,3
STRX-260411-0227,2026-04-11,13:37:00,2026-04-11 13:37:00,5,Saturday,1,0,4000,CASH,5000,1000,1
STRX-260411-0228,2026-04-11,16:22:00,2026-04-11 16:22:00,5,Saturday,1,0,14500,CASH,15000,500,4
STRX-260411-0229,2026-04-11,07:40:00,2026-04-11 07:40:00,5,Saturday,1,0,12000,CASH,15000,3000,3
STRX-260411-0230,2026-04-11,09:59:00,2026-04-11 09:59:00,5,Saturday,1,0,70000,CASH,75000,5000,3
STRX-260411-0231,2026-04-11,08:13:00,2026-04-11 08:13:00,5,Saturday,1,0,15000,CASH,20000,5000,2
STRX-260411-0232,2026-04-11,12:08:00,2026-04-11 12:08:00,5,Saturday,1,0,7000,QRIS,7000,0,2
STRX-260411-0233,2026-04-11,17:55:00,2026-04-11 17:55:00,5,Saturday,1,0,850,CASH,5000,4150,1
STRX-260411-0234,2026-04-11,09:22:00,2026-04-11 09:22:00,5,Saturday,1,0,15000,CASH,20000,5000,3
STRX-260411-0235,2026-04-11,20:20:00,2026-04-11 20:20:00,5,Saturday,1,0,12400,CASH,15000,2600,2
STRX-260411-0236,2026-04-11,18:13:00,2026-04-11 18:13:00,5,Saturday,1,0,11000,CASH,15000,4000,2
STRX-260411-0237,2026-04-11,08:31:00,2026-04-11 08:31:00,5,Saturday,1,0,39500,CASH,40000,500,3
STRX-260411-0238,2026-04-11,12:49:00,2026-04-11 12:49:00,5,Saturday,1,0,2000,CASH,5000,3000,1
STRX-260411-0239,2026-04-11,19:25:00,2026-04-11 19:25:00,5,Saturday,1,0,8000,CASH,10000,2000,2
STRX-260411-0240,2026-04-11,10:19:00,2026-04-11 10:19:00,5,Saturday,1,0,5000,EWALLET,5000,0,1
STRX-260411-0241,2026-04-11,15:48:00,2026-04-11 15:48:00,5,Saturday,1,0,35000,QRIS,35000,0,3
STRX-260412-0242,2026-04-12,09:00:00,2026-04-12 09:00:00,6,Sunday,1,0,130000,CASH,135000,5000,3
STRX-260412-0243,2026-04-12,18:49:00,2026-04-12 18:49:00,6,Sunday,1,0,32000,EWALLET,32000,0,4
STRX-260412-0244,2026-04-12,19:43:00,2026-04-12 19:43:00,6,Sunday,1,0,53000,QRIS,53000,0,3
STRX-260412-0245,2026-04-12,14:58:00,2026-04-12 14:58:00,6,Sunday,1,0,8000,QRIS,8000,0,2
STRX-260412-0246,2026-04-12,16:03:00,2026-04-12 16:03:00,6,Sunday,1,0,4500,EWALLET,4500,0,1
STRX-260412-0247,2026-04-12,12:18:00,2026-04-12 12:18:00,6,Sunday,1,0,15500,CASH,20000,4500,3
STRX-260412-0248,2026-04-12,20:49:00,2026-04-12 20:49:00,6,Sunday,1,0,4500,CASH,5000,500,1
STRX-260412-0249,2026-04-12,06:34:00,2026-04-12 06:34:00,6,Sunday,1,0,20000,TRANSFER,20000,0,2
STRX-260412-0250,2026-04-12,08:33:00,2026-04-12 08:33:00,6,Sunday,1,0,18000,CASH,20000,2000,4
STRX-260412-0251,2026-04-12,15:25:00,2026-04-12 15:25:00,6,Sunday,1,0,10000,CASH,15000,5000,1
STRX-260412-0252,2026-04-12,10:20:00,2026-04-12 10:20:00,6,Sunday,1,0,28500,CASH,30000,1500,4
STRX-260412-0253,2026-04-12,11:49:00,2026-04-12 11:49:00,6,Sunday,1,0,15500,CASH,20000,4500,2
STRX-260412-0254,2026-04-12,07:53:00,2026-04-12 07:53:00,6,Sunday,1,0,40000,CASH,45000,5000,4
STRX-260412-0255,2026-04-12,08:50:00,2026-04-12 08:50:00,6,Sunday,1,0,46500,QRIS,46500,0,1
STRX-260412-0256,2026-04-12,18:23:00,2026-04-12 18:23:00,6,Sunday,1,0,17000,QRIS,17000,0,3
STRX-260412-0257,2026-04-12,18:51:00,2026-04-12 18:51:00,6,Sunday,1,0,18400,CASH,20000,1600,2
STRX-260412-0258,2026-04-12,12:22:00,2026-04-12 12:22:00,6,Sunday,1,0,6500,QRIS,6500,0,2
STRX-260412-0259,2026-04-12,12:35:00,2026-04-12 12:35:00,6,Sunday,1,0,12000,CASH,15000,3000,2
STRX-260412-0260,2026-04-12,14:01:00,2026-04-12 14:01:00,6,Sunday,1,0,33500,CASH,35000,1500,5
STRX-260412-0261,2026-04-12,20:10:00,2026-04-12 20:10:00,6,Sunday,1,0,4000,CASH,5000,1000,1
STRX-260412-0262,2026-04-12,07:14:00,2026-04-12 07:14:00,6,Sunday,1,0,19000,EWALLET,19000,0,3
STRX-260412-0263,2026-04-12,16:22:00,2026-04-12 16:22:00,6,Sunday,1,0,11000,QRIS,11000,0,3
STRX-260412-0264,2026-04-12,13:00:00,2026-04-12 13:00:00,6,Sunday,1,0,4000,CASH,5000,1000,2
STRX-260412-0265,2026-04-12,09:45:00,2026-04-12 09:45:00,6,Sunday,1,0,24000,CASH,25000,1000,4
STRX-260412-0266,2026-04-12,20:41:00,2026-04-12 20:41:00,6,Sunday,1,0,87000,QRIS,87000,0,2
STRX-260412-0267,2026-04-12,11:46:00,2026-04-12 11:46:00,6,Sunday,1,0,34100,TRANSFER,34100,0,3
STRX-260412-0268,2026-04-12,15:40:00,2026-04-12 15:40:00,6,Sunday,1,0,41000,CASH,45000,4000,3
STRX-260412-0269,2026-04-12,18:28:00,2026-04-12 18:28:00,6,Sunday,1,0,6000,CASH,10000,4000,1
STRX-260413-0270,2026-04-13,11:46:00,2026-04-13 11:46:00,0,Monday,0,0,22000,QRIS,22000,0,2
STRX-260413-0271,2026-04-13,14:48:00,2026-04-13 14:48:00,0,Monday,0,0,20000,CASH,25000,5000,3
STRX-260413-0272,2026-04-13,14:57:00,2026-04-13 14:57:00,0,Monday,0,0,99000,CASH,100000,1000,5
STRX-260413-0273,2026-04-13,10:06:00,2026-04-13 10:06:00,0,Monday,0,0,2000,QRIS,2000,0,1
STRX-260413-0274,2026-04-13,12:18:00,2026-04-13 12:18:00,0,Monday,0,0,16000,CASH,20000,4000,4
STRX-260413-0275,2026-04-13,11:23:00,2026-04-13 11:23:00,0,Monday,0,0,15000,CASH,20000,5000,3
STRX-260413-0276,2026-04-13,14:48:00,2026-04-13 14:48:00,0,Monday,0,0,15500,CASH,20000,4500,3
STRX-260414-0277,2026-04-14,14:33:00,2026-04-14 14:33:00,1,Tuesday,0,0,147000,CASH,150000,3000,4
STRX-260414-0278,2026-04-14,15:53:00,2026-04-14 15:53:00,1,Tuesday,0,0,14825,CASH,15000,175,3
STRX-260414-0279,2026-04-14,15:33:00,2026-04-14 15:33:00,1,Tuesday,0,0,17000,CASH,20000,3000,2
STRX-260414-0280,2026-04-14,17:55:00,2026-04-14 17:55:00,1,Tuesday,0,0,9500,CASH,10000,500,2
STRX-260414-0281,2026-04-14,09:38:00,2026-04-14 09:38:00,1,Tuesday,0,0,9000,CASH,10000,1000,2
STRX-260414-0282,2026-04-14,11:50:00,2026-04-14 11:50:00,1,Tuesday,0,0,8500,CASH,10000,1500,2
STRX-260414-0283,2026-04-14,12:52:00,2026-04-14 12:52:00,1,Tuesday,0,0,4000,CASH,5000,1000,2
STRX-260414-0284,2026-04-14,13:23:00,2026-04-14 13:23:00,1,Tuesday,0,0,27000,CASH,30000,3000,3
STRX-260414-0285,2026-04-14,10:29:00,2026-04-14 10:29:00,1,Tuesday,0,0,8000,CASH,10000,2000,1
STRX-260414-0286,2026-04-14,11:59:00,2026-04-14 11:59:00,1,Tuesday,0,0,15500,CASH,20000,4500,1
STRX-260414-0287,2026-04-14,18:37:00,2026-04-14 18:37:00,1,Tuesday,0,0,30225,QRIS,30225,0,3
STRX-260415-0288,2026-04-15,16:17:00,2026-04-15 16:17:00,2,Wednesday,0,0,11000,CASH,15000,4000,3
STRX-260415-0289,2026-04-15,19:45:00,2026-04-15 19:45:00,2,Wednesday,0,0,28500,CASH,30000,1500,4
STRX-260415-0290,2026-04-15,16:38:00,2026-04-15 16:38:00,2,Wednesday,0,0,31000,CASH,35000,4000,2
STRX-260415-0291,2026-04-15,19:41:00,2026-04-15 19:41:00,2,Wednesday,0,0,16000,QRIS,16000,0,2
STRX-260415-0292,2026-04-15,16:46:00,2026-04-15 16:46:00,2,Wednesday,0,0,15000,CASH,20000,5000,1
STRX-260415-0293,2026-04-15,17:37:00,2026-04-15 17:37:00,2,Wednesday,0,0,18000,CASH,20000,2000,3
STRX-260415-0294,2026-04-15,18:56:00,2026-04-15 18:56:00,2,Wednesday,0,0,23000,CASH,25000,2000,3
STRX-260415-0295,2026-04-15,10:55:00,2026-04-15 10:55:00,2,Wednesday,0,0,7000,CASH,10000,3000,2
STRX-260415-0296,2026-04-15,14:39:00,2026-04-15 14:39:00,2,Wednesday,0,0,20000,CASH,25000,5000,1
STRX-260415-0297,2026-04-15,10:03:00,2026-04-15 10:03:00,2,Wednesday,0,0,22500,QRIS,22500,0,3
STRX-260415-0298,2026-04-15,20:20:00,2026-04-15 20:20:00,2,Wednesday,0,0,45500,CASH,50000,4500,3
STRX-260415-0299,2026-04-15,12:30:00,2026-04-15 12:30:00,2,Wednesday,0,0,27000,CASH,30000,3000,2
STRX-260415-0300,2026-04-15,16:40:00,2026-04-15 16:40:00,2,Wednesday,0,0,17500,CASH,20000,2500,3
STRX-260415-0301,2026-04-15,13:27:00,2026-04-15 13:27:00,2,Wednesday,0,0,35500,CASH,40000,4500,4
STRX-260415-0302,2026-04-15,09:23:00,2026-04-15 09:23:00,2,Wednesday,0,0,10800,CASH,15000,4200,3
STRX-260415-0303,2026-04-15,12:24:00,2026-04-15 12:24:00,2,Wednesday,0,0,3000,CASH,5000,2000,1
STRX-260415-0304,2026-04-15,06:26:00,2026-04-15 06:26:00,2,Wednesday,0,0,14500,CASH,15000,500,2
STRX-260415-0305,2026-04-15,08:06:00,2026-04-15 08:06:00,2,Wednesday,0,0,7000,QRIS,7000,0,2
STRX-260416-0306,2026-04-16,19:44:00,2026-04-16 19:44:00,3,Thursday,0,0,112500,QRIS,112500,0,4
STRX-260416-0307,2026-04-16,20:18:00,2026-04-16 20:18:00,3,Thursday,0,0,33000,QRIS,33000,0,2
STRX-260416-0308,2026-04-16,08:54:00,2026-04-16 08:54:00,3,Thursday,0,0,52000,CASH,55000,3000,3
STRX-260416-0309,2026-04-16,09:25:00,2026-04-16 09:25:00,3,Thursday,0,0,7000,CASH,10000,3000,2
STRX-260416-0310,2026-04-16,08:46:00,2026-04-16 08:46:00,3,Thursday,0,0,23000,CASH,25000,2000,1
STRX-260416-0311,2026-04-16,17:43:00,2026-04-16 17:43:00,3,Thursday,0,0,7000,CASH,10000,3000,2
STRX-260416-0312,2026-04-16,13:31:00,2026-04-16 13:31:00,3,Thursday,0,0,4000,CASH,5000,1000,1
STRX-260416-0313,2026-04-16,16:43:00,2026-04-16 16:43:00,3,Thursday,0,0,6000,CASH,10000,4000,1
STRX-260416-0314,2026-04-16,13:44:00,2026-04-16 13:44:00,3,Thursday,0,0,27000,CASH,30000,3000,3
STRX-260416-0315,2026-04-16,15:10:00,2026-04-16 15:10:00,3,Thursday,0,0,13000,CASH,15000,2000,2
STRX-260416-0316,2026-04-16,13:35:00,2026-04-16 13:35:00,3,Thursday,0,0,18000,QRIS,18000,0,3
STRX-260416-0317,2026-04-16,08:26:00,2026-04-16 08:26:00,3,Thursday,0,0,6000,QRIS,6000,0,1
STRX-260416-0318,2026-04-16,15:56:00,2026-04-16 15:56:00,3,Thursday,0,0,33000,TRANSFER,33000,0,2
STRX-260416-0319,2026-04-16,14:39:00,2026-04-16 14:39:00,3,Thursday,0,0,92900,CASH,95000,2100,3
STRX-260416-0320,2026-04-16,16:02:00,2026-04-16 16:02:00,3,Thursday,0,0,20000,CASH,25000,5000,4
STRX-260416-0321,2026-04-16,07:40:00,2026-04-16 07:40:00,3,Thursday,0,0,13800,TRANSFER,13800,0,4
STRX-260416-0322,2026-04-16,09:37:00,2026-04-16 09:37:00,3,Thursday,0,0,3000,CASH,5000,2000,1
STRX-260416-0323,2026-04-16,11:56:00,2026-04-16 11:56:00,3,Thursday,0,0,26000,CASH,30000,4000,2
STRX-260417-0324,2026-04-17,12:44:00,2026-04-17 12:44:00,4,Friday,0,0,24500,CASH,25000,500,4
STRX-260417-0325,2026-04-17,20:11:00,2026-04-17 20:11:00,4,Friday,0,0,61000,CASH,65000,4000,2
STRX-260417-0326,2026-04-17,12:47:00,2026-04-17 12:47:00,4,Friday,0,0,53000,CASH,55000,2000,4
STRX-260417-0327,2026-04-17,07:50:00,2026-04-17 07:50:00,4,Friday,0,0,33000,QRIS,33000,0,2
STRX-260417-0328,2026-04-17,17:35:00,2026-04-17 17:35:00,4,Friday,0,0,10500,CASH,15000,4500,2
STRX-260417-0329,2026-04-17,20:20:00,2026-04-17 20:20:00,4,Friday,0,0,30000,CASH,35000,5000,4
STRX-260417-0330,2026-04-17,09:28:00,2026-04-17 09:28:00,4,Friday,0,0,27000,CASH,30000,3000,1
STRX-260417-0331,2026-04-17,11:27:00,2026-04-17 11:27:00,4,Friday,0,0,13800,QRIS,13800,0,2
STRX-260417-0332,2026-04-17,15:49:00,2026-04-17 15:49:00,4,Friday,0,0,10000,CASH,15000,5000,3
STRX-260417-0333,2026-04-17,12:34:00,2026-04-17 12:34:00,4,Friday,0,0,23000,CASH,25000,2000,2
STRX-260418-0334,2026-04-18,18:41:00,2026-04-18 18:41:00,5,Saturday,1,0,108000,CASH,110000,2000,1
STRX-260418-0335,2026-04-18,15:02:00,2026-04-18 15:02:00,5,Saturday,1,0,50000,CASH,55000,5000,3
STRX-260418-0336,2026-04-18,12:02:00,2026-04-18 12:02:00,5,Saturday,1,0,11500,CASH,15000,3500,2
STRX-260418-0337,2026-04-18,15:13:00,2026-04-18 15:13:00,5,Saturday,1,0,29000,CASH,30000,1000,3
STRX-260418-0338,2026-04-18,17:09:00,2026-04-18 17:09:00,5,Saturday,1,0,27000,CASH,30000,3000,1
STRX-260418-0339,2026-04-18,10:04:00,2026-04-18 10:04:00,5,Saturday,1,0,8500,CASH,10000,1500,2
STRX-260418-0340,2026-04-18,15:48:00,2026-04-18 15:48:00,5,Saturday,1,0,51000,CASH,55000,4000,3
STRX-260418-0341,2026-04-18,18:01:00,2026-04-18 18:01:00,5,Saturday,1,0,25000,CASH,30000,5000,2
STRX-260418-0342,2026-04-18,16:58:00,2026-04-18 16:58:00,5,Saturday,1,0,39000,CASH,40000,1000,4
STRX-260418-0343,2026-04-18,09:57:00,2026-04-18 09:57:00,5,Saturday,1,0,26000,QRIS,26000,0,3
STRX-260418-0344,2026-04-18,20:29:00,2026-04-18 20:29:00,5,Saturday,1,0,61000,CASH,65000,4000,3
STRX-260418-0345,2026-04-18,07:12:00,2026-04-18 07:12:00,5,Saturday,1,0,6000,CASH,10000,4000,2
STRX-260418-0346,2026-04-18,12:00:00,2026-04-18 12:00:00,5,Saturday,1,0,82500,CASH,85000,2500,2
STRX-260418-0347,2026-04-18,13:28:00,2026-04-18 13:28:00,5,Saturday,1,0,18500,CASH,20000,1500,2
STRX-260418-0348,2026-04-18,14:16:00,2026-04-18 14:16:00,5,Saturday,1,0,9500,QRIS,9500,0,3
STRX-260418-0349,2026-04-18,14:34:00,2026-04-18 14:34:00,5,Saturday,1,0,8000,CASH,10000,2000,2
STRX-260418-0350,2026-04-18,13:25:00,2026-04-18 13:25:00,5,Saturday,1,0,55500,TRANSFER,55500,0,2
STRX-260418-0351,2026-04-18,09:36:00,2026-04-18 09:36:00,5,Saturday,1,0,16000,CASH,20000,4000,4
STRX-260418-0352,2026-04-18,12:29:00,2026-04-18 12:29:00,5,Saturday,1,0,22000,CASH,25000,3000,4
STRX-260418-0353,2026-04-18,08:16:00,2026-04-18 08:16:00,5,Saturday,1,0,25000,CASH,30000,5000,2
STRX-260418-0354,2026-04-18,13:08:00,2026-04-18 13:08:00,5,Saturday,1,0,13000,CASH,15000,2000,2
STRX-260418-0355,2026-04-18,16:26:00,2026-04-18 16:26:00,5,Saturday,1,0,109600,CASH,110000,400,3
STRX-260418-0356,2026-04-18,18:09:00,2026-04-18 18:09:00,5,Saturday,1,0,15000,CASH,20000,5000,1
STRX-260419-0357,2026-04-19,06:46:00,2026-04-19 06:46:00,6,Sunday,1,0,27500,CASH,30000,2500,3
STRX-260419-0358,2026-04-19,17:39:00,2026-04-19 17:39:00,6,Sunday,1,0,13500,CASH,15000,1500,3
STRX-260419-0359,2026-04-19,13:26:00,2026-04-19 13:26:00,6,Sunday,1,0,27000,QRIS,27000,0,4
STRX-260419-0360,2026-04-19,16:27:00,2026-04-19 16:27:00,6,Sunday,1,0,34000,CASH,35000,1000,2
STRX-260419-0361,2026-04-19,15:47:00,2026-04-19 15:47:00,6,Sunday,1,0,20900,CASH,25000,4100,4
STRX-260419-0362,2026-04-19,08:00:00,2026-04-19 08:00:00,6,Sunday,1,0,4500,CASH,5000,500,2
STRX-260419-0363,2026-04-19,13:36:00,2026-04-19 13:36:00,6,Sunday,1,0,61000,CASH,65000,4000,2
STRX-260419-0364,2026-04-19,14:16:00,2026-04-19 14:16:00,6,Sunday,1,0,38000,CASH,40000,2000,5
STRX-260419-0365,2026-04-19,11:40:00,2026-04-19 11:40:00,6,Sunday,1,0,12000,CASH,15000,3000,1
STRX-260419-0366,2026-04-19,07:14:00,2026-04-19 07:14:00,6,Sunday,1,0,4000,TRANSFER,4000,0,2
STRX-260419-0367,2026-04-19,07:49:00,2026-04-19 07:49:00,6,Sunday,1,0,17850,QRIS,17850,0,3
STRX-260419-0368,2026-04-19,11:41:00,2026-04-19 11:41:00,6,Sunday,1,0,9000,EWALLET,9000,0,1
STRX-260419-0369,2026-04-19,11:37:00,2026-04-19 11:37:00,6,Sunday,1,0,69500,QRIS,69500,0,2
STRX-260419-0370,2026-04-19,11:52:00,2026-04-19 11:52:00,6,Sunday,1,0,8000,TRANSFER,8000,0,2
STRX-260419-0371,2026-04-19,07:18:00,2026-04-19 07:18:00,6,Sunday,1,0,11000,CASH,15000,4000,2
STRX-260419-0372,2026-04-19,11:30:00,2026-04-19 11:30:00,6,Sunday,1,0,10900,CASH,15000,4100,3
STRX-260419-0373,2026-04-19,16:51:00,2026-04-19 16:51:00,6,Sunday,1,0,7000,CASH,10000,3000,2
STRX-260419-0374,2026-04-19,18:04:00,2026-04-19 18:04:00,6,Sunday,1,0,26000,CASH,30000,4000,3
STRX-260419-0375,2026-04-19,10:16:00,2026-04-19 10:16:00,6,Sunday,1,0,3000,CASH,5000,2000,1
STRX-260419-0376,2026-04-19,19:43:00,2026-04-19 19:43:00,6,Sunday,1,0,53000,CASH,55000,2000,5
STRX-260419-0377,2026-04-19,08:33:00,2026-04-19 08:33:00,6,Sunday,1,0,28000,CASH,30000,2000,3
STRX-260419-0378,2026-04-19,06:13:00,2026-04-19 06:13:00,6,Sunday,1,0,8000,QRIS,8000,0,2
STRX-260419-0379,2026-04-19,11:11:00,2026-04-19 11:11:00,6,Sunday,1,0,39000,CASH,40000,1000,2
STRX-260419-0380,2026-04-19,14:14:00,2026-04-19 14:14:00,6,Sunday,1,0,123350,CASH,125000,1650,4
STRX-260419-0381,2026-04-19,16:50:00,2026-04-19 16:50:00,6,Sunday,1,0,8000,CASH,10000,2000,2
STRX-260419-0382,2026-04-19,18:06:00,2026-04-19 18:06:00,6,Sunday,1,0,20500,CASH,25000,4500,2
STRX-260420-0383,2026-04-20,09:36:00,2026-04-20 09:36:00,0,Monday,0,0,16500,CASH,20000,3500,3
STRX-260420-0384,2026-04-20,20:55:00,2026-04-20 20:55:00,0,Monday,0,0,3000,CASH,5000,2000,1
STRX-260420-0385,2026-04-20,18:04:00,2026-04-20 18:04:00,0,Monday,0,0,11000,CASH,15000,4000,1
STRX-260420-0386,2026-04-20,15:25:00,2026-04-20 15:25:00,0,Monday,0,0,9000,CASH,10000,1000,2
STRX-260420-0387,2026-04-20,06:46:00,2026-04-20 06:46:00,0,Monday,0,0,5000,CASH,10000,5000,2
STRX-260420-0388,2026-04-20,12:03:00,2026-04-20 12:03:00,0,Monday,0,0,4000,CASH,5000,1000,1
STRX-260420-0389,2026-04-20,09:41:00,2026-04-20 09:41:00,0,Monday,0,0,21000,CASH,25000,4000,4
STRX-260420-0390,2026-04-20,19:35:00,2026-04-20 19:35:00,0,Monday,0,0,82000,CASH,85000,3000,2
STRX-260420-0391,2026-04-20,13:40:00,2026-04-20 13:40:00,0,Monday,0,0,9000,CASH,10000,1000,2
STRX-260420-0392,2026-04-20,06:33:00,2026-04-20 06:33:00,0,Monday,0,0,55000,TRANSFER,55000,0,4
STRX-260420-0393,2026-04-20,12:35:00,2026-04-20 12:35:00,0,Monday,0,0,39000,CASH,40000,1000,2
STRX-260420-0394,2026-04-20,13:51:00,2026-04-20 13:51:00,0,Monday,0,0,41000,QRIS,41000,0,4
STRX-260420-0395,2026-04-20,09:01:00,2026-04-20 09:01:00,0,Monday,0,0,3000,CASH,5000,2000,1
STRX-260420-0396,2026-04-20,08:28:00,2026-04-20 08:28:00,0,Monday,0,0,31000,CASH,35000,4000,3
STRX-260420-0397,2026-04-20,18:09:00,2026-04-20 18:09:00,0,Monday,0,0,2000,CASH,5000,3000,1
STRX-260420-0398,2026-04-20,18:52:00,2026-04-20 18:52:00,0,Monday,0,0,16500,CASH,20000,3500,2
STRX-260420-0399,2026-04-20,09:47:00,2026-04-20 09:47:00,0,Monday,0,0,10700,CASH,15000,4300,3
STRX-260420-0400,2026-04-20,15:12:00,2026-04-20 15:12:00,0,Monday,0,0,42000,EWALLET,42000,0,2
STRX-260420-0401,2026-04-20,15:25:00,2026-04-20 15:25:00,0,Monday,0,0,32000,CASH,35000,3000,3
STRX-260420-0402,2026-04-20,19:48:00,2026-04-20 19:48:00,0,Monday,0,0,90000,CASH,95000,5000,3
STRX-260420-0403,2026-04-20,12:12:00,2026-04-20 12:12:00,0,Monday,0,0,3400,CASH,5000,1600,1
STRX-260421-0404,2026-04-21,10:44:00,2026-04-21 10:44:00,1,Tuesday,0,0,9000,CASH,10000,1000,2
STRX-260421-0405,2026-04-21,09:33:00,2026-04-21 09:33:00,1,Tuesday,0,0,5950,CASH,10000,4050,1
STRX-260421-0406,2026-04-21,13:46:00,2026-04-21 13:46:00,1,Tuesday,0,0,31000,QRIS,31000,0,1
STRX-260421-0407,2026-04-21,16:42:00,2026-04-21 16:42:00,1,Tuesday,0,0,39400,CASH,40000,600,5
STRX-260421-0408,2026-04-21,14:53:00,2026-04-21 14:53:00,1,Tuesday,0,0,7850,CASH,10000,2150,2
STRX-260421-0409,2026-04-21,16:59:00,2026-04-21 16:59:00,1,Tuesday,0,0,8900,TRANSFER,8900,0,3
STRX-260421-0410,2026-04-21,18:04:00,2026-04-21 18:04:00,1,Tuesday,0,0,18000,CASH,20000,2000,4
STRX-260421-0411,2026-04-21,11:29:00,2026-04-21 11:29:00,1,Tuesday,0,0,16500,CASH,20000,3500,3
STRX-260421-0412,2026-04-21,14:20:00,2026-04-21 14:20:00,1,Tuesday,0,0,28125,CASH,30000,1875,4
STRX-260421-0413,2026-04-21,20:38:00,2026-04-21 20:38:00,1,Tuesday,0,0,3000,QRIS,3000,0,1
STRX-260421-0414,2026-04-21,09:20:00,2026-04-21 09:20:00,1,Tuesday,0,0,1500,CASH,5000,3500,1
STRX-260421-0415,2026-04-21,14:59:00,2026-04-21 14:59:00,1,Tuesday,0,0,18000,CASH,20000,2000,3
STRX-260421-0416,2026-04-21,10:04:00,2026-04-21 10:04:00,1,Tuesday,0,0,10500,CASH,15000,4500,3
STRX-260421-0417,2026-04-21,08:03:00,2026-04-21 08:03:00,1,Tuesday,0,0,38000,CASH,40000,2000,4
STRX-260421-0418,2026-04-21,11:36:00,2026-04-21 11:36:00,1,Tuesday,0,0,5000,CASH,10000,5000,1
STRX-260421-0419,2026-04-21,11:28:00,2026-04-21 11:28:00,1,Tuesday,0,0,14000,CASH,15000,1000,3
STRX-260421-0420,2026-04-21,11:27:00,2026-04-21 11:27:00,1,Tuesday,0,0,15000,CASH,20000,5000,2
STRX-260421-0421,2026-04-21,10:04:00,2026-04-21 10:04:00,1,Tuesday,0,0,58000,CASH,60000,2000,2
STRX-260422-0422,2026-04-22,16:49:00,2026-04-22 16:49:00,2,Wednesday,0,0,2000,EWALLET,2000,0,2
STRX-260422-0423,2026-04-22,09:23:00,2026-04-22 09:23:00,2,Wednesday,0,0,4000,CASH,5000,1000,1
STRX-260422-0424,2026-04-22,15:09:00,2026-04-22 15:09:00,2,Wednesday,0,0,77000,CASH,80000,3000,4
STRX-260422-0425,2026-04-22,09:44:00,2026-04-22 09:44:00,2,Wednesday,0,0,24000,CASH,25000,1000,3
STRX-260422-0426,2026-04-22,07:42:00,2026-04-22 07:42:00,2,Wednesday,0,0,8000,QRIS,8000,0,2
STRX-260422-0427,2026-04-22,11:45:00,2026-04-22 11:45:00,2,Wednesday,0,0,7000,QRIS,7000,0,1
STRX-260422-0428,2026-04-22,13:29:00,2026-04-22 13:29:00,2,Wednesday,0,0,79000,CASH,80000,1000,3
STRX-260422-0429,2026-04-22,20:32:00,2026-04-22 20:32:00,2,Wednesday,0,0,24000,CASH,25000,1000,2
STRX-260422-0430,2026-04-22,10:21:00,2026-04-22 10:21:00,2,Wednesday,0,0,28000,CASH,30000,2000,4
STRX-260422-0431,2026-04-22,09:08:00,2026-04-22 09:08:00,2,Wednesday,0,0,123000,CASH,125000,2000,3
STRX-260422-0432,2026-04-22,14:10:00,2026-04-22 14:10:00,2,Wednesday,0,0,50000,CASH,55000,5000,2
STRX-260422-0433,2026-04-22,18:26:00,2026-04-22 18:26:00,2,Wednesday,0,0,11500,CASH,15000,3500,4
STRX-260422-0434,2026-04-22,10:01:00,2026-04-22 10:01:00,2,Wednesday,0,0,85000,CASH,90000,5000,2
STRX-260422-0435,2026-04-22,13:08:00,2026-04-22 13:08:00,2,Wednesday,0,0,15000,CASH,20000,5000,1
STRX-260422-0436,2026-04-22,19:14:00,2026-04-22 19:14:00,2,Wednesday,0,0,9000,TRANSFER,9000,0,3
STRX-260422-0437,2026-04-22,12:02:00,2026-04-22 12:02:00,2,Wednesday,0,0,86500,TRANSFER,86500,0,3
STRX-260423-0438,2026-04-23,18:56:00,2026-04-23 18:56:00,3,Thursday,0,0,21000,CASH,25000,4000,4
STRX-260423-0439,2026-04-23,07:33:00,2026-04-23 07:33:00,3,Thursday,0,0,14600,CASH,15000,400,4
STRX-260423-0440,2026-04-23,09:29:00,2026-04-23 09:29:00,3,Thursday,0,0,10500,CASH,15000,4500,1
STRX-260423-0441,2026-04-23,17:05:00,2026-04-23 17:05:00,3,Thursday,0,0,4000,CASH,5000,1000,1
STRX-260423-0442,2026-04-23,17:32:00,2026-04-23 17:32:00,3,Thursday,0,0,29000,CASH,30000,1000,3
STRX-260423-0443,2026-04-23,07:19:00,2026-04-23 07:19:00,3,Thursday,0,0,6000,CASH,10000,4000,2
STRX-260423-0444,2026-04-23,10:29:00,2026-04-23 10:29:00,3,Thursday,0,0,8000,CASH,10000,2000,2
STRX-260423-0445,2026-04-23,12:38:00,2026-04-23 12:38:00,3,Thursday,0,0,14250,CASH,15000,750,3
STRX-260423-0446,2026-04-23,18:19:00,2026-04-23 18:19:00,3,Thursday,0,0,13000,EWALLET,13000,0,2
STRX-260423-0447,2026-04-23,14:35:00,2026-04-23 14:35:00,3,Thursday,0,0,12000,CASH,15000,3000,1
STRX-260423-0448,2026-04-23,10:23:00,2026-04-23 10:23:00,3,Thursday,0,0,17500,CASH,20000,2500,4
STRX-260423-0449,2026-04-23,20:33:00,2026-04-23 20:33:00,3,Thursday,0,0,152000,CASH,155000,3000,5
STRX-260423-0450,2026-04-23,15:45:00,2026-04-23 15:45:00,3,Thursday,0,0,12000,CASH,15000,3000,2
STRX-260423-0451,2026-04-23,12:02:00,2026-04-23 12:02:00,3,Thursday,0,0,5000,CASH,10000,5000,2
STRX-260423-0452,2026-04-23,13:20:00,2026-04-23 13:20:00,3,Thursday,0,0,36500,CASH,40000,3500,3
STRX-260423-0453,2026-04-23,12:02:00,2026-04-23 12:02:00,3,Thursday,0,0,26000,CASH,30000,4000,3
STRX-260423-0454,2026-04-23,17:20:00,2026-04-23 17:20:00,3,Thursday,0,0,38500,QRIS,38500,0,3
STRX-260423-0455,2026-04-23,13:10:00,2026-04-23 13:10:00,3,Thursday,0,0,19000,CASH,20000,1000,3
STRX-260423-0456,2026-04-23,12:19:00,2026-04-23 12:19:00,3,Thursday,0,0,15900,CASH,20000,4100,2
STRX-260423-0457,2026-04-23,19:09:00,2026-04-23 19:09:00,3,Thursday,0,0,10000,CASH,15000,5000,1
STRX-260424-0458,2026-04-24,18:52:00,2026-04-24 18:52:00,4,Friday,0,0,60000,QRIS,60000,0,5
STRX-260424-0459,2026-04-24,06:48:00,2026-04-24 06:48:00,4,Friday,0,0,12000,CASH,15000,3000,2
STRX-260424-0460,2026-04-24,09:17:00,2026-04-24 09:17:00,4,Friday,0,0,1000,CASH,5000,4000,1
STRX-260424-0461,2026-04-24,14:17:00,2026-04-24 14:17:00,4,Friday,0,0,27000,CASH,30000,3000,1
STRX-260424-0462,2026-04-24,15:21:00,2026-04-24 15:21:00,4,Friday,0,0,30500,QRIS,30500,0,2
STRX-260424-0463,2026-04-24,16:57:00,2026-04-24 16:57:00,4,Friday,0,0,89000,CASH,90000,1000,3
STRX-260424-0464,2026-04-24,12:08:00,2026-04-24 12:08:00,4,Friday,0,0,1500,CASH,5000,3500,1
STRX-260424-0465,2026-04-24,15:49:00,2026-04-24 15:49:00,4,Friday,0,0,9000,QRIS,9000,0,1
STRX-260424-0466,2026-04-24,11:44:00,2026-04-24 11:44:00,4,Friday,0,0,26500,CASH,30000,3500,4
STRX-260424-0467,2026-04-24,16:06:00,2026-04-24 16:06:00,4,Friday,0,0,5000,CASH,10000,5000,2
STRX-260424-0468,2026-04-24,20:24:00,2026-04-24 20:24:00,4,Friday,0,0,6000,CASH,10000,4000,1
STRX-260424-0469,2026-04-24,14:21:00,2026-04-24 14:21:00,4,Friday,0,0,14000,CASH,15000,1000,2
STRX-260424-0470,2026-04-24,12:35:00,2026-04-24 12:35:00,4,Friday,0,0,4000,CASH,5000,1000,1
STRX-260424-0471,2026-04-24,16:38:00,2026-04-24 16:38:00,4,Friday,0,0,32000,CASH,35000,3000,3
STRX-260424-0472,2026-04-24,09:34:00,2026-04-24 09:34:00,4,Friday,0,0,12000,CASH,15000,3000,2
STRX-260425-0473,2026-04-25,20:22:00,2026-04-25 20:22:00,5,Saturday,1,1,43000,CASH,45000,2000,5
STRX-260425-0474,2026-04-25,11:24:00,2026-04-25 11:24:00,5,Saturday,1,1,16000,CASH,20000,4000,2
STRX-260425-0475,2026-04-25,12:18:00,2026-04-25 12:18:00,5,Saturday,1,1,94000,CASH,95000,1000,5
STRX-260425-0476,2026-04-25,13:35:00,2026-04-25 13:35:00,5,Saturday,1,1,29725,CASH,30000,275,3
STRX-260425-0477,2026-04-25,14:45:00,2026-04-25 14:45:00,5,Saturday,1,1,8000,CASH,10000,2000,2
STRX-260425-0478,2026-04-25,10:33:00,2026-04-25 10:33:00,5,Saturday,1,1,10000,CASH,15000,5000,1
STRX-260425-0479,2026-04-25,20:04:00,2026-04-25 20:04:00,5,Saturday,1,1,11500,QRIS,11500,0,3
STRX-260425-0480,2026-04-25,20:51:00,2026-04-25 20:51:00,5,Saturday,1,1,33000,CASH,35000,2000,2
STRX-260425-0481,2026-04-25,14:36:00,2026-04-25 14:36:00,5,Saturday,1,1,2000,QRIS,2000,0,1
STRX-260425-0482,2026-04-25,08:32:00,2026-04-25 08:32:00,5,Saturday,1,1,3000,CASH,5000,2000,1
STRX-260425-0483,2026-04-25,10:47:00,2026-04-25 10:47:00,5,Saturday,1,1,3000,CASH,5000,2000,1
STRX-260425-0484,2026-04-25,17:16:00,2026-04-25 17:16:00,5,Saturday,1,1,31000,CASH,35000,4000,3
STRX-260425-0485,2026-04-25,12:24:00,2026-04-25 12:24:00,5,Saturday,1,1,15000,CASH,20000,5000,2
STRX-260425-0486,2026-04-25,08:10:00,2026-04-25 08:10:00,5,Saturday,1,1,12000,TRANSFER,12000,0,1
STRX-260425-0487,2026-04-25,16:24:00,2026-04-25 16:24:00,5,Saturday,1,1,22000,CASH,25000,3000,2
STRX-260425-0488,2026-04-25,16:02:00,2026-04-25 16:02:00,5,Saturday,1,1,10000,CASH,15000,5000,1
STRX-260425-0489,2026-04-25,16:17:00,2026-04-25 16:17:00,5,Saturday,1,1,14000,CASH,15000,1000,2
STRX-260425-0490,2026-04-25,15:12:00,2026-04-25 15:12:00,5,Saturday,1,1,26650,CASH,30000,3350,2
STRX-260425-0491,2026-04-25,08:28:00,2026-04-25 08:28:00,5,Saturday,1,1,10000,CASH,15000,5000,2
STRX-260425-0492,2026-04-25,10:38:00,2026-04-25 10:38:00,5,Saturday,1,1,97000,CASH,100000,3000,3
STRX-260425-0493,2026-04-25,10:29:00,2026-04-25 10:29:00,5,Saturday,1,1,18000,CASH,20000,2000,3
STRX-260425-0494,2026-04-25,07:24:00,2026-04-25 07:24:00,5,Saturday,1,1,7000,CASH,10000,3000,2
STRX-260425-0495,2026-04-25,09:31:00,2026-04-25 09:31:00,5,Saturday,1,1,10000,CASH,15000,5000,1
STRX-260425-0496,2026-04-25,12:16:00,2026-04-25 12:16:00,5,Saturday,1,1,4000,CASH,5000,1000,1
STRX-260425-0497,2026-04-25,19:09:00,2026-04-25 19:09:00,5,Saturday,1,1,42500,CASH,45000,2500,3
STRX-260425-0498,2026-04-25,12:46:00,2026-04-25 12:46:00,5,Saturday,1,1,23500,TRANSFER,23500,0,3
STRX-260425-0499,2026-04-25,12:40:00,2026-04-25 12:40:00,5,Saturday,1,1,44500,CASH,45000,500,5
STRX-260425-0500,2026-04-25,18:28:00,2026-04-25 18:28:00,5,Saturday,1,1,66000,CASH,70000,4000,3
STRX-260425-0501,2026-04-25,12:01:00,2026-04-25 12:01:00,5,Saturday,1,1,15000,CASH,20000,5000,1
STRX-260425-0502,2026-04-25,17:42:00,2026-04-25 17:42:00,5,Saturday,1,1,20000,CASH,25000,5000,2
STRX-260426-0503,2026-04-26,06:58:00,2026-04-26 06:58:00,6,Sunday,1,1,75000,CASH,80000,5000,3
STRX-260426-0504,2026-04-26,08:31:00,2026-04-26 08:31:00,6,Sunday,1,1,17000,CASH,20000,3000,3
STRX-260426-0505,2026-04-26,11:50:00,2026-04-26 11:50:00,6,Sunday,1,1,18000,CASH,20000,2000,2
STRX-260426-0506,2026-04-26,09:15:00,2026-04-26 09:15:00,6,Sunday,1,1,33000,CASH,35000,2000,4
STRX-260426-0507,2026-04-26,17:49:00,2026-04-26 17:49:00,6,Sunday,1,1,6000,CASH,10000,4000,1
STRX-260426-0508,2026-04-26,09:44:00,2026-04-26 09:44:00,6,Sunday,1,1,15000,CASH,20000,5000,1
STRX-260426-0509,2026-04-26,17:22:00,2026-04-26 17:22:00,6,Sunday,1,1,22000,EWALLET,22000,0,2
STRX-260426-0510,2026-04-26,13:29:00,2026-04-26 13:29:00,6,Sunday,1,1,17650,CASH,20000,2350,3
STRX-260426-0511,2026-04-26,11:13:00,2026-04-26 11:13:00,6,Sunday,1,1,10000,CASH,15000,5000,2
STRX-260426-0512,2026-04-26,17:31:00,2026-04-26 17:31:00,6,Sunday,1,1,13000,CASH,15000,2000,2
STRX-260426-0513,2026-04-26,10:07:00,2026-04-26 10:07:00,6,Sunday,1,1,6000,QRIS,6000,0,2
STRX-260426-0514,2026-04-26,18:09:00,2026-04-26 18:09:00,6,Sunday,1,1,8000,CASH,10000,2000,2
STRX-260426-0515,2026-04-26,11:02:00,2026-04-26 11:02:00,6,Sunday,1,1,26000,CASH,30000,4000,3
STRX-260426-0516,2026-04-26,15:10:00,2026-04-26 15:10:00,6,Sunday,1,1,18000,CASH,20000,2000,3
STRX-260426-0517,2026-04-26,18:15:00,2026-04-26 18:15:00,6,Sunday,1,1,7000,CASH,10000,3000,2
STRX-260426-0518,2026-04-26,07:30:00,2026-04-26 07:30:00,6,Sunday,1,1,18000,QRIS,18000,0,2
STRX-260426-0519,2026-04-26,17:44:00,2026-04-26 17:44:00,6,Sunday,1,1,43000,CASH,45000,2000,3
STRX-260426-0520,2026-04-26,06:29:00,2026-04-26 06:29:00,6,Sunday,1,1,80850,CASH,85000,4150,2
STRX-260426-0521,2026-04-26,07:57:00,2026-04-26 07:57:00,6,Sunday,1,1,17500,CASH,20000,2500,3
STRX-260426-0522,2026-04-26,19:32:00,2026-04-26 19:32:00,6,Sunday,1,1,93000,CASH,95000,2000,4
STRX-260426-0523,2026-04-26,08:30:00,2026-04-26 08:30:00,6,Sunday,1,1,68000,CASH,70000,2000,3
STRX-260426-0524,2026-04-26,11:28:00,2026-04-26 11:28:00,6,Sunday,1,1,13000,CASH,15000,2000,2
STRX-260426-0525,2026-04-26,17:44:00,2026-04-26 17:44:00,6,Sunday,1,1,36000,CASH,40000,4000,3
STRX-260426-0526,2026-04-26,13:55:00,2026-04-26 13:55:00,6,Sunday,1,1,61500,CASH,65000,3500,2
STRX-260426-0527,2026-04-26,17:01:00,2026-04-26 17:01:00,6,Sunday,1,1,17000,CASH,20000,3000,2
STRX-260426-0528,2026-04-26,15:20:00,2026-04-26 15:20:00,6,Sunday,1,1,64000,CASH,65000,1000,2
STRX-260426-0529,2026-04-26,17:14:00,2026-04-26 17:14:00,6,Sunday,1,1,3000,CASH,5000,2000,2
STRX-260426-0530,2026-04-26,16:18:00,2026-04-26 16:18:00,6,Sunday,1,1,12000,CASH,15000,3000,1
STRX-260426-0531,2026-04-26,09:07:00,2026-04-26 09:07:00,6,Sunday,1,1,3500,CASH,5000,1500,1
STRX-260426-0532,2026-04-26,14:02:00,2026-04-26 14:02:00,6,Sunday,1,1,12000,EWALLET,12000,0,3
STRX-260426-0533,2026-04-26,19:09:00,2026-04-26 19:09:00,6,Sunday,1,1,2000,EWALLET,2000,0,1
STRX-260426-0534,2026-04-26,12:18:00,2026-04-26 12:18:00,6,Sunday,1,1,58350,TRANSFER,58350,0,4
STRX-260427-0535,2026-04-27,08:03:00,2026-04-27 08:03:00,0,Monday,0,1,17500,CASH,20000,2500,3
STRX-260427-0536,2026-04-27,11:31:00,2026-04-27 11:31:00,0,Monday,0,1,48000,QRIS,48000,0,2
STRX-260427-0537,2026-04-27,11:18:00,2026-04-27 11:18:00,0,Monday,0,1,11500,CASH,15000,3500,2
STRX-260427-0538,2026-04-27,12:10:00,2026-04-27 12:10:00,0,Monday,0,1,49000,CASH,50000,1000,4
STRX-260427-0539,2026-04-27,08:26:00,2026-04-27 08:26:00,0,Monday,0,1,30000,CASH,35000,5000,3
STRX-260427-0540,2026-04-27,10:37:00,2026-04-27 10:37:00,0,Monday,0,1,14000,CASH,15000,1000,2
STRX-260427-0541,2026-04-27,12:41:00,2026-04-27 12:41:00,0,Monday,0,1,19500,CASH,20000,500,3
STRX-260427-0542,2026-04-27,13:27:00,2026-04-27 13:27:00,0,Monday,0,1,63000,CASH,65000,2000,4
STRX-260427-0543,2026-04-27,10:26:00,2026-04-27 10:26:00,0,Monday,0,1,38000,CASH,40000,2000,3
STRX-260427-0544,2026-04-27,11:20:00,2026-04-27 11:20:00,0,Monday,0,1,57500,CASH,60000,2500,2
STRX-260427-0545,2026-04-27,11:31:00,2026-04-27 11:31:00,0,Monday,0,1,19000,CASH,20000,1000,2
STRX-260427-0546,2026-04-27,16:33:00,2026-04-27 16:33:00,0,Monday,0,1,40500,QRIS,40500,0,3
STRX-260427-0547,2026-04-27,12:38:00,2026-04-27 12:38:00,0,Monday,0,1,5000,CASH,10000,5000,2
STRX-260427-0548,2026-04-27,16:19:00,2026-04-27 16:19:00,0,Monday,0,1,9000,CASH,10000,1000,1
STRX-260427-0549,2026-04-27,08:49:00,2026-04-27 08:49:00,0,Monday,0,1,18000,CASH,20000,2000,2
STRX-260427-0550,2026-04-27,07:19:00,2026-04-27 07:19:00,0,Monday,0,1,27500,CASH,30000,2500,3
STRX-260427-0551,2026-04-27,19:22:00,2026-04-27 19:22:00,0,Monday,0,1,8000,CASH,10000,2000,2
STRX-260427-0552,2026-04-27,13:45:00,2026-04-27 13:45:00,0,Monday,0,1,7000,QRIS,7000,0,1
STRX-260427-0553,2026-04-27,08:13:00,2026-04-27 08:13:00,0,Monday,0,1,80000,CASH,85000,5000,4
STRX-260427-0554,2026-04-27,12:33:00,2026-04-27 12:33:00,0,Monday,0,1,1800,CASH,5000,3200,1
STRX-260427-0555,2026-04-27,13:24:00,2026-04-27 13:24:00,0,Monday,0,1,7500,EWALLET,7500,0,2
STRX-260427-0556,2026-04-27,09:04:00,2026-04-27 09:04:00,0,Monday,0,1,48000,CASH,50000,2000,4
STRX-260428-0557,2026-04-28,11:12:00,2026-04-28 11:12:00,1,Tuesday,0,1,9000,CASH,10000,1000,2
STRX-260428-0558,2026-04-28,14:17:00,2026-04-28 14:17:00,1,Tuesday,0,1,35500,CASH,40000,4500,3
STRX-260428-0559,2026-04-28,13:14:00,2026-04-28 13:14:00,1,Tuesday,0,1,28000,CASH,30000,2000,3
STRX-260428-0560,2026-04-28,08:04:00,2026-04-28 08:04:00,1,Tuesday,0,1,9000,CASH,10000,1000,2
STRX-260428-0561,2026-04-28,14:01:00,2026-04-28 14:01:00,1,Tuesday,0,1,52175,CASH,55000,2825,4
STRX-260428-0562,2026-04-28,11:48:00,2026-04-28 11:48:00,1,Tuesday,0,1,81000,CASH,85000,4000,1
STRX-260428-0563,2026-04-28,12:54:00,2026-04-28 12:54:00,1,Tuesday,0,1,15000,CASH,20000,5000,1
STRX-260428-0564,2026-04-28,16:49:00,2026-04-28 16:49:00,1,Tuesday,0,1,39500,CASH,40000,500,5
STRX-260428-0565,2026-04-28,15:58:00,2026-04-28 15:58:00,1,Tuesday,0,1,11000,CASH,15000,4000,2
STRX-260428-0566,2026-04-28,12:01:00,2026-04-28 12:01:00,1,Tuesday,0,1,13000,CASH,15000,2000,3
STRX-260428-0567,2026-04-28,17:21:00,2026-04-28 17:21:00,1,Tuesday,0,1,3500,TRANSFER,3500,0,1
STRX-260428-0568,2026-04-28,20:04:00,2026-04-28 20:04:00,1,Tuesday,0,1,24500,CASH,25000,500,4
STRX-260428-0569,2026-04-28,12:13:00,2026-04-28 12:13:00,1,Tuesday,0,1,5500,CASH,10000,4500,2
STRX-260429-0570,2026-04-29,13:42:00,2026-04-29 13:42:00,2,Wednesday,0,1,106500,QRIS,106500,0,3
STRX-260429-0571,2026-04-29,13:39:00,2026-04-29 13:39:00,2,Wednesday,0,1,22000,CASH,25000,3000,3
STRX-260429-0572,2026-04-29,18:58:00,2026-04-29 18:58:00,2,Wednesday,0,1,12000,CASH,15000,3000,1
STRX-260429-0573,2026-04-29,10:38:00,2026-04-29 10:38:00,2,Wednesday,0,1,15000,CASH,20000,5000,2
STRX-260429-0574,2026-04-29,12:57:00,2026-04-29 12:57:00,2,Wednesday,0,1,3000,CASH,5000,2000,1
STRX-260429-0575,2026-04-29,16:11:00,2026-04-29 16:11:00,2,Wednesday,0,1,36500,CASH,40000,3500,3
STRX-260429-0576,2026-04-29,16:56:00,2026-04-29 16:56:00,2,Wednesday,0,1,23000,CASH,25000,2000,1
STRX-260429-0577,2026-04-29,17:59:00,2026-04-29 17:59:00,2,Wednesday,0,1,81000,CASH,85000,4000,1
STRX-260429-0578,2026-04-29,13:05:00,2026-04-29 13:05:00,2,Wednesday,0,1,9000,CASH,10000,1000,2
STRX-260429-0579,2026-04-29,12:09:00,2026-04-29 12:09:00,2,Wednesday,0,1,6000,CASH,10000,4000,1
STRX-260429-0580,2026-04-29,07:34:00,2026-04-29 07:34:00,2,Wednesday,0,1,60000,CASH,65000,5000,2
STRX-260429-0581,2026-04-29,11:45:00,2026-04-29 11:45:00,2,Wednesday,0,1,6500,QRIS,6500,0,2
STRX-260429-0582,2026-04-29,19:42:00,2026-04-29 19:42:00,2,Wednesday,0,1,7500,TRANSFER,7500,0,2
STRX-260429-0583,2026-04-29,18:24:00,2026-04-29 18:24:00,2,Wednesday,0,1,3000,TRANSFER,3000,0,1
STRX-260429-0584,2026-04-29,19:48:00,2026-04-29 19:48:00,2,Wednesday,0,1,24000,QRIS,24000,0,2
STRX-260429-0585,2026-04-29,07:55:00,2026-04-29 07:55:00,2,Wednesday,0,1,3000,CASH,5000,2000,1
STRX-260429-0586,2026-04-29,11:27:00,2026-04-29 11:27:00,2,Wednesday,0,1,89000,CASH,90000,1000,3
STRX-260429-0587,2026-04-29,15:40:00,2026-04-29 15:40:00,2,Wednesday,0,1,17500,CASH,20000,2500,2
STRX-260429-0588,2026-04-29,16:49:00,2026-04-29 16:49:00,2,Wednesday,0,1,121500,CASH,125000,3500,4
STRX-260429-0589,2026-04-29,09:56:00,2026-04-29 09:56:00,2,Wednesday,0,1,7500,CASH,10000,2500,2
STRX-260430-0590,2026-04-30,09:44:00,2026-04-30 09:44:00,3,Thursday,0,1,34000,TRANSFER,34000,0,4
STRX-260430-0591,2026-04-30,10:13:00,2026-04-30 10:13:00,3,Thursday,0,1,5000,CASH,10000,5000,1
STRX-260430-0592,2026-04-30,08:54:00,2026-04-30 08:54:00,3,Thursday,0,1,5700,CASH,10000,4300,2
STRX-260430-0593,2026-04-30,10:28:00,2026-04-30 10:28:00,3,Thursday,0,1,112500,CASH,115000,2500,4
STRX-260430-0594,2026-04-30,07:21:00,2026-04-30 07:21:00,3,Thursday,0,1,95000,QRIS,95000,0,4
STRX-260430-0595,2026-04-30,18:02:00,2026-04-30 18:02:00,3,Thursday,0,1,12750,QRIS,12750,0,3
STRX-260430-0596,2026-04-30,13:53:00,2026-04-30 13:53:00,3,Thursday,0,1,4000,QRIS,4000,0,1
STRX-260430-0597,2026-04-30,19:33:00,2026-04-30 19:33:00,3,Thursday,0,1,29000,EWALLET,29000,0,2
STRX-260430-0598,2026-04-30,17:03:00,2026-04-30 17:03:00,3,Thursday,0,1,15000,CASH,20000,5000,1
STRX-260430-0599,2026-04-30,12:07:00,2026-04-30 12:07:00,3,Thursday,0,1,82000,CASH,85000,3000,5
STRX-260430-0600,2026-04-30,15:37:00,2026-04-30 15:37:00,3,Thursday,0,1,45900,CASH,50000,4100,5
STRX-260430-0601,2026-04-30,18:42:00,2026-04-30 18:42:00,3,Thursday,0,1,19200,CASH,20000,800,2
STRX-260430-0602,2026-04-30,17:46:00,2026-04-30 17:46:00,3,Thursday,0,1,14000,CASH,15000,1000,3
STRX-260430-0603,2026-04-30,10:49:00,2026-04-30 10:49:00,3,Thursday,0,1,20500,CASH,25000,4500,4
STRX-260430-0604,2026-04-30,08:42:00,2026-04-30 08:42:00,3,Thursday,0,1,8000,CASH,10000,2000,1
STRX-260501-0605,2026-05-01,15:05:00,2026-05-01 15:05:00,4,Friday,0,1,15500,CASH,20000,4500,3
STRX-260501-0606,2026-05-01,13:40:00,2026-05-01 13:40:00,4,Friday,0,1,16000,QRIS,16000,0,3
STRX-260501-0607,2026-05-01,14:35:00,2026-05-01 14:35:00,4,Friday,0,1,15000,CASH,20000,5000,1
STRX-260501-0608,2026-05-01,16:36:00,2026-05-01 16:36:00,4,Friday,0,1,34700,CASH,35000,300,4
STRX-260501-0609,2026-05-01,16:39:00,2026-05-01 16:39:00,4,Friday,0,1,36000,CASH,40000,4000,4
STRX-260501-0610,2026-05-01,12:25:00,2026-05-01 12:25:00,4,Friday,0,1,12000,EWALLET,12000,0,4
STRX-260501-0611,2026-05-01,06:12:00,2026-05-01 06:12:00,4,Friday,0,1,18600,CASH,20000,1400,3
STRX-260501-0612,2026-05-01,19:47:00,2026-05-01 19:47:00,4,Friday,0,1,14000,CASH,15000,1000,3
STRX-260501-0613,2026-05-01,16:26:00,2026-05-01 16:26:00,4,Friday,0,1,22000,CASH,25000,3000,3
STRX-260501-0614,2026-05-01,16:33:00,2026-05-01 16:33:00,4,Friday,0,1,2000,CASH,5000,3000,1
STRX-260501-0615,2026-05-01,18:07:00,2026-05-01 18:07:00,4,Friday,0,1,10500,CASH,15000,4500,2
STRX-260501-0616,2026-05-01,10:14:00,2026-05-01 10:14:00,4,Friday,0,1,74000,CASH,75000,1000,3
STRX-260501-0617,2026-05-01,16:23:00,2026-05-01 16:23:00,4,Friday,0,1,16000,CASH,20000,4000,3
STRX-260501-0618,2026-05-01,12:31:00,2026-05-01 12:31:00,4,Friday,0,1,27000,CASH,30000,3000,2
STRX-260501-0619,2026-05-01,19:02:00,2026-05-01 19:02:00,4,Friday,0,1,39500,CASH,40000,500,4
STRX-260501-0620,2026-05-01,15:06:00,2026-05-01 15:06:00,4,Friday,0,1,29000,QRIS,29000,0,3
STRX-260501-0621,2026-05-01,07:06:00,2026-05-01 07:06:00,4,Friday,0,1,6000,CASH,10000,4000,1
STRX-260501-0622,2026-05-01,16:48:00,2026-05-01 16:48:00,4,Friday,0,1,10000,CASH,15000,5000,2
STRX-260501-0623,2026-05-01,12:49:00,2026-05-01 12:49:00,4,Friday,0,1,1500,CASH,5000,3500,1
STRX-260501-0624,2026-05-01,10:45:00,2026-05-01 10:45:00,4,Friday,0,1,122000,CASH,125000,3000,3
STRX-260501-0625,2026-05-01,18:50:00,2026-05-01 18:50:00,4,Friday,0,1,31000,CASH,35000,4000,3
STRX-260501-0626,2026-05-01,11:02:00,2026-05-01 11:02:00,4,Friday,0,1,28000,CASH,30000,2000,3
STRX-260501-0627,2026-05-01,14:19:00,2026-05-01 14:19:00,4,Friday,0,1,19000,QRIS,19000,0,3
STRX-260502-0628,2026-05-02,12:22:00,2026-05-02 12:22:00,5,Saturday,1,1,32000,CASH,35000,3000,4
STRX-260502-0629,2026-05-02,13:48:00,2026-05-02 13:48:00,5,Saturday,1,1,51000,CASH,55000,4000,3
STRX-260502-0630,2026-05-02,10:32:00,2026-05-02 10:32:00,5,Saturday,1,1,17000,CASH,20000,3000,2
STRX-260502-0631,2026-05-02,17:37:00,2026-05-02 17:37:00,5,Saturday,1,1,23000,CASH,25000,2000,3
STRX-260502-0632,2026-05-02,13:15:00,2026-05-02 13:15:00,5,Saturday,1,1,10000,CASH,15000,5000,1
STRX-260502-0633,2026-05-02,09:27:00,2026-05-02 09:27:00,5,Saturday,1,1,22000,CASH,25000,3000,4
STRX-260502-0634,2026-05-02,12:59:00,2026-05-02 12:59:00,5,Saturday,1,1,24000,CASH,25000,1000,4
STRX-260502-0635,2026-05-02,14:58:00,2026-05-02 14:58:00,5,Saturday,1,1,34500,CASH,35000,500,4
STRX-260502-0636,2026-05-02,18:13:00,2026-05-02 18:13:00,5,Saturday,1,1,2000,CASH,5000,3000,1
STRX-260502-0637,2026-05-02,07:30:00,2026-05-02 07:30:00,5,Saturday,1,1,22500,CASH,25000,2500,3
STRX-260502-0638,2026-05-02,12:55:00,2026-05-02 12:55:00,5,Saturday,1,1,13000,CASH,15000,2000,2
STRX-260502-0639,2026-05-02,12:17:00,2026-05-02 12:17:00,5,Saturday,1,1,39000,CASH,40000,1000,3
STRX-260502-0640,2026-05-02,14:03:00,2026-05-02 14:03:00,5,Saturday,1,1,49000,CASH,50000,1000,4
STRX-260502-0641,2026-05-02,11:37:00,2026-05-02 11:37:00,5,Saturday,1,1,5000,CASH,10000,5000,1
STRX-260502-0642,2026-05-02,18:20:00,2026-05-02 18:20:00,5,Saturday,1,1,6000,CASH,10000,4000,2
STRX-260502-0643,2026-05-02,19:43:00,2026-05-02 19:43:00,5,Saturday,1,1,1000,CASH,5000,4000,1
STRX-260502-0644,2026-05-02,11:20:00,2026-05-02 11:20:00,5,Saturday,1,1,20000,CASH,25000,5000,1
STRX-260502-0645,2026-05-02,07:15:00,2026-05-02 07:15:00,5,Saturday,1,1,9000,CASH,10000,1000,3
STRX-260502-0646,2026-05-02,10:56:00,2026-05-02 10:56:00,5,Saturday,1,1,2000,CASH,5000,3000,1
STRX-260502-0647,2026-05-02,16:08:00,2026-05-02 16:08:00,5,Saturday,1,1,8000,CASH,10000,2000,2
STRX-260502-0648,2026-05-02,17:34:00,2026-05-02 17:34:00,5,Saturday,1,1,22000,CASH,25000,3000,4
STRX-260502-0649,2026-05-02,18:13:00,2026-05-02 18:13:00,5,Saturday,1,1,22000,CASH,25000,3000,3
STRX-260502-0650,2026-05-02,12:39:00,2026-05-02 12:39:00,5,Saturday,1,1,18000,TRANSFER,18000,0,2
STRX-260502-0651,2026-05-02,16:20:00,2026-05-02 16:20:00,5,Saturday,1,1,10000,CASH,15000,5000,2
STRX-260502-0652,2026-05-02,19:43:00,2026-05-02 19:43:00,5,Saturday,1,1,4000,CASH,5000,1000,1
STRX-260502-0653,2026-05-02,08:56:00,2026-05-02 08:56:00,5,Saturday,1,1,40500,CASH,45000,4500,3
STRX-260502-0654,2026-05-02,17:44:00,2026-05-02 17:44:00,5,Saturday,1,1,42900,CASH,45000,2100,5
STRX-260502-0655,2026-05-02,19:45:00,2026-05-02 19:45:00,5,Saturday,1,1,19500,CASH,20000,500,3
STRX-260502-0656,2026-05-02,15:11:00,2026-05-02 15:11:00,5,Saturday,1,1,3000,CASH,5000,2000,1
STRX-260502-0657,2026-05-02,10:33:00,2026-05-02 10:33:00,5,Saturday,1,1,46000,TRANSFER,46000,0,3
STRX-260502-0658,2026-05-02,16:41:00,2026-05-02 16:41:00,5,Saturday,1,1,25000,CASH,30000,5000,1
STRX-260502-0659,2026-05-02,16:29:00,2026-05-02 16:29:00,5,Saturday,1,1,20000,CASH,25000,5000,2
STRX-260502-0660,2026-05-02,11:21:00,2026-05-02 11:21:00,5,Saturday,1,1,6000,CASH,10000,4000,1
STRX-260502-0661,2026-05-02,12:04:00,2026-05-02 12:04:00,5,Saturday,1,1,30600,CASH,35000,4400,4
STRX-260502-0662,2026-05-02,18:33:00,2026-05-02 18:33:00,5,Saturday,1,1,49000,CASH,50000,1000,3
STRX-260502-0663,2026-05-02,18:04:00,2026-05-02 18:04:00,5,Saturday,1,1,35500,CASH,40000,4500,3
STRX-260502-0664,2026-05-02,15:26:00,2026-05-02 15:26:00,5,Saturday,1,1,8000,CASH,10000,2000,2
STRX-260502-0665,2026-05-02,11:43:00,2026-05-02 11:43:00,5,Saturday,1,1,21000,CASH,25000,4000,3
STRX-260502-0666,2026-05-02,10:26:00,2026-05-02 10:26:00,5,Saturday,1,1,7000,CASH,10000,3000,2
STRX-260502-0667,2026-05-02,16:22:00,2026-05-02 16:22:00,5,Saturday,1,1,11700,CASH,15000,3300,2
STRX-260502-0668,2026-05-02,16:09:00,2026-05-02 16:09:00,5,Saturday,1,1,10000,QRIS,10000,0,1
STRX-260503-0669,2026-05-03,15:12:00,2026-05-03 15:12:00,6,Sunday,1,1,59500,EWALLET,59500,0,2
STRX-260503-0670,2026-05-03,15:26:00,2026-05-03 15:26:00,6,Sunday,1,1,16000,QRIS,16000,0,2
STRX-260503-0671,2026-05-03,12:13:00,2026-05-03 12:13:00,6,Sunday,1,1,27000,CASH,30000,3000,2
STRX-260503-0672,2026-05-03,11:04:00,2026-05-03 11:04:00,6,Sunday,1,1,12000,CASH,15000,3000,2
STRX-260503-0673,2026-05-03,09:18:00,2026-05-03 09:18:00,6,Sunday,1,1,10000,CASH,15000,5000,1
STRX-260503-0674,2026-05-03,09:01:00,2026-05-03 09:01:00,6,Sunday,1,1,12000,CASH,15000,3000,1
STRX-260503-0675,2026-05-03,16:56:00,2026-05-03 16:56:00,6,Sunday,1,1,5000,CASH,10000,5000,1
STRX-260503-0676,2026-05-03,16:33:00,2026-05-03 16:33:00,6,Sunday,1,1,13550,TRANSFER,13550,0,4
STRX-260503-0677,2026-05-03,15:54:00,2026-05-03 15:54:00,6,Sunday,1,1,14000,CASH,15000,1000,2
STRX-260503-0678,2026-05-03,18:13:00,2026-05-03 18:13:00,6,Sunday,1,1,4500,CASH,5000,500,2
STRX-260503-0679,2026-05-03,13:11:00,2026-05-03 13:11:00,6,Sunday,1,1,62000,CASH,65000,3000,2
STRX-260503-0680,2026-05-03,14:02:00,2026-05-03 14:02:00,6,Sunday,1,1,9000,CASH,10000,1000,2
STRX-260503-0681,2026-05-03,18:16:00,2026-05-03 18:16:00,6,Sunday,1,1,18000,CASH,20000,2000,3
STRX-260503-0682,2026-05-03,17:20:00,2026-05-03 17:20:00,6,Sunday,1,1,19500,CASH,20000,500,2
STRX-260503-0683,2026-05-03,14:05:00,2026-05-03 14:05:00,6,Sunday,1,1,17000,CASH,20000,3000,3
STRX-260503-0684,2026-05-03,10:45:00,2026-05-03 10:45:00,6,Sunday,1,1,143000,CASH,145000,2000,3
STRX-260503-0685,2026-05-03,18:48:00,2026-05-03 18:48:00,6,Sunday,1,1,16000,CASH,20000,4000,3
STRX-260503-0686,2026-05-03,17:46:00,2026-05-03 17:46:00,6,Sunday,1,1,36700,TRANSFER,36700,0,4
STRX-260503-0687,2026-05-03,18:21:00,2026-05-03 18:21:00,6,Sunday,1,1,14000,CASH,15000,1000,2
STRX-260503-0688,2026-05-03,07:08:00,2026-05-03 07:08:00,6,Sunday,1,1,46000,CASH,50000,4000,1
STRX-260503-0689,2026-05-03,15:55:00,2026-05-03 15:55:00,6,Sunday,1,1,31000,CASH,35000,4000,2
STRX-260503-0690,2026-05-03,15:19:00,2026-05-03 15:19:00,6,Sunday,1,1,4000,CASH,5000,1000,1
STRX-260503-0691,2026-05-03,13:11:00,2026-05-03 13:11:00,6,Sunday,1,1,5000,CASH,10000,5000,1
STRX-260503-0692,2026-05-03,13:29:00,2026-05-03 13:29:00,6,Sunday,1,1,10000,CASH,15000,5000,1
STRX-260504-0693,2026-05-04,08:26:00,2026-05-04 08:26:00,0,Monday,0,1,5000,QRIS,5000,0,2
STRX-260504-0694,2026-05-04,12:38:00,2026-05-04 12:38:00,0,Monday,0,1,90500,CASH,95000,4500,3
STRX-260504-0695,2026-05-04,11:36:00,2026-05-04 11:36:00,0,Monday,0,1,17500,QRIS,17500,0,4
STRX-260504-0696,2026-05-04,19:46:00,2026-05-04 19:46:00,0,Monday,0,1,5000,CASH,10000,5000,2
STRX-260504-0697,2026-05-04,09:56:00,2026-05-04 09:56:00,0,Monday,0,1,163500,CASH,165000,1500,3
STRX-260504-0698,2026-05-04,08:49:00,2026-05-04 08:49:00,0,Monday,0,1,19000,CASH,20000,1000,3
STRX-260504-0699,2026-05-04,09:02:00,2026-05-04 09:02:00,0,Monday,0,1,6000,QRIS,6000,0,1
STRX-260504-0700,2026-05-04,13:04:00,2026-05-04 13:04:00,0,Monday,0,1,2000,CASH,5000,3000,1
STRX-260504-0701,2026-05-04,10:10:00,2026-05-04 10:10:00,0,Monday,0,1,15500,CASH,20000,4500,1
STRX-260504-0702,2026-05-04,11:04:00,2026-05-04 11:04:00,0,Monday,0,1,42000,CASH,45000,3000,3
STRX-260504-0703,2026-05-04,13:42:00,2026-05-04 13:42:00,0,Monday,0,1,24000,CASH,25000,1000,3
STRX-260504-0704,2026-05-04,08:26:00,2026-05-04 08:26:00,0,Monday,0,1,31000,QRIS,31000,0,1
STRX-260504-0705,2026-05-04,20:06:00,2026-05-04 20:06:00,0,Monday,0,1,7500,CASH,10000,2500,2
STRX-260504-0706,2026-05-04,09:34:00,2026-05-04 09:34:00,0,Monday,0,1,12800,CASH,15000,2200,2
STRX-260504-0707,2026-05-04,12:04:00,2026-05-04 12:04:00,0,Monday,0,1,39000,QRIS,39000,0,3
STRX-260504-0708,2026-05-04,19:36:00,2026-05-04 19:36:00,0,Monday,0,1,3000,CASH,5000,2000,1
STRX-260505-0709,2026-05-05,16:21:00,2026-05-05 16:21:00,1,Tuesday,0,1,6000,CASH,10000,4000,1
STRX-260505-0710,2026-05-05,07:01:00,2026-05-05 07:01:00,1,Tuesday,0,1,12000,CASH,15000,3000,3
STRX-260505-0711,2026-05-05,17:48:00,2026-05-05 17:48:00,1,Tuesday,0,1,13000,CASH,15000,2000,2
STRX-260505-0712,2026-05-05,17:28:00,2026-05-05 17:28:00,1,Tuesday,0,1,17000,CASH,20000,3000,3
STRX-260505-0713,2026-05-05,11:15:00,2026-05-05 11:15:00,1,Tuesday,0,1,35000,EWALLET,35000,0,2
STRX-260505-0714,2026-05-05,13:11:00,2026-05-05 13:11:00,1,Tuesday,0,1,20500,CASH,25000,4500,2
STRX-260505-0715,2026-05-05,08:37:00,2026-05-05 08:37:00,1,Tuesday,0,1,4500,CASH,5000,500,2
STRX-260505-0716,2026-05-05,12:38:00,2026-05-05 12:38:00,1,Tuesday,0,1,7500,CASH,10000,2500,2
STRX-260505-0717,2026-05-05,11:10:00,2026-05-05 11:10:00,1,Tuesday,0,1,6000,CASH,10000,4000,2
STRX-260505-0718,2026-05-05,12:05:00,2026-05-05 12:05:00,1,Tuesday,0,1,18000,CASH,20000,2000,3
STRX-260505-0719,2026-05-05,08:30:00,2026-05-05 08:30:00,1,Tuesday,0,1,20000,CASH,25000,5000,1
STRX-260505-0720,2026-05-05,11:25:00,2026-05-05 11:25:00,1,Tuesday,0,1,24000,CASH,25000,1000,4
STRX-260505-0721,2026-05-05,10:58:00,2026-05-05 10:58:00,1,Tuesday,0,1,61500,CASH,65000,3500,3
STRX-260505-0722,2026-05-05,11:45:00,2026-05-05 11:45:00,1,Tuesday,0,1,95400,CASH,100000,4600,3
STRX-260505-0723,2026-05-05,15:58:00,2026-05-05 15:58:00,1,Tuesday,0,1,109000,CASH,110000,1000,2
STRX-260505-0724,2026-05-05,16:32:00,2026-05-05 16:32:00,1,Tuesday,0,1,31500,CASH,35000,3500,4
STRX-260505-0725,2026-05-05,11:10:00,2026-05-05 11:10:00,1,Tuesday,0,1,77000,CASH,80000,3000,4
STRX-260505-0726,2026-05-05,17:11:00,2026-05-05 17:11:00,1,Tuesday,0,1,7500,CASH,10000,2500,2
STRX-260505-0727,2026-05-05,08:40:00,2026-05-05 08:40:00,1,Tuesday,0,1,3500,CASH,5000,1500,1
STRX-260505-0728,2026-05-05,15:30:00,2026-05-05 15:30:00,1,Tuesday,0,1,35450,CASH,40000,4550,2
STRX-260505-0729,2026-05-05,13:00:00,2026-05-05 13:00:00,1,Tuesday,0,1,7000,CASH,10000,3000,2
STRX-260505-0730,2026-05-05,16:21:00,2026-05-05 16:21:00,1,Tuesday,0,1,126500,CASH,130000,3500,5
STRX-260505-0731,2026-05-05,16:52:00,2026-05-05 16:52:00,1,Tuesday,0,1,31000,QRIS,31000,0,2
STRX-260505-0732,2026-05-05,19:20:00,2026-05-05 19:20:00,1,Tuesday,0,1,16000,CASH,20000,4000,1
STRX-260505-0733,2026-05-05,12:38:00,2026-05-05 12:38:00,1,Tuesday,0,1,7500,CASH,10000,2500,2
STRX-260505-0734,2026-05-05,16:06:00,2026-05-05 16:06:00,1,Tuesday,0,1,22000,CASH,25000,3000,3
STRX-260505-0735,2026-05-05,16:35:00,2026-05-05 16:35:00,1,Tuesday,0,1,36700,CASH,40000,3300,4
STRX-260505-0736,2026-05-05,10:16:00,2026-05-05 10:16:00,1,Tuesday,0,1,127000,TRANSFER,127000,0,2
STRX-260505-0737,2026-05-05,10:36:00,2026-05-05 10:36:00,1,Tuesday,0,1,25000,CASH,30000,5000,3
STRX-260505-0738,2026-05-05,10:07:00,2026-05-05 10:07:00,1,Tuesday,0,1,8500,CASH,10000,1500,2
STRX-260505-0739,2026-05-05,11:24:00,2026-05-05 11:24:00,1,Tuesday,0,1,60500,QRIS,60500,0,3
STRX-260505-0740,2026-05-05,15:14:00,2026-05-05 15:14:00,1,Tuesday,0,1,15500,QRIS,15500,0,1
STRX-260505-0741,2026-05-05,10:14:00,2026-05-05 10:14:00,1,Tuesday,0,1,14000,CASH,15000,1000,2
STRX-260505-0742,2026-05-05,11:44:00,2026-05-05 11:44:00,1,Tuesday,0,1,1000,CASH,5000,4000,1
STRX-260505-0743,2026-05-05,13:45:00,2026-05-05 13:45:00,1,Tuesday,0,1,77500,TRANSFER,77500,0,5
STRX-260505-0744,2026-05-05,06:25:00,2026-05-05 06:25:00,1,Tuesday,0,1,55000,CASH,60000,5000,2
STRX-260506-0745,2026-05-06,18:25:00,2026-05-06 18:25:00,2,Wednesday,0,0,14000,CASH,15000,1000,1
STRX-260506-0746,2026-05-06,19:19:00,2026-05-06 19:19:00,2,Wednesday,0,0,3000,CASH,5000,2000,1
STRX-260506-0747,2026-05-06,10:47:00,2026-05-06 10:47:00,2,Wednesday,0,0,4000,CASH,5000,1000,1
STRX-260506-0748,2026-05-06,17:54:00,2026-05-06 17:54:00,2,Wednesday,0,0,46000,CASH,50000,4000,1
STRX-260506-0749,2026-05-06,08:30:00,2026-05-06 08:30:00,2,Wednesday,0,0,30000,EWALLET,30000,0,1
STRX-260506-0750,2026-05-06,20:40:00,2026-05-06 20:40:00,2,Wednesday,0,0,35000,CASH,40000,5000,3
STRX-260506-0751,2026-05-06,08:29:00,2026-05-06 08:29:00,2,Wednesday,0,0,15500,CASH,20000,4500,3
STRX-260506-0752,2026-05-06,14:17:00,2026-05-06 14:17:00,2,Wednesday,0,0,22000,EWALLET,22000,0,3
STRX-260506-0753,2026-05-06,13:25:00,2026-05-06 13:25:00,2,Wednesday,0,0,31000,CASH,35000,4000,4
STRX-260506-0754,2026-05-06,09:38:00,2026-05-06 09:38:00,2,Wednesday,0,0,30000,CASH,35000,5000,3
STRX-260506-0755,2026-05-06,08:19:00,2026-05-06 08:19:00,2,Wednesday,0,0,21000,TRANSFER,21000,0,2
STRX-260506-0756,2026-05-06,17:42:00,2026-05-06 17:42:00,2,Wednesday,0,0,22000,CASH,25000,3000,2
STRX-260506-0757,2026-05-06,16:42:00,2026-05-06 16:42:00,2,Wednesday,0,0,19000,TRANSFER,19000,0,3
STRX-260506-0758,2026-05-06,10:24:00,2026-05-06 10:24:00,2,Wednesday,0,0,39000,CASH,40000,1000,3
STRX-260506-0759,2026-05-06,15:45:00,2026-05-06 15:45:00,2,Wednesday,0,0,6500,CASH,10000,3500,2
STRX-260507-0760,2026-05-07,10:17:00,2026-05-07 10:17:00,3,Thursday,0,0,3000,CASH,5000,2000,1
STRX-260507-0761,2026-05-07,11:21:00,2026-05-07 11:21:00,3,Thursday,0,0,23000,CASH,25000,2000,3
STRX-260507-0762,2026-05-07,18:37:00,2026-05-07 18:37:00,3,Thursday,0,0,79000,CASH,80000,1000,4
STRX-260507-0763,2026-05-07,13:38:00,2026-05-07 13:38:00,3,Thursday,0,0,82000,CASH,85000,3000,4
STRX-260507-0764,2026-05-07,16:26:00,2026-05-07 16:26:00,3,Thursday,0,0,9000,CASH,10000,1000,3
STRX-260507-0765,2026-05-07,18:19:00,2026-05-07 18:19:00,3,Thursday,0,0,14500,CASH,15000,500,2
STRX-260507-0766,2026-05-07,17:35:00,2026-05-07 17:35:00,3,Thursday,0,0,82500,TRANSFER,82500,0,4
STRX-260507-0767,2026-05-07,18:00:00,2026-05-07 18:00:00,3,Thursday,0,0,148000,CASH,150000,2000,3
STRX-260507-0768,2026-05-07,20:43:00,2026-05-07 20:43:00,3,Thursday,0,0,39000,CASH,40000,1000,4
STRX-260507-0769,2026-05-07,18:54:00,2026-05-07 18:54:00,3,Thursday,0,0,3500,CASH,5000,1500,1
STRX-260507-0770,2026-05-07,14:13:00,2026-05-07 14:13:00,3,Thursday,0,0,25900,TRANSFER,25900,0,3
STRX-260508-0771,2026-05-08,18:11:00,2026-05-08 18:11:00,4,Friday,0,0,23500,CASH,25000,1500,2
STRX-260508-0772,2026-05-08,06:49:00,2026-05-08 06:49:00,4,Friday,0,0,21000,CASH,25000,4000,3
STRX-260508-0773,2026-05-08,11:27:00,2026-05-08 11:27:00,4,Friday,0,0,5000,CASH,10000,5000,1
STRX-260508-0774,2026-05-08,08:26:00,2026-05-08 08:26:00,4,Friday,0,0,30000,CASH,35000,5000,3
STRX-260508-0775,2026-05-08,11:48:00,2026-05-08 11:48:00,4,Friday,0,0,8000,QRIS,8000,0,2
STRX-260508-0776,2026-05-08,11:00:00,2026-05-08 11:00:00,4,Friday,0,0,47000,EWALLET,47000,0,3
STRX-260508-0777,2026-05-08,09:32:00,2026-05-08 09:32:00,4,Friday,0,0,3500,CASH,5000,1500,1
STRX-260508-0778,2026-05-08,16:27:00,2026-05-08 16:27:00,4,Friday,0,0,81000,QRIS,81000,0,1
STRX-260508-0779,2026-05-08,09:54:00,2026-05-08 09:54:00,4,Friday,0,0,14000,CASH,15000,1000,3
STRX-260509-0780,2026-05-09,10:40:00,2026-05-09 10:40:00,5,Saturday,1,0,41000,CASH,45000,4000,4
STRX-260509-0781,2026-05-09,11:18:00,2026-05-09 11:18:00,5,Saturday,1,0,24000,CASH,25000,1000,2
STRX-260509-0782,2026-05-09,06:35:00,2026-05-09 06:35:00,5,Saturday,1,0,11500,CASH,15000,3500,3
STRX-260509-0783,2026-05-09,08:40:00,2026-05-09 08:40:00,5,Saturday,1,0,21000,CASH,25000,4000,3
STRX-260509-0784,2026-05-09,17:48:00,2026-05-09 17:48:00,5,Saturday,1,0,84000,CASH,85000,1000,2
STRX-260509-0785,2026-05-09,19:22:00,2026-05-09 19:22:00,5,Saturday,1,0,58000,CASH,60000,2000,4
STRX-260509-0786,2026-05-09,17:44:00,2026-05-09 17:44:00,5,Saturday,1,0,1500,CASH,5000,3500,1
STRX-260509-0787,2026-05-09,07:28:00,2026-05-09 07:28:00,5,Saturday,1,0,5500,CASH,10000,4500,2
STRX-260509-0788,2026-05-09,18:50:00,2026-05-09 18:50:00,5,Saturday,1,0,37000,CASH,40000,3000,2
STRX-260509-0789,2026-05-09,10:34:00,2026-05-09 10:34:00,5,Saturday,1,0,54000,QRIS,54000,0,2
STRX-260509-0790,2026-05-09,10:52:00,2026-05-09 10:52:00,5,Saturday,1,0,19000,CASH,20000,1000,2
STRX-260509-0791,2026-05-09,10:08:00,2026-05-09 10:08:00,5,Saturday,1,0,7500,CASH,10000,2500,2
STRX-260509-0792,2026-05-09,09:01:00,2026-05-09 09:01:00,5,Saturday,1,0,3000,CASH,5000,2000,2
STRX-260509-0793,2026-05-09,18:40:00,2026-05-09 18:40:00,5,Saturday,1,0,23500,CASH,25000,1500,3
STRX-260509-0794,2026-05-09,09:30:00,2026-05-09 09:30:00,5,Saturday,1,0,12000,CASH,15000,3000,1
STRX-260509-0795,2026-05-09,13:46:00,2026-05-09 13:46:00,5,Saturday,1,0,14000,CASH,15000,1000,1
STRX-260509-0796,2026-05-09,16:12:00,2026-05-09 16:12:00,5,Saturday,1,0,12000,CASH,15000,3000,1
STRX-260509-0797,2026-05-09,08:33:00,2026-05-09 08:33:00,5,Saturday,1,0,2000,CASH,5000,3000,1
STRX-260509-0798,2026-05-09,08:00:00,2026-05-09 08:00:00,5,Saturday,1,0,31000,CASH,35000,4000,3
STRX-260509-0799,2026-05-09,17:21:00,2026-05-09 17:21:00,5,Saturday,1,0,13250,QRIS,13250,0,4
STRX-260509-0800,2026-05-09,10:32:00,2026-05-09 10:32:00,5,Saturday,1,0,63500,CASH,65000,1500,3
STRX-260510-0801,2026-05-10,09:07:00,2026-05-10 09:07:00,6,Sunday,1,0,15000,CASH,20000,5000,2
STRX-260510-0802,2026-05-10,07:09:00,2026-05-10 07:09:00,6,Sunday,1,0,10000,CASH,15000,5000,1
STRX-260510-0803,2026-05-10,16:19:00,2026-05-10 16:19:00,6,Sunday,1,0,22000,CASH,25000,3000,2
STRX-260510-0804,2026-05-10,17:55:00,2026-05-10 17:55:00,6,Sunday,1,0,31500,CASH,35000,3500,4
STRX-260510-0805,2026-05-10,09:24:00,2026-05-10 09:24:00,6,Sunday,1,0,14000,EWALLET,14000,0,2
STRX-260510-0806,2026-05-10,19:24:00,2026-05-10 19:24:00,6,Sunday,1,0,15000,CASH,20000,5000,2
STRX-260510-0807,2026-05-10,14:44:00,2026-05-10 14:44:00,6,Sunday,1,0,26000,QRIS,26000,0,3
STRX-260510-0808,2026-05-10,18:49:00,2026-05-10 18:49:00,6,Sunday,1,0,22400,QRIS,22400,0,4
STRX-260510-0809,2026-05-10,11:44:00,2026-05-10 11:44:00,6,Sunday,1,0,4000,CASH,5000,1000,1
STRX-260510-0810,2026-05-10,09:09:00,2026-05-10 09:09:00,6,Sunday,1,0,8000,CASH,10000,2000,1
STRX-260510-0811,2026-05-10,09:47:00,2026-05-10 09:47:00,6,Sunday,1,0,5000,TRANSFER,5000,0,1
STRX-260510-0812,2026-05-10,12:41:00,2026-05-10 12:41:00,6,Sunday,1,0,23500,CASH,25000,1500,3
STRX-260510-0813,2026-05-10,14:53:00,2026-05-10 14:53:00,6,Sunday,1,0,11500,CASH,15000,3500,2
STRX-260510-0814,2026-05-10,19:47:00,2026-05-10 19:47:00,6,Sunday,1,0,15000,CASH,20000,5000,2
STRX-260511-0815,2026-05-11,11:41:00,2026-05-11 11:41:00,0,Monday,0,0,23000,CASH,25000,2000,2
STRX-260511-0816,2026-05-11,17:21:00,2026-05-11 17:21:00,0,Monday,0,0,3500,CASH,5000,1500,1
STRX-260511-0817,2026-05-11,17:19:00,2026-05-11 17:19:00,0,Monday,0,0,3000,TRANSFER,3000,0,1
STRX-260511-0818,2026-05-11,14:02:00,2026-05-11 14:02:00,0,Monday,0,0,20000,TRANSFER,20000,0,3
STRX-260511-0819,2026-05-11,17:08:00,2026-05-11 17:08:00,0,Monday,0,0,18000,CASH,20000,2000,3
STRX-260511-0820,2026-05-11,10:09:00,2026-05-11 10:09:00,0,Monday,0,0,74000,CASH,75000,1000,3
STRX-260511-0821,2026-05-11,20:38:00,2026-05-11 20:38:00,0,Monday,0,0,18500,CASH,20000,1500,3
STRX-260511-0822,2026-05-11,09:39:00,2026-05-11 09:39:00,0,Monday,0,0,5000,CASH,10000,5000,2
STRX-260511-0823,2026-05-11,17:57:00,2026-05-11 17:57:00,0,Monday,0,0,12000,CASH,15000,3000,1
STRX-260511-0824,2026-05-11,10:23:00,2026-05-11 10:23:00,0,Monday,0,0,93000,CASH,95000,2000,2
STRX-260511-0825,2026-05-11,19:07:00,2026-05-11 19:07:00,0,Monday,0,0,21500,CASH,25000,3500,4
STRX-260511-0826,2026-05-11,20:02:00,2026-05-11 20:02:00,0,Monday,0,0,9000,QRIS,9000,0,3
STRX-260511-0827,2026-05-11,11:29:00,2026-05-11 11:29:00,0,Monday,0,0,13000,QRIS,13000,0,3
STRX-260511-0828,2026-05-11,12:04:00,2026-05-11 12:04:00,0,Monday,0,0,5000,CASH,10000,5000,2
STRX-260511-0829,2026-05-11,12:40:00,2026-05-11 12:40:00,0,Monday,0,0,4000,CASH,5000,1000,2
STRX-260511-0830,2026-05-11,09:13:00,2026-05-11 09:13:00,0,Monday,0,0,67000,CASH,70000,3000,4
STRX-260511-0831,2026-05-11,18:05:00,2026-05-11 18:05:00,0,Monday,0,0,23000,TRANSFER,23000,0,4
STRX-260512-0832,2026-05-12,19:12:00,2026-05-12 19:12:00,1,Tuesday,0,0,54000,CASH,55000,1000,1
STRX-260512-0833,2026-05-12,19:47:00,2026-05-12 19:47:00,1,Tuesday,0,0,48000,CASH,50000,2000,3
STRX-260512-0834,2026-05-12,19:54:00,2026-05-12 19:54:00,1,Tuesday,0,0,4000,TRANSFER,4000,0,1
STRX-260512-0835,2026-05-12,20:26:00,2026-05-12 20:26:00,1,Tuesday,0,0,18000,CASH,20000,2000,3
STRX-260512-0836,2026-05-12,10:52:00,2026-05-12 10:52:00,1,Tuesday,0,0,65000,CASH,70000,5000,4
STRX-260512-0837,2026-05-12,14:24:00,2026-05-12 14:24:00,1,Tuesday,0,0,111000,CASH,115000,4000,2
STRX-260512-0838,2026-05-12,08:53:00,2026-05-12 08:53:00,1,Tuesday,0,0,2000,CASH,5000,3000,1
STRX-260512-0839,2026-05-12,17:59:00,2026-05-12 17:59:00,1,Tuesday,0,0,8000,QRIS,8000,0,2
STRX-260512-0840,2026-05-12,14:07:00,2026-05-12 14:07:00,1,Tuesday,0,0,12000,CASH,15000,3000,1
STRX-260512-0841,2026-05-12,12:52:00,2026-05-12 12:52:00,1,Tuesday,0,0,33500,CASH,35000,1500,3
STRX-260512-0842,2026-05-12,16:00:00,2026-05-12 16:00:00,1,Tuesday,0,0,46500,QRIS,46500,0,3
STRX-260512-0843,2026-05-12,20:12:00,2026-05-12 20:12:00,1,Tuesday,0,0,56000,CASH,60000,4000,3
STRX-260512-0844,2026-05-12,10:45:00,2026-05-12 10:45:00,1,Tuesday,0,0,30500,CASH,35000,4500,4
STRX-260512-0845,2026-05-12,06:45:00,2026-05-12 06:45:00,1,Tuesday,0,0,8000,CASH,10000,2000,2
STRX-260512-0846,2026-05-12,09:41:00,2026-05-12 09:41:00,1,Tuesday,0,0,26000,CASH,30000,4000,4
STRX-260512-0847,2026-05-12,12:38:00,2026-05-12 12:38:00,1,Tuesday,0,0,3000,CASH,5000,2000,1
STRX-260512-0848,2026-05-12,18:58:00,2026-05-12 18:58:00,1,Tuesday,0,0,59300,TRANSFER,59300,0,4
STRX-260512-0849,2026-05-12,16:40:00,2026-05-12 16:40:00,1,Tuesday,0,0,32000,CASH,35000,3000,2
STRX-260512-0850,2026-05-12,19:12:00,2026-05-12 19:12:00,1,Tuesday,0,0,12000,CASH,15000,3000,3
STRX-260512-0851,2026-05-12,08:17:00,2026-05-12 08:17:00,1,Tuesday,0,0,28500,CASH,30000,1500,2
STRX-260512-0852,2026-05-12,11:12:00,2026-05-12 11:12:00,1,Tuesday,0,0,35000,CASH,40000,5000,2
STRX-260513-0853,2026-05-13,09:46:00,2026-05-13 09:46:00,2,Wednesday,0,0,22000,CASH,25000,3000,2
STRX-260513-0854,2026-05-13,14:23:00,2026-05-13 14:23:00,2,Wednesday,0,0,20500,CASH,25000,4500,4
STRX-260513-0855,2026-05-13,12:11:00,2026-05-13 12:11:00,2,Wednesday,0,0,9800,CASH,10000,200,2
STRX-260513-0856,2026-05-13,09:36:00,2026-05-13 09:36:00,2,Wednesday,0,0,28000,CASH,30000,2000,3
STRX-260513-0857,2026-05-13,07:57:00,2026-05-13 07:57:00,2,Wednesday,0,0,32500,CASH,35000,2500,3
STRX-260513-0858,2026-05-13,15:37:00,2026-05-13 15:37:00,2,Wednesday,0,0,22000,CASH,25000,3000,2
STRX-260513-0859,2026-05-13,18:25:00,2026-05-13 18:25:00,2,Wednesday,0,0,4500,CASH,5000,500,1
STRX-260513-0860,2026-05-13,08:51:00,2026-05-13 08:51:00,2,Wednesday,0,0,3500,CASH,5000,1500,1
STRX-260513-0861,2026-05-13,13:03:00,2026-05-13 13:03:00,2,Wednesday,0,0,139000,QRIS,139000,0,2
STRX-260513-0862,2026-05-13,06:03:00,2026-05-13 06:03:00,2,Wednesday,0,0,13250,CASH,15000,1750,4
STRX-260513-0863,2026-05-13,17:07:00,2026-05-13 17:07:00,2,Wednesday,0,0,10500,CASH,15000,4500,1
STRX-260513-0864,2026-05-13,11:44:00,2026-05-13 11:44:00,2,Wednesday,0,0,3000,CASH,5000,2000,1
STRX-260513-0865,2026-05-13,17:56:00,2026-05-13 17:56:00,2,Wednesday,0,0,75000,CASH,80000,5000,4
STRX-260513-0866,2026-05-13,11:53:00,2026-05-13 11:53:00,2,Wednesday,0,0,16950,EWALLET,16950,0,4
STRX-260513-0867,2026-05-13,13:20:00,2026-05-13 13:20:00,2,Wednesday,0,0,30000,CASH,35000,5000,3
STRX-260514-0868,2026-05-14,07:27:00,2026-05-14 07:27:00,3,Thursday,0,0,10500,QRIS,10500,0,1
STRX-260514-0869,2026-05-14,18:47:00,2026-05-14 18:47:00,3,Thursday,0,0,15500,CASH,20000,4500,1
STRX-260514-0870,2026-05-14,13:22:00,2026-05-14 13:22:00,3,Thursday,0,0,9000,CASH,10000,1000,2
STRX-260514-0871,2026-05-14,10:06:00,2026-05-14 10:06:00,3,Thursday,0,0,4000,TRANSFER,4000,0,1
STRX-260514-0872,2026-05-14,09:17:00,2026-05-14 09:17:00,3,Thursday,0,0,14000,CASH,15000,1000,2
STRX-260514-0873,2026-05-14,07:17:00,2026-05-14 07:17:00,3,Thursday,0,0,17000,QRIS,17000,0,2
STRX-260514-0874,2026-05-14,18:44:00,2026-05-14 18:44:00,3,Thursday,0,0,6000,CASH,10000,4000,2
STRX-260514-0875,2026-05-14,13:44:00,2026-05-14 13:44:00,3,Thursday,0,0,144000,CASH,145000,1000,3
STRX-260514-0876,2026-05-14,12:01:00,2026-05-14 12:01:00,3,Thursday,0,0,9000,CASH,10000,1000,1
STRX-260514-0877,2026-05-14,15:30:00,2026-05-14 15:30:00,3,Thursday,0,0,19000,QRIS,19000,0,3
STRX-260514-0878,2026-05-14,08:19:00,2026-05-14 08:19:00,3,Thursday,0,0,33500,CASH,35000,1500,4
STRX-260514-0879,2026-05-14,18:30:00,2026-05-14 18:30:00,3,Thursday,0,0,27000,CASH,30000,3000,1
STRX-260514-0880,2026-05-14,18:42:00,2026-05-14 18:42:00,3,Thursday,0,0,75500,CASH,80000,4500,4
STRX-260514-0881,2026-05-14,20:56:00,2026-05-14 20:56:00,3,Thursday,0,0,141000,QRIS,141000,0,2
STRX-260515-0882,2026-05-15,13:21:00,2026-05-15 13:21:00,4,Friday,0,0,8050,CASH,10000,1950,3
STRX-260515-0883,2026-05-15,14:10:00,2026-05-15 14:10:00,4,Friday,0,0,5000,CASH,10000,5000,2
STRX-260515-0884,2026-05-15,10:27:00,2026-05-15 10:27:00,4,Friday,0,0,18000,CASH,20000,2000,2
STRX-260515-0885,2026-05-15,14:05:00,2026-05-15 14:05:00,4,Friday,0,0,12700,QRIS,12700,0,3
STRX-260515-0886,2026-05-15,19:57:00,2026-05-15 19:57:00,4,Friday,0,0,10500,CASH,15000,4500,1
STRX-260515-0887,2026-05-15,14:43:00,2026-05-15 14:43:00,4,Friday,0,0,11000,CASH,15000,4000,2
STRX-260515-0888,2026-05-15,17:53:00,2026-05-15 17:53:00,4,Friday,0,0,16000,CASH,20000,4000,2
STRX-260515-0889,2026-05-15,12:26:00,2026-05-15 12:26:00,4,Friday,0,0,51500,CASH,55000,3500,2
STRX-260515-0890,2026-05-15,14:23:00,2026-05-15 14:23:00,4,Friday,0,0,5000,CASH,10000,5000,1
STRX-260515-0891,2026-05-15,11:25:00,2026-05-15 11:25:00,4,Friday,0,0,15000,QRIS,15000,0,3
STRX-260515-0892,2026-05-15,14:44:00,2026-05-15 14:44:00,4,Friday,0,0,10000,CASH,15000,5000,2
STRX-260516-0893,2026-05-16,10:43:00,2026-05-16 10:43:00,5,Saturday,1,0,40000,TRANSFER,40000,0,3
STRX-260516-0894,2026-05-16,13:15:00,2026-05-16 13:15:00,5,Saturday,1,0,5500,CASH,10000,4500,2
STRX-260516-0895,2026-05-16,18:53:00,2026-05-16 18:53:00,5,Saturday,1,0,10850,CASH,15000,4150,3
STRX-260516-0896,2026-05-16,14:30:00,2026-05-16 14:30:00,5,Saturday,1,0,11000,CASH,15000,4000,2
STRX-260516-0897,2026-05-16,12:52:00,2026-05-16 12:52:00,5,Saturday,1,0,23500,CASH,25000,1500,2
STRX-260516-0898,2026-05-16,15:02:00,2026-05-16 15:02:00,5,Saturday,1,0,35000,CASH,40000,5000,4
STRX-260516-0899,2026-05-16,09:41:00,2026-05-16 09:41:00,5,Saturday,1,0,68000,CASH,70000,2000,3
STRX-260516-0900,2026-05-16,12:42:00,2026-05-16 12:42:00,5,Saturday,1,0,81000,CASH,85000,4000,1
STRX-260516-0901,2026-05-16,16:37:00,2026-05-16 16:37:00,5,Saturday,1,0,56500,CASH,60000,3500,5
STRX-260516-0902,2026-05-16,09:57:00,2026-05-16 09:57:00,5,Saturday,1,0,5850,CASH,10000,4150,2
STRX-260516-0903,2026-05-16,15:53:00,2026-05-16 15:53:00,5,Saturday,1,0,6000,CASH,10000,4000,1
STRX-260516-0904,2026-05-16,15:35:00,2026-05-16 15:35:00,5,Saturday,1,0,3000,CASH,5000,2000,1
STRX-260516-0905,2026-05-16,09:52:00,2026-05-16 09:52:00,5,Saturday,1,0,8500,CASH,10000,1500,2
STRX-260516-0906,2026-05-16,06:49:00,2026-05-16 06:49:00,5,Saturday,1,0,14000,CASH,15000,1000,2
STRX-260516-0907,2026-05-16,18:36:00,2026-05-16 18:36:00,5,Saturday,1,0,31000,QRIS,31000,0,4
STRX-260516-0908,2026-05-16,07:34:00,2026-05-16 07:34:00,5,Saturday,1,0,8000,TRANSFER,8000,0,2
STRX-260516-0909,2026-05-16,20:04:00,2026-05-16 20:04:00,5,Saturday,1,0,11000,CASH,15000,4000,2
STRX-260516-0910,2026-05-16,14:59:00,2026-05-16 14:59:00,5,Saturday,1,0,41000,CASH,45000,4000,3
STRX-260516-0911,2026-05-16,18:15:00,2026-05-16 18:15:00,5,Saturday,1,0,7000,CASH,10000,3000,2
STRX-260516-0912,2026-05-16,12:47:00,2026-05-16 12:47:00,5,Saturday,1,0,28400,CASH,30000,1600,3
STRX-260517-0913,2026-05-17,19:01:00,2026-05-17 19:01:00,6,Sunday,1,0,18000,CASH,20000,2000,3
STRX-260517-0914,2026-05-17,12:08:00,2026-05-17 12:08:00,6,Sunday,1,0,12000,CASH,15000,3000,1
STRX-260517-0915,2026-05-17,11:58:00,2026-05-17 11:58:00,6,Sunday,1,0,3000,CASH,5000,2000,1
STRX-260517-0916,2026-05-17,18:50:00,2026-05-17 18:50:00,6,Sunday,1,0,16500,QRIS,16500,0,2
STRX-260517-0917,2026-05-17,10:20:00,2026-05-17 10:20:00,6,Sunday,1,0,6000,CASH,10000,4000,2
STRX-260517-0918,2026-05-17,10:34:00,2026-05-17 10:34:00,6,Sunday,1,0,109500,QRIS,109500,0,2
STRX-260517-0919,2026-05-17,14:55:00,2026-05-17 14:55:00,6,Sunday,1,0,42500,CASH,45000,2500,3
STRX-260517-0920,2026-05-17,08:33:00,2026-05-17 08:33:00,6,Sunday,1,0,19000,CASH,20000,1000,2
STRX-260517-0921,2026-05-17,16:29:00,2026-05-17 16:29:00,6,Sunday,1,0,27500,TRANSFER,27500,0,4
STRX-260517-0922,2026-05-17,13:42:00,2026-05-17 13:42:00,6,Sunday,1,0,26500,CASH,30000,3500,2
STRX-260517-0923,2026-05-17,17:37:00,2026-05-17 17:37:00,6,Sunday,1,0,37000,CASH,40000,3000,2
STRX-260517-0924,2026-05-17,17:35:00,2026-05-17 17:35:00,6,Sunday,1,0,60000,QRIS,60000,0,2
STRX-260517-0925,2026-05-17,13:10:00,2026-05-17 13:10:00,6,Sunday,1,0,31900,CASH,35000,3100,5
STRX-260518-0926,2026-05-18,08:36:00,2026-05-18 08:36:00,0,Monday,0,0,15350,CASH,20000,4650,3
STRX-260518-0927,2026-05-18,19:17:00,2026-05-18 19:17:00,0,Monday,0,0,44000,CASH,45000,1000,4
STRX-260518-0928,2026-05-18,09:32:00,2026-05-18 09:32:00,0,Monday,0,0,94000,CASH,95000,1000,4
STRX-260518-0929,2026-05-18,08:28:00,2026-05-18 08:28:00,0,Monday,0,0,4000,CASH,5000,1000,1
STRX-260518-0930,2026-05-18,16:04:00,2026-05-18 16:04:00,0,Monday,0,0,30500,CASH,35000,4500,3
STRX-260518-0931,2026-05-18,09:02:00,2026-05-18 09:02:00,0,Monday,0,0,9000,CASH,10000,1000,2
STRX-260518-0932,2026-05-18,17:45:00,2026-05-18 17:45:00,0,Monday,0,0,13500,CASH,15000,1500,2
STRX-260518-0933,2026-05-18,08:59:00,2026-05-18 08:59:00,0,Monday,0,0,29000,CASH,30000,1000,5
STRX-260518-0934,2026-05-18,17:23:00,2026-05-18 17:23:00,0,Monday,0,0,8000,CASH,10000,2000,2
STRX-260518-0935,2026-05-18,14:04:00,2026-05-18 14:04:00,0,Monday,0,0,16000,CASH,20000,4000,3
STRX-260518-0936,2026-05-18,08:16:00,2026-05-18 08:16:00,0,Monday,0,0,21500,CASH,25000,3500,3
STRX-260518-0937,2026-05-18,09:26:00,2026-05-18 09:26:00,0,Monday,0,0,6800,CASH,10000,3200,2
STRX-260518-0938,2026-05-18,07:32:00,2026-05-18 07:32:00,0,Monday,0,0,31000,CASH,35000,4000,2
STRX-260518-0939,2026-05-18,15:39:00,2026-05-18 15:39:00,0,Monday,0,0,6000,CASH,10000,4000,1
STRX-260518-0940,2026-05-18,19:40:00,2026-05-18 19:40:00,0,Monday,0,0,12000,CASH,15000,3000,2
STRX-260518-0941,2026-05-18,19:05:00,2026-05-18 19:05:00,0,Monday,0,0,31000,CASH,35000,4000,1
STRX-260519-0942,2026-05-19,09:46:00,2026-05-19 09:46:00,1,Tuesday,0,0,34000,CASH,35000,1000,3
STRX-260519-0943,2026-05-19,11:11:00,2026-05-19 11:11:00,1,Tuesday,0,0,76000,CASH,80000,4000,5
STRX-260519-0944,2026-05-19,15:06:00,2026-05-19 15:06:00,1,Tuesday,0,0,60550,CASH,65000,4450,4
STRX-260519-0945,2026-05-19,19:27:00,2026-05-19 19:27:00,1,Tuesday,0,0,15000,CASH,20000,5000,3
STRX-260519-0946,2026-05-19,20:46:00,2026-05-19 20:46:00,1,Tuesday,0,0,6500,CASH,10000,3500,3
STRX-260519-0947,2026-05-19,07:44:00,2026-05-19 07:44:00,1,Tuesday,0,0,31000,TRANSFER,31000,0,2
STRX-260519-0948,2026-05-19,18:02:00,2026-05-19 18:02:00,1,Tuesday,0,0,21000,CASH,25000,4000,4
STRX-260519-0949,2026-05-19,13:46:00,2026-05-19 13:46:00,1,Tuesday,0,0,23500,CASH,25000,1500,3
STRX-260519-0950,2026-05-19,13:42:00,2026-05-19 13:42:00,1,Tuesday,0,0,160000,CASH,165000,5000,4
STRX-260519-0951,2026-05-19,12:15:00,2026-05-19 12:15:00,1,Tuesday,0,0,31000,CASH,35000,4000,3
STRX-260519-0952,2026-05-19,12:15:00,2026-05-19 12:15:00,1,Tuesday,0,0,14000,CASH,15000,1000,1
STRX-260519-0953,2026-05-19,14:20:00,2026-05-19 14:20:00,1,Tuesday,0,0,11000,CASH,15000,4000,2
STRX-260519-0954,2026-05-19,11:52:00,2026-05-19 11:52:00,1,Tuesday,0,0,8000,CASH,10000,2000,1
STRX-260519-0955,2026-05-19,17:07:00,2026-05-19 17:07:00,1,Tuesday,0,0,46000,CASH,50000,4000,3
STRX-260519-0956,2026-05-19,16:33:00,2026-05-19 16:33:00,1,Tuesday,0,0,6000,QRIS,6000,0,2
STRX-260520-0957,2026-05-20,12:35:00,2026-05-20 12:35:00,2,Wednesday,0,0,35500,TRANSFER,35500,0,3
STRX-260520-0958,2026-05-20,17:15:00,2026-05-20 17:15:00,2,Wednesday,0,0,2000,QRIS,2000,0,1
STRX-260520-0959,2026-05-20,18:56:00,2026-05-20 18:56:00,2,Wednesday,0,0,12000,CASH,15000,3000,2
STRX-260520-0960,2026-05-20,15:09:00,2026-05-20 15:09:00,2,Wednesday,0,0,8000,CASH,10000,2000,1
STRX-260520-0961,2026-05-20,17:27:00,2026-05-20 17:27:00,2,Wednesday,0,0,22500,CASH,25000,2500,2
STRX-260520-0962,2026-05-20,08:26:00,2026-05-20 08:26:00,2,Wednesday,0,0,19000,CASH,20000,1000,3
STRX-260520-0963,2026-05-20,10:01:00,2026-05-20 10:01:00,2,Wednesday,0,0,25000,CASH,30000,5000,2
STRX-260520-0964,2026-05-20,08:10:00,2026-05-20 08:10:00,2,Wednesday,0,0,27000,CASH,30000,3000,2
STRX-260520-0965,2026-05-20,17:03:00,2026-05-20 17:03:00,2,Wednesday,0,0,17450,CASH,20000,2550,3
STRX-260520-0966,2026-05-20,13:31:00,2026-05-20 13:31:00,2,Wednesday,0,0,19500,CASH,20000,500,2
STRX-260520-0967,2026-05-20,08:44:00,2026-05-20 08:44:00,2,Wednesday,0,0,6000,CASH,10000,4000,1
STRX-260520-0968,2026-05-20,09:55:00,2026-05-20 09:55:00,2,Wednesday,0,0,33000,CASH,35000,2000,5
STRX-260520-0969,2026-05-20,16:09:00,2026-05-20 16:09:00,2,Wednesday,0,0,55500,TRANSFER,55500,0,2
STRX-260520-0970,2026-05-20,11:47:00,2026-05-20 11:47:00,2,Wednesday,0,0,23000,QRIS,23000,0,3
STRX-260521-0971,2026-05-21,16:34:00,2026-05-21 16:34:00,3,Thursday,0,0,8000,CASH,10000,2000,2
STRX-260521-0972,2026-05-21,06:12:00,2026-05-21 06:12:00,3,Thursday,0,0,6500,CASH,10000,3500,2
STRX-260521-0973,2026-05-21,14:42:00,2026-05-21 14:42:00,3,Thursday,0,0,6000,CASH,10000,4000,2
STRX-260521-0974,2026-05-21,15:24:00,2026-05-21 15:24:00,3,Thursday,0,0,10000,CASH,15000,5000,2
STRX-260521-0975,2026-05-21,09:50:00,2026-05-21 09:50:00,3,Thursday,0,0,8000,CASH,10000,2000,2
STRX-260521-0976,2026-05-21,20:08:00,2026-05-21 20:08:00,3,Thursday,0,0,62000,CASH,65000,3000,2
STRX-260521-0977,2026-05-21,11:30:00,2026-05-21 11:30:00,3,Thursday,0,0,23500,CASH,25000,1500,2
STRX-260521-0978,2026-05-21,10:09:00,2026-05-21 10:09:00,3,Thursday,0,0,91500,CASH,95000,3500,4
STRX-260521-0979,2026-05-21,14:58:00,2026-05-21 14:58:00,3,Thursday,0,0,34700,CASH,35000,300,4
STRX-260521-0980,2026-05-21,16:41:00,2026-05-21 16:41:00,3,Thursday,0,0,138000,CASH,140000,2000,2
STRX-260521-0981,2026-05-21,19:38:00,2026-05-21 19:38:00,3,Thursday,0,0,27500,CASH,30000,2500,3
STRX-260522-0982,2026-05-22,12:54:00,2026-05-22 12:54:00,4,Friday,0,0,4000,CASH,5000,1000,1
STRX-260522-0983,2026-05-22,10:54:00,2026-05-22 10:54:00,4,Friday,0,0,4000,CASH,5000,1000,1
STRX-260522-0984,2026-05-22,11:45:00,2026-05-22 11:45:00,4,Friday,0,0,850,CASH,5000,4150,1
STRX-260522-0985,2026-05-22,12:53:00,2026-05-22 12:53:00,4,Friday,0,0,11000,CASH,15000,4000,3
STRX-260522-0986,2026-05-22,15:53:00,2026-05-22 15:53:00,4,Friday,0,0,47500,CASH,50000,2500,4
STRX-260522-0987,2026-05-22,20:49:00,2026-05-22 20:49:00,4,Friday,0,0,15500,CASH,20000,4500,1
STRX-260522-0988,2026-05-22,19:19:00,2026-05-22 19:19:00,4,Friday,0,0,14000,CASH,15000,1000,4
STRX-260522-0989,2026-05-22,09:18:00,2026-05-22 09:18:00,4,Friday,0,0,12000,CASH,15000,3000,2
STRX-260522-0990,2026-05-22,16:10:00,2026-05-22 16:10:00,4,Friday,0,0,1500,CASH,5000,3500,1
STRX-260523-0991,2026-05-23,15:43:00,2026-05-23 15:43:00,5,Saturday,1,0,94750,QRIS,94750,0,3
STRX-260523-0992,2026-05-23,13:40:00,2026-05-23 13:40:00,5,Saturday,1,0,6000,CASH,10000,4000,1
STRX-260523-0993,2026-05-23,15:02:00,2026-05-23 15:02:00,5,Saturday,1,0,12000,QRIS,12000,0,2
STRX-260523-0994,2026-05-23,09:22:00,2026-05-23 09:22:00,5,Saturday,1,0,14000,CASH,15000,1000,2
STRX-260523-0995,2026-05-23,11:53:00,2026-05-23 11:53:00,5,Saturday,1,0,7900,CASH,10000,2100,2
STRX-260523-0996,2026-05-23,13:26:00,2026-05-23 13:26:00,5,Saturday,1,0,7500,CASH,10000,2500,2
STRX-260523-0997,2026-05-23,16:33:00,2026-05-23 16:33:00,5,Saturday,1,0,1000,CASH,5000,4000,1
STRX-260523-0998,2026-05-23,20:05:00,2026-05-23 20:05:00,5,Saturday,1,0,3400,CASH,5000,1600,2
STRX-260523-0999,2026-05-23,10:11:00,2026-05-23 10:11:00,5,Saturday,1,0,13000,CASH,15000,2000,2
STRX-260523-1000,2026-05-23,11:30:00,2026-05-23 11:30:00,5,Saturday,1,0,11000,CASH,15000,4000,2
STRX-260523-1001,2026-05-23,11:20:00,2026-05-23 11:20:00,5,Saturday,1,0,21000,QRIS,21000,0,3
STRX-260523-1002,2026-05-23,15:14:00,2026-05-23 15:14:00,5,Saturday,1,0,21200,CASH,25000,3800,4
STRX-260523-1003,2026-05-23,16:27:00,2026-05-23 16:27:00,5,Saturday,1,0,7000,CASH,10000,3000,1
STRX-260523-1004,2026-05-23,20:11:00,2026-05-23 20:11:00,5,Saturday,1,0,54000,QRIS,54000,0,1
STRX-260523-1005,2026-05-23,16:06:00,2026-05-23 16:06:00,5,Saturday,1,0,18500,CASH,20000,1500,3
STRX-260523-1006,2026-05-23,07:27:00,2026-05-23 07:27:00,5,Saturday,1,0,6000,QRIS,6000,0,2
STRX-260523-1007,2026-05-23,13:23:00,2026-05-23 13:23:00,5,Saturday,1,0,9000,CASH,10000,1000,1
STRX-260523-1008,2026-05-23,08:00:00,2026-05-23 08:00:00,5,Saturday,1,0,23600,CASH,25000,1400,2
STRX-260523-1009,2026-05-23,07:55:00,2026-05-23 07:55:00,5,Saturday,1,0,9000,CASH,10000,1000,2
STRX-260524-1010,2026-05-24,09:22:00,2026-05-24 09:22:00,6,Sunday,1,0,11000,CASH,15000,4000,2
STRX-260524-1011,2026-05-24,09:34:00,2026-05-24 09:34:00,6,Sunday,1,0,2000,CASH,5000,3000,1
STRX-260524-1012,2026-05-24,20:44:00,2026-05-24 20:44:00,6,Sunday,1,0,9000,QRIS,9000,0,1
STRX-260524-1013,2026-05-24,11:09:00,2026-05-24 11:09:00,6,Sunday,1,0,11000,CASH,15000,4000,3
STRX-260524-1014,2026-05-24,17:46:00,2026-05-24 17:46:00,6,Sunday,1,0,22500,CASH,25000,2500,3
STRX-260524-1015,2026-05-24,17:23:00,2026-05-24 17:23:00,6,Sunday,1,0,11500,CASH,15000,3500,3
STRX-260524-1016,2026-05-24,06:13:00,2026-05-24 06:13:00,6,Sunday,1,0,4000,CASH,5000,1000,1
STRX-260524-1017,2026-05-24,20:20:00,2026-05-24 20:20:00,6,Sunday,1,0,3000,CASH,5000,2000,1
STRX-260524-1018,2026-05-24,17:38:00,2026-05-24 17:38:00,6,Sunday,1,0,13500,TRANSFER,13500,0,4
STRX-260524-1019,2026-05-24,16:16:00,2026-05-24 16:16:00,6,Sunday,1,0,4000,CASH,5000,1000,2
STRX-260524-1020,2026-05-24,13:19:00,2026-05-24 13:19:00,6,Sunday,1,0,64500,CASH,65000,500,2
STRX-260524-1021,2026-05-24,20:01:00,2026-05-24 20:01:00,6,Sunday,1,0,14000,CASH,15000,1000,3
STRX-260524-1022,2026-05-24,08:18:00,2026-05-24 08:18:00,6,Sunday,1,0,9000,CASH,10000,1000,1
STRX-260524-1023,2026-05-24,12:48:00,2026-05-24 12:48:00,6,Sunday,1,0,25500,CASH,30000,4500,2
STRX-260524-1024,2026-05-24,15:32:00,2026-05-24 15:32:00,6,Sunday,1,0,13000,CASH,15000,2000,2
STRX-260524-1025,2026-05-24,09:18:00,2026-05-24 09:18:00,6,Sunday,1,0,3000,CASH,5000,2000,1
STRX-260524-1026,2026-05-24,08:37:00,2026-05-24 08:37:00,6,Sunday,1,0,24000,CASH,25000,1000,3
STRX-260524-1027,2026-05-24,11:15:00,2026-05-24 11:15:00,6,Sunday,1,0,4250,CASH,5000,750,1
STRX-260524-1028,2026-05-24,18:41:00,2026-05-24 18:41:00,6,Sunday,1,0,8000,QRIS,8000,0,2
STRX-260524-1029,2026-05-24,16:12:00,2026-05-24 16:12:00,6,Sunday,1,0,22000,CASH,25000,3000,2
STRX-260524-1030,2026-05-24,17:29:00,2026-05-24 17:29:00,6,Sunday,1,0,16000,CASH,20000,4000,2
STRX-260524-1031,2026-05-24,06:02:00,2026-05-24 06:02:00,6,Sunday,1,0,30000,CASH,35000,5000,3
STRX-260525-1032,2026-05-25,06:30:00,2026-05-25 06:30:00,0,Monday,0,1,14000,CASH,15000,1000,4
STRX-260525-1033,2026-05-25,14:50:00,2026-05-25 14:50:00,0,Monday,0,1,6000,CASH,10000,4000,1
STRX-260525-1034,2026-05-25,17:13:00,2026-05-25 17:13:00,0,Monday,0,1,92000,CASH,95000,3000,2
STRX-260525-1035,2026-05-25,16:21:00,2026-05-25 16:21:00,0,Monday,0,1,29000,CASH,30000,1000,2
STRX-260525-1036,2026-05-25,11:18:00,2026-05-25 11:18:00,0,Monday,0,1,83000,CASH,85000,2000,2
STRX-260525-1037,2026-05-25,08:38:00,2026-05-25 08:38:00,0,Monday,0,1,6000,CASH,10000,4000,2
STRX-260525-1038,2026-05-25,16:47:00,2026-05-25 16:47:00,0,Monday,0,1,31000,CASH,35000,4000,4
STRX-260525-1039,2026-05-25,13:24:00,2026-05-25 13:24:00,0,Monday,0,1,23000,CASH,25000,2000,1
STRX-260525-1040,2026-05-25,10:49:00,2026-05-25 10:49:00,0,Monday,0,1,24650,CASH,25000,350,3
STRX-260525-1041,2026-05-25,09:42:00,2026-05-25 09:42:00,0,Monday,0,1,2000,TRANSFER,2000,0,1
STRX-260525-1042,2026-05-25,20:54:00,2026-05-25 20:54:00,0,Monday,0,1,37000,CASH,40000,3000,3
STRX-260525-1043,2026-05-25,16:29:00,2026-05-25 16:29:00,0,Monday,0,1,1000,CASH,5000,4000,1
STRX-260525-1044,2026-05-25,17:58:00,2026-05-25 17:58:00,0,Monday,0,1,5000,CASH,10000,5000,1
STRX-260525-1045,2026-05-25,15:37:00,2026-05-25 15:37:00,0,Monday,0,1,13000,CASH,15000,2000,2
STRX-260525-1046,2026-05-25,12:06:00,2026-05-25 12:06:00,0,Monday,0,1,10000,CASH,15000,5000,2
STRX-260525-1047,2026-05-25,17:12:00,2026-05-25 17:12:00,0,Monday,0,1,7000,CASH,10000,3000,3
STRX-260525-1048,2026-05-25,15:16:00,2026-05-25 15:16:00,0,Monday,0,1,32000,CASH,35000,3000,3
STRX-260525-1049,2026-05-25,09:04:00,2026-05-25 09:04:00,0,Monday,0,1,90000,CASH,95000,5000,3
STRX-260525-1050,2026-05-25,10:49:00,2026-05-25 10:49:00,0,Monday,0,1,7500,CASH,10000,2500,2
STRX-260525-1051,2026-05-25,17:54:00,2026-05-25 17:54:00,0,Monday,0,1,2000,CASH,5000,3000,1
STRX-260525-1052,2026-05-25,15:26:00,2026-05-25 15:26:00,0,Monday,0,1,25000,QRIS,25000,0,3
STRX-260525-1053,2026-05-25,12:25:00,2026-05-25 12:25:00,0,Monday,0,1,71000,CASH,75000,4000,3
STRX-260525-1054,2026-05-25,16:16:00,2026-05-25 16:16:00,0,Monday,0,1,11500,CASH,15000,3500,2
STRX-260525-1055,2026-05-25,13:54:00,2026-05-25 13:54:00,0,Monday,0,1,27000,CASH,30000,3000,2
STRX-260525-1056,2026-05-25,17:24:00,2026-05-25 17:24:00,0,Monday,0,1,25000,CASH,30000,5000,3
STRX-260525-1057,2026-05-25,08:08:00,2026-05-25 08:08:00,0,Monday,0,1,10000,QRIS,10000,0,4
STRX-260525-1058,2026-05-25,18:44:00,2026-05-25 18:44:00,0,Monday,0,1,4000,CASH,5000,1000,1
STRX-260526-1059,2026-05-26,11:49:00,2026-05-26 11:49:00,1,Tuesday,0,1,19000,CASH,20000,1000,2
STRX-260526-1060,2026-05-26,10:47:00,2026-05-26 10:47:00,1,Tuesday,0,1,29500,CASH,30000,500,4
STRX-260526-1061,2026-05-26,11:34:00,2026-05-26 11:34:00,1,Tuesday,0,1,7000,CASH,10000,3000,2
STRX-260526-1062,2026-05-26,17:54:00,2026-05-26 17:54:00,1,Tuesday,0,1,21000,CASH,25000,4000,4
STRX-260526-1063,2026-05-26,14:29:00,2026-05-26 14:29:00,1,Tuesday,0,1,28500,CASH,30000,1500,2
STRX-260526-1064,2026-05-26,06:14:00,2026-05-26 06:14:00,1,Tuesday,0,1,19000,CASH,20000,1000,2
STRX-260526-1065,2026-05-26,18:59:00,2026-05-26 18:59:00,1,Tuesday,0,1,10000,CASH,15000,5000,1
STRX-260526-1066,2026-05-26,09:01:00,2026-05-26 09:01:00,1,Tuesday,0,1,53000,CASH,55000,2000,2
STRX-260526-1067,2026-05-26,16:12:00,2026-05-26 16:12:00,1,Tuesday,0,1,7500,TRANSFER,7500,0,2
STRX-260526-1068,2026-05-26,12:53:00,2026-05-26 12:53:00,1,Tuesday,0,1,28500,CASH,30000,1500,3
STRX-260526-1069,2026-05-26,13:37:00,2026-05-26 13:37:00,1,Tuesday,0,1,11000,CASH,15000,4000,2
STRX-260526-1070,2026-05-26,20:51:00,2026-05-26 20:51:00,1,Tuesday,0,1,9000,TRANSFER,9000,0,2
STRX-260526-1071,2026-05-26,08:23:00,2026-05-26 08:23:00,1,Tuesday,0,1,50000,EWALLET,50000,0,4
STRX-260526-1072,2026-05-26,09:15:00,2026-05-26 09:15:00,1,Tuesday,0,1,15500,CASH,20000,4500,1
STRX-260526-1073,2026-05-26,07:38:00,2026-05-26 07:38:00,1,Tuesday,0,1,26000,CASH,30000,4000,3
STRX-260526-1074,2026-05-26,18:07:00,2026-05-26 18:07:00,1,Tuesday,0,1,49050,CASH,50000,950,3
STRX-260526-1075,2026-05-26,19:02:00,2026-05-26 19:02:00,1,Tuesday,0,1,4000,CASH,5000,1000,2
STRX-260526-1076,2026-05-26,07:30:00,2026-05-26 07:30:00,1,Tuesday,0,1,21000,CASH,25000,4000,2
STRX-260526-1077,2026-05-26,19:16:00,2026-05-26 19:16:00,1,Tuesday,0,1,3000,CASH,5000,2000,1
STRX-260526-1078,2026-05-26,13:47:00,2026-05-26 13:47:00,1,Tuesday,0,1,26500,CASH,30000,3500,4
STRX-260526-1079,2026-05-26,10:45:00,2026-05-26 10:45:00,1,Tuesday,0,1,70850,CASH,75000,4150,5
STRX-260526-1080,2026-05-26,07:50:00,2026-05-26 07:50:00,1,Tuesday,0,1,47000,CASH,50000,3000,2
STRX-260526-1081,2026-05-26,12:13:00,2026-05-26 12:13:00,1,Tuesday,0,1,17000,CASH,20000,3000,2
STRX-260526-1082,2026-05-26,09:21:00,2026-05-26 09:21:00,1,Tuesday,0,1,143000,CASH,145000,2000,3
STRX-260527-1083,2026-05-27,18:07:00,2026-05-27 18:07:00,2,Wednesday,0,1,27500,CASH,30000,2500,2
STRX-260527-1084,2026-05-27,11:56:00,2026-05-27 11:56:00,2,Wednesday,0,1,62000,CASH,65000,3000,4
STRX-260527-1085,2026-05-27,13:23:00,2026-05-27 13:23:00,2,Wednesday,0,1,108000,CASH,110000,2000,1
STRX-260527-1086,2026-05-27,19:45:00,2026-05-27 19:45:00,2,Wednesday,0,1,46000,CASH,50000,4000,1
STRX-260527-1087,2026-05-27,20:25:00,2026-05-27 20:25:00,2,Wednesday,0,1,12700,QRIS,12700,0,2
STRX-260527-1088,2026-05-27,16:42:00,2026-05-27 16:42:00,2,Wednesday,0,1,6000,TRANSFER,6000,0,2
STRX-260527-1089,2026-05-27,17:51:00,2026-05-27 17:51:00,2,Wednesday,0,1,27000,CASH,30000,3000,4
STRX-260527-1090,2026-05-27,09:09:00,2026-05-27 09:09:00,2,Wednesday,0,1,20500,CASH,25000,4500,3
STRX-260527-1091,2026-05-27,17:29:00,2026-05-27 17:29:00,2,Wednesday,0,1,10000,CASH,15000,5000,1
STRX-260527-1092,2026-05-27,19:02:00,2026-05-27 19:02:00,2,Wednesday,0,1,19000,CASH,20000,1000,2
STRX-260527-1093,2026-05-27,17:14:00,2026-05-27 17:14:00,2,Wednesday,0,1,12000,TRANSFER,12000,0,2
STRX-260527-1094,2026-05-27,16:27:00,2026-05-27 16:27:00,2,Wednesday,0,1,8000,CASH,10000,2000,2
STRX-260527-1095,2026-05-27,12:53:00,2026-05-27 12:53:00,2,Wednesday,0,1,23500,CASH,25000,1500,2
STRX-260527-1096,2026-05-27,10:49:00,2026-05-27 10:49:00,2,Wednesday,0,1,19600,QRIS,19600,0,3
STRX-260527-1097,2026-05-27,08:48:00,2026-05-27 08:48:00,2,Wednesday,0,1,35000,CASH,40000,5000,2
STRX-260527-1098,2026-05-27,12:29:00,2026-05-27 12:29:00,2,Wednesday,0,1,16500,CASH,20000,3500,3
STRX-260527-1099,2026-05-27,08:58:00,2026-05-27 08:58:00,2,Wednesday,0,1,19500,QRIS,19500,0,2
STRX-260527-1100,2026-05-27,10:50:00,2026-05-27 10:50:00,2,Wednesday,0,1,4000,EWALLET,4000,0,1
STRX-260528-1101,2026-05-28,17:35:00,2026-05-28 17:35:00,3,Thursday,0,1,3500,CASH,5000,1500,2
STRX-260528-1102,2026-05-28,17:14:00,2026-05-28 17:14:00,3,Thursday,0,1,22000,CASH,25000,3000,2
STRX-260528-1103,2026-05-28,09:54:00,2026-05-28 09:54:00,3,Thursday,0,1,41500,CASH,45000,3500,3
STRX-260528-1104,2026-05-28,14:48:00,2026-05-28 14:48:00,3,Thursday,0,1,16000,CASH,20000,4000,3
STRX-260528-1105,2026-05-28,11:08:00,2026-05-28 11:08:00,3,Thursday,0,1,23500,CASH,25000,1500,4
STRX-260528-1106,2026-05-28,13:53:00,2026-05-28 13:53:00,3,Thursday,0,1,26000,QRIS,26000,0,3
STRX-260528-1107,2026-05-28,14:36:00,2026-05-28 14:36:00,3,Thursday,0,1,6000,CASH,10000,4000,1
STRX-260528-1108,2026-05-28,19:24:00,2026-05-28 19:24:00,3,Thursday,0,1,58500,CASH,60000,1500,3
STRX-260528-1109,2026-05-28,08:55:00,2026-05-28 08:55:00,3,Thursday,0,1,148500,QRIS,148500,0,4
STRX-260528-1110,2026-05-28,20:52:00,2026-05-28 20:52:00,3,Thursday,0,1,45000,CASH,50000,5000,5
STRX-260528-1111,2026-05-28,16:36:00,2026-05-28 16:36:00,3,Thursday,0,1,25500,CASH,30000,4500,2
STRX-260528-1112,2026-05-28,16:19:00,2026-05-28 16:19:00,3,Thursday,0,1,113500,CASH,115000,1500,2
STRX-260528-1113,2026-05-28,16:20:00,2026-05-28 16:20:00,3,Thursday,0,1,24000,CASH,25000,1000,4
STRX-260528-1114,2026-05-28,18:01:00,2026-05-28 18:01:00,3,Thursday,0,1,19000,TRANSFER,19000,0,3
STRX-260528-1115,2026-05-28,11:06:00,2026-05-28 11:06:00,3,Thursday,0,1,7000,CASH,10000,3000,2
STRX-260528-1116,2026-05-28,16:05:00,2026-05-28 16:05:00,3,Thursday,0,1,9000,CASH,10000,1000,2
STRX-260528-1117,2026-05-28,09:33:00,2026-05-28 09:33:00,3,Thursday,0,1,11000,CASH,15000,4000,1
STRX-260528-1118,2026-05-28,11:04:00,2026-05-28 11:04:00,3,Thursday,0,1,28500,QRIS,28500,0,4
STRX-260528-1119,2026-05-28,18:01:00,2026-05-28 18:01:00,3,Thursday,0,1,21500,CASH,25000,3500,2
STRX-260529-1120,2026-05-29,09:06:00,2026-05-29 09:06:00,4,Friday,0,1,9000,QRIS,9000,0,2
STRX-260529-1121,2026-05-29,12:07:00,2026-05-29 12:07:00,4,Friday,0,1,22000,TRANSFER,22000,0,3
STRX-260529-1122,2026-05-29,18:42:00,2026-05-29 18:42:00,4,Friday,0,1,19000,CASH,20000,1000,3
STRX-260529-1123,2026-05-29,09:20:00,2026-05-29 09:20:00,4,Friday,0,1,4000,CASH,5000,1000,1
STRX-260529-1124,2026-05-29,11:31:00,2026-05-29 11:31:00,4,Friday,0,1,8000,CASH,10000,2000,1
STRX-260529-1125,2026-05-29,20:49:00,2026-05-29 20:49:00,4,Friday,0,1,57000,QRIS,57000,0,2
STRX-260529-1126,2026-05-29,14:11:00,2026-05-29 14:11:00,4,Friday,0,1,37000,CASH,40000,3000,3
STRX-260529-1127,2026-05-29,13:11:00,2026-05-29 13:11:00,4,Friday,0,1,69000,CASH,70000,1000,2
STRX-260529-1128,2026-05-29,16:31:00,2026-05-29 16:31:00,4,Friday,0,1,45175,TRANSFER,45175,0,2
STRX-260529-1129,2026-05-29,16:58:00,2026-05-29 16:58:00,4,Friday,0,1,18500,QRIS,18500,0,3
STRX-260529-1130,2026-05-29,14:55:00,2026-05-29 14:55:00,4,Friday,0,1,14500,CASH,15000,500,3
STRX-260529-1131,2026-05-29,10:00:00,2026-05-29 10:00:00,4,Friday,0,1,35000,CASH,40000,5000,3
STRX-260529-1132,2026-05-29,11:47:00,2026-05-29 11:47:00,4,Friday,0,1,64000,CASH,65000,1000,2
STRX-260529-1133,2026-05-29,08:52:00,2026-05-29 08:52:00,4,Friday,0,1,16600,CASH,20000,3400,3
STRX-260529-1134,2026-05-29,17:15:00,2026-05-29 17:15:00,4,Friday,0,1,14000,CASH,15000,1000,2
STRX-260529-1135,2026-05-29,17:46:00,2026-05-29 17:46:00,4,Friday,0,1,33000,CASH,35000,2000,2
STRX-260529-1136,2026-05-29,15:25:00,2026-05-29 15:25:00,4,Friday,0,1,55000,CASH,60000,5000,2
STRX-260529-1137,2026-05-29,07:15:00,2026-05-29 07:15:00,4,Friday,0,1,10600,CASH,15000,4400,3
STRX-260529-1138,2026-05-29,11:09:00,2026-05-29 11:09:00,4,Friday,0,1,84350,CASH,85000,650,3
STRX-260529-1139,2026-05-29,19:59:00,2026-05-29 19:59:00,4,Friday,0,1,31000,QRIS,31000,0,2
STRX-260529-1140,2026-05-29,15:30:00,2026-05-29 15:30:00,4,Friday,0,1,25200,CASH,30000,4800,3
STRX-260529-1141,2026-05-29,09:29:00,2026-05-29 09:29:00,4,Friday,0,1,5000,EWALLET,5000,0,1
STRX-260529-1142,2026-05-29,09:25:00,2026-05-29 09:25:00,4,Friday,0,1,10000,CASH,15000,5000,2
STRX-260529-1143,2026-05-29,17:13:00,2026-05-29 17:13:00,4,Friday,0,1,85000,TRANSFER,85000,0,2
STRX-260529-1144,2026-05-29,18:50:00,2026-05-29 18:50:00,4,Friday,0,1,7000,CASH,10000,3000,2
STRX-260529-1145,2026-05-29,17:39:00,2026-05-29 17:39:00,4,Friday,0,1,14500,QRIS,14500,0,2
STRX-260529-1146,2026-05-29,06:13:00,2026-05-29 06:13:00,4,Friday,0,1,61000,CASH,65000,4000,2
STRX-260530-1147,2026-05-30,12:29:00,2026-05-30 12:29:00,5,Saturday,1,1,6000,CASH,10000,4000,2
STRX-260530-1148,2026-05-30,07:06:00,2026-05-30 07:06:00,5,Saturday,1,1,59500,CASH,60000,500,3
STRX-260530-1149,2026-05-30,18:23:00,2026-05-30 18:23:00,5,Saturday,1,1,31500,CASH,35000,3500,3
STRX-260530-1150,2026-05-30,08:58:00,2026-05-30 08:58:00,5,Saturday,1,1,23000,EWALLET,23000,0,3
STRX-260530-1151,2026-05-30,17:08:00,2026-05-30 17:08:00,5,Saturday,1,1,8000,EWALLET,8000,0,3
STRX-260530-1152,2026-05-30,16:22:00,2026-05-30 16:22:00,5,Saturday,1,1,40000,CASH,45000,5000,4
STRX-260530-1153,2026-05-30,19:05:00,2026-05-30 19:05:00,5,Saturday,1,1,6000,CASH,10000,4000,2
STRX-260530-1154,2026-05-30,13:33:00,2026-05-30 13:33:00,5,Saturday,1,1,40500,CASH,45000,4500,4
STRX-260530-1155,2026-05-30,07:55:00,2026-05-30 07:55:00,5,Saturday,1,1,58000,CASH,60000,2000,5
STRX-260530-1156,2026-05-30,16:35:00,2026-05-30 16:35:00,5,Saturday,1,1,7000,CASH,10000,3000,1
STRX-260530-1157,2026-05-30,17:58:00,2026-05-30 17:58:00,5,Saturday,1,1,13000,QRIS,13000,0,2
STRX-260530-1158,2026-05-30,09:51:00,2026-05-30 09:51:00,5,Saturday,1,1,20000,CASH,25000,5000,2
STRX-260530-1159,2026-05-30,14:55:00,2026-05-30 14:55:00,5,Saturday,1,1,66500,CASH,70000,3500,4
STRX-260530-1160,2026-05-30,16:24:00,2026-05-30 16:24:00,5,Saturday,1,1,19000,CASH,20000,1000,2
STRX-260530-1161,2026-05-30,16:55:00,2026-05-30 16:55:00,5,Saturday,1,1,23000,CASH,25000,2000,4
STRX-260530-1162,2026-05-30,10:25:00,2026-05-30 10:25:00,5,Saturday,1,1,14000,CASH,15000,1000,2
STRX-260530-1163,2026-05-30,16:43:00,2026-05-30 16:43:00,5,Saturday,1,1,10000,CASH,15000,5000,2
STRX-260530-1164,2026-05-30,08:48:00,2026-05-30 08:48:00,5,Saturday,1,1,75000,CASH,80000,5000,4
STRX-260530-1165,2026-05-30,17:23:00,2026-05-30 17:23:00,5,Saturday,1,1,5500,EWALLET,5500,0,2
STRX-260530-1166,2026-05-30,12:29:00,2026-05-30 12:29:00,5,Saturday,1,1,26000,CASH,30000,4000,2
STRX-260531-1167,2026-05-31,19:55:00,2026-05-31 19:55:00,6,Sunday,1,1,10500,EWALLET,10500,0,1
STRX-260531-1168,2026-05-31,06:50:00,2026-05-31 06:50:00,6,Sunday,1,1,48000,CASH,50000,2000,4
STRX-260531-1169,2026-05-31,09:38:00,2026-05-31 09:38:00,6,Sunday,1,1,33000,TRANSFER,33000,0,3
STRX-260531-1170,2026-05-31,10:31:00,2026-05-31 10:31:00,6,Sunday,1,1,43000,CASH,45000,2000,4
STRX-260531-1171,2026-05-31,11:30:00,2026-05-31 11:30:00,6,Sunday,1,1,4000,CASH,5000,1000,1
STRX-260531-1172,2026-05-31,10:55:00,2026-05-31 10:55:00,6,Sunday,1,1,45000,CASH,50000,5000,4
STRX-260531-1173,2026-05-31,15:52:00,2026-05-31 15:52:00,6,Sunday,1,1,45000,CASH,50000,5000,3
STRX-260531-1174,2026-05-31,20:17:00,2026-05-31 20:17:00,6,Sunday,1,1,12000,CASH,15000,3000,1
STRX-260531-1175,2026-05-31,11:49:00,2026-05-31 11:49:00,6,Sunday,1,1,6000,CASH,10000,4000,1
STRX-260531-1176,2026-05-31,13:09:00,2026-05-31 13:09:00,6,Sunday,1,1,15500,QRIS,15500,0,3
STRX-260531-1177,2026-05-31,07:56:00,2026-05-31 07:56:00,6,Sunday,1,1,3000,CASH,5000,2000,1
STRX-260531-1178,2026-05-31,18:00:00,2026-05-31 18:00:00,6,Sunday,1,1,16000,CASH,20000,4000,2
STRX-260531-1179,2026-05-31,20:28:00,2026-05-31 20:28:00,6,Sunday,1,1,6000,CASH,10000,4000,2
STRX-260531-1180,2026-05-31,09:08:00,2026-05-31 09:08:00,6,Sunday,1,1,45500,CASH,50000,4500,2
STRX-260531-1181,2026-05-31,06:27:00,2026-05-31 06:27:00,6,Sunday,1,1,11000,CASH,15000,4000,3
STRX-260531-1182,2026-05-31,08:04:00,2026-05-31 08:04:00,6,Sunday,1,1,37000,CASH,40000,3000,3
STRX-260531-1183,2026-05-31,07:26:00,2026-05-31 07:26:00,6,Sunday,1,1,21500,QRIS,21500,0,3
STRX-260531-1184,2026-05-31,14:03:00,2026-05-31 14:03:00,6,Sunday,1,1,127000,CASH,130000,3000,3
STRX-260531-1185,2026-05-31,11:32:00,2026-05-31 11:32:00,6,Sunday,1,1,32000,CASH,35000,3000,2
STRX-260531-1186,2026-05-31,06:44:00,2026-05-31 06:44:00,6,Sunday,1,1,10000,CASH,15000,5000,1
STRX-260531-1187,2026-05-31,09:00:00,2026-05-31 09:00:00,6,Sunday,1,1,15250,CASH,20000,4750,4
STRX-260531-1188,2026-05-31,20:42:00,2026-05-31 20:42:00,6,Sunday,1,1,28000,CASH,30000,2000,2
STRX-260531-1189,2026-05-31,14:47:00,2026-05-31 14:47:00,6,Sunday,1,1,63000,CASH,65000,2000,2
STRX-260531-1190,2026-05-31,18:53:00,2026-05-31 18:53:00,6,Sunday,1,1,12000,CASH,15000,3000,2
STRX-260531-1191,2026-05-31,16:29:00,2026-05-31 16:29:00,6,Sunday,1,1,41000,EWALLET,41000,0,4
STRX-260531-1192,2026-05-31,19:19:00,2026-05-31 19:19:00,6,Sunday,1,1,5000,CASH,10000,5000,2
STRX-260531-1193,2026-05-31,11:17:00,2026-05-31 11:17:00,6,Sunday,1,1,21500,QRIS,21500,0,2
STRX-260531-1194,2026-05-31,17:13:00,2026-05-31 17:13:00,6,Sunday,1,1,3000,TRANSFER,3000,0,1
STRX-260601-1195,2026-06-01,06:05:00,2026-06-01 06:05:00,0,Monday,0,1,36000,CASH,40000,4000,3
STRX-260601-1196,2026-06-01,11:02:00,2026-06-01 11:02:00,0,Monday,0,1,21425,EWALLET,21425,0,2
STRX-260601-1197,2026-06-01,16:46:00,2026-06-01 16:46:00,0,Monday,0,1,16175,CASH,20000,3825,2
STRX-260601-1198,2026-06-01,07:36:00,2026-06-01 07:36:00,0,Monday,0,1,41000,QRIS,41000,0,4
STRX-260601-1199,2026-06-01,14:09:00,2026-06-01 14:09:00,0,Monday,0,1,14000,CASH,15000,1000,2
STRX-260601-1200,2026-06-01,16:56:00,2026-06-01 16:56:00,0,Monday,0,1,18000,CASH,20000,2000,2
STRX-260601-1201,2026-06-01,12:48:00,2026-06-01 12:48:00,0,Monday,0,1,113000,CASH,115000,2000,2
STRX-260601-1202,2026-06-01,15:47:00,2026-06-01 15:47:00,0,Monday,0,1,3000,CASH,5000,2000,1
STRX-260601-1203,2026-06-01,16:05:00,2026-06-01 16:05:00,0,Monday,0,1,23000,CASH,25000,2000,4
STRX-260601-1204,2026-06-01,18:23:00,2026-06-01 18:23:00,0,Monday,0,1,11000,CASH,15000,4000,2
STRX-260601-1205,2026-06-01,10:41:00,2026-06-01 10:41:00,0,Monday,0,1,11500,CASH,15000,3500,2
STRX-260601-1206,2026-06-01,09:04:00,2026-06-01 09:04:00,0,Monday,0,1,12300,CASH,15000,2700,2
STRX-260601-1207,2026-06-01,08:11:00,2026-06-01 08:11:00,0,Monday,0,1,82850,TRANSFER,82850,0,4
STRX-260601-1208,2026-06-01,15:02:00,2026-06-01 15:02:00,0,Monday,0,1,19000,CASH,20000,1000,3
STRX-260601-1209,2026-06-01,18:43:00,2026-06-01 18:43:00,0,Monday,0,1,61500,CASH,65000,3500,2
STRX-260601-1210,2026-06-01,17:45:00,2026-06-01 17:45:00,0,Monday,0,1,17500,CASH,20000,2500,3
STRX-260601-1211,2026-06-01,08:43:00,2026-06-01 08:43:00,0,Monday,0,1,15000,CASH,20000,5000,1
STRX-260601-1212,2026-06-01,13:29:00,2026-06-01 13:29:00,0,Monday,0,1,7500,CASH,10000,2500,2
STRX-260601-1213,2026-06-01,09:28:00,2026-06-01 09:28:00,0,Monday,0,1,17000,CASH,20000,3000,2
STRX-260601-1214,2026-06-01,13:00:00,2026-06-01 13:00:00,0,Monday,0,1,3000,CASH,5000,2000,2
STRX-260601-1215,2026-06-01,14:31:00,2026-06-01 14:31:00,0,Monday,0,1,85000,QRIS,85000,0,2
STRX-260601-1216,2026-06-01,14:28:00,2026-06-01 14:28:00,0,Monday,0,1,11000,CASH,15000,4000,2
STRX-260601-1217,2026-06-01,07:27:00,2026-06-01 07:27:00,0,Monday,0,1,32000,TRANSFER,32000,0,3
STRX-260601-1218,2026-06-01,09:36:00,2026-06-01 09:36:00,0,Monday,0,1,6000,CASH,10000,4000,1
STRX-260601-1219,2026-06-01,13:50:00,2026-06-01 13:50:00,0,Monday,0,1,22750,CASH,25000,2250,3
STRX-260602-1220,2026-06-02,15:00:00,2026-06-02 15:00:00,1,Tuesday,0,1,12000,CASH,15000,3000,2
STRX-260602-1221,2026-06-02,09:11:00,2026-06-02 09:11:00,1,Tuesday,0,1,6000,QRIS,6000,0,2
STRX-260602-1222,2026-06-02,07:32:00,2026-06-02 07:32:00,1,Tuesday,0,1,30650,TRANSFER,30650,0,4
STRX-260602-1223,2026-06-02,12:53:00,2026-06-02 12:53:00,1,Tuesday,0,1,9425,QRIS,9425,0,4
STRX-260602-1224,2026-06-02,14:45:00,2026-06-02 14:45:00,1,Tuesday,0,1,22000,CASH,25000,3000,3
STRX-260602-1225,2026-06-02,19:32:00,2026-06-02 19:32:00,1,Tuesday,0,1,12000,CASH,15000,3000,2
STRX-260602-1226,2026-06-02,08:21:00,2026-06-02 08:21:00,1,Tuesday,0,1,5000,CASH,10000,5000,1
STRX-260602-1227,2026-06-02,10:17:00,2026-06-02 10:17:00,1,Tuesday,0,1,26000,CASH,30000,4000,4
STRX-260602-1228,2026-06-02,16:12:00,2026-06-02 16:12:00,1,Tuesday,0,1,25000,CASH,30000,5000,3
STRX-260602-1229,2026-06-02,09:46:00,2026-06-02 09:46:00,1,Tuesday,0,1,23000,CASH,25000,2000,3
STRX-260602-1230,2026-06-02,19:29:00,2026-06-02 19:29:00,1,Tuesday,0,1,19750,CASH,20000,250,2
STRX-260602-1231,2026-06-02,17:16:00,2026-06-02 17:16:00,1,Tuesday,0,1,16000,CASH,20000,4000,4
STRX-260602-1232,2026-06-02,09:23:00,2026-06-02 09:23:00,1,Tuesday,0,1,19400,CASH,20000,600,3
STRX-260602-1233,2026-06-02,14:00:00,2026-06-02 14:00:00,1,Tuesday,0,1,1000,CASH,5000,4000,1
STRX-260602-1234,2026-06-02,10:38:00,2026-06-02 10:38:00,1,Tuesday,0,1,28000,CASH,30000,2000,3
STRX-260602-1235,2026-06-02,15:10:00,2026-06-02 15:10:00,1,Tuesday,0,1,2000,EWALLET,2000,0,1
STRX-260602-1236,2026-06-02,08:54:00,2026-06-02 08:54:00,1,Tuesday,0,1,13000,QRIS,13000,0,2
STRX-260602-1237,2026-06-02,12:55:00,2026-06-02 12:55:00,1,Tuesday,0,1,29000,CASH,30000,1000,3
STRX-260602-1238,2026-06-02,14:17:00,2026-06-02 14:17:00,1,Tuesday,0,1,57900,QRIS,57900,0,2
STRX-260602-1239,2026-06-02,15:23:00,2026-06-02 15:23:00,1,Tuesday,0,1,8000,QRIS,8000,0,1
STRX-260602-1240,2026-06-02,12:13:00,2026-06-02 12:13:00,1,Tuesday,0,1,9100,CASH,10000,900,2
STRX-260602-1241,2026-06-02,10:44:00,2026-06-02 10:44:00,1,Tuesday,0,1,54000,CASH,55000,1000,1
STRX-260602-1242,2026-06-02,06:27:00,2026-06-02 06:27:00,1,Tuesday,0,1,26000,CASH,30000,4000,3
STRX-260602-1243,2026-06-02,15:51:00,2026-06-02 15:51:00,1,Tuesday,0,1,15000,CASH,20000,5000,1
STRX-260602-1244,2026-06-02,16:10:00,2026-06-02 16:10:00,1,Tuesday,0,1,27000,CASH,30000,3000,1
STRX-260602-1245,2026-06-02,12:18:00,2026-06-02 12:18:00,1,Tuesday,0,1,4000,QRIS,4000,0,1
STRX-260602-1246,2026-06-02,09:04:00,2026-06-02 09:04:00,1,Tuesday,0,1,53000,CASH,55000,2000,2
STRX-260602-1247,2026-06-02,14:27:00,2026-06-02 14:27:00,1,Tuesday,0,1,58500,CASH,60000,1500,3
STRX-260602-1248,2026-06-02,17:09:00,2026-06-02 17:09:00,1,Tuesday,0,1,6000,CASH,10000,4000,2
STRX-260602-1249,2026-06-02,19:25:00,2026-06-02 19:25:00,1,Tuesday,0,1,15000,CASH,20000,5000,1
STRX-260602-1250,2026-06-02,18:36:00,2026-06-02 18:36:00,1,Tuesday,0,1,31000,CASH,35000,4000,2
STRX-260602-1251,2026-06-02,08:18:00,2026-06-02 08:18:00,1,Tuesday,0,1,55500,CASH,60000,4500,2
STRX-260603-1252,2026-06-03,17:36:00,2026-06-03 17:36:00,2,Wednesday,0,1,12000,CASH,15000,3000,2
STRX-260603-1253,2026-06-03,15:23:00,2026-06-03 15:23:00,2,Wednesday,0,1,30000,CASH,35000,5000,4
STRX-260603-1254,2026-06-03,09:50:00,2026-06-03 09:50:00,2,Wednesday,0,1,21500,CASH,25000,3500,2
STRX-260603-1255,2026-06-03,18:29:00,2026-06-03 18:29:00,2,Wednesday,0,1,1000,CASH,5000,4000,1
STRX-260603-1256,2026-06-03,08:23:00,2026-06-03 08:23:00,2,Wednesday,0,1,8000,CASH,10000,2000,1
STRX-260603-1257,2026-06-03,15:22:00,2026-06-03 15:22:00,2,Wednesday,0,1,28750,CASH,30000,1250,4
STRX-260603-1258,2026-06-03,15:23:00,2026-06-03 15:23:00,2,Wednesday,0,1,8000,CASH,10000,2000,1
STRX-260603-1259,2026-06-03,10:03:00,2026-06-03 10:03:00,2,Wednesday,0,1,38000,CASH,40000,2000,4
STRX-260603-1260,2026-06-03,16:46:00,2026-06-03 16:46:00,2,Wednesday,0,1,34000,CASH,35000,1000,3
STRX-260603-1261,2026-06-03,14:26:00,2026-06-03 14:26:00,2,Wednesday,0,1,12400,EWALLET,12400,0,3
STRX-260603-1262,2026-06-03,12:10:00,2026-06-03 12:10:00,2,Wednesday,0,1,51000,CASH,55000,4000,4
STRX-260603-1263,2026-06-03,16:33:00,2026-06-03 16:33:00,2,Wednesday,0,1,54000,CASH,55000,1000,1
STRX-260603-1264,2026-06-03,15:57:00,2026-06-03 15:57:00,2,Wednesday,0,1,24500,CASH,25000,500,2
STRX-260603-1265,2026-06-03,07:37:00,2026-06-03 07:37:00,2,Wednesday,0,1,17000,CASH,20000,3000,2
STRX-260603-1266,2026-06-03,19:59:00,2026-06-03 19:59:00,2,Wednesday,0,1,10000,CASH,15000,5000,1
STRX-260603-1267,2026-06-03,11:05:00,2026-06-03 11:05:00,2,Wednesday,0,1,26000,CASH,30000,4000,2
STRX-260603-1268,2026-06-03,12:26:00,2026-06-03 12:26:00,2,Wednesday,0,1,25500,CASH,30000,4500,2
STRX-260603-1269,2026-06-03,15:25:00,2026-06-03 15:25:00,2,Wednesday,0,1,6000,QRIS,6000,0,1
STRX-260603-1270,2026-06-03,15:54:00,2026-06-03 15:54:00,2,Wednesday,0,1,4000,CASH,5000,1000,1
STRX-260603-1271,2026-06-03,13:05:00,2026-06-03 13:05:00,2,Wednesday,0,1,151500,CASH,155000,3500,4
STRX-260603-1272,2026-06-03,09:19:00,2026-06-03 09:19:00,2,Wednesday,0,1,32000,EWALLET,32000,0,2
STRX-260603-1273,2026-06-03,11:31:00,2026-06-03 11:31:00,2,Wednesday,0,1,4000,CASH,5000,1000,1
STRX-260603-1274,2026-06-03,10:04:00,2026-06-03 10:04:00,2,Wednesday,0,1,8000,CASH,10000,2000,2
STRX-260603-1275,2026-06-03,11:21:00,2026-06-03 11:21:00,2,Wednesday,0,1,32500,CASH,35000,2500,3
STRX-260603-1276,2026-06-03,11:20:00,2026-06-03 11:20:00,2,Wednesday,0,1,31000,CASH,35000,4000,2
STRX-260603-1277,2026-06-03,08:46:00,2026-06-03 08:46:00,2,Wednesday,0,1,2000,CASH,5000,3000,1
STRX-260603-1278,2026-06-03,12:07:00,2026-06-03 12:07:00,2,Wednesday,0,1,116300,CASH,120000,3700,3
STRX-260603-1279,2026-06-03,11:52:00,2026-06-03 11:52:00,2,Wednesday,0,1,10000,CASH,15000,5000,2
STRX-260603-1280,2026-06-03,12:20:00,2026-06-03 12:20:00,2,Wednesday,0,1,9750,CASH,10000,250,3
STRX-260604-1281,2026-06-04,16:26:00,2026-06-04 16:26:00,3,Thursday,0,1,15500,CASH,20000,4500,1
STRX-260604-1282,2026-06-04,11:06:00,2026-06-04 11:06:00,3,Thursday,0,1,11500,CASH,15000,3500,2
STRX-260604-1283,2026-06-04,13:56:00,2026-06-04 13:56:00,3,Thursday,0,1,11000,CASH,15000,4000,2
STRX-260604-1284,2026-06-04,15:18:00,2026-06-04 15:18:00,3,Thursday,0,1,32000,CASH,35000,3000,2
STRX-260604-1285,2026-06-04,18:59:00,2026-06-04 18:59:00,3,Thursday,0,1,22000,TRANSFER,22000,0,2
STRX-260604-1286,2026-06-04,18:52:00,2026-06-04 18:52:00,3,Thursday,0,1,11850,CASH,15000,3150,2
STRX-260604-1287,2026-06-04,20:51:00,2026-06-04 20:51:00,3,Thursday,0,1,56000,QRIS,56000,0,3
STRX-260604-1288,2026-06-04,14:34:00,2026-06-04 14:34:00,3,Thursday,0,1,22000,EWALLET,22000,0,3
STRX-260604-1289,2026-06-04,16:30:00,2026-06-04 16:30:00,3,Thursday,0,1,3000,CASH,5000,2000,1
STRX-260604-1290,2026-06-04,16:26:00,2026-06-04 16:26:00,3,Thursday,0,1,8000,CASH,10000,2000,1
STRX-260604-1291,2026-06-04,10:34:00,2026-06-04 10:34:00,3,Thursday,0,1,17000,CASH,20000,3000,3
STRX-260604-1292,2026-06-04,09:48:00,2026-06-04 09:48:00,3,Thursday,0,1,10000,CASH,15000,5000,2
STRX-260604-1293,2026-06-04,08:50:00,2026-06-04 08:50:00,3,Thursday,0,1,6000,QRIS,6000,0,1
STRX-260604-1294,2026-06-04,06:58:00,2026-06-04 06:58:00,3,Thursday,0,1,5000,CASH,10000,5000,2
STRX-260604-1295,2026-06-04,20:48:00,2026-06-04 20:48:00,3,Thursday,0,1,39000,CASH,40000,1000,3
STRX-260604-1296,2026-06-04,15:44:00,2026-06-04 15:44:00,3,Thursday,0,1,2000,CASH,5000,3000,1
STRX-260604-1297,2026-06-04,13:49:00,2026-06-04 13:49:00,3,Thursday,0,1,10300,QRIS,10300,0,2
STRX-260604-1298,2026-06-04,19:41:00,2026-06-04 19:41:00,3,Thursday,0,1,17500,CASH,20000,2500,2
STRX-260604-1299,2026-06-04,17:37:00,2026-06-04 17:37:00,3,Thursday,0,1,10000,EWALLET,10000,0,1
STRX-260604-1300,2026-06-04,15:02:00,2026-06-04 15:02:00,3,Thursday,0,1,28000,CASH,30000,2000,3
STRX-260605-1301,2026-06-05,10:54:00,2026-06-05 10:54:00,4,Friday,0,1,9000,CASH,10000,1000,2
STRX-260605-1302,2026-06-05,11:45:00,2026-06-05 11:45:00,4,Friday,0,1,6000,CASH,10000,4000,1
STRX-260605-1303,2026-06-05,08:16:00,2026-06-05 08:16:00,4,Friday,0,1,19150,CASH,20000,850,3
STRX-260605-1304,2026-06-05,17:35:00,2026-06-05 17:35:00,4,Friday,0,1,18000,CASH,20000,2000,4
STRX-260605-1305,2026-06-05,08:37:00,2026-06-05 08:37:00,4,Friday,0,1,20000,CASH,25000,5000,1
STRX-260605-1306,2026-06-05,08:10:00,2026-06-05 08:10:00,4,Friday,0,1,13000,CASH,15000,2000,3
STRX-260605-1307,2026-06-05,16:10:00,2026-06-05 16:10:00,4,Friday,0,1,69000,CASH,70000,1000,3
STRX-260605-1308,2026-06-05,10:27:00,2026-06-05 10:27:00,4,Friday,0,1,60000,CASH,65000,5000,2
STRX-260605-1309,2026-06-05,10:15:00,2026-06-05 10:15:00,4,Friday,0,1,68000,CASH,70000,2000,3
STRX-260605-1310,2026-06-05,17:37:00,2026-06-05 17:37:00,4,Friday,0,1,27000,CASH,30000,3000,1
STRX-260605-1311,2026-06-05,17:46:00,2026-06-05 17:46:00,4,Friday,0,1,4000,TRANSFER,4000,0,1
STRX-260605-1312,2026-06-05,06:13:00,2026-06-05 06:13:00,4,Friday,0,1,38500,CASH,40000,1500,3
STRX-260605-1313,2026-06-05,16:43:00,2026-06-05 16:43:00,4,Friday,0,1,64000,CASH,65000,1000,2
STRX-260605-1314,2026-06-05,10:31:00,2026-06-05 10:31:00,4,Friday,0,1,25000,CASH,30000,5000,3
STRX-260605-1315,2026-06-05,10:11:00,2026-06-05 10:11:00,4,Friday,0,1,18500,CASH,20000,1500,2
STRX-260605-1316,2026-06-05,16:17:00,2026-06-05 16:17:00,4,Friday,0,1,17000,CASH,20000,3000,4
STRX-260605-1317,2026-06-05,11:16:00,2026-06-05 11:16:00,4,Friday,0,1,9000,CASH,10000,1000,3
STRX-260605-1318,2026-06-05,17:42:00,2026-06-05 17:42:00,4,Friday,0,1,28250,CASH,30000,1750,3
STRX-260605-1319,2026-06-05,06:12:00,2026-06-05 06:12:00,4,Friday,0,1,2000,CASH,5000,3000,1
STRX-260605-1320,2026-06-05,10:12:00,2026-06-05 10:12:00,4,Friday,0,1,64000,CASH,65000,1000,3
STRX-260605-1321,2026-06-05,17:34:00,2026-06-05 17:34:00,4,Friday,0,1,4000,CASH,5000,1000,2
STRX-260605-1322,2026-06-05,07:29:00,2026-06-05 07:29:00,4,Friday,0,1,7000,CASH,10000,3000,2
STRX-260605-1323,2026-06-05,10:06:00,2026-06-05 10:06:00,4,Friday,0,1,15500,CASH,20000,4500,1
STRX-260605-1324,2026-06-05,15:28:00,2026-06-05 15:28:00,4,Friday,0,1,26000,CASH,30000,4000,3
STRX-260606-1325,2026-06-06,17:46:00,2026-06-06 17:46:00,5,Saturday,1,0,10000,QRIS,10000,0,1
STRX-260606-1326,2026-06-06,11:05:00,2026-06-06 11:05:00,5,Saturday,1,0,15000,CASH,20000,5000,2
STRX-260606-1327,2026-06-06,09:47:00,2026-06-06 09:47:00,5,Saturday,1,0,1000,CASH,5000,4000,1
STRX-260606-1328,2026-06-06,09:47:00,2026-06-06 09:47:00,5,Saturday,1,0,3000,QRIS,3000,0,1
STRX-260606-1329,2026-06-06,07:28:00,2026-06-06 07:28:00,5,Saturday,1,0,3000,QRIS,3000,0,1
STRX-260606-1330,2026-06-06,18:19:00,2026-06-06 18:19:00,5,Saturday,1,0,89300,CASH,90000,700,4
STRX-260606-1331,2026-06-06,08:14:00,2026-06-06 08:14:00,5,Saturday,1,0,60000,QRIS,60000,0,2
STRX-260606-1332,2026-06-06,15:21:00,2026-06-06 15:21:00,5,Saturday,1,0,19000,TRANSFER,19000,0,4
STRX-260606-1333,2026-06-06,06:25:00,2026-06-06 06:25:00,5,Saturday,1,0,6000,CASH,10000,4000,2
STRX-260606-1334,2026-06-06,17:34:00,2026-06-06 17:34:00,5,Saturday,1,0,16000,CASH,20000,4000,4
STRX-260606-1335,2026-06-06,18:15:00,2026-06-06 18:15:00,5,Saturday,1,0,13000,CASH,15000,2000,2
STRX-260606-1336,2026-06-06,18:13:00,2026-06-06 18:13:00,5,Saturday,1,0,1500,CASH,5000,3500,1
STRX-260606-1337,2026-06-06,12:27:00,2026-06-06 12:27:00,5,Saturday,1,0,14500,CASH,15000,500,3
STRX-260606-1338,2026-06-06,16:55:00,2026-06-06 16:55:00,5,Saturday,1,0,38500,CASH,40000,1500,4
STRX-260606-1339,2026-06-06,17:38:00,2026-06-06 17:38:00,5,Saturday,1,0,6000,CASH,10000,4000,1
STRX-260606-1340,2026-06-06,19:41:00,2026-06-06 19:41:00,5,Saturday,1,0,9500,CASH,10000,500,2
STRX-260606-1341,2026-06-06,13:49:00,2026-06-06 13:49:00,5,Saturday,1,0,6000,CASH,10000,4000,1
STRX-260607-1342,2026-06-07,12:32:00,2026-06-07 12:32:00,6,Sunday,1,0,19500,CASH,20000,500,2
STRX-260607-1343,2026-06-07,11:33:00,2026-06-07 11:33:00,6,Sunday,1,0,14000,CASH,15000,1000,2
STRX-260607-1344,2026-06-07,11:03:00,2026-06-07 11:03:00,6,Sunday,1,0,4500,CASH,5000,500,2
STRX-260607-1345,2026-06-07,09:26:00,2026-06-07 09:26:00,6,Sunday,1,0,23000,EWALLET,23000,0,3
STRX-260607-1346,2026-06-07,07:51:00,2026-06-07 07:51:00,6,Sunday,1,0,12000,CASH,15000,3000,1
STRX-260607-1347,2026-06-07,14:33:00,2026-06-07 14:33:00,6,Sunday,1,0,11000,CASH,15000,4000,3
STRX-260607-1348,2026-06-07,09:41:00,2026-06-07 09:41:00,6,Sunday,1,0,3500,CASH,5000,1500,1
STRX-260607-1349,2026-06-07,15:18:00,2026-06-07 15:18:00,6,Sunday,1,0,88500,CASH,90000,1500,3
STRX-260607-1350,2026-06-07,12:06:00,2026-06-07 12:06:00,6,Sunday,1,0,16000,QRIS,16000,0,2
STRX-260607-1351,2026-06-07,11:48:00,2026-06-07 11:48:00,6,Sunday,1,0,15500,CASH,20000,4500,2
STRX-260607-1352,2026-06-07,09:12:00,2026-06-07 09:12:00,6,Sunday,1,0,60000,CASH,65000,5000,4
STRX-260607-1353,2026-06-07,14:32:00,2026-06-07 14:32:00,6,Sunday,1,0,12000,CASH,15000,3000,2
STRX-260607-1354,2026-06-07,11:18:00,2026-06-07 11:18:00,6,Sunday,1,0,23000,QRIS,23000,0,3
STRX-260607-1355,2026-06-07,16:25:00,2026-06-07 16:25:00,6,Sunday,1,0,9500,CASH,10000,500,2
STRX-260607-1356,2026-06-07,07:12:00,2026-06-07 07:12:00,6,Sunday,1,0,125500,CASH,130000,4500,2
STRX-260607-1357,2026-06-07,18:46:00,2026-06-07 18:46:00,6,Sunday,1,0,8000,CASH,10000,2000,1
STRX-260607-1358,2026-06-07,20:24:00,2026-06-07 20:24:00,6,Sunday,1,0,2000,QRIS,2000,0,1
STRX-260607-1359,2026-06-07,13:00:00,2026-06-07 13:00:00,6,Sunday,1,0,14250,QRIS,14250,0,1
STRX-260607-1360,2026-06-07,11:26:00,2026-06-07 11:26:00,6,Sunday,1,0,12000,CASH,15000,3000,1
STRX-260608-1361,2026-06-08,12:44:00,2026-06-08 12:44:00,0,Monday,0,0,10500,CASH,15000,4500,2
STRX-260608-1362,2026-06-08,16:25:00,2026-06-08 16:25:00,0,Monday,0,0,4500,CASH,5000,500,2
STRX-260608-1363,2026-06-08,17:18:00,2026-06-08 17:18:00,0,Monday,0,0,7000,CASH,10000,3000,1
STRX-260608-1364,2026-06-08,06:08:00,2026-06-08 06:08:00,0,Monday,0,0,17000,TRANSFER,17000,0,3
STRX-260608-1365,2026-06-08,08:59:00,2026-06-08 08:59:00,0,Monday,0,0,2000,CASH,5000,3000,1
STRX-260608-1366,2026-06-08,19:02:00,2026-06-08 19:02:00,0,Monday,0,0,19000,CASH,20000,1000,4
STRX-260608-1367,2026-06-08,19:55:00,2026-06-08 19:55:00,0,Monday,0,0,36000,QRIS,36000,0,5
STRX-260608-1368,2026-06-08,18:32:00,2026-06-08 18:32:00,0,Monday,0,0,17000,CASH,20000,3000,3
STRX-260608-1369,2026-06-08,17:02:00,2026-06-08 17:02:00,0,Monday,0,0,10500,CASH,15000,4500,1
STRX-260608-1370,2026-06-08,17:21:00,2026-06-08 17:21:00,0,Monday,0,0,35000,CASH,40000,5000,2
STRX-260608-1371,2026-06-08,11:46:00,2026-06-08 11:46:00,0,Monday,0,0,7600,CASH,10000,2400,1
STRX-260608-1372,2026-06-08,13:36:00,2026-06-08 13:36:00,0,Monday,0,0,15500,TRANSFER,15500,0,3
STRX-260608-1373,2026-06-08,14:40:00,2026-06-08 14:40:00,0,Monday,0,0,6000,QRIS,6000,0,2
STRX-260608-1374,2026-06-08,17:43:00,2026-06-08 17:43:00,0,Monday,0,0,10000,CASH,15000,5000,3
STRX-260608-1375,2026-06-08,08:01:00,2026-06-08 08:01:00,0,Monday,0,0,30000,QRIS,30000,0,3
STRX-260609-1376,2026-06-09,20:25:00,2026-06-09 20:25:00,1,Tuesday,0,0,33000,CASH,35000,2000,3
STRX-260609-1377,2026-06-09,15:11:00,2026-06-09 15:11:00,1,Tuesday,0,0,51500,CASH,55000,3500,3
STRX-260609-1378,2026-06-09,09:57:00,2026-06-09 09:57:00,1,Tuesday,0,0,32500,CASH,35000,2500,3
STRX-260609-1379,2026-06-09,12:01:00,2026-06-09 12:01:00,1,Tuesday,0,0,11000,CASH,15000,4000,2
STRX-260609-1380,2026-06-09,17:24:00,2026-06-09 17:24:00,1,Tuesday,0,0,26500,CASH,30000,3500,3
STRX-260609-1381,2026-06-09,17:20:00,2026-06-09 17:20:00,1,Tuesday,0,0,9000,CASH,10000,1000,3
STRX-260609-1382,2026-06-09,15:02:00,2026-06-09 15:02:00,1,Tuesday,0,0,66000,CASH,70000,4000,4
STRX-260609-1383,2026-06-09,09:05:00,2026-06-09 09:05:00,1,Tuesday,0,0,8000,QRIS,8000,0,3
STRX-260609-1384,2026-06-09,15:54:00,2026-06-09 15:54:00,1,Tuesday,0,0,26000,CASH,30000,4000,3
STRX-260609-1385,2026-06-09,10:17:00,2026-06-09 10:17:00,1,Tuesday,0,0,26000,CASH,30000,4000,2
STRX-260609-1386,2026-06-09,17:48:00,2026-06-09 17:48:00,1,Tuesday,0,0,132500,CASH,135000,2500,3
STRX-260609-1387,2026-06-09,14:59:00,2026-06-09 14:59:00,1,Tuesday,0,0,9000,CASH,10000,1000,3
STRX-260609-1388,2026-06-09,20:20:00,2026-06-09 20:20:00,1,Tuesday,0,0,22000,QRIS,22000,0,2
STRX-260609-1389,2026-06-09,09:57:00,2026-06-09 09:57:00,1,Tuesday,0,0,92000,CASH,95000,3000,4
STRX-260609-1390,2026-06-09,09:28:00,2026-06-09 09:28:00,1,Tuesday,0,0,25650,CASH,30000,4350,1
STRX-260610-1391,2026-06-10,07:55:00,2026-06-10 07:55:00,2,Wednesday,0,0,6000,CASH,10000,4000,2
STRX-260610-1392,2026-06-10,10:06:00,2026-06-10 10:06:00,2,Wednesday,0,0,20000,QRIS,20000,0,2
STRX-260610-1393,2026-06-10,07:53:00,2026-06-10 07:53:00,2,Wednesday,0,0,8000,CASH,10000,2000,1
STRX-260610-1394,2026-06-10,09:40:00,2026-06-10 09:40:00,2,Wednesday,0,0,5000,EWALLET,5000,0,1
STRX-260610-1395,2026-06-10,17:31:00,2026-06-10 17:31:00,2,Wednesday,0,0,33000,QRIS,33000,0,3
STRX-260610-1396,2026-06-10,20:26:00,2026-06-10 20:26:00,2,Wednesday,0,0,12750,CASH,15000,2250,1
STRX-260610-1397,2026-06-10,15:46:00,2026-06-10 15:46:00,2,Wednesday,0,0,20000,CASH,25000,5000,3
STRX-260610-1398,2026-06-10,18:00:00,2026-06-10 18:00:00,2,Wednesday,0,0,41000,CASH,45000,4000,2
STRX-260610-1399,2026-06-10,09:25:00,2026-06-10 09:25:00,2,Wednesday,0,0,25000,EWALLET,25000,0,3
STRX-260610-1400,2026-06-10,19:04:00,2026-06-10 19:04:00,2,Wednesday,0,0,13000,CASH,15000,2000,4
STRX-260610-1401,2026-06-10,08:58:00,2026-06-10 08:58:00,2,Wednesday,0,0,11000,CASH,15000,4000,1
STRX-260610-1402,2026-06-10,16:34:00,2026-06-10 16:34:00,2,Wednesday,0,0,135000,CASH,140000,5000,1
STRX-260610-1403,2026-06-10,10:38:00,2026-06-10 10:38:00,2,Wednesday,0,0,9000,CASH,10000,1000,2
STRX-260610-1404,2026-06-10,12:51:00,2026-06-10 12:51:00,2,Wednesday,0,0,21000,TRANSFER,21000,0,3
STRX-260610-1405,2026-06-10,09:59:00,2026-06-10 09:59:00,2,Wednesday,0,0,13000,CASH,15000,2000,3
STRX-260610-1406,2026-06-10,15:58:00,2026-06-10 15:58:00,2,Wednesday,0,0,15000,QRIS,15000,0,2
STRX-260610-1407,2026-06-10,07:41:00,2026-06-10 07:41:00,2,Wednesday,0,0,96500,CASH,100000,3500,2
STRX-260610-1408,2026-06-10,18:42:00,2026-06-10 18:42:00,2,Wednesday,0,0,9600,CASH,10000,400,3
STRX-260611-1409,2026-06-11,10:59:00,2026-06-11 10:59:00,3,Thursday,0,0,12000,CASH,15000,3000,2
STRX-260611-1410,2026-06-11,19:43:00,2026-06-11 19:43:00,3,Thursday,0,0,11500,CASH,15000,3500,2
STRX-260611-1411,2026-06-11,19:59:00,2026-06-11 19:59:00,3,Thursday,0,0,12000,CASH,15000,3000,1
STRX-260611-1412,2026-06-11,09:48:00,2026-06-11 09:48:00,3,Thursday,0,0,5000,QRIS,5000,0,2
STRX-260611-1413,2026-06-11,15:55:00,2026-06-11 15:55:00,3,Thursday,0,0,57900,CASH,60000,2100,3
STRX-260611-1414,2026-06-11,13:16:00,2026-06-11 13:16:00,3,Thursday,0,0,82500,CASH,85000,2500,5
STRX-260611-1415,2026-06-11,13:30:00,2026-06-11 13:30:00,3,Thursday,0,0,6000,QRIS,6000,0,1
STRX-260611-1416,2026-06-11,17:05:00,2026-06-11 17:05:00,3,Thursday,0,0,24500,CASH,25000,500,3
STRX-260611-1417,2026-06-11,12:54:00,2026-06-11 12:54:00,3,Thursday,0,0,38000,CASH,40000,2000,5
STRX-260611-1418,2026-06-11,13:07:00,2026-06-11 13:07:00,3,Thursday,0,0,13000,QRIS,13000,0,3
STRX-260611-1419,2026-06-11,11:10:00,2026-06-11 11:10:00,3,Thursday,0,0,33000,CASH,35000,2000,3
STRX-260611-1420,2026-06-11,10:55:00,2026-06-11 10:55:00,3,Thursday,0,0,5000,CASH,10000,5000,1
STRX-260611-1421,2026-06-11,16:34:00,2026-06-11 16:34:00,3,Thursday,0,0,8000,QRIS,8000,0,2
STRX-260611-1422,2026-06-11,10:39:00,2026-06-11 10:39:00,3,Thursday,0,0,22500,CASH,25000,2500,4
STRX-260612-1423,2026-06-12,15:52:00,2026-06-12 15:52:00,4,Friday,0,0,18425,CASH,20000,1575,4
STRX-260612-1424,2026-06-12,13:39:00,2026-06-12 13:39:00,4,Friday,0,0,7000,CASH,10000,3000,2
STRX-260612-1425,2026-06-12,12:40:00,2026-06-12 12:40:00,4,Friday,0,0,60500,CASH,65000,4500,3
STRX-260612-1426,2026-06-12,19:04:00,2026-06-12 19:04:00,4,Friday,0,0,6000,CASH,10000,4000,2
STRX-260612-1427,2026-06-12,09:09:00,2026-06-12 09:09:00,4,Friday,0,0,8000,CASH,10000,2000,2
STRX-260612-1428,2026-06-12,09:35:00,2026-06-12 09:35:00,4,Friday,0,0,21500,CASH,25000,3500,2
STRX-260612-1429,2026-06-12,19:30:00,2026-06-12 19:30:00,4,Friday,0,0,4000,CASH,5000,1000,2
STRX-260612-1430,2026-06-12,07:09:00,2026-06-12 07:09:00,4,Friday,0,0,68000,CASH,70000,2000,3
STRX-260612-1431,2026-06-12,12:07:00,2026-06-12 12:07:00,4,Friday,0,0,16000,CASH,20000,4000,3
STRX-260612-1432,2026-06-12,06:11:00,2026-06-12 06:11:00,4,Friday,0,0,6000,CASH,10000,4000,1
STRX-260612-1433,2026-06-12,18:06:00,2026-06-12 18:06:00,4,Friday,0,0,8500,CASH,10000,1500,3
STRX-260613-1434,2026-06-13,14:57:00,2026-06-13 14:57:00,5,Saturday,1,0,13500,CASH,15000,1500,2
STRX-260613-1435,2026-06-13,13:10:00,2026-06-13 13:10:00,5,Saturday,1,0,74000,CASH,75000,1000,4
STRX-260613-1436,2026-06-13,12:11:00,2026-06-13 12:11:00,5,Saturday,1,0,25500,CASH,30000,4500,3
STRX-260613-1437,2026-06-13,18:08:00,2026-06-13 18:08:00,5,Saturday,1,0,19000,CASH,20000,1000,3
STRX-260613-1438,2026-06-13,18:35:00,2026-06-13 18:35:00,5,Saturday,1,0,30000,CASH,35000,5000,1
STRX-260613-1439,2026-06-13,17:43:00,2026-06-13 17:43:00,5,Saturday,1,0,18000,CASH,20000,2000,3
STRX-260613-1440,2026-06-13,11:03:00,2026-06-13 11:03:00,5,Saturday,1,0,6500,CASH,10000,3500,2
STRX-260613-1441,2026-06-13,08:36:00,2026-06-13 08:36:00,5,Saturday,1,0,19500,CASH,20000,500,4
STRX-260613-1442,2026-06-13,17:37:00,2026-06-13 17:37:00,5,Saturday,1,0,124000,CASH,125000,1000,3
STRX-260613-1443,2026-06-13,20:05:00,2026-06-13 20:05:00,5,Saturday,1,0,9900,TRANSFER,9900,0,2
STRX-260613-1444,2026-06-13,09:55:00,2026-06-13 09:55:00,5,Saturday,1,0,35000,CASH,40000,5000,2
STRX-260613-1445,2026-06-13,08:25:00,2026-06-13 08:25:00,5,Saturday,1,0,14250,CASH,15000,750,1
STRX-260613-1446,2026-06-13,16:42:00,2026-06-13 16:42:00,5,Saturday,1,0,20000,TRANSFER,20000,0,3
STRX-260613-1447,2026-06-13,06:11:00,2026-06-13 06:11:00,5,Saturday,1,0,6500,CASH,10000,3500,2
STRX-260613-1448,2026-06-13,10:50:00,2026-06-13 10:50:00,5,Saturday,1,0,21500,QRIS,21500,0,3
STRX-260613-1449,2026-06-13,09:54:00,2026-06-13 09:54:00,5,Saturday,1,0,5000,QRIS,5000,0,2
STRX-260613-1450,2026-06-13,09:42:00,2026-06-13 09:42:00,5,Saturday,1,0,14500,QRIS,14500,0,3
STRX-260613-1451,2026-06-13,14:34:00,2026-06-13 14:34:00,5,Saturday,1,0,23500,CASH,25000,1500,2
STRX-260613-1452,2026-06-13,06:30:00,2026-06-13 06:30:00,5,Saturday,1,0,22000,CASH,25000,3000,3
STRX-260614-1453,2026-06-14,12:08:00,2026-06-14 12:08:00,6,Sunday,1,0,14000,CASH,15000,1000,1
STRX-260614-1454,2026-06-14,10:55:00,2026-06-14 10:55:00,6,Sunday,1,0,5000,CASH,10000,5000,1
STRX-260614-1455,2026-06-14,18:02:00,2026-06-14 18:02:00,6,Sunday,1,0,10000,QRIS,10000,0,2
STRX-260614-1456,2026-06-14,11:57:00,2026-06-14 11:57:00,6,Sunday,1,0,20000,CASH,25000,5000,3
STRX-260614-1457,2026-06-14,08:51:00,2026-06-14 08:51:00,6,Sunday,1,0,17700,CASH,20000,2300,2
STRX-260614-1458,2026-06-14,17:47:00,2026-06-14 17:47:00,6,Sunday,1,0,14000,CASH,15000,1000,3
STRX-260614-1459,2026-06-14,16:28:00,2026-06-14 16:28:00,6,Sunday,1,0,2000,QRIS,2000,0,1
STRX-260614-1460,2026-06-14,07:05:00,2026-06-14 07:05:00,6,Sunday,1,0,15000,CASH,20000,5000,1
STRX-260614-1461,2026-06-14,10:05:00,2026-06-14 10:05:00,6,Sunday,1,0,10650,CASH,15000,4350,4
STRX-260614-1462,2026-06-14,12:27:00,2026-06-14 12:27:00,6,Sunday,1,0,26000,CASH,30000,4000,3
STRX-260614-1463,2026-06-14,19:59:00,2026-06-14 19:59:00,6,Sunday,1,0,4000,QRIS,4000,0,1
STRX-260614-1464,2026-06-14,13:53:00,2026-06-14 13:53:00,6,Sunday,1,0,5000,CASH,10000,5000,1
STRX-260614-1465,2026-06-14,12:06:00,2026-06-14 12:06:00,6,Sunday,1,0,15000,CASH,20000,5000,2
STRX-260614-1466,2026-06-14,08:16:00,2026-06-14 08:16:00,6,Sunday,1,0,2000,CASH,5000,3000,1
STRX-260614-1467,2026-06-14,14:52:00,2026-06-14 14:52:00,6,Sunday,1,0,19550,CASH,20000,450,3
STRX-260614-1468,2026-06-14,15:02:00,2026-06-14 15:02:00,6,Sunday,1,0,18500,CASH,20000,1500,3
STRX-260614-1469,2026-06-14,16:52:00,2026-06-14 16:52:00,6,Sunday,1,0,10000,CASH,15000,5000,2
STRX-260614-1470,2026-06-14,19:31:00,2026-06-14 19:31:00,6,Sunday,1,0,6000,CASH,10000,4000,1
STRX-260614-1471,2026-06-14,17:32:00,2026-06-14 17:32:00,6,Sunday,1,0,23400,EWALLET,23400,0,2
STRX-260614-1472,2026-06-14,18:54:00,2026-06-14 18:54:00,6,Sunday,1,0,37800,CASH,40000,2200,5
STRX-260614-1473,2026-06-14,19:51:00,2026-06-14 19:51:00,6,Sunday,1,0,12000,CASH,15000,3000,1
STRX-260615-1474,2026-06-15,15:57:00,2026-06-15 15:57:00,0,Monday,0,0,15000,EWALLET,15000,0,1
STRX-260615-1475,2026-06-15,13:40:00,2026-06-15 13:40:00,0,Monday,0,0,21000,QRIS,21000,0,3
STRX-260615-1476,2026-06-15,08:56:00,2026-06-15 08:56:00,0,Monday,0,0,11000,EWALLET,11000,0,4
STRX-260615-1477,2026-06-15,16:53:00,2026-06-15 16:53:00,0,Monday,0,0,38000,CASH,40000,2000,4
STRX-260615-1478,2026-06-15,12:57:00,2026-06-15 12:57:00,0,Monday,0,0,14000,CASH,15000,1000,2
STRX-260615-1479,2026-06-15,10:37:00,2026-06-15 10:37:00,0,Monday,0,0,86100,CASH,90000,3900,2
STRX-260615-1480,2026-06-15,15:11:00,2026-06-15 15:11:00,0,Monday,0,0,28500,CASH,30000,1500,2
STRX-260615-1481,2026-06-15,12:51:00,2026-06-15 12:51:00,0,Monday,0,0,7000,QRIS,7000,0,2
STRX-260615-1482,2026-06-15,11:15:00,2026-06-15 11:15:00,0,Monday,0,0,15000,CASH,20000,5000,3
STRX-260615-1483,2026-06-15,19:37:00,2026-06-15 19:37:00,0,Monday,0,0,18500,CASH,20000,1500,3
STRX-260615-1484,2026-06-15,13:39:00,2026-06-15 13:39:00,0,Monday,0,0,8000,EWALLET,8000,0,1
STRX-260615-1485,2026-06-15,20:33:00,2026-06-15 20:33:00,0,Monday,0,0,6000,CASH,10000,4000,2
STRX-260615-1486,2026-06-15,15:48:00,2026-06-15 15:48:00,0,Monday,0,0,18450,QRIS,18450,0,4
STRX-260615-1487,2026-06-15,11:32:00,2026-06-15 11:32:00,0,Monday,0,0,5500,QRIS,5500,0,1
STRX-260615-1488,2026-06-15,19:17:00,2026-06-15 19:17:00,0,Monday,0,0,22000,CASH,25000,3000,3
STRX-260615-1489,2026-06-15,18:30:00,2026-06-15 18:30:00,0,Monday,0,0,18000,CASH,20000,2000,3
STRX-260615-1490,2026-06-15,20:46:00,2026-06-15 20:46:00,0,Monday,0,0,4000,QRIS,4000,0,1
STRX-260615-1491,2026-06-15,12:26:00,2026-06-15 12:26:00,0,Monday,0,0,5000,QRIS,5000,0,2
STRX-260615-1492,2026-06-15,14:39:00,2026-06-15 14:39:00,0,Monday,0,0,67000,CASH,70000,3000,3
STRX-260615-1493,2026-06-15,18:20:00,2026-06-15 18:20:00,0,Monday,0,0,13500,CASH,15000,1500,2
STRX-260615-1494,2026-06-15,07:43:00,2026-06-15 07:43:00,0,Monday,0,0,22000,QRIS,22000,0,3
STRX-260616-1495,2026-06-16,17:35:00,2026-06-16 17:35:00,1,Tuesday,0,0,100800,CASH,105000,4200,4
STRX-260616-1496,2026-06-16,17:19:00,2026-06-16 17:19:00,1,Tuesday,0,0,16000,CASH,20000,4000,2
STRX-260616-1497,2026-06-16,17:35:00,2026-06-16 17:35:00,1,Tuesday,0,0,20500,CASH,25000,4500,2
STRX-260616-1498,2026-06-16,18:31:00,2026-06-16 18:31:00,1,Tuesday,0,0,18100,CASH,20000,1900,3
STRX-260616-1499,2026-06-16,10:50:00,2026-06-16 10:50:00,1,Tuesday,0,0,8000,CASH,10000,2000,2
STRX-260616-1500,2026-06-16,07:25:00,2026-06-16 07:25:00,1,Tuesday,0,0,24000,CASH,25000,1000,3
STRX-260616-1501,2026-06-16,17:28:00,2026-06-16 17:28:00,1,Tuesday,0,0,86000,CASH,90000,4000,2
STRX-260616-1502,2026-06-16,08:11:00,2026-06-16 08:11:00,1,Tuesday,0,0,6000,QRIS,6000,0,2
STRX-260616-1503,2026-06-16,15:03:00,2026-06-16 15:03:00,1,Tuesday,0,0,5000,CASH,10000,5000,1
STRX-260616-1504,2026-06-16,20:30:00,2026-06-16 20:30:00,1,Tuesday,0,0,12000,CASH,15000,3000,3
STRX-260616-1505,2026-06-16,12:45:00,2026-06-16 12:45:00,1,Tuesday,0,0,15000,QRIS,15000,0,2
STRX-260616-1506,2026-06-16,13:14:00,2026-06-16 13:14:00,1,Tuesday,0,0,28500,CASH,30000,1500,3
STRX-260616-1507,2026-06-16,09:16:00,2026-06-16 09:16:00,1,Tuesday,0,0,87000,CASH,90000,3000,2
STRX-260616-1508,2026-06-16,10:02:00,2026-06-16 10:02:00,1,Tuesday,0,0,11500,CASH,15000,3500,2
STRX-260616-1509,2026-06-16,08:12:00,2026-06-16 08:12:00,1,Tuesday,0,0,81000,CASH,85000,4000,1
STRX-260616-1510,2026-06-16,17:31:00,2026-06-16 17:31:00,1,Tuesday,0,0,12500,CASH,15000,2500,3
STRX-260616-1511,2026-06-16,13:01:00,2026-06-16 13:01:00,1,Tuesday,0,0,3000,CASH,5000,2000,1
STRX-260616-1512,2026-06-16,19:22:00,2026-06-16 19:22:00,1,Tuesday,0,0,23000,CASH,25000,2000,3
STRX-260616-1513,2026-06-16,20:14:00,2026-06-16 20:14:00,1,Tuesday,0,0,11500,CASH,15000,3500,2
STRX-260616-1514,2026-06-16,07:58:00,2026-06-16 07:58:00,1,Tuesday,0,0,39500,CASH,40000,500,4
STRX-260617-1515,2026-06-17,10:03:00,2026-06-17 10:03:00,2,Wednesday,0,0,27250,CASH,30000,2750,4
STRX-260617-1516,2026-06-17,15:07:00,2026-06-17 15:07:00,2,Wednesday,0,0,8000,CASH,10000,2000,1
STRX-260617-1517,2026-06-17,17:51:00,2026-06-17 17:51:00,2,Wednesday,0,0,24000,CASH,25000,1000,3
STRX-260617-1518,2026-06-17,16:53:00,2026-06-17 16:53:00,2,Wednesday,0,0,14650,CASH,15000,350,2
STRX-260617-1519,2026-06-17,14:24:00,2026-06-17 14:24:00,2,Wednesday,0,0,9000,CASH,10000,1000,2
STRX-260617-1520,2026-06-17,17:09:00,2026-06-17 17:09:00,2,Wednesday,0,0,25500,TRANSFER,25500,0,5
STRX-260617-1521,2026-06-17,06:14:00,2026-06-17 06:14:00,2,Wednesday,0,0,15500,CASH,20000,4500,1
STRX-260617-1522,2026-06-17,11:02:00,2026-06-17 11:02:00,2,Wednesday,0,0,39000,QRIS,39000,0,4
STRX-260617-1523,2026-06-17,19:15:00,2026-06-17 19:15:00,2,Wednesday,0,0,59500,CASH,60000,500,3
STRX-260617-1524,2026-06-17,08:20:00,2026-06-17 08:20:00,2,Wednesday,0,0,15500,QRIS,15500,0,2
STRX-260617-1525,2026-06-17,12:48:00,2026-06-17 12:48:00,2,Wednesday,0,0,20000,QRIS,20000,0,2
STRX-260617-1526,2026-06-17,07:01:00,2026-06-17 07:01:00,2,Wednesday,0,0,43000,CASH,45000,2000,3
STRX-260617-1527,2026-06-17,16:57:00,2026-06-17 16:57:00,2,Wednesday,0,0,37775,CASH,40000,2225,5
STRX-260617-1528,2026-06-17,09:34:00,2026-06-17 09:34:00,2,Wednesday,0,0,10000,CASH,15000,5000,2
STRX-260618-1529,2026-06-18,08:33:00,2026-06-18 08:33:00,3,Thursday,0,0,13000,CASH,15000,2000,3
STRX-260618-1530,2026-06-18,10:01:00,2026-06-18 10:01:00,3,Thursday,0,0,27800,QRIS,27800,0,4
STRX-260618-1531,2026-06-18,11:08:00,2026-06-18 11:08:00,3,Thursday,0,0,11500,CASH,15000,3500,4
STRX-260618-1532,2026-06-18,14:51:00,2026-06-18 14:51:00,3,Thursday,0,0,9500,TRANSFER,9500,0,3
STRX-260618-1533,2026-06-18,12:51:00,2026-06-18 12:51:00,3,Thursday,0,0,15000,CASH,20000,5000,3
STRX-260618-1534,2026-06-18,07:27:00,2026-06-18 07:27:00,3,Thursday,0,0,23000,QRIS,23000,0,2
STRX-260618-1535,2026-06-18,07:40:00,2026-06-18 07:40:00,3,Thursday,0,0,25000,CASH,30000,5000,1
STRX-260618-1536,2026-06-18,09:08:00,2026-06-18 09:08:00,3,Thursday,0,0,17000,CASH,20000,3000,2
STRX-260618-1537,2026-06-18,10:03:00,2026-06-18 10:03:00,3,Thursday,0,0,10000,TRANSFER,10000,0,1
STRX-260618-1538,2026-06-18,16:45:00,2026-06-18 16:45:00,3,Thursday,0,0,15000,CASH,20000,5000,2
STRX-260618-1539,2026-06-18,06:04:00,2026-06-18 06:04:00,3,Thursday,0,0,12000,CASH,15000,3000,1
STRX-260618-1540,2026-06-18,08:36:00,2026-06-18 08:36:00,3,Thursday,0,0,40000,CASH,45000,5000,2
STRX-260618-1541,2026-06-18,12:47:00,2026-06-18 12:47:00,3,Thursday,0,0,8000,CASH,10000,2000,4
STRX-260618-1542,2026-06-18,10:44:00,2026-06-18 10:44:00,3,Thursday,0,0,24000,CASH,25000,1000,4
STRX-260618-1543,2026-06-18,18:22:00,2026-06-18 18:22:00,3,Thursday,0,0,9000,TRANSFER,9000,0,1
STRX-260618-1544,2026-06-18,17:39:00,2026-06-18 17:39:00,3,Thursday,0,0,26000,QRIS,26000,0,3
STRX-260618-1545,2026-06-18,07:22:00,2026-06-18 07:22:00,3,Thursday,0,0,124000,CASH,125000,1000,2
STRX-260618-1546,2026-06-18,11:16:00,2026-06-18 11:16:00,3,Thursday,0,0,11000,QRIS,11000,0,2
STRX-260618-1547,2026-06-18,14:02:00,2026-06-18 14:02:00,3,Thursday,0,0,14000,CASH,15000,1000,3
STRX-260618-1548,2026-06-18,17:24:00,2026-06-18 17:24:00,3,Thursday,0,0,16500,CASH,20000,3500,4
STRX-260618-1549,2026-06-18,11:23:00,2026-06-18 11:23:00,3,Thursday,0,0,31200,TRANSFER,31200,0,4
STRX-260619-1550,2026-06-19,12:32:00,2026-06-19 12:32:00,4,Friday,0,0,37175,CASH,40000,2825,4
STRX-260619-1551,2026-06-19,11:58:00,2026-06-19 11:58:00,4,Friday,0,0,52500,CASH,55000,2500,4
STRX-260619-1552,2026-06-19,12:51:00,2026-06-19 12:51:00,4,Friday,0,0,63000,QRIS,63000,0,3
STRX-260619-1553,2026-06-19,12:56:00,2026-06-19 12:56:00,4,Friday,0,0,46000,CASH,50000,4000,3
STRX-260619-1554,2026-06-19,16:37:00,2026-06-19 16:37:00,4,Friday,0,0,33000,QRIS,33000,0,3
STRX-260619-1555,2026-06-19,16:13:00,2026-06-19 16:13:00,4,Friday,0,0,34500,TRANSFER,34500,0,3
STRX-260619-1556,2026-06-19,14:40:00,2026-06-19 14:40:00,4,Friday,0,0,17000,QRIS,17000,0,3
STRX-260619-1557,2026-06-19,16:21:00,2026-06-19 16:21:00,4,Friday,0,0,4000,CASH,5000,1000,1
STRX-260620-1558,2026-06-20,06:01:00,2026-06-20 06:01:00,5,Saturday,1,0,19000,QRIS,19000,0,2
STRX-260620-1559,2026-06-20,07:44:00,2026-06-20 07:44:00,5,Saturday,1,0,102800,QRIS,102800,0,4
STRX-260620-1560,2026-06-20,13:24:00,2026-06-20 13:24:00,5,Saturday,1,0,30000,CASH,35000,5000,3
STRX-260620-1561,2026-06-20,09:06:00,2026-06-20 09:06:00,5,Saturday,1,0,15000,CASH,20000,5000,2
STRX-260620-1562,2026-06-20,10:21:00,2026-06-20 10:21:00,5,Saturday,1,0,35450,QRIS,35450,0,4
STRX-260620-1563,2026-06-20,08:25:00,2026-06-20 08:25:00,5,Saturday,1,0,8000,CASH,10000,2000,2
STRX-260620-1564,2026-06-20,11:56:00,2026-06-20 11:56:00,5,Saturday,1,0,14000,CASH,15000,1000,4
STRX-260620-1565,2026-06-20,18:51:00,2026-06-20 18:51:00,5,Saturday,1,0,54000,CASH,55000,1000,1
STRX-260620-1566,2026-06-20,10:29:00,2026-06-20 10:29:00,5,Saturday,1,0,126550,QRIS,126550,0,3
STRX-260620-1567,2026-06-20,08:50:00,2026-06-20 08:50:00,5,Saturday,1,0,14600,CASH,15000,400,3
STRX-260620-1568,2026-06-20,17:32:00,2026-06-20 17:32:00,5,Saturday,1,0,15500,CASH,20000,4500,2
STRX-260620-1569,2026-06-20,20:10:00,2026-06-20 20:10:00,5,Saturday,1,0,44000,CASH,45000,1000,3
STRX-260620-1570,2026-06-20,10:35:00,2026-06-20 10:35:00,5,Saturday,1,0,47000,CASH,50000,3000,4
STRX-260620-1571,2026-06-20,06:11:00,2026-06-20 06:11:00,5,Saturday,1,0,6000,QRIS,6000,0,2
STRX-260620-1572,2026-06-20,10:31:00,2026-06-20 10:31:00,5,Saturday,1,0,32000,CASH,35000,3000,4
STRX-260620-1573,2026-06-20,08:40:00,2026-06-20 08:40:00,5,Saturday,1,0,30000,CASH,35000,5000,2
STRX-260620-1574,2026-06-20,18:08:00,2026-06-20 18:08:00,5,Saturday,1,0,22000,QRIS,22000,0,3
STRX-260620-1575,2026-06-20,06:52:00,2026-06-20 06:52:00,5,Saturday,1,0,108000,CASH,110000,2000,1
STRX-260620-1576,2026-06-20,12:25:00,2026-06-20 12:25:00,5,Saturday,1,0,22000,CASH,25000,3000,4
STRX-260620-1577,2026-06-20,15:55:00,2026-06-20 15:55:00,5,Saturday,1,0,35000,CASH,40000,5000,4
STRX-260620-1578,2026-06-20,18:07:00,2026-06-20 18:07:00,5,Saturday,1,0,46000,CASH,50000,4000,2
STRX-260620-1579,2026-06-20,11:48:00,2026-06-20 11:48:00,5,Saturday,1,0,50400,CASH,55000,4600,4
STRX-260620-1580,2026-06-20,11:12:00,2026-06-20 11:12:00,5,Saturday,1,0,7000,CASH,10000,3000,2
STRX-260620-1581,2026-06-20,08:10:00,2026-06-20 08:10:00,5,Saturday,1,0,23000,CASH,25000,2000,2
STRX-260620-1582,2026-06-20,19:47:00,2026-06-20 19:47:00,5,Saturday,1,0,109000,CASH,110000,1000,2
STRX-260621-1583,2026-06-21,17:38:00,2026-06-21 17:38:00,6,Sunday,1,0,22000,CASH,25000,3000,5
STRX-260621-1584,2026-06-21,20:29:00,2026-06-21 20:29:00,6,Sunday,1,0,44000,CASH,45000,1000,4
STRX-260621-1585,2026-06-21,12:23:00,2026-06-21 12:23:00,6,Sunday,1,0,135000,CASH,140000,5000,5
STRX-260621-1586,2026-06-21,09:15:00,2026-06-21 09:15:00,6,Sunday,1,0,6000,CASH,10000,4000,2
STRX-260621-1587,2026-06-21,17:27:00,2026-06-21 17:27:00,6,Sunday,1,0,19000,CASH,20000,1000,2
STRX-260621-1588,2026-06-21,19:59:00,2026-06-21 19:59:00,6,Sunday,1,0,21500,CASH,25000,3500,3
STRX-260621-1589,2026-06-21,12:07:00,2026-06-21 12:07:00,6,Sunday,1,0,31000,CASH,35000,4000,4
STRX-260621-1590,2026-06-21,16:37:00,2026-06-21 16:37:00,6,Sunday,1,0,1500,CASH,5000,3500,1
STRX-260621-1591,2026-06-21,17:56:00,2026-06-21 17:56:00,6,Sunday,1,0,42000,CASH,45000,3000,2
STRX-260621-1592,2026-06-21,16:01:00,2026-06-21 16:01:00,6,Sunday,1,0,2000,CASH,5000,3000,1
STRX-260621-1593,2026-06-21,11:10:00,2026-06-21 11:10:00,6,Sunday,1,0,6000,CASH,10000,4000,1
STRX-260621-1594,2026-06-21,19:17:00,2026-06-21 19:17:00,6,Sunday,1,0,12000,CASH,15000,3000,2
STRX-260621-1595,2026-06-21,12:17:00,2026-06-21 12:17:00,6,Sunday,1,0,117800,CASH,120000,2200,4
STRX-260621-1596,2026-06-21,19:29:00,2026-06-21 19:29:00,6,Sunday,1,0,6000,CASH,10000,4000,2
STRX-260622-1597,2026-06-22,07:48:00,2026-06-22 07:48:00,0,Monday,0,0,10000,CASH,15000,5000,2
STRX-260622-1598,2026-06-22,20:02:00,2026-06-22 20:02:00,0,Monday,0,0,3000,QRIS,3000,0,1
STRX-260622-1599,2026-06-22,11:20:00,2026-06-22 11:20:00,0,Monday,0,0,26000,CASH,30000,4000,2
STRX-260622-1600,2026-06-22,17:13:00,2026-06-22 17:13:00,0,Monday,0,0,20000,EWALLET,20000,0,3
STRX-260622-1601,2026-06-22,17:11:00,2026-06-22 17:11:00,0,Monday,0,0,25500,CASH,30000,4500,3
STRX-260622-1602,2026-06-22,16:58:00,2026-06-22 16:58:00,0,Monday,0,0,7000,CASH,10000,3000,2
STRX-260622-1603,2026-06-22,15:00:00,2026-06-22 15:00:00,0,Monday,0,0,64000,QRIS,64000,0,2
STRX-260622-1604,2026-06-22,12:05:00,2026-06-22 12:05:00,0,Monday,0,0,5000,CASH,10000,5000,2
STRX-260622-1605,2026-06-22,15:50:00,2026-06-22 15:50:00,0,Monday,0,0,33500,CASH,35000,1500,5
STRX-260622-1606,2026-06-22,16:54:00,2026-06-22 16:54:00,0,Monday,0,0,4000,TRANSFER,4000,0,2
STRX-260622-1607,2026-06-22,09:28:00,2026-06-22 09:28:00,0,Monday,0,0,25000,CASH,30000,5000,3
STRX-260622-1608,2026-06-22,17:18:00,2026-06-22 17:18:00,0,Monday,0,0,17000,CASH,20000,3000,2
STRX-260622-1609,2026-06-22,15:11:00,2026-06-22 15:11:00,0,Monday,0,0,1000,CASH,5000,4000,1
STRX-260622-1610,2026-06-22,15:21:00,2026-06-22 15:21:00,0,Monday,0,0,14000,CASH,15000,1000,2
STRX-260622-1611,2026-06-22,07:41:00,2026-06-22 07:41:00,0,Monday,0,0,30000,CASH,35000,5000,1
STRX-260622-1612,2026-06-22,18:00:00,2026-06-22 18:00:00,0,Monday,0,0,14750,TRANSFER,14750,0,2
STRX-260622-1613,2026-06-22,07:49:00,2026-06-22 07:49:00,0,Monday,0,0,42000,CASH,45000,3000,2
STRX-260622-1614,2026-06-22,11:04:00,2026-06-22 11:04:00,0,Monday,0,0,7500,CASH,10000,2500,2
STRX-260622-1615,2026-06-22,07:05:00,2026-06-22 07:05:00,0,Monday,0,0,111400,CASH,115000,3600,2
STRX-260622-1616,2026-06-22,08:46:00,2026-06-22 08:46:00,0,Monday,0,0,3000,CASH,5000,2000,2
STRX-260622-1617,2026-06-22,17:01:00,2026-06-22 17:01:00,0,Monday,0,0,15000,CASH,20000,5000,2
STRX-260622-1618,2026-06-22,08:19:00,2026-06-22 08:19:00,0,Monday,0,0,9000,CASH,10000,1000,1
STRX-260622-1619,2026-06-22,15:29:00,2026-06-22 15:29:00,0,Monday,0,0,6000,CASH,10000,4000,2
STRX-260623-1620,2026-06-23,08:38:00,2026-06-23 08:38:00,1,Tuesday,0,0,28000,CASH,30000,2000,4
STRX-260623-1621,2026-06-23,15:36:00,2026-06-23 15:36:00,1,Tuesday,0,0,84500,CASH,85000,500,4
STRX-260623-1622,2026-06-23,07:07:00,2026-06-23 07:07:00,1,Tuesday,0,0,35000,QRIS,35000,0,2
STRX-260623-1623,2026-06-23,10:00:00,2026-06-23 10:00:00,1,Tuesday,0,0,27500,CASH,30000,2500,3
STRX-260623-1624,2026-06-23,19:56:00,2026-06-23 19:56:00,1,Tuesday,0,0,17000,EWALLET,17000,0,3
STRX-260623-1625,2026-06-23,09:37:00,2026-06-23 09:37:00,1,Tuesday,0,0,8000,TRANSFER,8000,0,3
STRX-260623-1626,2026-06-23,10:13:00,2026-06-23 10:13:00,1,Tuesday,0,0,4000,CASH,5000,1000,1
STRX-260623-1627,2026-06-23,08:33:00,2026-06-23 08:33:00,1,Tuesday,0,0,4000,CASH,5000,1000,1
STRX-260623-1628,2026-06-23,18:39:00,2026-06-23 18:39:00,1,Tuesday,0,0,15000,QRIS,15000,0,2
STRX-260623-1629,2026-06-23,16:15:00,2026-06-23 16:15:00,1,Tuesday,0,0,22500,QRIS,22500,0,2
STRX-260623-1630,2026-06-23,07:57:00,2026-06-23 07:57:00,1,Tuesday,0,0,11000,CASH,15000,4000,2
STRX-260623-1631,2026-06-23,10:37:00,2026-06-23 10:37:00,1,Tuesday,0,0,13000,QRIS,13000,0,2
STRX-260623-1632,2026-06-23,14:09:00,2026-06-23 14:09:00,1,Tuesday,0,0,11000,CASH,15000,4000,2
STRX-260623-1633,2026-06-23,18:41:00,2026-06-23 18:41:00,1,Tuesday,0,0,12750,CASH,15000,2250,3
STRX-260623-1634,2026-06-23,17:30:00,2026-06-23 17:30:00,1,Tuesday,0,0,20000,CASH,25000,5000,2
STRX-260624-1635,2026-06-24,18:08:00,2026-06-24 18:08:00,2,Wednesday,0,0,15500,CASH,20000,4500,1
STRX-260624-1636,2026-06-24,11:04:00,2026-06-24 11:04:00,2,Wednesday,0,0,4000,CASH,5000,1000,1
STRX-260624-1637,2026-06-24,17:22:00,2026-06-24 17:22:00,2,Wednesday,0,0,4000,CASH,5000,1000,1
STRX-260624-1638,2026-06-24,11:22:00,2026-06-24 11:22:00,2,Wednesday,0,0,21000,CASH,25000,4000,2
STRX-260624-1639,2026-06-24,12:51:00,2026-06-24 12:51:00,2,Wednesday,0,0,2000,CASH,5000,3000,1
STRX-260624-1640,2026-06-24,14:12:00,2026-06-24 14:12:00,2,Wednesday,0,0,13500,CASH,15000,1500,2
STRX-260624-1641,2026-06-24,10:11:00,2026-06-24 10:11:00,2,Wednesday,0,0,11400,TRANSFER,11400,0,1
STRX-260624-1642,2026-06-24,09:29:00,2026-06-24 09:29:00,2,Wednesday,0,0,6000,CASH,10000,4000,1
STRX-260624-1643,2026-06-24,16:26:00,2026-06-24 16:26:00,2,Wednesday,0,0,109500,CASH,110000,500,2
STRX-260624-1644,2026-06-24,20:41:00,2026-06-24 20:41:00,2,Wednesday,0,0,57000,QRIS,57000,0,2
STRX-260624-1645,2026-06-24,16:41:00,2026-06-24 16:41:00,2,Wednesday,0,0,36000,CASH,40000,4000,3
STRX-260624-1646,2026-06-24,18:03:00,2026-06-24 18:03:00,2,Wednesday,0,0,1500,CASH,5000,3500,1
STRX-260624-1647,2026-06-24,09:48:00,2026-06-24 09:48:00,2,Wednesday,0,0,10000,CASH,15000,5000,2
STRX-260624-1648,2026-06-24,06:01:00,2026-06-24 06:01:00,2,Wednesday,0,0,4000,EWALLET,4000,0,1
STRX-260624-1649,2026-06-24,10:14:00,2026-06-24 10:14:00,2,Wednesday,0,0,12000,CASH,15000,3000,1
STRX-260624-1650,2026-06-24,19:50:00,2026-06-24 19:50:00,2,Wednesday,0,0,36000,QRIS,36000,0,2
STRX-260624-1651,2026-06-24,11:57:00,2026-06-24 11:57:00,2,Wednesday,0,0,18000,CASH,20000,2000,3
STRX-260625-1652,2026-06-25,10:45:00,2026-06-25 10:45:00,3,Thursday,0,1,42000,TRANSFER,42000,0,4
STRX-260625-1653,2026-06-25,17:18:00,2026-06-25 17:18:00,3,Thursday,0,1,16000,CASH,20000,4000,1
STRX-260625-1654,2026-06-25,18:42:00,2026-06-25 18:42:00,3,Thursday,0,1,38000,CASH,40000,2000,4
STRX-260625-1655,2026-06-25,07:23:00,2026-06-25 07:23:00,3,Thursday,0,1,15000,CASH,20000,5000,3
STRX-260625-1656,2026-06-25,07:37:00,2026-06-25 07:37:00,3,Thursday,0,1,25500,CASH,30000,4500,3
STRX-260625-1657,2026-06-25,14:04:00,2026-06-25 14:04:00,3,Thursday,0,1,5000,CASH,10000,5000,2
STRX-260625-1658,2026-06-25,16:26:00,2026-06-25 16:26:00,3,Thursday,0,1,35000,CASH,40000,5000,4
STRX-260625-1659,2026-06-25,15:39:00,2026-06-25 15:39:00,3,Thursday,0,1,91000,QRIS,91000,0,3
STRX-260625-1660,2026-06-25,10:14:00,2026-06-25 10:14:00,3,Thursday,0,1,39000,CASH,40000,1000,3
STRX-260625-1661,2026-06-25,11:12:00,2026-06-25 11:12:00,3,Thursday,0,1,57525,EWALLET,57525,0,4
STRX-260625-1662,2026-06-25,06:29:00,2026-06-25 06:29:00,3,Thursday,0,1,9000,QRIS,9000,0,1
STRX-260625-1663,2026-06-25,13:22:00,2026-06-25 13:22:00,3,Thursday,0,1,4000,CASH,5000,1000,1
STRX-260625-1664,2026-06-25,10:44:00,2026-06-25 10:44:00,3,Thursday,0,1,38000,CASH,40000,2000,4
STRX-260625-1665,2026-06-25,09:26:00,2026-06-25 09:26:00,3,Thursday,0,1,4000,CASH,5000,1000,1
STRX-260625-1666,2026-06-25,06:23:00,2026-06-25 06:23:00,3,Thursday,0,1,32500,CASH,35000,2500,3
STRX-260626-1667,2026-06-26,14:14:00,2026-06-26 14:14:00,4,Friday,0,1,85000,CASH,90000,5000,2
STRX-260626-1668,2026-06-26,20:02:00,2026-06-26 20:02:00,4,Friday,0,1,58000,CASH,60000,2000,2
STRX-260626-1669,2026-06-26,17:14:00,2026-06-26 17:14:00,4,Friday,0,1,22500,CASH,25000,2500,3
STRX-260626-1670,2026-06-26,08:53:00,2026-06-26 08:53:00,4,Friday,0,1,4000,CASH,5000,1000,1
STRX-260626-1671,2026-06-26,08:23:00,2026-06-26 08:23:00,4,Friday,0,1,20000,CASH,25000,5000,2
STRX-260626-1672,2026-06-26,08:20:00,2026-06-26 08:20:00,4,Friday,0,1,20800,EWALLET,20800,0,2
STRX-260626-1673,2026-06-26,09:59:00,2026-06-26 09:59:00,4,Friday,0,1,9000,CASH,10000,1000,2
STRX-260626-1674,2026-06-26,11:25:00,2026-06-26 11:25:00,4,Friday,0,1,7000,CASH,10000,3000,2
STRX-260626-1675,2026-06-26,09:39:00,2026-06-26 09:39:00,4,Friday,0,1,5000,QRIS,5000,0,1
STRX-260626-1676,2026-06-26,06:44:00,2026-06-26 06:44:00,4,Friday,0,1,7000,CASH,10000,3000,1
STRX-260626-1677,2026-06-26,08:46:00,2026-06-26 08:46:00,4,Friday,0,1,15000,CASH,20000,5000,2
STRX-260626-1678,2026-06-26,09:48:00,2026-06-26 09:48:00,4,Friday,0,1,4000,CASH,5000,1000,2
STRX-260626-1679,2026-06-26,08:35:00,2026-06-26 08:35:00,4,Friday,0,1,6000,CASH,10000,4000,1
STRX-260626-1680,2026-06-26,17:45:00,2026-06-26 17:45:00,4,Friday,0,1,31000,TRANSFER,31000,0,1
STRX-260626-1681,2026-06-26,09:25:00,2026-06-26 09:25:00,4,Friday,0,1,4000,CASH,5000,1000,1
STRX-260626-1682,2026-06-26,10:56:00,2026-06-26 10:56:00,4,Friday,0,1,60000,TRANSFER,60000,0,2
STRX-260626-1683,2026-06-26,09:49:00,2026-06-26 09:49:00,4,Friday,0,1,9000,CASH,10000,1000,3
STRX-260626-1684,2026-06-26,20:13:00,2026-06-26 20:13:00,4,Friday,0,1,121000,CASH,125000,4000,4
STRX-260626-1685,2026-06-26,17:49:00,2026-06-26 17:49:00,4,Friday,0,1,11000,CASH,15000,4000,2
STRX-260626-1686,2026-06-26,09:32:00,2026-06-26 09:32:00,4,Friday,0,1,11000,CASH,15000,4000,2
STRX-260626-1687,2026-06-26,09:47:00,2026-06-26 09:47:00,4,Friday,0,1,22000,TRANSFER,22000,0,3
STRX-260626-1688,2026-06-26,07:48:00,2026-06-26 07:48:00,4,Friday,0,1,45000,QRIS,45000,0,3
STRX-260626-1689,2026-06-26,12:28:00,2026-06-26 12:28:00,4,Friday,0,1,85000,CASH,90000,5000,5
STRX-260626-1690,2026-06-26,11:44:00,2026-06-26 11:44:00,4,Friday,0,1,31000,CASH,35000,4000,4
STRX-260626-1691,2026-06-26,16:40:00,2026-06-26 16:40:00,4,Friday,0,1,23000,CASH,25000,2000,3
STRX-260626-1692,2026-06-26,20:19:00,2026-06-26 20:19:00,4,Friday,0,1,8000,CASH,10000,2000,1
STRX-260626-1693,2026-06-26,14:38:00,2026-06-26 14:38:00,4,Friday,0,1,86000,CASH,90000,4000,2
STRX-260626-1694,2026-06-26,19:12:00,2026-06-26 19:12:00,4,Friday,0,1,21500,CASH,25000,3500,4
STRX-260626-1695,2026-06-26,17:34:00,2026-06-26 17:34:00,4,Friday,0,1,10500,CASH,15000,4500,1
STRX-260626-1696,2026-06-26,13:25:00,2026-06-26 13:25:00,4,Friday,0,1,16500,CASH,20000,3500,4
STRX-260627-1697,2026-06-27,10:33:00,2026-06-27 10:33:00,5,Saturday,1,1,6000,CASH,10000,4000,1
STRX-260627-1698,2026-06-27,18:51:00,2026-06-27 18:51:00,5,Saturday,1,1,4000,CASH,5000,1000,1
STRX-260627-1699,2026-06-27,15:30:00,2026-06-27 15:30:00,5,Saturday,1,1,6000,CASH,10000,4000,2
STRX-260627-1700,2026-06-27,12:23:00,2026-06-27 12:23:00,5,Saturday,1,1,99900,CASH,100000,100,3
STRX-260627-1701,2026-06-27,11:06:00,2026-06-27 11:06:00,5,Saturday,1,1,18000,CASH,20000,2000,3
STRX-260627-1702,2026-06-27,16:01:00,2026-06-27 16:01:00,5,Saturday,1,1,17000,QRIS,17000,0,3
STRX-260627-1703,2026-06-27,19:19:00,2026-06-27 19:19:00,5,Saturday,1,1,50000,CASH,55000,5000,4
STRX-260627-1704,2026-06-27,17:08:00,2026-06-27 17:08:00,5,Saturday,1,1,10000,CASH,15000,5000,1
STRX-260627-1705,2026-06-27,11:27:00,2026-06-27 11:27:00,5,Saturday,1,1,13000,CASH,15000,2000,2
STRX-260627-1706,2026-06-27,17:16:00,2026-06-27 17:16:00,5,Saturday,1,1,16000,CASH,20000,4000,2
STRX-260627-1707,2026-06-27,11:06:00,2026-06-27 11:06:00,5,Saturday,1,1,21750,CASH,25000,3250,4
STRX-260627-1708,2026-06-27,11:42:00,2026-06-27 11:42:00,5,Saturday,1,1,12000,QRIS,12000,0,1
STRX-260627-1709,2026-06-27,10:49:00,2026-06-27 10:49:00,5,Saturday,1,1,12000,CASH,15000,3000,3
STRX-260627-1710,2026-06-27,14:10:00,2026-06-27 14:10:00,5,Saturday,1,1,108000,CASH,110000,2000,1
STRX-260627-1711,2026-06-27,18:06:00,2026-06-27 18:06:00,5,Saturday,1,1,6500,CASH,10000,3500,2
STRX-260627-1712,2026-06-27,18:03:00,2026-06-27 18:03:00,5,Saturday,1,1,8000,CASH,10000,2000,2
STRX-260627-1713,2026-06-27,17:19:00,2026-06-27 17:19:00,5,Saturday,1,1,7000,CASH,10000,3000,2
STRX-260627-1714,2026-06-27,10:51:00,2026-06-27 10:51:00,5,Saturday,1,1,52800,CASH,55000,2200,5
STRX-260627-1715,2026-06-27,20:27:00,2026-06-27 20:27:00,5,Saturday,1,1,16500,CASH,20000,3500,3
STRX-260627-1716,2026-06-27,09:43:00,2026-06-27 09:43:00,5,Saturday,1,1,6000,CASH,10000,4000,1
STRX-260627-1717,2026-06-27,16:59:00,2026-06-27 16:59:00,5,Saturday,1,1,6000,CASH,10000,4000,2
STRX-260627-1718,2026-06-27,16:12:00,2026-06-27 16:12:00,5,Saturday,1,1,10000,CASH,15000,5000,2
STRX-260627-1719,2026-06-27,15:04:00,2026-06-27 15:04:00,5,Saturday,1,1,21400,CASH,25000,3600,4
STRX-260627-1720,2026-06-27,13:35:00,2026-06-27 13:35:00,5,Saturday,1,1,27500,QRIS,27500,0,2
STRX-260627-1721,2026-06-27,08:38:00,2026-06-27 08:38:00,5,Saturday,1,1,25000,CASH,30000,5000,2
STRX-260627-1722,2026-06-27,10:48:00,2026-06-27 10:48:00,5,Saturday,1,1,53000,CASH,55000,2000,4
STRX-260627-1723,2026-06-27,13:07:00,2026-06-27 13:07:00,5,Saturday,1,1,62000,CASH,65000,3000,4
STRX-260627-1724,2026-06-27,19:28:00,2026-06-27 19:28:00,5,Saturday,1,1,25000,QRIS,25000,0,4
STRX-260627-1725,2026-06-27,20:33:00,2026-06-27 20:33:00,5,Saturday,1,1,3000,CASH,5000,2000,1
STRX-260627-1726,2026-06-27,11:27:00,2026-06-27 11:27:00,5,Saturday,1,1,30200,CASH,35000,4800,4
STRX-260627-1727,2026-06-27,18:36:00,2026-06-27 18:36:00,5,Saturday,1,1,10000,CASH,15000,5000,2
STRX-260627-1728,2026-06-27,09:52:00,2026-06-27 09:52:00,5,Saturday,1,1,20000,CASH,25000,5000,3
STRX-260627-1729,2026-06-27,09:43:00,2026-06-27 09:43:00,5,Saturday,1,1,7000,CASH,10000,3000,2
STRX-260627-1730,2026-06-27,08:36:00,2026-06-27 08:36:00,5,Saturday,1,1,21500,CASH,25000,3500,4
STRX-260627-1731,2026-06-27,18:19:00,2026-06-27 18:19:00,5,Saturday,1,1,20000,QRIS,20000,0,2
STRX-260628-1732,2026-06-28,19:05:00,2026-06-28 19:05:00,6,Sunday,1,1,86500,CASH,90000,3500,2
STRX-260628-1733,2026-06-28,06:21:00,2026-06-28 06:21:00,6,Sunday,1,1,1000,QRIS,1000,0,1
STRX-260628-1734,2026-06-28,20:28:00,2026-06-28 20:28:00,6,Sunday,1,1,13500,CASH,15000,1500,3
STRX-260628-1735,2026-06-28,10:43:00,2026-06-28 10:43:00,6,Sunday,1,1,25950,CASH,30000,4050,3
STRX-260628-1736,2026-06-28,06:58:00,2026-06-28 06:58:00,6,Sunday,1,1,11000,QRIS,11000,0,2
STRX-260628-1737,2026-06-28,19:39:00,2026-06-28 19:39:00,6,Sunday,1,1,58900,QRIS,58900,0,5
STRX-260628-1738,2026-06-28,13:13:00,2026-06-28 13:13:00,6,Sunday,1,1,20000,CASH,25000,5000,2
STRX-260628-1739,2026-06-28,14:37:00,2026-06-28 14:37:00,6,Sunday,1,1,24500,CASH,25000,500,2
STRX-260628-1740,2026-06-28,18:42:00,2026-06-28 18:42:00,6,Sunday,1,1,114500,CASH,115000,500,4
STRX-260628-1741,2026-06-28,16:53:00,2026-06-28 16:53:00,6,Sunday,1,1,23500,CASH,25000,1500,4
STRX-260628-1742,2026-06-28,11:53:00,2026-06-28 11:53:00,6,Sunday,1,1,24000,CASH,25000,1000,3
STRX-260628-1743,2026-06-28,17:32:00,2026-06-28 17:32:00,6,Sunday,1,1,10000,CASH,15000,5000,2
STRX-260628-1744,2026-06-28,15:39:00,2026-06-28 15:39:00,6,Sunday,1,1,45000,CASH,50000,5000,4
STRX-260628-1745,2026-06-28,18:55:00,2026-06-28 18:55:00,6,Sunday,1,1,26000,CASH,30000,4000,4
STRX-260628-1746,2026-06-28,14:10:00,2026-06-28 14:10:00,6,Sunday,1,1,10000,CASH,15000,5000,2
STRX-260628-1747,2026-06-28,20:59:00,2026-06-28 20:59:00,6,Sunday,1,1,2000,CASH,5000,3000,1
STRX-260628-1748,2026-06-28,17:30:00,2026-06-28 17:30:00,6,Sunday,1,1,16000,CASH,20000,4000,1
STRX-260628-1749,2026-06-28,09:23:00,2026-06-28 09:23:00,6,Sunday,1,1,5000,CASH,10000,5000,1
STRX-260628-1750,2026-06-28,10:56:00,2026-06-28 10:56:00,6,Sunday,1,1,86900,CASH,90000,3100,3
STRX-260628-1751,2026-06-28,12:09:00,2026-06-28 12:09:00,6,Sunday,1,1,13000,CASH,15000,2000,2
STRX-260628-1752,2026-06-28,17:25:00,2026-06-28 17:25:00,6,Sunday,1,1,18200,TRANSFER,18200,0,4
STRX-260628-1753,2026-06-28,14:00:00,2026-06-28 14:00:00,6,Sunday,1,1,4000,CASH,5000,1000,1
STRX-260628-1754,2026-06-28,07:28:00,2026-06-28 07:28:00,6,Sunday,1,1,8000,CASH,10000,2000,1
STRX-260628-1755,2026-06-28,17:30:00,2026-06-28 17:30:00,6,Sunday,1,1,36500,QRIS,36500,0,4
STRX-260628-1756,2026-06-28,17:04:00,2026-06-28 17:04:00,6,Sunday,1,1,27500,CASH,30000,2500,2
STRX-260628-1757,2026-06-28,10:50:00,2026-06-28 10:50:00,6,Sunday,1,1,19000,CASH,20000,1000,3
STRX-260629-1758,2026-06-29,06:17:00,2026-06-29 06:17:00,0,Monday,0,1,3000,CASH,5000,2000,2
STRX-260629-1759,2026-06-29,15:22:00,2026-06-29 15:22:00,0,Monday,0,1,15000,CASH,20000,5000,2
STRX-260629-1760,2026-06-29,20:43:00,2026-06-29 20:43:00,0,Monday,0,1,23000,QRIS,23000,0,1
STRX-260629-1761,2026-06-29,08:02:00,2026-06-29 08:02:00,0,Monday,0,1,6000,CASH,10000,4000,1
STRX-260629-1762,2026-06-29,14:53:00,2026-06-29 14:53:00,0,Monday,0,1,1500,CASH,5000,3500,1
STRX-260629-1763,2026-06-29,10:38:00,2026-06-29 10:38:00,0,Monday,0,1,16200,QRIS,16200,0,4
STRX-260629-1764,2026-06-29,06:47:00,2026-06-29 06:47:00,0,Monday,0,1,5500,CASH,10000,4500,2
STRX-260629-1765,2026-06-29,14:05:00,2026-06-29 14:05:00,0,Monday,0,1,42000,CASH,45000,3000,2
STRX-260629-1766,2026-06-29,09:38:00,2026-06-29 09:38:00,0,Monday,0,1,16000,CASH,20000,4000,5
STRX-260629-1767,2026-06-29,18:10:00,2026-06-29 18:10:00,0,Monday,0,1,6000,CASH,10000,4000,1
STRX-260629-1768,2026-06-29,09:00:00,2026-06-29 09:00:00,0,Monday,0,1,9675,CASH,10000,325,2
STRX-260629-1769,2026-06-29,10:45:00,2026-06-29 10:45:00,0,Monday,0,1,43000,CASH,45000,2000,5
STRX-260629-1770,2026-06-29,09:15:00,2026-06-29 09:15:00,0,Monday,0,1,10000,TRANSFER,10000,0,1
STRX-260629-1771,2026-06-29,13:49:00,2026-06-29 13:49:00,0,Monday,0,1,77000,CASH,80000,3000,3
STRX-260629-1772,2026-06-29,19:27:00,2026-06-29 19:27:00,0,Monday,0,1,12000,CASH,15000,3000,1
STRX-260629-1773,2026-06-29,20:32:00,2026-06-29 20:32:00,0,Monday,0,1,17000,QRIS,17000,0,2
STRX-260629-1774,2026-06-29,13:05:00,2026-06-29 13:05:00,0,Monday,0,1,7000,CASH,10000,3000,2
STRX-260629-1775,2026-06-29,11:01:00,2026-06-29 11:01:00,0,Monday,0,1,3000,QRIS,3000,0,1
STRX-260629-1776,2026-06-29,11:15:00,2026-06-29 11:15:00,0,Monday,0,1,12000,CASH,15000,3000,2
STRX-260629-1777,2026-06-29,10:25:00,2026-06-29 10:25:00,0,Monday,0,1,33000,CASH,35000,2000,2
STRX-260629-1778,2026-06-29,16:34:00,2026-06-29 16:34:00,0,Monday,0,1,116400,CASH,120000,3600,3
STRX-260629-1779,2026-06-29,13:04:00,2026-06-29 13:04:00,0,Monday,0,1,106000,CASH,110000,4000,2
STRX-260629-1780,2026-06-29,09:59:00,2026-06-29 09:59:00,0,Monday,0,1,32000,CASH,35000,3000,2
STRX-260629-1781,2026-06-29,14:21:00,2026-06-29 14:21:00,0,Monday,0,1,3000,CASH,5000,2000,1
STRX-260629-1782,2026-06-29,15:20:00,2026-06-29 15:20:00,0,Monday,0,1,94950,QRIS,94950,0,2
STRX-260629-1783,2026-06-29,10:26:00,2026-06-29 10:26:00,0,Monday,0,1,4000,CASH,5000,1000,1
STRX-260629-1784,2026-06-29,06:46:00,2026-06-29 06:46:00,0,Monday,0,1,25700,EWALLET,25700,0,3
STRX-260629-1785,2026-06-29,06:47:00,2026-06-29 06:47:00,0,Monday,0,1,13000,QRIS,13000,0,2
STRX-260629-1786,2026-06-29,17:56:00,2026-06-29 17:56:00,0,Monday,0,1,15000,CASH,20000,5000,1
STRX-260629-1787,2026-06-29,10:52:00,2026-06-29 10:52:00,0,Monday,0,1,177000,CASH,180000,3000,5
STRX-260630-1788,2026-06-30,17:47:00,2026-06-30 17:47:00,1,Tuesday,0,1,67500,CASH,70000,2500,3
STRX-260630-1789,2026-06-30,17:09:00,2026-06-30 17:09:00,1,Tuesday,0,1,31000,QRIS,31000,0,4
STRX-260630-1790,2026-06-30,09:03:00,2026-06-30 09:03:00,1,Tuesday,0,1,24000,CASH,25000,1000,3
STRX-260630-1791,2026-06-30,18:51:00,2026-06-30 18:51:00,1,Tuesday,0,1,36000,QRIS,36000,0,2
STRX-260630-1792,2026-06-30,11:40:00,2026-06-30 11:40:00,1,Tuesday,0,1,8000,CASH,10000,2000,2
STRX-260630-1793,2026-06-30,16:17:00,2026-06-30 16:17:00,1,Tuesday,0,1,64000,CASH,65000,1000,4
STRX-260630-1794,2026-06-30,11:37:00,2026-06-30 11:37:00,1,Tuesday,0,1,19500,CASH,20000,500,3
STRX-260630-1795,2026-06-30,18:01:00,2026-06-30 18:01:00,1,Tuesday,0,1,4000,CASH,5000,1000,1
STRX-260630-1796,2026-06-30,11:12:00,2026-06-30 11:12:00,1,Tuesday,0,1,10700,QRIS,10700,0,3
STRX-260630-1797,2026-06-30,13:06:00,2026-06-30 13:06:00,1,Tuesday,0,1,21000,CASH,25000,4000,3
STRX-260630-1798,2026-06-30,15:03:00,2026-06-30 15:03:00,1,Tuesday,0,1,1500,CASH,5000,3500,1
STRX-260630-1799,2026-06-30,19:52:00,2026-06-30 19:52:00,1,Tuesday,0,1,9000,CASH,10000,1000,1
STRX-260630-1800,2026-06-30,12:41:00,2026-06-30 12:41:00,1,Tuesday,0,1,51000,CASH,55000,4000,3
STRX-260630-1801,2026-06-30,20:46:00,2026-06-30 20:46:00,1,Tuesday,0,1,10000,QRIS,10000,0,2
STRX-260630-1802,2026-06-30,06:07:00,2026-06-30 06:07:00,1,Tuesday,0,1,1000,CASH,5000,4000,1
